country,iso3,year,life_expectancy,region,income_group,gdp_usd,gdp_per_capita_usd,gdp_per_capita_ppp,gdp_growth_pct,unemployment_pct,health_exp_per_capita_usd,health_exp_pct_gdp,physicians_per_1000,hospital_beds_per_1000,infant_mortality_rate,under5_mortality_rate,adult_obesity_pct,diabetes_prevalence_pct,alcohol_consumption_liters_capita,population,population_growth_pct,urban_population_pct,fertility_rate,gini_index
Afghanistan,AFG,1995,52.103,Middle East & North Africa,Low income,,,,,7.868,,,,,126.0,153.4,,,,17065836.0,4.89368011973163,17.8343849378999,7.767,
Afghanistan,AFG,1996,52.83,Middle East & North Africa,Low income,,,,,7.878,,,,,122.7,148.8,,,,17763266.0,4.00540467357125,17.9596489092802,7.757,
Afghanistan,AFG,1997,53.212,Middle East & North Africa,Low income,,,,,7.863,,,0.11,,119.6,144.4,,,,18452091.0,3.80450803445817,18.0928569001719,7.732,
Afghanistan,AFG,1998,52.487,Middle East & North Africa,Low income,,,,,7.869,,,,,116.6,140.2,,,,19159996.0,3.7646866376293,18.2358143638901,7.693,
Afghanistan,AFG,1999,54.532,Middle East & North Africa,Low income,,,,,7.877,,,,,113.6,136.0,,,,19887785.0,3.72811603964771,18.3903267537499,7.641,
Afghanistan,AFG,2000,55.005,Middle East & North Africa,Low income,3521418059.92345,174.930991430166,813.550255961333,,7.897,,,,,110.6,131.7,,,0.003,20130327.0,1.21217597601851,18.5581995230666,7.566,
Afghanistan,AFG,2001,55.511,Middle East & North Africa,Low income,2813571753.87253,138.706821676113,747.688045498158,-9.4319740700862,7.973,,,0.202,,107.5,127.5,,,0.003,20284307.0,0.762004896898895,18.7412381251552,7.453,
Afghanistan,AFG,2002,56.225,Middle East & North Africa,Low income,3825701438.99963,178.954088379235,926.507940992004,28.6000011706788,7.867,16.70697403,9.44339085,,,104.3,123.1,,,0.007,21378117.0,5.25202958527833,18.9412480133309,7.32,
Afghanistan,AFG,2003,57.171,Middle East & North Africa,Low income,4520946818.54581,198.871115728727,966.962032048704,8.83227780288267,7.844,17.74602509,8.94125843,,,100.8,118.5,,,0.016,22733049.0,6.14519400188515,19.1600346409089,7.174,
Afghanistan,AFG,2004,57.81,Middle East & North Africa,Low income,5224896718.67782,221.763653873013,971.633503054244,1.41411799339429,7.794,21.42300415,9.80847359,,,97.4,113.9,,,0.021,23560654.0,3.57583485398158,19.3993593959593,7.018,
Afghanistan,AFG,2005,58.247,Middle East & North Africa,Low income,6203256538.70967,254.184249149336,1076.08735259986,11.2297148272859,7.878,25.11388779,9.94828892,,,93.8,109.3,,,0.027,24404567.0,3.51921696042587,19.7059095753667,6.858,
Afghanistan,AFG,2006,58.553,Middle East & North Africa,Low income,6971758282.29351,274.218553561575,1121.83447078394,5.35740324748592,7.897,28.9412632,10.62276554,0.166,,90.3,104.8,,,0.025,25424094.0,4.09270201656348,20.1104530189181,6.686,
Afghanistan,AFG,2007,58.956,Middle East & North Africa,Low income,9747886187.39393,376.223152003876,1286.94984307286,13.8263195471281,7.841,32.70893097,9.90467453,0.182,,86.8,100.4,,,0.03,25909852.0,1.8925975396006,20.5906579215423,6.508,
Afghanistan,AFG,2008,59.708,Middle East & North Africa,Low income,10109297047.5432,381.73323802844,1333.74726657191,3.92498381999467,7.879,39.88624954,10.25649548,0.183,,83.4,96.1,,,0.025,26482622.0,2.18654618162979,21.1241481349633,6.392,
Afghanistan,AFG,2009,60.248,Middle East & North Africa,Low income,12416152732.0567,452.053705477043,1570.69814519525,21.3905283926492,7.808,43.13351822,9.81848717,0.22,,80.1,91.9,,,0.023,27466101.0,3.64638090813246,21.6885475109053,6.295,
Afghanistan,AFG,2010,60.702,Middle East & North Africa,Low income,15856668555.8336,560.621505463146,1765.53802824846,14.3624414710737,7.809,46.42438889,8.56967163,0.244,,76.9,88.0,,,0.012,28284089.0,2.93468670173474,22.2614799010924,6.195,
Afghanistan,AFG,2011,61.25,Middle East & North Africa,Low income,17805098206.3141,606.694676337726,1744.06062321558,0.426354776777345,7.83,52.18721771,8.56190777,0.258,0.45,74.0,84.3,,7.6,0.008,29347708.0,3.69150308391849,22.8205691572485,6.094,
Afghanistan,AFG,2012,61.735,Middle East & North Africa,Low income,19907329777.5872,651.417134470046,1988.42930381554,12.7522870926697,7.875,52.45247269,7.89716864,0.246,0.46,71.2,80.8,,,0.004,30560034.0,4.04786256315645,23.3434391310979,5.985,
Afghanistan,AFG,2013,62.188,Middle East & North Africa,Low income,20146416757.5987,637.087099117099,2133.24127098647,5.60074465863221,7.921,56.16043472,8.80596447,0.29,0.46,68.6,77.6,,,0.004,31622704.0,3.41822667584596,23.8077136743646,5.879,
Afghanistan,AFG,2014,62.26,Middle East & North Africa,Low income,20497128555.6972,625.054941813938,2224.49074815215,2.72454336219565,7.915,60.04951096,9.52887821,0.304,0.46,66.2,74.6,,,0.004,32792523.0,3.63251884652008,24.1910166387726,5.77,
Afghanistan,AFG,2015,62.27,Middle East & North Africa,Low income,19134221644.7325,565.569730408751,2284.07584789349,1.45131466066431,9.032,59.91960526,10.10534763,0.29,0.44,64.0,71.9,,,0.009,33831764.0,3.11995924146907,24.4649118421568,5.652,
Afghanistan,AFG,2016,62.646,Middle East & North Africa,Low income,18116572395.0772,522.082215583898,2213.1814410479,2.26031420279821,10.116,61.37234497,11.81859016,0.284,0.45,61.9,69.4,,,0.013,34700612.0,2.53571991833963,24.6588345720126,5.542,
Afghanistan,AFG,2017,62.406,Middle East & North Africa,Low income,18753456497.8159,525.469770891619,2335.79586234454,2.6470032027451,11.184,66.82388306,12.62081718,0.245,0.42,60.1,67.1,,,0.017,35688935.0,2.80833730805469,24.8352821238871,5.433,
Afghanistan,AFG,2018,62.443,Middle East & North Africa,Low income,18053222687.4126,491.337221382603,2432.27670083336,1.18922812944517,11.192,71.22509003,14.20841885,0.303,0.4,58.3,64.8,,,0.016,36743039.0,2.91080959861384,24.9991645191406,5.327,
Afghanistan,AFG,2019,62.941,Middle East & North Africa,Low income,18799444490.1128,496.6025042585,2583.48533239877,3.91160341625552,11.187,74.0642395,14.83131981,0.214,0.38,56.6,62.7,,,0.016,37856121.0,2.98438913621969,25.1437258839803,5.238,
Afghanistan,AFG,2020,61.454,Middle East & North Africa,Low income,19955929052.1496,510.787063366811,2561.98176058622,-2.35110067203466,11.71,80.0892334,15.53361416,0.253,0.33,54.9,60.7,,,0.011,39068979.0,3.15360920291972,25.2622103446137,5.145,
Afghanistan,AFG,2021,60.417,Middle East & North Africa,Low income,14259995441.0759,356.496214115892,2144.16657002819,-20.7388393676343,12.006,81.52112579,21.50844383,,0.36,53.2,58.7,,,,40000412.0,2.35609779179185,25.3478620272481,5.039,
Afghanistan,AFG,2022,65.617,Middle East & North Africa,Low income,14497243872.1337,357.261152798144,2122.65936199211,-6.24017199240269,14.1,80.6516037,23.0881691,,0.36,51.6,56.8,,,,40578842.0,1.43570437048699,25.3939250580909,4.932,
Afghanistan,AFG,2023,66.035,Middle East & North Africa,Low income,17152234636.8715,413.757894705303,2203.53761869487,2.26694373649188,14.008,59.06770706,14.9857626,0.317,0.35,49.9,54.9,,,,41454761.0,2.13559384981397,25.4730529631167,4.84,
Afghanistan,AFG,2024,66.289,Middle East & North Africa,Low income,17778508875.7396,416.871146273728,2236.19907311431,1.87319280045979,13.687,,,,,48.3,53.0,,11.7,,42647492.0,2.83657317243522,25.7007352636188,4.761,
Algeria,DZA,1995,67.691,Middle East & North Africa,Upper middle income,41764291671.7711,1466.94806760415,7746.71683858206,3.79999479063817,31.84,,,0.846,,38.8,48.1,,,,28470191.0,2.06869750539347,56.0131170977738,3.487,35.3
Algeria,DZA,1996,68.219,Middle East & North Africa,Upper middle income,46941554225.3581,1616.83198721285,8052.76856679082,4.09999847167964,28.268,,,,,38.2,47.0,,,,29033044.0,1.95770195001196,56.7789140999889,3.139,
Algeria,DZA,1997,68.859,Middle East & North Africa,Upper middle income,48177612042.1507,1628.76100561506,8128.79891386767,1.09999993684249,25.43,,,,,37.6,45.9,,,,29579301.0,1.86401965879386,57.5455892957581,2.886,
Algeria,DZA,1998,69.327,Middle East & North Africa,Upper middle income,48187781984.4881,1603.36623200836,8502.88835906933,5.10000361107312,26.85,,,1.0,2.0999999046,36.7,44.6,,,,30054133.0,1.59253627896162,58.3146995318038,2.691,
Algeria,DZA,1999,70.088,Middle East & North Africa,Upper middle income,48640671734.9711,1596.11822239025,8776.44209452164,3.20000155319546,28.575,,,,,35.8,43.2,,,,30474354.0,1.3885288478211,59.0844647469391,2.62,
Algeria,DZA,2000,70.576,Middle East & North Africa,Upper middle income,54790398570.3282,1772.92869122761,9186.81590310948,3.80000000158476,29.77,61.85785294,3.21485448,,1.77,34.8,41.7,,,0.3,30903893.0,1.3996685583388,59.8521239445692,2.59,
Algeria,DZA,2001,71.025,Middle East & North Africa,Upper middle income,59413400923.6364,1896.30020878013,9543.52035392293,2.99999999863043,27.3,67.05859375,3.53628588,,1.75,33.7,40.2,,,0.3,31331221.0,1.37329134127777,60.6177172788536,2.519,
Algeria,DZA,2002,71.644,Middle East & North Africa,Upper middle income,61516103406.1688,1937.46411413019,10080.1825001843,5.40000000000001,25.9,66.681633,3.44169641,1.114,1.74,32.5,38.6,,,0.33,31750835.0,1.33039477696898,61.3812658601162,2.429,
Algeria,DZA,2003,71.906,Middle East & North Africa,Upper middle income,73482264190.9245,2283.77299346126,10802.7506702336,6.50000000062043,23.72,75.9513092,3.32569361,,1.77,31.3,37.0,16.6,,0.41,32175818.0,1.32961524189621,62.1427907986812,2.451,
Algeria,DZA,2004,72.536,Middle East & North Africa,Upper middle income,91913680985.1708,2816.99384960555,11431.6856716317,4.49999999976698,17.65,92.6876297,3.29030514,,1.81,30.1,35.4,,,0.46,32628286.0,1.39644042529783,62.9023132048725,2.5,
Algeria,DZA,2005,72.836,Middle East & North Africa,Upper middle income,107046618669.707,3233.13339634212,12246.2692242607,5.39999999969525,15.27,100.83694458,3.1188612,1.026,,29.0,33.9,,,0.47,33109249.0,1.46330884553002,63.6598541890144,2.562,
Algeria,DZA,2006,73.116,Middle East & North Africa,Upper middle income,123084258693.01,3660.66104745322,12791.3412606709,2.89999999905852,12.27,116.7750473,3.18999887,,1.71,27.9,32.5,,,0.44,33623506.0,1.54127363754195,64.4154348614309,2.628,
Algeria,DZA,2007,73.346,Middle East & North Africa,Upper middle income,142482739809.849,4167.45169937531,13320.9641203453,3.10000000128674,13.79,150.86651611,3.62011433,1.195,,26.9,31.2,,,0.39,34189416.0,1.6690716779345,65.1690763324461,2.704,
Algeria,DZA,2008,73.618,Middle East & North Africa,Upper middle income,180383848331.135,5180.91881514686,13666.2181955713,2.49999999929371,11.33,206.37207031,3.98331022,,1.74,25.9,30.1,,,0.41,34816961.0,1.81885306168943,65.901485871159,2.785,
Algeria,DZA,2009,73.871,Middle East & North Africa,Upper middle income,150317292079.359,4235.42990456612,13651.4472996412,1.19999999969519,10.16,207.20181274,4.89210796,,1.74,25.1,29.0,,,0.43,35490445.0,1.91588522187232,66.5097384559521,2.825,
Algeria,DZA,2010,74.144,Middle East & North Africa,Upper middle income,177785053939.531,4912.78585503672,14201.3659902328,4.80000000093564,9.96,227.95396423,4.64001417,,1.71,24.4,28.1,,,0.44,36188236.0,1.9470588317966,67.1235057867459,2.875,
Algeria,DZA,2011,74.383,Middle East & North Africa,Upper middle income,218331946925.304,5916.31364364343,14639.8779436268,2.99999999941909,9.96,285.5020752,4.82567501,,1.68,23.8,27.3,,7.0,0.44,36903376.0,1.9568943735315,67.7344007507578,2.899,27.6
Algeria,DZA,2012,74.609,Middle East & North Africa,Upper middle income,227143746075.934,6033.64884689543,14441.3293398806,2.40000000034432,10.97,340.09176636,5.63658524,,1.66,23.2,26.6,,,0.48,37646166.0,1.99280790148967,68.3421258553675,2.996,
Algeria,DZA,2013,74.809,Middle East & North Africa,Upper middle income,229701430292.157,5979.60138960585,14370.820661674,2.60000000061164,9.82,337.57348633,5.64541769,,1.65,22.7,25.9,,,0.52,38414171.0,2.01953115835273,68.9463836079277,2.997,
Algeria,DZA,2014,74.992,Middle East & North Africa,Upper middle income,238942664192.59,6094.69392314956,14694.143827383,4.09999999866501,10.207,366.58615112,6.01484108,,1.64,22.3,25.4,,,0.56,39205031.0,2.03786524232338,69.5468765157615,3.084,
Algeria,DZA,2015,75.159,Middle East & North Africa,Upper middle income,187493855609.345,4685.05902729002,13807.3515841478,3.20000000089023,11.206,296.76834106,6.33435678,,1.62,21.9,24.9,,,0.58,40019529.0,2.05624795728459,70.1433070861612,3.091,
Algeria,DZA,2016,75.31,Middle East & North Africa,Upper middle income,180763839522.151,4424.98529027556,13437.8460232169,3.90000000017621,10.202,265.53491211,6.00080872,1.819,1.6,21.6,24.5,,,0.6,40850721.0,2.05569111181654,70.7353778263851,3.091,
Algeria,DZA,2017,75.431,Middle East & North Africa,Upper middle income,189880896903.073,4554.66753957828,13493.560749484,1.49999999895587,12.0,270.93231201,5.9484539,,1.61,21.3,24.0,,,0.61,41689299.0,2.03200060784518,71.3227912436551,3.09,
Algeria,DZA,2018,75.555,Middle East & North Africa,Upper middle income,194554483655.528,4577.21029180491,13727.1266357859,1.40000000088281,12.112,271.53808594,5.9323926,1.708,,21.0,23.7,,,0.61,42505035.0,1.93780623340147,71.905249845153,3.019,
Algeria,DZA,2019,75.682,Middle East & North Africa,Upper middle income,193459662090.677,4468.45341883656,13892.5333446205,0.899999999219148,12.302,242.07049561,5.41732121,0.973,,20.7,23.3,,,0.61,43294546.0,1.84041291439333,72.4824561380175,2.997,
Algeria,DZA,2020,73.257,Middle East & North Africa,Upper middle income,164873415325.201,3743.5419522929,12676.5130564294,-4.99999999908597,14.08,211.07240295,5.63830757,,,20.4,22.9,,,0.54,44042091.0,1.71191216459393,73.0541126293395,2.94,
Algeria,DZA,2021,75.208,Middle East & North Africa,Upper middle income,186231205262.082,4160.55926736925,14496.8654697299,3.79999999900707,13.656,208.93911743,5.02188873,,,20.2,22.6,,,,44761099.0,1.61936460233826,73.6199218261573,2.87,
Algeria,DZA,2022,76.129,Middle East & North Africa,Upper middle income,225581644702.568,4960.30334332888,15833.5847271335,3.60000000094915,12.382,180.33454895,3.63464284,1.66,,20.0,22.3,,,,45477389.0,1.58758210690673,74.1795862354514,2.817,
Algeria,DZA,2023,76.261,Middle East & North Africa,Upper middle income,247923887214.655,5370.477235078,16838.3550419037,4.10000000005964,11.645,233.37947083,4.35082531,,,19.7,22.0,,,,46164219.0,1.49897601193923,74.732808364138,2.766,
Algeria,DZA,2024,76.475,Middle East & North Africa,Upper middle income,269322281664.773,5752.99076651465,17646.332598878,3.69999999907979,11.655,,,,,19.5,21.6,,17.5,,46814308.0,1.39838651912702,75.2792907190618,2.723,
Angola,AGO,1995,46.139,Sub-Saharan Africa,Lower middle income,5538749259.94714,404.29481849612,2989.76137990043,15.0000000283302,16.978,,,,,119.4,209.9,,,,13699778.0,3.33998873703717,44.2110025396864,6.918,
Angola,AGO,1996,46.418,Sub-Saharan Africa,Lower middle income,7526421519.16979,531.115366543271,3341.91188796502,13.544369755809,16.177,,,,,118.7,207.3,,,,14170973.0,3.3816089218138,45.4556005898678,6.851,
Angola,AGO,1997,46.688,Sub-Saharan Africa,Lower middle income,7648380195.59902,521.70291489053,3525.08342952059,7.27427735417383,16.064,,,0.06,,117.2,203.5,,,,14660413.0,3.39551504166387,46.7206500231881,6.789,
Angola,AGO,1998,45.452,Sub-Saharan Africa,Lower middle income,6506221615.78722,429.188126933192,3609.09297806456,4.69114645217414,16.29,,,,,114.8,198.4,,,,15159370.0,3.34679546644871,47.993006712291,6.732,
Angola,AGO,1999,45.808,Sub-Saharan Africa,Lower middle income,6152923310.44546,392.725539027496,3618.7760817528,2.18148971731765,16.543,,,,,111.9,192.2,,,,15667235.0,3.29527663572252,49.2595265298203,6.683,
Angola,AGO,2000,46.501,Sub-Saharan Africa,Lower middle income,9129594970.15301,563.733795571487,3689.53780832477,3.05462423452938,16.646,13.15998554,1.68525279,,,108.3,185.0,,,5.19,16194869.0,3.31228746945312,50.5070653484197,6.639,51.9
Angola,AGO,2001,47.032,Sub-Saharan Africa,Lower middle income,8936079117.73136,533.586202412447,3801.63313378492,4.20599855694861,16.668,29.26095772,3.95882654,,,103.8,176.3,,,5.19,16747208.0,3.35370941359163,51.7224790407329,6.601,
Angola,AGO,2002,47.874,Sub-Saharan Africa,Lower middle income,17311512433.1938,999.065855956628,4241.29150149177,13.6656887610553,16.432,29.37077141,2.9398222,,,98.4,166.4,,,5.43,17327699.0,3.40747615681454,52.8926234794038,6.567,
Angola,AGO,2003,50.218,Sub-Saharan Africa,Lower middle income,20342128111.9406,1133.66331960414,4322.19773213187,3.48731240097521,16.445,35.2206955,3.10680342,,,92.5,155.5,,,5.58,17943712.0,3.49334277776736,54.0043545370761,6.533,
Angola,AGO,2004,51.123,Sub-Saharan Africa,Lower middle income,26997977896.2907,1451.47117870872,4770.6880256896,11.4198633904585,16.313,50.23310852,3.46084046,0.063,,85.8,143.7,,,6.08,18600423.0,3.59445752400652,55.0445280863936,6.499,
Angola,AGO,2005,52.13,Sub-Saharan Africa,Lower middle income,41396636383.8231,2145.88621098663,5415.6121201567,14.1547775343954,16.295,54.66142273,2.54726577,,,78.9,131.5,,,6.69,19291161.0,3.64626893356444,56.0,6.461,
Angola,AGO,2006,52.965,Sub-Saharan Africa,Lower middle income,58653659979.5501,2930.44428606516,6017.8181625822,11.8418178757042,16.123,70.28185272,2.39833426,,,72.2,119.8,,,7.27,20015279.0,3.68489201610335,56.8939032662772,6.419,
Angola,AGO,2007,54.2,Sub-Saharan Africa,Lower middle income,73037821926.4655,3515.05678985496,6727.96328831171,13.0026889457976,16.066,93.42698669,2.65790844,,,66.0,109.0,,,7.61,20778561.0,3.74258021023639,57.7564632930133,6.372,
Angola,AGO,2008,55.281,Sub-Saharan Africa,Lower middle income,98790432989.3077,4578.15526451058,7315.60233033586,10.7866360496581,16.152,136.34094238,2.97807598,,,60.3,99.2,,,7.78,21578655.0,3.77828976645524,58.5851745819614,6.32,42.7
Angola,AGO,2009,56.225,Sub-Saharan Africa,Lower middle income,81705175408.8809,3645.14846565169,7227.5636424754,1.99558909788963,16.383,120.5289917,3.30655909,0.132,,55.4,90.7,,,8.11,22414773.0,3.80156187494836,59.3775316348744,6.26,
Angola,AGO,2010,57.242,Sub-Saharan Africa,Lower middle income,95546919754.2873,4101.63715564669,7411.6546086217,5.29366572819954,16.595,96.95197296,2.36373854,,,51.1,83.4,,,8.32,23294825.0,3.85109824897149,60.1310289535053,6.194,
Angola,AGO,2011,58.093,Sub-Saharan Africa,Lower middle income,125551634704.941,5184.15269151846,7537.59656406157,3.59386960240222,16.77,122.11888123,2.35561895,,,47.6,77.2,,2.9,8.59,24218352.0,3.8879459971363,60.8431610396073,6.12,
Angola,AGO,2012,58.916,Sub-Saharan Africa,Lower middle income,143572907527.976,5702.45306277434,8246.36081151609,8.50312283866612,16.539,121.84848022,2.13677311,,,44.6,72.0,,,8.61,25177394.0,3.88358355528674,61.5114223949332,6.039,
Angola,AGO,2013,59.705,Sub-Saharan Africa,Lower middle income,148845200696.335,5688.57916213471,8504.09532069445,4.88306129688392,16.464,142.78450012,2.4297719,,,42.2,67.9,,,8.74,26165620.0,3.84998068971631,62.1333075212361,5.953,
Angola,AGO,2014,60.396,Sub-Saharan Africa,Lower middle income,153449860495.966,5649.68762467535,9017.69018159709,4.65572356315585,16.372,130.5861969,2.15680027,,,40.3,64.5,,,8.32,27160769.0,3.73272806660513,62.723115793241,5.864,
Angola,AGO,2015,61.042,Sub-Saharan Africa,Lower middle income,102543067840.819,3641.72893920253,8067.48584683702,0.763177710914789,16.472,107.52857208,2.29966879,,,38.8,61.8,,,7.76,28157798.0,3.60507162233632,63.51567832685,5.774,
Angola,AGO,2016,61.619,Sub-Saharan Africa,Lower middle income,60770049747.3832,2082.37343594705,7882.51370525255,-0.233076954805284,16.572,94.01481628,2.39068723,,,37.6,59.6,,,7.01,29183070.0,3.57644143982026,64.2992302517989,5.686,
Angola,AGO,2017,62.122,Sub-Saharan Africa,Lower middle income,85629598654.1906,2832.14997950512,8125.70639391928,-0.164688656961076,16.617,112.75364685,2.4379425,0.212,,36.7,57.9,,,6.67,30234839.0,3.54061221486272,65.0850525086068,5.6,
Angola,AGO,2018,62.622,Sub-Saharan Africa,Lower middle income,90506061877.2765,2891.83032378747,8370.22875787099,-0.506697543616156,16.602,83.87555695,2.29887486,0.211,,36.0,56.5,,,6.17,31297155.0,3.45323300897802,65.8732136723372,5.519,51.3
Angola,AGO,2019,63.051,Sub-Saharan Africa,Lower middle income,81193813808.0382,2507.86807213642,8621.65930812477,-1.05523414494337,16.497,64.4466095,2.20394278,,0.75,35.5,55.3,,,6.17,32375632.0,3.38788422184303,66.6637823180533,5.442,
Angola,AGO,2020,63.116,Sub-Saharan Africa,Lower middle income,58512033805.8981,1749.1794838482,7782.15153413853,-5.27349128300007,16.696,56.01641846,2.81688905,,,34.9,54.2,,,4.13,33451132.0,3.26795864914978,67.4568270208187,5.371,
Angola,AGO,2021,62.958,Sub-Saharan Africa,Lower middle income,78283923543.8237,2266.96834861584,8720.18768742123,1.09058369944815,15.799,66.94487,2.73987103,,,34.4,53.2,,,,34532429.0,3.18132259995095,68.2524163556969,5.304,
Angola,AGO,2022,64.246,Sub-Saharan Africa,Lower middle income,128233959333.275,3598.53669077341,9373.4083091956,3.55749206675667,14.124,103.94506073,2.60041046,0.244,,33.7,51.9,,,,35635029.0,3.14302612044601,69.0506188977513,5.209,
Angola,AGO,2023,64.617,Sub-Saharan Africa,Lower middle income,106042349567.303,2885.51349130806,9549.79313920752,1.32016587081031,14.051,76.07118225,2.54692864,,,33.0,50.5,,,,36749906.0,3.08065530722915,69.8515032220457,5.124,
Angola,AGO,2024,64.805,Sub-Saharan Africa,Lower middle income,103080538044.058,2720.81900669715,9963.59020874287,4.95267860425956,14.02,,,,,32.1,49.0,,4.9,,37885849.0,3.04419972245653,70.6551379036435,5.048,
Argentina,ARG,1995,72.864,Latin America & Caribbean,Upper middle income,258031750000.0,7357.6162773788,9890.92470880422,-2.84520961057079,18.8,,,,,20.9,24.2,,,,35070020.0,1.3103115077878,88.1853677511823,2.864,48.9
Argentina,ARG,1996,73.056,Latin America & Caribbean,Upper middle income,272149750000.0,7663.21271287469,10495.8392448735,5.52668982715234,17.11,,,,3.2899999619,19.9,23.0,,,,35513793.0,1.25745217924583,88.3954731355194,2.781,49.5
Argentina,ARG,1997,73.407,Latin America & Caribbean,Upper middle income,292859000000.0,8146.78710021431,11403.4807925877,8.1110467707457,14.82,,,,,18.9,21.9,,,,35947791.0,1.21464795933597,88.5972452835983,2.706,49.1
Argentina,ARG,1998,73.412,Latin America & Caribbean,Upper middle income,298948250000.0,8218.99212764682,11835.6769863617,3.85017885156228,12.65,,,2.991,,18.0,20.9,,,,36372860.0,1.17552563201514,88.793030675725,2.662,50.7
Argentina,ARG,1999,73.683,Latin America & Caribbean,Upper middle income,283523000000.0,7705.54288252851,11463.8533079175,-3.38545704063269,14.05,,,,,17.3,20.0,,,,36794682.0,1.15304317167294,88.9851757922053,2.643,49.8
Argentina,ARG,2000,73.91,Latin America & Caribbean,Upper middle income,284203750000.0,7637.01489203628,11499.9827998519,-0.78899893905691,15.0,702.23309326,8.22001076,,,16.7,19.4,,,6.73,37213984.0,1.13312807570195,89.1760271133454,2.591,51.0
Argentina,ARG,2001,74.154,Latin America & Caribbean,Upper middle income,268696750000.0,7141.47507662826,11117.7549238724,-4.40883968258557,17.32,660.63378906,8.26966286,3.2481,,16.2,18.8,,,6.73,37624825.0,1.09794672757946,89.3682951289372,2.531,53.3
Argentina,ARG,2002,74.312,Latin America & Caribbean,Upper middle income,97724004251.8602,2569.69963519124,9953.46492859756,-10.8944848285903,19.59,219.96408081,7.33203077,,,15.8,18.3,,,6.17,38029349.0,1.06941318335345,89.5616701920513,2.493,53.8
Argentina,ARG,2003,74.307,Latin America & Caribbean,Upper middle income,127586973492.177,3320.47775133903,10933.3925490794,8.83704079576924,15.36,261.2038269,6.92670012,,,15.3,17.8,,,5.84,38424282.0,1.0331399769648,89.752468256564,2.451,51.0
Argentina,ARG,2004,74.871,Latin America & Caribbean,Upper middle income,164657930452.787,4242.02099089422,12117.6797424042,9.02957330068152,13.522,303.31906128,7.09477043,3.1857,,14.9,17.3,,,5.95,38815916.0,1.01407652046238,89.9397208794212,2.43,48.5
Argentina,ARG,2005,75.231,Latin America & Caribbean,Upper middle income,198737095012.282,5067.65342293276,13464.8128469454,8.85165992013437,11.506,395.64596558,7.73392439,,,14.4,16.7,,,6.17,39216789.0,1.02745772191722,90.1233737736072,2.426,47.8
Argentina,ARG,2006,75.279,Latin America & Caribbean,Upper middle income,232557260817.308,5869.38028970204,14843.5778660497,8.04715150043027,10.078,456.06246948,7.70940399,,,14.0,16.2,,,6.62,39622115.0,1.02824760534561,90.3033726521064,2.4,46.4
Argentina,ARG,2007,74.783,Latin America & Caribbean,Upper middle income,287530508430.568,7185.25155147027,16455.1129794785,9.00765087504757,8.47,569.27264404,7.86196613,,,13.6,15.8,,,7.0,40016763.0,0.991101935066697,90.4796632279031,2.37,46.3
Argentina,ARG,2008,75.428,Latin America & Caribbean,Upper middle income,361558037110.419,8944.1102657357,17276.757088071,4.05723310346406,7.837,745.40356445,8.24087811,,,13.2,15.4,,,7.27,40424148.0,1.01288878477428,90.6521912139817,2.432,45.0
Argentina,ARG,2009,75.577,Latin America & Caribbean,Upper middle income,332976484577.619,8150.23527028221,16182.0753479301,-5.91852507634947,8.645,787.78051758,9.56852913,,,12.8,15.0,,,7.44,40854831.0,1.05977470732485,90.8209023233265,2.4,43.8
Argentina,ARG,2010,75.68,Latin America & Caribbean,Upper middle income,423627422092.49,10260.1313108254,17847.6110367346,10.1253981561002,7.714,979.7689209,9.4852438,,,12.4,14.4,,,7.69,41288694.0,1.05636332156278,90.9930051940977,2.411,43.7
Argentina,ARG,2011,76.1,Latin America & Caribbean,Upper middle income,530158122010.442,12704.2831819684,19104.9909405228,6.00395169280579,7.18,1208.23120117,9.51042366,,4.38,11.9,13.9,,5.5,8.11,41730660.0,1.06474009749784,91.1072286738406,2.393,42.7
Argentina,ARG,2012,75.802,Latin America & Caribbean,Upper middle income,545982375701.128,12949.717486654,19430.4178068112,-1.0264204544321,7.217,1363.21618652,9.8851881,4.823,4.58,11.4,13.3,,,8.4,42161721.0,1.0276613644946,91.2041217246797,2.304,41.4
Argentina,ARG,2013,75.829,Latin America & Caribbean,Upper middle income,552025140252.246,12963.675773326,19928.989490167,2.40532378079436,7.1,1428.91125488,9.92091465,4.884,4.77,10.9,12.7,,,8.48,42582455.0,0.992958989681133,91.3014507719473,2.335,41.1
Argentina,ARG,2014,76.268,Latin America & Caribbean,Upper middle income,526319673731.638,12233.1444119186,19487.4181748868,-2.51261532081394,7.268,1291.32458496,9.79773045,4.925,4.84,10.4,12.2,,,8.63,43024071.0,1.0317435786984,91.3975345472954,2.386,41.8
Argentina,ARG,2015,76.6,Latin America & Caribbean,Upper middle income,594749285413.212,13679.6264980954,19899.1499275245,2.73115982828944,7.577,1523.90979004,10.27364159,4.98,4.95,10.0,11.7,,,8.57,43477012.0,1.04725888735726,91.4923019108628,2.35,
Argentina,ARG,2016,76.105,Latin America & Caribbean,Upper middle income,557532320662.955,12699.9623137756,20105.761359796,-2.08032784377811,8.088,1276.79785156,10.05355549,5.024,4.94,9.7,11.4,,,8.6,43900313.0,0.968911125580978,91.5856817228217,2.241,42.3
Argentina,ARG,2017,76.543,Latin America & Caribbean,Upper middle income,643628393281.364,14532.5009308511,23385.0740904917,2.81850297775918,8.347,1491.11877441,10.26057911,5.094,4.99,9.4,11.0,,,8.34,44288894.0,0.881249595012674,91.6776028433824,2.168,41.4
Argentina,ARG,2018,76.77,Latin America & Caribbean,Upper middle income,524819892360.176,11752.7998922979,24410.3919063335,-2.61739646282038,9.22,1195.59973145,10.17289257,5.167,3.69,9.1,10.7,,,8.04,44654882.0,0.822969480473088,91.7679941327998,2.067,41.7
Argentina,ARG,2019,76.847,Latin America & Caribbean,Upper middle income,447754683615.225,9955.97478680428,23516.8261980886,-2.00086100285785,9.843,1007.45629883,10.11911297,5.25,3.69,8.9,10.5,,,8.04,44973465.0,0.710900853077743,91.8567844513802,1.882,43.3
Argentina,ARG,2020,75.878,Latin America & Caribbean,Upper middle income,385740508436.965,8535.59938004389,22393.3479575353,-9.9004848136464,11.461,910.9586792,10.67246342,5.304,3.19,8.7,10.3,,,8.05,45191965.0,0.484665636741261,91.9439026594897,1.601,42.7
Argentina,ARG,2021,73.948,Latin America & Caribbean,Upper middle income,486564085480.036,10738.0179223384,26300.274261175,10.4418119882506,8.736,1182.15930176,11.00910187,5.384,3.34,8.5,10.1,,,,45312281.0,0.265879395046274,92.0292776175651,1.585,42.4
Argentina,ARG,2022,75.806,Latin America & Caribbean,Upper middle income,633993756301.08,13962.1894087223,29804.0832363731,6.02074537534855,6.805,1415.79577637,10.15950489,5.437,3.36,8.4,9.9,,,,45407904.0,0.210808731072658,92.112838186126,1.482,40.7
Argentina,ARG,2023,77.395,Latin America & Caribbean,Upper middle income,649461687959.174,14261.8465667948,30246.4069577192,-1.85578803046339,6.139,1456.98596191,10.2695179,5.106,,8.2,9.7,,,,45538401.0,0.286976121920089,92.1945132257907,1.5,42.4
Argentina,ARG,2024,77.543,Latin America & Caribbean,Upper middle income,638365455340.04,13969.7836603737,30475.3876517556,-1.34293072157739,7.15,,,,,8.0,9.5,,14.0,,45696159.0,0.345829819817895,92.2742315972952,1.504,42.4
Australia,AUS,1995,77.8292682926829,East Asia & Pacific,High income,368725126225.126,20479.1748274233,21049.6150181971,3.89017188961647,8.473,,,2.464,8.6999998093,5.7,7.0,,,,18004882.0,1.11373422085118,85.2868710503009,1.822,32.6
Australia,AUS,1996,78.0780487804878,East Asia & Pacific,High income,401962517479.122,22055.838490507,22133.8442785709,3.86567479160071,8.509,,,2.39,8.5,5.6,6.8,,,,18224767.0,1.21385498322201,85.2405932056372,1.796,
Australia,AUS,1997,78.4804878048781,East Asia & Pacific,High income,436321902767.408,23683.4948964934,23141.8588888881,3.91795814771731,8.367,,,2.388,8.3000001907,5.4,6.6,,,,18423037.0,1.0820399195962,85.1953612480762,1.778,
Australia,AUS,1998,78.6317073170732,East Asia & Pacific,High income,400361527504.578,21516.0403147759,24386.3255539195,4.67681373479508,7.684,,,2.389,8.1999998093,5.3,6.4,,,,18607584.0,0.996734717801419,85.1552971935996,1.762,
Australia,AUS,1999,78.9317073170732,East Asia & Pacific,High income,390347787943.351,20749.6443779096,25530.8859233341,5.02822035850596,6.876,,,2.433,7.9000000954,5.2,6.3,,,,18812264.0,1.09397580294231,85.1245230581889,1.755,
Australia,AUS,2000,79.2341463414634,East Asia & Pacific,High income,416901962163.479,21908.9968019784,26584.8191965725,3.9160574881715,6.288,1626.73388672,7.58869076,2.476,4.02,5.1,6.2,,0.0,10.55,19028802.0,1.14447285147721,85.1071608578257,1.756,
Australia,AUS,2001,79.6341463414634,East Asia & Pacific,High income,380360222861.197,19733.6510102645,27687.7587444103,2.03145880248898,6.747,1550.37390137,7.67391729,2.551,3.94,5.0,6.1,,,10.55,19274701.0,1.28396809127349,85.1481094164726,1.739,33.5
Australia,AUS,2002,79.9365853658537,East Asia & Pacific,High income,396436967262.563,20335.0960191023,29080.0439286946,3.94980535772942,6.375,1752.93896484,7.87221003,2.546,3.91,4.9,6.0,,,10.48,19495210.0,1.1375387361946,85.2842102783464,1.756,
Australia,AUS,2003,80.2390243902439,East Asia & Pacific,High income,468517181129.878,23757.5898471684,30167.241365541,3.0912800997751,5.933,2227.12768555,7.87659502,2.615,3.95,4.9,5.9,,,10.57,19720737.0,1.15019273319182,85.4097077818668,1.748,33.5
Australia,AUS,2004,80.490243902439,East Asia & Pacific,High income,615643050220.515,30886.0500949401,31814.504982852,4.21894147547516,5.399,2744.08105469,8.08257675,2.692,3.97,4.8,5.8,,,10.72,19932722.0,1.06919812205752,85.518767609412,1.768,33.1
Australia,AUS,2005,80.8414634146341,East Asia & Pacific,High income,696811489612.816,34535.20727091,33089.7023501837,3.15548121323168,5.036,2995.87255859,7.9648633,2.764,3.88,4.8,5.7,,,10.82,20176844.0,1.21729073052406,85.6190871221958,1.807,
Australia,AUS,2006,81.0414634146342,East Asia & Pacific,High income,749708370332.989,36658.8243476122,34890.2248136693,2.7709261737475,4.785,3174.86865234,7.97161102,2.825,3.9,4.7,5.6,,,11.05,20450966.0,1.34945083098893,85.7492544263523,1.908,
Australia,AUS,2007,81.2926829268293,East Asia & Pacific,High income,856603595823.192,41128.2476618402,36708.1660067256,3.78947119882653,4.381,3792.80981445,8.0517149,2.99,,4.5,5.4,,,11.19,20827622.0,1.82499679529254,85.8968519574969,1.959,
Australia,AUS,2008,81.3951219512195,East Asia & Pacific,High income,1058448244063.77,49811.2067218988,37616.0112400482,3.62398503565633,4.242,4083.42944336,8.24737453,3.0,3.8,4.4,5.2,,,11.28,21249199.0,2.00391140524272,86.0253816967666,1.984,35.4
Australia,AUS,2009,81.5439024390244,East Asia & Pacific,High income,931761689770.843,42954.8494884573,40434.4890899118,1.95484826298522,5.565,3989.44116211,8.54273987,3.104,3.76,4.2,5.0,,,11.26,21691653.0,2.06083316277243,86.1278139101818,1.971,
Australia,AUS,2010,81.6951219512195,East Asia & Pacific,High income,1152566632022.13,52313.8939041213,39504.361082784,2.21004795300735,5.214,4947.96337891,8.4193306,3.345,3.76,4.0,4.8,,,11.1,22031750.0,1.55570626204128,86.2198600512143,1.928,34.7
Australia,AUS,2011,81.8951219512195,East Asia & Pacific,High income,1402939868653.4,62799.3895017032,42152.816179831,2.39473494330615,5.083,5876.88525391,8.53425312,3.296,3.76,3.8,4.5,,6.6,10.9,22340024.0,1.38952731561803,86.3268946146423,1.926,
Australia,AUS,2012,82.0463414634146,East Asia & Pacific,High income,1552728401401.58,68301.4402512587,43007.2697824131,3.95247138119184,5.225,6038.87158203,8.67020702,3.293,3.73,3.6,4.3,23.1441333889961,,10.72,22733465.0,1.74582000067359,86.4451259136625,1.92,
Australia,AUS,2013,82.1487804878049,East Asia & Pacific,High income,1583737461925.39,68476.6788496118,46123.4750962848,2.65445302592404,5.663,5811.86865234,8.7465601,3.356,3.72,3.5,4.1,,,10.58,23128129.0,1.721151439989,86.5740515760243,1.855,
Australia,AUS,2014,82.3,East Asia & Pacific,High income,1474677007565.64,62817.2061751737,47108.5906459966,2.60118978187332,6.078,6098.25439453,9.82833862,3.432,3.77,3.4,4.0,,,10.46,23475686.0,1.49156648912847,86.7221289343356,1.826,34.4
Australia,AUS,2015,82.4,East Asia & Pacific,High income,1356805839935.9,56970.3613028094,46464.5867627929,2.16434780647852,6.055,5271.93310547,10.13642025,3.486,3.79,3.3,3.9,,,10.39,23815995.0,1.43921665259925,86.8778642539361,1.814,
Australia,AUS,2016,82.4487804878049,East Asia & Pacific,High income,1211588128417.61,50084.4440606385,47446.2103030951,2.75564065529868,5.711,5418.43652344,10.08958244,3.557,3.82,3.2,3.8,,,10.25,24190907.0,1.56194049810399,87.0166295249235,1.752,33.7
Australia,AUS,2017,82.5,East Asia & Pacific,High income,1330890554614.09,54117.547718609,48564.8286592372,2.29331030192918,5.592,5770.69042969,10.10880566,3.656,,3.2,3.8,,,10.19,24592588.0,1.64682779735017,87.12809266445,1.741,
Australia,AUS,2018,82.7487804878049,East Asia & Pacific,High income,1433144978761.67,57410.1737346009,50371.233830782,2.87417039499501,5.345,5843.64794922,10.08907509,3.726,,3.2,3.8,,,10.09,24963258.0,1.49599671041328,87.2267680845925,1.74,34.3
Australia,AUS,2019,82.9,East Asia & Pacific,High income,1398349602956.35,55194.7585097428,52885.8313816377,2.19401703622717,5.143,5543.37841797,10.25421429,3.808,,3.2,3.8,,,10.09,25334826.0,1.47749071058438,87.3019647888406,1.657,
Australia,AUS,2020,83.2,East Asia & Pacific,High income,1333336461648.09,51983.4523666382,54184.1614486854,-0.133531904304775,6.394,5968.00341797,10.70324135,3.895,,3.2,3.8,,,10.29,25649248.0,1.23342825131378,87.2713470458985,1.581,33.8
Australia,AUS,2021,83.3,East Asia & Pacific,High income,1560617493202.69,60758.9044397144,58327.4146842325,2.00694844335034,5.022,7092.13476563,10.51612186,3.976,,3.2,3.7,,,,25685412.0,0.14089508329287,87.2353407632761,1.7,
Australia,AUS,2022,83.2,East Asia & Pacific,High income,1695627535475.8,65169.5191118657,66103.1797066957,4.25304559238732,3.728,6723.98242188,9.89226055,4.086,,3.2,3.7,,,,26018721.0,1.28931130985537,87.3343268253813,1.63,
Australia,AUS,2023,83.0512195121951,East Asia & Pacific,High income,1734451264655.6,65058.3773146674,72272.7092136683,3.58382100798981,3.668,6980.38525391,10.39852047,,,3.1,3.7,,,,26659922.0,2.43450716351535,87.4866955653765,1.499,
Australia,AUS,2024,83.0512195121951,East Asia & Pacific,High income,1757022451652.83,64609.9865116088,72117.8826659555,1.37340773365975,3.942,,,,,3.1,3.6,,7.4,,27194286.0,1.98454886891555,87.6021469990446,1.481,
Austria,AUT,1995,76.6682926829268,Europe & Central Asia,High income,240094169510.031,30207.0674314652,23604.0281966141,2.66798388882503,4.345,,,3.512,9.3999996185,5.7,6.8,,,,7948278.0,0.153106260702748,65.8629352596037,1.42,29.9
Austria,AUT,1996,76.8707317073171,Europe & Central Asia,High income,235952581232.129,29645.9451251491,24426.7640962842,2.21576713087359,5.282,,,3.589,9.3000001907,5.3,6.4,,,,7959017.0,0.135019833748789,66.1109299621598,1.45,29.3
Austria,AUT,1997,77.319512195122,Europe & Central Asia,High income,211724812267.448,26571.7523626508,25300.6439049694,2.1458350552646,5.15,,,3.668,9.1999998093,5.0,6.0,,,,7968041.0,0.113316608322994,66.3274969714236,1.39,29.1
Austria,AUT,1998,77.6707317073171,Europe & Central Asia,High income,217068085815.918,27212.4642905708,26530.9354041171,3.49288002962309,5.483,,,3.795,9.0,4.8,5.8,9.75838303565979,,,7976789.0,0.109728368100981,66.5106754931446,1.37,31.3
Austria,AUT,1999,77.8756097560976,Europe & Central Asia,High income,216421809125.916,27078.7081612201,27500.084954534,3.76192435190464,4.699,,,3.789,8.8999996185,4.7,5.6,9.06470790505409,,,7992324.0,0.194563153264961,66.6585047330725,1.34,29.7
Austria,AUT,2000,78.1268292682927,Europe & Central Asia,High income,196181599831.287,24487.2974685956,29220.9853040358,3.18952292988787,4.687,2301.89208984,9.38934517,3.876,7.95,4.6,5.5,9.18337777256966,,12.89,8011566.0,0.240466652446524,66.7690238969566,1.36,29.0
Austria,AUT,2001,78.5756097560976,Europe & Central Asia,High income,196477206829.33,24430.495982841,29553.2333509767,1.31698749571339,4.007,2315.42285156,9.45243549,3.989,7.85,4.5,5.4,9.81175750494003,,12.89,8042293.0,0.382799394483217,66.8408161285718,1.33,
Austria,AUT,2002,78.6780487804878,Europe & Central Asia,High income,212837224022.813,26334.862215032,30952.1708232398,1.48436877605324,4.852,2531.61938477,9.59139919,4.06,7.81,4.4,5.3,,,12.63,8081957.0,0.49198046425522,66.8887457136458,1.39,
Austria,AUT,2003,78.6317073170732,Europe & Central Asia,High income,260779834340.097,32110.1159661425,31958.8592412083,1.14156504542775,4.779,3122.31201172,9.69844246,4.144,7.73,4.3,5.2,11.395101249218,,12.53,8121423.0,0.487133894826838,66.9263574955092,1.38,29.5
Austria,AUT,2004,79.1804878048781,Europe & Central Asia,High income,299210411454.823,36614.2506533707,33518.5160023521,2.56525534067859,5.969,3606.77856445,9.81532383,4.232,7.73,4.2,5.0,,,12.59,8171966.0,0.620413127334181,66.9558612872944,1.42,29.8
Austria,AUT,2005,79.3317073170732,Europe & Central Asia,High income,313952317330.776,38157.37022862,34776.6699535218,2.32036514266782,5.682,3720.02441406,9.71779728,4.348,7.69,4.1,4.9,,,12.61,8227829.0,0.681267248299787,66.9797950654143,1.41,28.7
Austria,AUT,2006,79.8804878048781,Europe & Central Asia,High income,333905979332.481,40382.2078298575,37388.0795380765,3.26933601506059,5.32,3899.90722656,9.64073944,4.477,7.66,4.0,4.8,12.8459498286247,,12.73,8268641.0,0.494797775098466,67.0006968062814,1.41,29.6
Austria,AUT,2007,80.1804878048781,Europe & Central Asia,High income,386760177589.497,46622.9622913635,39192.372452379,3.77522468729185,4.909,4484.81640625,9.60482597,4.562,7.75,3.9,4.6,,,12.66,8295487.0,0.324146535285463,67.0211044863084,1.38,30.6
Austria,AUT,2008,80.4317073170732,Europe & Central Asia,High income,429234399096.173,51581.3982361071,41046.7900352112,1.45330562142114,4.198,5080.83740234,9.83415222,4.627,7.69,3.8,4.5,,,12.4,8321496.0,0.313041437661508,67.0435560819078,1.42,30.4
Austria,AUT,2009,80.3317073170732,Europe & Central Asia,High income,399290118782.429,47857.4446635266,40686.6736355681,-3.58626472551299,5.371,4939.75878906,10.31152916,4.722,7.68,3.7,4.4,,,12.27,8343323.0,0.261953189906348,67.0705895694924,1.39,31.5
Austria,AUT,2010,80.5804878048781,Europe & Central Asia,High income,389827789217.634,46611.1393420232,41735.4574798744,1.80898243043663,4.883,4815.26953125,10.31620026,4.827,7.65,3.6,4.3,,,12.23,8363404.0,0.240394299500766,67.1047429254747,1.44,30.3
Austria,AUT,2011,80.9829268292683,Europe & Central Asia,High income,428954737064.057,51116.8953522042,44171.5618687028,2.92746800169145,4.637,5191.92333984,10.1370182,4.875,7.67,3.5,4.2,,6.6,12.35,8391643.0,0.337080841831645,67.1484255415056,1.43,30.8
Austria,AUT,2012,80.9365853658537,Europe & Central Asia,High income,406750487603.59,48250.4059142637,46156.4832073037,0.628246239479637,4.909,4983.67724609,10.30198097,4.927,7.67,3.4,4.0,,,12.34,8429991.0,0.45593747231891,67.2085909812279,1.44,30.5
Austria,AUT,2013,81.1365853658537,Europe & Central Asia,High income,426580502769.417,50305.3545774973,47519.8522796571,-0.250726423318454,5.367,5251.96826172,10.40574837,5.018,7.64,3.3,3.9,,,12.49,8479823.0,0.589387254692989,67.2981308784247,1.44,30.8
Austria,AUT,2014,81.490243902439,Europe & Central Asia,High income,438556021078.034,51314.9722616322,48355.4977624407,0.755798850316665,5.674,5418.47558594,10.51159096,5.076,7.58,3.2,3.8,,,12.33,8546356.0,0.781541632525841,67.4154327591781,1.46,30.5
Austria,AUT,2015,81.190243902439,Europe & Central Asia,High income,379546097300.633,43915.228020857,49549.3162311441,1.30352331826198,5.802,4649.59667969,10.51688385,5.124,7.54,3.1,3.7,,,12.19,8642699.0,1.12099250236958,67.5576175537383,1.49,30.5
Austria,AUT,2016,81.6414634146342,Europe & Central Asia,High income,393687359770.273,45061.4993920192,52397.8635176674,2.11721964494312,6.064,4758.89892578,10.51713753,5.129,7.42,3.0,3.6,,,11.93,8736668.0,1.08139629872802,67.7218061923556,1.53,30.8
Austria,AUT,2017,81.6439024390244,Europe & Central Asia,High income,414926138132.691,47163.7425775142,53869.8321183556,2.27224992038207,5.561,4999.86962891,10.57132816,5.182,7.37,3.0,3.6,,,11.92,8797566.0,0.694621103604983,67.9051196052802,1.52,29.7
Austria,AUT,2018,81.6926829268293,Europe & Central Asia,High income,452582294972.775,51194.0749841299,56636.4953030542,2.48422114080024,4.933,5394.55908203,10.5157156,5.241,7.27,2.9,3.5,,,11.97,8840521.0,0.487071924768999,68.1046787227623,1.47,30.8
Austria,AUT,2019,81.8951219512195,Europe & Central Asia,High income,442983642371.842,49885.9947355204,60354.9279422121,1.75497619649288,4.56,5313.19287109,10.62530422,5.318,7.19,2.9,3.5,,,11.97,8879920.0,0.444673639004876,68.3176044750522,1.46,30.2
Austria,AUT,2020,81.1926829268293,Europe & Central Asia,High income,434397601557.696,48716.4098900349,58523.0337816246,-6.31825509209936,5.201,5569.84130859,11.41292953,5.344,7.05,2.9,3.4,,,11.51,8916864.0,0.415176731565556,68.5410177924001,1.44,29.8
Austria,AUT,2021,81.190243902439,Europe & Central Asia,High income,480466363176.806,53648.6437976214,62968.8538770186,4.92309171717903,6.459,6554.14257813,12.185215,5.432,6.91,2.8,3.4,,,,8955797.0,0.435671684056384,68.773601700253,1.48,30.7
Austria,AUT,2022,81.2951219512195,Europe & Central Asia,High income,473221298968.216,52336.7725223758,72286.6352565355,5.33096379400371,4.992,5897.97607422,11.22519779,5.432,6.7,2.8,3.3,,,,9041851.0,0.956287797076634,68.998085127906,1.41,30.9
Austria,AUT,2023,81.7926829268293,Europe & Central Asia,High income,516670509628.876,56579.504175468,74261.1961105071,-0.786244288594673,5.264,6267.93164063,11.15297318,5.515,,2.8,3.3,,,,9131761.0,0.989464653969154,69.2265358276021,1.32,31.2
Austria,AUT,2024,81.9951219512195,Europe & Central Asia,High income,534790720466.822,58268.8787651601,75774.4136543206,-0.659089573171372,5.2,6739.30908203,11.8325634,,,2.8,3.3,,5.4,,9177982.0,0.504879813795986,69.4658181096788,1.31,
Azerbaijan,AZE,1995,61.931,Europe & Central Asia,Upper middle income,2417331192.9526,314.55801908334,2356.89780137075,-11.7999991076818,7.2,,,3.785,10.0200004578,76.6,93.8,,,,7684850.0,1.15566613988888,52.3116760253906,2.29,34.6
Azerbaijan,AZE,1996,62.66,Europe & Central Asia,Upper middle income,3176507376.31836,409.185543774103,2406.77231610436,1.29999940463827,8.1,,,3.729,9.8100004196,75.0,91.5,,,,7763000.0,1.01179991660887,52.1216049194336,2.06,
Azerbaijan,AZE,1997,62.953,Europe & Central Asia,Upper middle income,3962362387.47922,505.516204188336,2565.40828176667,5.80000014795783,9.1,,,3.638,9.6099996567,72.4,88.1,,,,7838250.0,0.964673773704232,51.9270782470703,2.07,
Azerbaijan,AZE,1998,63.75,Europe & Central Asia,Upper middle income,4446368570.6901,561.906807871869,2826.70693420813,9.99999961153691,10.0,,,3.548,9.0600004196,69.1,84.0,,,,7913000.0,0.949138146647058,51.4672050476074,2.0,
Azerbaijan,AZE,1999,64.733,Europe & Central Asia,Upper middle income,4581248566.50158,573.893528734031,3051.94233344022,7.40000129958564,10.9,,,3.516,8.8999996185,65.3,79.3,,,,7982750.0,0.877598699856844,50.998251151426,2.07,
Azerbaijan,AZE,2000,65.377,Europe & Central Asia,Upper middle income,5272615722.96892,655.097249579917,3439.14442860365,11.0999991434346,11.78,19.01968193,2.94891715,3.552,7.64,61.1,74.3,,,1.57,8048600.0,0.821519963674211,51.1320838928223,2.0,
Azerbaijan,AZE,2001,66.043,Europe & Central Asia,Upper middle income,5707616203.72011,703.670998584686,3834.89815909361,9.89999986533643,10.91,19.19010162,2.774194,3.525,7.48,56.8,69.3,,,1.57,8111200.0,0.774765939386613,51.1584815979004,1.8,36.5
Azerbaijan,AZE,2002,66.769,Europe & Central Asia,Upper middle income,6236087738.28284,763.108895463487,4230.40590205106,9.43891626906561,10.04,20.45606041,2.73097301,3.541,7.36,52.7,64.4,,,1.59,8171950.0,0.746173582716985,51.2144165039062,1.8,25.3
Azerbaijan,AZE,2003,67.036,Europe & Central Asia,Upper middle income,7276413079.11451,883.692580745256,4718.42112335948,10.2082994004776,9.17,23.62244987,2.72699213,3.534,7.23,48.9,59.9,,,1.63,8234100.0,0.757650955616913,51.7257995605469,1.9,26.8
Azerbaijan,AZE,2004,67.488,Europe & Central Asia,Upper middle income,8680405740.94125,1045.0136328106,5247.53834369248,9.25380179728907,7.99,27.1906395,2.65944242,3.54,7.19,45.4,55.8,,,1.7,8306500.0,0.875427280482454,52.2831993103027,2.0535,26.6
Azerbaijan,AZE,2005,67.71,Europe & Central Asia,Upper middle income,13245421880.834,1578.36733030667,6854.93618773207,27.9615381082131,7.26,34.35204697,2.22960997,3.557,7.15,42.2,52.1,,,1.81,8391850.0,1.02226559239828,52.5028533935547,2.0,26.6
Azerbaijan,AZE,2006,68.489,Europe & Central Asia,Upper middle income,20981929497.6188,2472.95725732287,9398.01324799672,34.4662096226792,6.62,49.87102127,2.07059145,3.532,7.0,39.2,48.7,,,1.91,8484550.0,1.09858657441812,52.6540145874023,1.97,
Azerbaijan,AZE,2007,68.659,Europe & Central Asia,Upper middle income,33049419431.2244,3851.33015175141,11973.9596318522,25.4632157314482,6.33,74.65649414,1.99422264,3.669,6.87,36.6,45.7,,,2.03,8581300.0,1.13385546615645,52.8281555175781,1.97,
Azerbaijan,AZE,2008,69.355,Europe & Central Asia,Upper middle income,48851293785.4483,5574.46810432575,13216.8434969769,10.591437462476,5.86,111.88427734,2.04814458,3.635,6.75,34.1,42.9,,,1.94,8763400.0,2.09985403259251,53.063304901123,1.9,
Azerbaijan,AZE,2009,69.874,Europe & Central Asia,Upper middle income,44292427184.9492,4950.39949009423,14245.503536762,9.36950260277183,5.74,135.40127563,2.76541352,3.626,6.63,31.8,40.2,,,1.98,8947243.0,2.07614826384645,53.1358125434574,1.82,
Azerbaijan,AZE,2010,70.309,Europe & Central Asia,Upper middle income,52909294791.9262,5843.5337683582,14930.4099923544,4.78883248761557,5.63,153.0665741,2.64634848,3.617,4.5,29.7,37.8,,,1.81,9054332.0,1.18978770786007,53.2848367714869,1.92,
Azerbaijan,AZE,2011,70.565,Europe & Central Asia,Upper middle income,65952796427.9473,7189.81869211976,14804.5744507911,-1.5729973511111,5.42,184.93493652,2.59547186,3.397,4.12,27.7,35.5,9.56354364752769,2.8,1.78,9173082.0,1.30300085487651,53.5085461893249,1.96,
Azerbaijan,AZE,2012,71.08,Europe & Central Asia,Upper middle income,69679944504.1972,7495.86527658099,15994.1466501837,2.20293891708398,5.19,234.60324097,3.15682149,3.449,4.15,25.9,33.4,,,1.51,9295784.0,1.32876382733755,53.8076442276208,2.0,
Azerbaijan,AZE,2013,71.485,Europe & Central Asia,Upper middle income,74160560123.6902,7875.34536661549,17267.5118919538,5.84341590483928,4.97,251.67863464,3.22551084,3.413,4.18,24.2,31.4,,,1.41,9416801.0,1.29344702700591,54.1821087431318,1.98,
Azerbaijan,AZE,2014,71.93,Europe & Central Asia,Upper middle income,75239785452.1022,7890.84028062087,17563.6122454385,2.79758521448559,4.91,280.22314453,3.58703041,3.401,4.33,22.6,29.6,,,1.4,9535079.0,1.24820899735588,54.6319175926151,1.97,
Azerbaijan,AZE,2015,72.349,Europe & Central Asia,Upper middle income,53076235354.746,5500.50364628486,15075.2726347911,1.04954641215085,4.96,236.25979614,4.34131384,3.328,4.13,21.1,27.9,,,1.44,9649341.0,1.19120985807018,55.1570486328276,1.94,
Azerbaijan,AZE,2016,72.568,Europe & Central Asia,Upper middle income,37866996882.9157,3880.6852276838,14535.8020210633,-3.06359842251706,5.0,169.69596863,4.42241955,3.262,4.12,19.8,26.5,,,1.46,9757812.0,1.11785721013911,55.7574797205266,1.9,
Azerbaijan,AZE,2017,72.694,Europe & Central Asia,Upper middle income,40866627351.9817,4147.1981423222,14315.9296431061,0.153614661745507,5.0,167.01565552,4.07396507,3.197,3.98,18.6,25.1,,,1.59,9854033.0,0.98126180450475,56.4331887124691,1.75,
Azerbaijan,AZE,2018,73.016,Europe & Central Asia,Upper middle income,47112470051.7701,4739.7943123408,15282.9995232298,1.50040167167313,4.9,180.03610229,3.83661342,3.236,3.95,17.5,23.8,,,1.97,9939771.0,0.866316916370841,57.1841534654123,1.73,
Azerbaijan,AZE,2019,73.29,Europe & Central Asia,Upper middle income,48174235294.1176,4805.75371765917,16675.3179361558,2.47980879185565,5.0,199.25746155,4.18188763,3.148,3.94,16.5,22.7,,,1.97,10024283.0,0.846646726414021,58.1308191977779,1.81,
Azerbaijan,AZE,2020,70.312,Europe & Central Asia,Upper middle income,42693000000.0,4229.91064904503,15163.5703327282,-4.19896065333343,7.24,245.21949768,5.84817696,3.125,4.35,15.6,21.5,,,2.49,10093121.0,0.684365325388407,58.2934691761937,1.7,
Azerbaijan,AZE,2021,70.999,Europe & Central Asia,Upper middle income,54825411764.7059,5408.04535175023,20111.3756952109,5.61644027150554,6.04,250.9887085,4.68526697,3.123,4.35,14.7,20.5,,,,10137750.0,0.441197735816311,58.3659969744818,1.52,
Azerbaijan,AZE,2022,74.125,Europe & Central Asia,Upper middle income,78807470588.2353,7770.594223351,22548.5145929929,4.71468033247649,5.65,261.44659424,3.41549611,3.185,3.8,13.9,19.6,,,,10141756.0,0.039507866238038,58.4382815854684,1.67,
Azerbaijan,AZE,2023,74.429,Europe & Central Asia,Upper middle income,72428470588.2353,7133.02838048328,23671.0936895744,1.35447749115767,5.64,299.81060791,4.27113533,,3.68,13.2,18.7,,,,10153958.0,0.120242150339289,58.5075350483702,1.55,
Azerbaijan,AZE,2024,74.576,Europe & Central Asia,Upper middle income,74426000000.0,7294.64276088105,25146.3588844273,4.15806800428062,5.648,,,,,12.5,17.9,,10.2,,10202830.0,0.480155257252915,58.573795837717,1.43,
Bangladesh,BGD,1995,58.244,South Asia,Lower middle income,37939748768.6567,309.458680823367,1206.36646699769,5.12127789724337,2.441,,,0.201,,77.9,115.5,,,,122600370.0,1.85825551797916,21.661231550566,3.588,32.9
Bangladesh,BGD,1996,58.94,South Asia,Lower middle income,46438484107.5795,371.917937677345,1260.7548951696,4.52291921684423,2.51,,,,,74.2,109.4,,,,124862179.0,1.82805195849607,21.9780786680138,3.505,
Bangladesh,BGD,1997,59.671,South Asia,Lower middle income,48244309133.4895,379.284917709635,1315.46923328946,4.4898964976265,2.698,,,0.2,,70.6,103.3,,,,127198069.0,1.85349089461291,22.2953437419401,3.502,
Bangladesh,BGD,1998,60.429,South Asia,Lower middle income,49984559471.3656,385.616881752796,1372.95383928336,5.1770268731498,2.893,,,,,66.9,97.1,,,,129622332.0,1.88796139153147,22.6195132518384,3.427,
Bangladesh,BGD,1999,61.244,South Asia,Lower middle income,51270569883.5275,388.095684268235,1429.98645246751,4.67015636882111,3.088,,,,0.3000000119,63.3,91.2,,,,132108065.0,1.89951780093278,22.957073677202,3.357,
Bangladesh,BGD,2000,62.049,South Asia,Lower middle income,53369787318.6245,396.670730249751,1511.90500583586,5.29329471892532,3.27,8.27585602,1.80504513,,,59.8,85.5,,,0.004,134544304.0,1.82732806740512,23.3145114975244,3.279,33.4
Bangladesh,BGD,2001,62.836,South Asia,Lower middle income,53991289844.3291,394.65641001891,1597.58740615663,5.07728777526728,3.609,8.10025787,1.77201855,0.238,,56.6,80.2,,,0.004,136805810.0,1.66689324749509,23.6999214768623,3.203,
Bangladesh,BGD,2002,63.591,South Asia,Lower middle income,54724081490.5102,393.886422327628,1658.80230931052,3.83312393993225,3.966,9.05402279,1.93417108,,,53.6,75.3,,,0.003,138933658.0,1.54340635736975,24.1132383547332,3.126,
Bangladesh,BGD,2003,64.288,South Asia,Lower middle income,60158929188.2556,426.74880754362,1746.12725781019,4.73956739963045,4.32,9.98434258,1.96152198,0.26,,50.8,70.8,1.59701146185398,,0.003,140970351.0,1.45530530506763,24.5525557512625,3.029,
Bangladesh,BGD,2004,64.912,South Asia,Lower middle income,65108544250.0425,455.614016909798,1861.51256286906,5.23953291029852,4.316,10.78997898,1.99854314,0.269,,48.3,66.8,,,0.002,142902856.0,1.36154790691024,25.0094809886101,2.94,
Bangladesh,BGD,2005,65.509,South Asia,Lower middle income,69476001239.419,480.08585075452,2019.73839561771,6.53594493875502,4.25,11.31403732,2.05873919,0.296,,46.0,63.0,,,0.002,144715786.0,1.2606651625389,25.4769540701509,2.846,33.2
Bangladesh,BGD,2006,66.048,South Asia,Lower middle income,71795736172.1561,490.388026533289,2195.29485462256,6.67190498576788,3.591,12.05988026,2.10646582,0.305,,43.8,59.6,,,0.003,146405973.0,1.16116775095831,25.9479149992596,2.755,
Bangladesh,BGD,2007,66.458,South Asia,Lower middle income,79611644974.5571,537.955492792911,2388.10025150358,7.05859935449848,4.015,14.03898716,2.17268491,0.317,0.35,41.8,56.5,,,0.004,147989278.0,1.07564253185597,26.415303779311,2.666,
Bangladesh,BGD,2008,67.047,South Asia,Lower middle income,91636997370.9772,613.06204104124,2554.85788229705,6.01378975738535,4.49,15.5619669,2.11878848,0.33,0.37,40.0,53.6,,,0.004,149474264.0,0.9984405660693,26.87206041368,2.577,
Bangladesh,BGD,2009,67.527,South Asia,Lower middle income,102475158190.998,679.211477428056,2675.2594592947,5.04512479919337,5.0,17.7030201,2.18321705,0.343,0.49,38.3,51.1,,,0.004,150873714.0,0.931892491457971,27.3111249057412,2.484,
Bangladesh,BGD,2010,68.009,South Asia,Lower middle income,115275540051.262,757.385280361508,2833.69544359604,5.57178818533122,3.379,20.62105751,2.28807664,0.352,0.54,36.8,48.7,,,0.004,152201981.0,0.876530534249878,27.7254372588696,2.38,32.1
Bangladesh,BGD,2011,68.499,South Asia,Lower middle income,128607482310.357,837.336944695647,3051.26983271811,6.46437912497728,3.737,22.77348328,2.36418128,0.373,0.53,35.3,46.5,,10.5,0.004,153591076.0,0.908525895582217,28.1100162712427,2.309,
Bangladesh,BGD,2012,68.989,South Asia,Lower middle income,133310747603.483,859.680536375497,3434.27815090447,6.52145877906443,4.07,23.43771553,2.3537879,0.39,0.61,33.9,44.4,,,0.005,155070101.0,0.958355912717609,28.4787972894576,2.263,
Bangladesh,BGD,2013,69.487,South Asia,Lower middle income,149998957434.186,958.262989798283,3691.10431102117,6.01360565834344,4.426,26.96918297,2.29574466,0.412,0.58,32.6,42.4,,,0.005,156532141.0,0.938408350120779,28.8407036106763,2.247,
Bangladesh,BGD,2014,70.016,South Asia,Lower middle income,172886611653.786,1094.46199702838,3972.50647733491,6.0610593588495,4.417,29.91152382,2.27915168,0.478,0.6,31.2,40.5,,,0.005,157964929.0,0.911167733810249,29.1944442321013,2.228,
Bangladesh,BGD,2015,70.543,South Asia,Lower middle income,195146608978.131,1224.38647668165,4212.23578089428,6.55263987816197,4.397,33.20998764,2.27217698,0.476,0.76,29.8,38.5,,,0.005,159383179.0,0.89381937776758,29.5395099477892,2.227,
Bangladesh,BGD,2016,71.075,South Asia,Lower middle income,265224515675.034,1649.28380858601,4579.13228682862,7.11347821270093,4.35,39.30647659,2.38938212,0.489,0.79,28.5,36.7,,,0.005,160811932.0,0.892432416039535,29.8753915517965,2.227,32.4
Bangladesh,BGD,2017,71.606,South Asia,Lower middle income,293732446624.596,1811.08221668646,4882.60692615639,6.59024999794057,4.372,42.17510986,2.36720181,0.535,0.84,27.3,35.0,,,0.005,162186147.0,0.850917315689336,30.2015798381799,2.205,
Bangladesh,BGD,2018,72.122,South Asia,Lower middle income,321362752441.78,1965.24372731467,5490.15881865179,7.31941263014136,4.439,44.78892899,2.31622243,0.573,0.88,26.2,33.5,,,0.005,163523103.0,0.820955197842845,30.5175656009959,2.193,
Bangladesh,BGD,2019,72.625,South Asia,Lower middle income,351231654603.692,2129.79896954606,6047.12401504125,7.88191515117722,4.504,45.07677078,2.12712646,0.63,0.89,25.4,32.3,,,0.005,164913055.0,0.84641125179804,30.8228396343012,2.18,
Bangladesh,BGD,2020,71.421,South Asia,Lower middle income,373979442362.193,2248.85078828233,6640.58437331062,3.44801755122445,5.539,49.0274353,2.18254924,0.661,0.97,24.8,31.4,,,0.092,166298024.0,0.836310836229073,31.1168927321524,2.175,
Bangladesh,BGD,2021,71.103,South Asia,Lower middle income,416271647911.014,2482.84917843357,7441.06913961254,6.93867912442445,5.457,56.09640121,2.26678729,0.677,0.94,24.5,30.9,,,,167658854.0,0.814977993693211,31.3992156886061,2.173,
Bangladesh,BGD,2022,74.265,South Asia,Lower middle income,460131689083.083,2716.48592780431,8449.20977931373,7.09982877575158,4.593,56.62142181,2.21544909,0.717,1.01,24.4,30.7,,,,169384897.0,1.02423384746683,31.673734726234,2.179,30.9
Bangladesh,BGD,2023,74.672,South Asia,Lower middle income,437415333018.291,2551.01773827307,9155.31731992295,5.77511237007889,3.352,53.46432495,2.17014575,0.722,0.92,24.4,30.6,,,,171466990.0,1.22171475464107,32.1578465036834,2.163,
Bangladesh,BGD,2024,74.93,South Asia,Lower middle income,450119432068.852,2593.41611680774,9660.77962818873,4.22325911250161,3.635,,,,,24.4,30.5,,13.2,,173562364.0,1.21462115417186,32.6783196323307,2.138,
Belarus,BLR,1995,68.4609756097561,Europe & Central Asia,Upper middle income,13972683273.5692,1370.69991385664,3845.70682017681,-10.4000003781854,17.7,,,3.018,12.3800001144,12.4,15.7,,,,10193831.0,-0.324414829587043,68.0162734985352,1.406,28.7
Belarus,BLR,1996,68.5121951219512,Europe & Central Asia,Upper middle income,14500437519.8258,1427.26896385327,4039.34042551581,2.80000456599095,24.4,,,3.084,12.2700004578,12.2,15.5,,,,10159569.0,-0.336671341030207,68.2737426757812,1.335,
Belarus,BLR,1997,68.4609756097561,Europe & Central Asia,Upper middle income,14128408565.7064,1396.44201900881,4596.48615920875,11.4000054007553,17.1,,,3.133,12.3599996567,11.9,15.1,,,,10117433.0,-0.415604443400529,68.6145935058594,1.25,
Belarus,BLR,1998,68.4073170731707,Europe & Central Asia,Upper middle income,15222012660.4232,1511.32531567314,5061.33499051658,8.3999913697987,14.0,,,3.193,12.4200000763,11.4,14.5,,,,10071963.0,-0.450435237181926,69.0234222412109,1.3,32.0
Belarus,BLR,1999,67.9073170731707,Europe & Central Asia,Upper middle income,12138486532.0203,1210.6117195862,5331.41743551712,3.3999992040046,12.8,,,3.259,12.6400003433,10.7,13.7,,,,10026738.0,-0.450029843493719,69.4807636785987,1.31,31.7
Belarus,BLR,2000,68.9121951219512,Europe & Central Asia,Upper middle income,12736856827.9847,1276.2880341,5795.65223553703,5.80000327485702,12.193,57.02944183,5.28088045,3.268,12.01,9.9,12.8,,,12.63,9979610.0,-0.471131334643547,69.9172295434732,1.317,31.2
Belarus,BLR,2001,68.5073170731707,Europe & Central Asia,Upper middle income,12354820143.8849,1244.37318523431,6238.09862377549,4.72530605111095,11.561,73.3659668,5.7064805,3.252,11.99,9.2,11.8,,,12.63,9928549.0,-0.512966688341309,70.3147201538086,1.286,30.6
Belarus,BLR,2002,68.0560975609756,Europe & Central Asia,Upper middle income,14594900944.7658,1479.38066337175,6697.15436179409,5.04526758311702,10.874,85.97066498,5.62404203,3.275,11.4,8.5,10.9,,,12.07,9865548.0,-0.636565666436346,70.8804702758789,1.24,30.3
Belarus,BLR,2003,68.5536585365854,Europe & Central Asia,Upper middle income,17825444724.4878,1819.52653114699,7361.72161065634,7.04319246586394,10.191,108.51013947,5.77103186,3.303,10.83,7.8,10.1,,,12.49,9796749.0,-0.699809190918934,71.3092422485352,1.232,28.8
Belarus,BLR,2004,68.9560975609756,Europe & Central Asia,Upper middle income,23141566292.9462,2378.33700470129,8482.92020705117,11.4497432088167,9.463,140.99655151,5.73650646,3.299,10.26,7.2,9.4,,,12.32,9730146.0,-0.682169472243919,71.7658538818359,1.233,26.5
Belarus,BLR,2005,68.8512195121951,Europe & Central Asia,Upper middle income,30210091836.8294,3126.07176665248,9636.8911237784,9.40000151584914,8.759,196.13806152,6.07036304,3.326,10.69,6.7,8.7,,,12.79,9663915.0,-0.683005560010688,72.0310134887695,1.252,27.6
Belarus,BLR,2006,69.4048780487805,Europe & Central Asia,Upper middle income,36961894281.3444,3848.22350300163,10994.5981291674,9.99999473022963,8.066,221.70170593,5.57366323,3.393,10.76,6.1,8.0,,,13.4,9604924.0,-0.612296198031047,72.6113815307617,1.335,28.3
Belarus,BLR,2007,70.2073170731707,Europe & Central Asia,Upper middle income,45275711995.825,4735.48107556066,12320.0240259124,8.60000659811426,7.41,278.63424683,5.6917243,3.55,10.82,5.6,7.3,,,14.48,9560953.0,-0.458847535622636,73.0913467407227,1.429,29.6
Belarus,BLR,2008,70.4560975609756,Europe & Central Asia,Upper middle income,60752106347.126,6376.17569162063,13886.1314067667,10.1999994860937,6.728,348.92633057,5.29448891,3.578,10.72,5.1,6.6,,,14.91,9527985.0,-0.345415054298517,73.5531692504883,1.488,27.8
Belarus,BLR,2009,70.4073170731707,Europe & Central Asia,Upper middle income,50873167326.0414,5352.48809190697,14034.1911205907,0.199995231733979,6.1,288.44775391,5.3906498,3.713,10.68,4.6,6.1,,,15.05,9504583.0,-0.245915441295321,74.1909646620571,1.509,27.7
Belarus,BLR,2010,70.4048780487805,Europe & Central Asia,Upper middle income,57231904542.8755,6034.67885177216,15339.099903096,7.75001707500896,6.052,341.13800049,5.65694332,3.511,10.88,4.2,5.6,,,14.99,9483836.0,-0.218522755959381,74.5501403808594,1.494,28.6
Belarus,BLR,2011,70.5536585365854,Europe & Central Asia,Upper middle income,61762382327.9319,6527.6593428786,16563.2014078209,5.54997471638077,6.024,317.82492065,4.87452745,3.794,10.68,3.9,5.2,,8.0,14.82,9461643.0,-0.234282914157686,75.0597534179688,1.515,27.2
Belarus,BLR,2012,71.9658536585366,Europe & Central Asia,Upper middle income,65685890438.8922,6953.21591683101,18114.7508606708,1.70785253368828,5.962,364.09957886,5.24538946,3.885,10.71,3.7,4.9,,,14.22,9446836.0,-0.156617600248906,75.5281066894531,1.62,26.5
Belarus,BLR,2013,72.4707317073171,Europe & Central Asia,Upper middle income,75527558966.4473,7998.0802045456,19014.0529737698,0.998719299661161,5.942,454.51959229,5.69563103,3.939,10.49,3.5,4.6,,,13.18,9443211.0,-0.0383800002667846,75.94970703125,1.668,26.6
Belarus,BLR,2014,72.9707317073171,Europe & Central Asia,Upper middle income,78813069120.9984,8341.31809294883,19037.8847440186,1.65112470228097,5.908,448.27426147,5.38792181,4.082,10.31,3.3,4.3,,,11.96,9448515.0,0.056151567510169,76.3405227661133,1.696,27.2
Belarus,BLR,2015,73.6243902439025,Europe & Central Asia,Upper middle income,56454769844.7632,5967.05595058777,18133.5313085883,-3.82957056812593,5.881,360.91937256,6.06528044,4.255,10.25,3.1,4.1,,,11.04,9461076.0,0.132853236725342,76.6263885498047,1.724,25.6
Belarus,BLR,2016,73.8268292682927,Europe & Central Asia,Upper middle income,47723545321.259,5039.77560949445,17832.4778855815,-2.5264464460425,5.844,296.94720459,5.91054153,4.372,10.06,2.9,3.9,25.4,,10.55,9469379.0,0.0877210878706449,76.8458709716797,1.733,25.3
Belarus,BLR,2017,74.1292682926829,Europe & Central Asia,Upper middle income,54725405751.1559,5785.54491935194,18413.747563367,2.53218349471909,5.648,331.94082642,5.75974846,4.427,10.0,2.8,3.6,,,10.64,9458989.0,-0.109782322950581,77.0208206176758,1.541,25.4
Belarus,BLR,2018,74.1756097560976,Europe & Central Asia,Upper middle income,60031026576.26,6360.037502312,20025.9815543598,3.14919758275296,4.763,349.99176025,5.52699471,4.486,9.93,2.6,3.4,,,10.9,9438785.0,-0.213824206997671,77.2132720947266,1.448,25.2
Belarus,BLR,2019,74.2268292682927,Europe & Central Asia,Upper middle income,64410170653.4569,6837.77339645635,22301.5932411839,1.44645548204305,4.165,400.11621094,5.86133814,4.546,9.93,2.4,3.1,,,10.9,9419758.0,-0.201786600970723,77.4550771852757,1.382,25.3
Belarus,BLR,2020,72.1385609756098,Europe & Central Asia,Upper middle income,61371673344.7424,6542.85579976768,24872.3066744528,-0.672742918585868,4.049,420.43655396,6.40607214,4.605,10.09,2.2,2.9,,,11.63,9379952.0,-0.42347525027949,77.7890385790408,1.369,24.4
Belarus,BLR,2021,72.0714634146342,Europe & Central Asia,Upper middle income,69673747131.87,7489.71894713888,27611.1801135157,2.43886210234947,3.9,484.03930664,6.56549978,4.686,10.02,2.1,2.7,,,,9302585.0,-0.82823272086807,78.131086803694,1.371,
Belarus,BLR,2022,74.1033658536585,Europe & Central Asia,Upper middle income,73775179924.603,7994.64806074889,28424.9893656867,-4.65839591328999,3.574,529.01873779,6.57784128,4.669,9.93,2.0,2.6,,,,9228071.0,-0.804228426880244,78.4732787892908,1.326,
Belarus,BLR,2023,74.1837804878049,Europe & Central Asia,Upper middle income,72478760370.4258,7896.75388295584,30859.5916206484,4.12654007153881,3.461,558.22644043,7.08167362,4.717,9.77,1.9,2.4,,,,9178298.0,-0.540824986374776,78.8146420666327,1.208,
Belarus,BLR,2024,74.3653414634147,Europe & Central Asia,Upper middle income,78591839299.7087,8605.60954569694,33166.3827902975,4.34999638140579,3.458,,,,,1.8,2.3,,5.1,,9132629.0,-0.49881794290787,79.1551015210848,1.217,
Belgium,BEL,1995,76.8407317073171,Europe & Central Asia,High income,288025588396.278,28413.8264387368,22446.2748072391,2.38475724870135,9.337,,,3.543,,6.4,7.6,,,,10136811.0,0.209436838020324,80.3401728004321,1.56,28.4
Belgium,BEL,1996,77.1873170731707,Europe & Central Asia,High income,279201433224.756,27489.5551770488,22745.2145866007,1.32143214432601,9.483,,,3.608,,5.9,7.2,,,,10156637.0,0.1953931762382,80.6844777619461,1.59,
Belgium,BEL,1997,77.3707317073171,Europe & Central Asia,High income,252708051420.839,24820.9380503896,23733.4493485094,3.79367165541437,8.95,,,3.678,7.1999998093,5.6,6.7,,,,10181245.0,0.241991884983082,81.0242671318444,1.6,26.8
Belgium,BEL,1998,77.4731707317073,Europe & Central Asia,High income,258528339631.029,25338.4432934904,24370.3723671522,1.96183240455609,9.322,,,3.735,7.1999998093,5.3,6.4,9.66847017407417,,,10203008.0,0.213527650670943,81.3594119449727,1.6,
Belgium,BEL,1999,77.619512195122,Europe & Central Asia,High income,258245733221.468,25252.8019066564,25440.8411888638,3.54271798823922,8.649,,,2.801,7.0999999046,5.0,6.1,10.9105370938778,,,10226419.0,0.229189103029716,81.6897832361771,1.62,
Belgium,BEL,2000,77.7219512195122,Europe & Central Asia,High income,236792460312.471,23098.8865077401,27794.0511630862,3.71670510672588,6.586,1849.91601563,7.99917603,2.829,6.72,4.8,5.9,10.4568116366863,,11.42,10251250.0,0.242517956221334,82.0152520403035,1.67,33.1
Belgium,BEL,2001,77.9731707317073,Europe & Central Asia,High income,236746141604.37,23015.0712632462,28793.5142643594,1.09960362419645,6.178,1879.93457031,8.14988899,2.849,6.62,4.7,5.7,11.319787055254,,11.42,10286570.0,0.343951157623668,82.3356893921976,1.67,
Belgium,BEL,2002,78.0756097560976,Europe & Central Asia,High income,258383599375.177,25006.191397109,30282.2886450283,1.70689430349601,6.91,2084.7199707,8.3182106,2.859,6.54,4.5,5.5,,,11.39,10332785.0,0.448268894821562,82.6509663267055,1.65,
Belgium,BEL,2003,78.1292682926829,Europe & Central Asia,High income,318082528506.588,30655.2092679024,30930.6283334744,1.03795518162204,7.68,2822.50341797,9.18925285,2.857,6.53,4.4,5.3,11.2299464643002,,11.41,10376133.0,0.418641508069053,82.9609538786731,1.67,28.1
Belgium,BEL,2004,78.8780487804878,Europe & Central Asia,High income,369214712443.206,35429.4077933344,32059.6878637798,3.57120671942319,7.363,3322.28857422,9.35496902,2.868,6.48,4.2,5.2,,,11.3,10421137.0,0.432788248129175,83.2655230829461,1.72,30.5
Belgium,BEL,2005,78.9804878048781,Europe & Central Asia,High income,385714762230.039,36809.7013403619,33177.8909458158,2.32173792911834,8.44,3415.64599609,9.25018311,2.871,6.43,4.1,5.0,,,11.25,10478617.0,0.550055708089009,83.5645449743707,1.76,29.3
Belgium,BEL,2006,79.380487804878,Europe & Central Asia,High income,408259840868.823,38705.1067959147,35251.4450697593,2.55234087322462,8.246,3547.06835938,9.1325655,2.886,6.35,4.0,4.9,,,11.15,10547958.0,0.659558214980699,83.8578905877926,1.8,28.1
Belgium,BEL,2007,79.7829268292683,Europe & Central Asia,High income,470922156309.453,44319.165448813,36798.1918857259,3.67692462515802,7.459,4066.2121582,9.1392889,2.905,6.27,3.9,4.8,,,11.3,10625700.0,0.734330830765919,84.1454309580577,1.82,29.2
Belgium,BEL,2008,79.6804878048781,Europe & Central Asia,High income,517328087920.078,48303.397956286,37883.3319417819,0.446905130727231,6.976,4656.04150391,9.60036659,2.921,6.25,3.8,4.7,16.7100250720978,,11.32,10709973.0,0.789976845480149,84.427037120012,1.85,28.4
Belgium,BEL,2009,80.0341463414634,Europe & Central Asia,High income,485014525992.461,44923.3400135081,37905.658312629,-1.90644105515335,7.908,4755.80859375,10.54393387,2.92,6.14,3.8,4.6,,,11.46,10796493.0,0.804599572619861,84.7025801085014,1.84,28.6
Belgium,BEL,2010,80.1829268292683,Europe & Central Asia,High income,481556503720.001,44197.393671162,39839.9772772918,2.71031150254662,8.293,4626.02685547,10.41325188,2.909,6.09,3.7,4.5,,,11.33,10895586.0,0.913639391631709,84.9719309583717,1.86,28.4
Belgium,BEL,2011,80.5853658536585,Europe & Central Asia,High income,527196649048.639,47760.8298776546,41244.8495035213,1.93115502411325,7.14,4990.35595703,10.41302204,2.915,6.05,3.6,4.4,12.8612712025642,4.8,11.32,11038264.0,1.3010029017038,85.2349607044689,1.81,28.1
Belgium,BEL,2012,80.3853658536585,Europe & Central Asia,High income,498414364944.961,44874.1709182123,42483.5250666788,0.215803612089744,7.542,4763.93505859,10.5865345,2.933,5.98,3.5,4.3,,,11.33,11106932.0,0.620163579337378,85.4915403816388,1.8,27.5
Belgium,BEL,2013,80.5878048780488,Europe & Central Asia,High income,524097026598.55,46964.5946777056,43864.1204196838,0.305494549070232,8.425,5005.64990234,10.63787556,3.131,5.93,3.5,4.2,14.9381771683693,,11.47,11159407.0,0.471340143966627,85.7415410247275,1.76,27.7
Belgium,BEL,2014,81.2878048780488,Europe & Central Asia,High income,537987419164.351,47995.7786961339,45147.6429534057,1.76554038149924,8.523,5110.17333984,10.62032604,3.16,5.85,3.4,4.1,,,11.56,11209057.0,0.44392928847521,85.9848336685807,1.74,28.1
Belgium,BEL,2015,80.9926829268293,Europe & Central Asia,High income,461044767544.531,40893.804537772,46071.914889496,1.47416433731927,8.482,4465.45556641,10.88387299,3.221,5.83,3.4,4.1,,,11.24,11274196.0,0.579446241677791,86.2212893480444,1.7,27.7
Belgium,BEL,2016,81.4390243902439,Europe & Central Asia,High income,474271566739.729,41854.5498296444,48414.5518065681,1.19350273007754,7.83,4569.640625,10.89833736,3.28,5.76,3.4,4.1,,,10.79,11331422.0,0.506300002451376,86.4507790979645,1.68,27.6
Belgium,BEL,2017,81.4926829268293,Europe & Central Asia,High income,500908767351.53,44035.3239358548,50256.0631772784,1.47446761556785,7.09,4827.59326172,10.94042683,3.292,5.66,3.3,4.0,,,10.38,11375158.0,0.385228018372369,86.6731739531869,1.65,27.4
Belgium,BEL,2018,81.5951219512195,Europe & Central Asia,High income,542638913427.921,47487.2100392561,52466.7330784599,1.87796847383565,5.941,5233.68261719,10.9937973,3.355,5.62,3.3,4.0,,,10.28,11427054.0,0.455184695275022,86.8883449485575,1.62,27.2
Belgium,BEL,2019,81.9951219512195,Europe & Central Asia,High income,536726344405.489,46716.6227467964,56712.469571978,2.4428900448156,5.364,5087.45654297,10.85831451,3.424,5.57,3.3,3.9,,,10.28,11488980.0,0.540461327098122,87.0961631189222,1.6,27.2
Belgium,BEL,2020,80.6951219512195,Europe & Central Asia,High income,529694473501.791,45906.2875805246,56120.0958420466,-4.7929839083518,5.545,5269.40625,11.46253014,3.506,5.53,3.2,3.9,,,9.43,11538604.0,0.430996815099722,87.2964994991269,1.55,26.0
Belgium,BEL,2021,81.790243902439,Europe & Central Asia,High income,598522422241.851,51658.238294958,60669.2137746534,6.25445686466593,6.248,5847.17333984,11.28825092,3.537,5.5,3.2,3.8,,,,11586195.0,0.411601996532257,87.4305564090635,1.6,26.6
Belgium,BEL,2022,81.7487804878049,Europe & Central Asia,High income,591474463578.602,50639.0264882739,68878.9167847285,4.02460852835887,5.57,5487.59277344,10.73976326,3.574,5.46,3.2,3.8,,,,11680210.0,0.808165350001861,87.489200269855,1.53,26.4
Belgium,BEL,2023,82.4,Europe & Central Asia,High income,650779364363.737,55244.68145811,72629.6179311762,1.56125539542029,5.547,5931.01464844,10.80371571,,5.42,3.2,3.7,,,,11779946.0,0.850263748167955,87.551492636772,1.47,26.8
Belgium,BEL,2024,82.3,Europe & Central Asia,High income,670983130618.828,56581.9375642531,74224.5510568017,1.09775383828703,5.7,,,,,3.1,3.7,,5.9,,11858610.0,0.66555918543206,87.6126557010527,1.44,
Benin,BEN,1995,55.366,Sub-Saharan Africa,Lower middle income,2169627137.9207,348.435238914394,1395.26644437794,6.04519865041564,1.305,,,0.058,,88.4,151.5,,,,6226773.0,2.11424008856257,36.8385136903681,6.33,
Benin,BEN,1996,55.648,Sub-Saharan Africa,Lower middle income,2361116449.39308,369.394384135736,1443.96771275148,4.32428403131786,1.246,,,,,86.7,148.1,,,,6391858.0,2.6166771873555,37.126775626037,6.279,
Benin,BEN,1997,55.986,Sub-Saharan Africa,Lower middle income,2268301646.46707,344.550491498963,1507.92415400204,5.73468837521307,1.1,,,,,85.0,144.8,,,,6583365.0,2.95210198459104,37.4033808120677,6.23,
Benin,BEN,1998,56.154,Sub-Saharan Africa,Lower middle income,2455092686.34712,361.601983057505,1537.14382545624,3.96101213832645,1.048,,,,,83.3,141.5,,,,6789489.0,3.0829668212606,37.679598833816,6.136,
Benin,BEN,1999,56.336,Sub-Saharan Africa,Lower middle income,3677393998.74486,525.130597245974,1592.13782133769,5.34144937204417,0.949,,,,,81.5,138.3,,,,7002818.0,3.09369584671073,37.9666992766374,6.032,
Benin,BEN,2000,56.594,Sub-Saharan Africa,Lower middle income,3519991440.47913,487.424141384242,1671.35725167042,5.85771420543269,0.864,14.42371464,2.9591713,,,79.7,135.0,,,2.52,7221619.0,3.07665265205002,38.2759517258875,5.937,
Benin,BEN,2001,56.654,Sub-Saharan Africa,Lower middle income,3666222635.13875,492.401499509072,1745.98256229037,5.33313570603937,0.766,16.26979828,3.30417323,,,77.8,131.7,,,2.52,7445596.0,3.05435506649292,38.6186257669218,5.848,
Benin,BEN,2002,56.851,Sub-Saharan Africa,Lower middle income,4194342686.2178,546.463829658159,1799.88269635683,4.64303087074482,0.69,16.9179287,3.09589195,,,76.0,128.5,,,2.57,7675426.0,3.04010801597376,39.0035069872981,5.793,
Benin,BEN,2003,57.092,Sub-Saharan Africa,Lower middle income,5349258094.48239,676.002878084282,1841.60297282525,3.44357677591658,0.747,21.06955719,3.11678505,,,74.3,125.4,,,2.54,7913070.0,3.04920259714654,39.4169696013044,5.763,38.6
Benin,BEN,2004,57.346,Sub-Saharan Africa,Lower middle income,6190270380.49856,758.695803786371,1915.34644347874,4.42968455385082,0.79,24.52665329,3.23273873,0.038,,72.6,122.5,,,2.52,8159094.0,3.06173106096489,39.8525699078742,5.718,
Benin,BEN,2005,57.738,Sub-Saharan Africa,Lower middle income,6567654954.38903,779.437777753268,1945.56414050696,1.71316456361184,0.859,25.12485313,3.22345805,,,71.0,119.7,,,2.39,8426144.0,3.22061199704122,40.3097749006517,5.692,
Benin,BEN,2006,57.966,Sub-Saharan Africa,Lower middle income,7034111314.88812,809.147072506221,2020.60567735886,3.94373882815798,0.888,26.60264206,3.28773856,,,69.4,117.0,,,2.31,8693242.0,3.12066888297415,40.7877794072449,5.673,
Benin,BEN,2007,58.249,Sub-Saharan Africa,Lower middle income,8169048382.83875,912.338247188342,2135.53787864779,5.98634932177609,0.902,26.79680061,2.93715644,,,67.9,114.4,,,2.42,8953969.0,2.95509554727715,41.2857782552618,5.627,
Benin,BEN,2008,58.099,Sub-Saharan Africa,Lower middle income,9787734526.23965,1060.60254502099,2215.35163851726,4.89657708429647,0.895,28.12486076,2.65178108,0.059,,66.5,112.0,9.4,,2.52,9228466.0,3.01959398464251,41.8029662723105,5.548,
Benin,BEN,2009,58.258,Sub-Saharan Africa,Lower middle income,9738626517.00319,1024.10277858112,2213.32895623031,2.31929213912838,0.95,29.69425583,2.89953876,,,65.1,109.7,,,4.62,9509423.0,2.99903642214246,42.338538285999,5.491,
Benin,BEN,2010,58.387,Sub-Saharan Africa,Lower middle income,9535345015.78355,973.244254931526,2220.32854604233,2.11406472648392,1.04,29.37720871,3.01848245,0.052,0.43,63.8,107.4,,,6.61,9797484.0,2.98424162798508,42.8916891239353,5.452,
Benin,BEN,2011,58.462,Sub-Saharan Africa,Lower middle income,10693321363.6574,1059.41358852588,2264.84186926384,2.96375291904201,2.647,31.76816368,2.99865556,0.054,0.47,62.4,105.1,,2.0,8.65,10093623.0,2.97782202797765,43.4616136137276,5.436,43.4
Benin,BEN,2012,58.559,Sub-Saharan Africa,Lower middle income,11141358115.8991,1071.5258366283,2346.08416204547,4.811223315688,2.458,32.95616913,3.07562971,,0.46,61.1,102.9,,,8.82,10397657.0,2.96766540040992,44.0475065829838,5.429,
Benin,BEN,2013,58.863,Sub-Saharan Africa,Lower middle income,12517845123.9315,1168.92699279226,2511.65309588333,7.19143372144946,2.198,33.53426743,2.86880755,,0.46,59.8,100.6,,,8.67,10708834.0,2.94885160135819,44.6502883669319,5.41,
Benin,BEN,2014,59.008,Sub-Saharan Africa,Lower middle income,13284527846.9081,1204.39918670094,2670.41561399187,6.35767909791932,1.952,32.41182327,2.69111967,,0.44,58.4,98.4,,,8.45,11030004.0,2.9550187594558,45.2880529235999,5.374,
Benin,BEN,2015,59.123,Sub-Saharan Africa,Lower middle income,11388160996.7738,1002.41886879614,2725.33724817144,1.77815106030278,1.886,27.34733391,2.72813416,,0.43,57.0,96.1,7.4,,8.1,11360681.0,2.95391627666724,45.9407403257663,5.32,47.6
Benin,BEN,2016,59.283,Sub-Saharan Africa,Lower middle income,11821065853.3838,1010.5338961993,2842.0246258376,3.33967342629693,1.834,36.58565903,3.62042856,0.045,0.42,55.8,94.0,,,7.9,11697842.0,2.92460216679542,46.6094559006664,5.254,
Benin,BEN,2017,59.528,Sub-Saharan Africa,Lower middle income,12701655836.9467,1054.97408066814,2885.89383987721,5.67156195150444,1.691,38.75862122,3.67389345,,0.42,54.4,91.8,,,8.09,12039780.0,2.88117869411855,47.2942774880391,5.155,
Benin,BEN,2018,59.71,Sub-Saharan Africa,Lower middle income,14262408089.9261,1151.7409703472,2965.30628143664,6.69725362180888,1.426,39.54786301,3.4364984,0.073,0.44,53.1,89.4,,,8.35,12383347.0,2.8136418840483,47.9952829275963,5.031,37.9
Benin,BEN,2019,59.888,Sub-Saharan Africa,Lower middle income,14391686313.4641,1130.82135339795,3148.97969597838,6.86568662848335,1.214,33.9457283,3.00206876,0.06,0.4,51.8,87.0,,,8.35,12726755.0,2.73538842831436,48.7125500590248,4.9,
Benin,BEN,2020,60.154,Sub-Saharan Africa,Lower middle income,15686741883.934,1200.19426557789,3244.58772756805,3.84879240030133,1.518,36.62052536,3.0512166,,0.45,50.4,84.6,,,8.83,13070169.0,2.66259875153288,49.4461567219896,4.795,
Benin,BEN,2021,59.61,Sub-Saharan Africa,Lower middle income,17687623530.3355,1318.65158075198,3464.2886286745,7.1554516457574,1.833,38.45053101,2.91589761,0.205,0.43,49.1,82.2,,,,13413417.0,2.59230167510348,50.1961807561354,4.707,34.4
Benin,BEN,2022,60.475,Sub-Saharan Africa,Lower middle income,17425405090.862,1266.42711031904,3843.54493453525,6.25294705373625,1.685,37.76291275,2.98184395,0.19,,47.8,79.6,,,,13759501.0,2.54740926342667,50.9627000010887,4.634,
Benin,BEN,2023,60.774,Sub-Saharan Africa,Lower middle income,19673291004.1444,1394.17784721831,4133.3701351778,6.3527773854442,1.641,46.52822113,3.33732462,0.216,,46.5,77.2,,,,14111034.0,2.52274772277722,51.7457922964593,4.556,
Benin,BEN,2024,60.961,Sub-Saharan Africa,Lower middle income,21482643706.4249,1485.38018885134,4441.00443511982,7.45311566226201,1.637,,,,,45.2,74.7,,8.1,,14462724.0,2.46175361912328,52.5455354818423,4.48,
Bolivia,BOL,1995,59.787,Latin America & Caribbean,Lower middle income,6715161732.22658,852.754034861444,3493.83709243514,4.67827659737812,2.664,,,0.34,,73.6,94.1,,,,7874676.0,1.88896808659587,59.391206278167,4.409,
Bolivia,BOL,1996,60.287,Latin America & Caribbean,Lower middle income,7396949126.35685,922.113259069714,3644.90018483123,4.36134197138718,2.375,,,,1.6699999571,70.4,89.4,,,,8021736.0,1.85028162992902,59.9202441998117,4.336,
Bolivia,BOL,1997,60.745,Latin America & Caribbean,Lower middle income,7925736821.45034,970.351843368594,3821.80736614735,4.95420873383996,2.08,,,,,67.1,84.6,,,,8167900.0,1.80569805808475,60.4239436835356,4.219,58.1
Bolivia,BOL,1998,61.227,Latin America & Caribbean,Lower middle income,8497494652.12546,1022.14506519545,3988.09230664001,5.02935475584462,2.121,,,,,63.8,79.9,,,,8313394.0,1.76561111828867,60.9098755943764,4.149,
Bolivia,BOL,1999,61.655,Latin America & Caribbean,Lower middle income,8285064434.56826,979.344494964572,3991.49666234309,0.426885378297442,2.299,,,,,60.5,75.3,,,,8459806.0,1.74582928419343,61.3856107973717,4.09,58.0
Bolivia,BOL,2000,62.057,Latin America & Caribbean,Lower middle income,8397855484.76908,975.777060358751,4113.04245069199,2.50781081484664,2.439,42.89028168,4.39554119,,,57.2,70.7,,,3.14,8606326.0,1.71712723342906,61.8587201575591,3.991,61.6
Bolivia,BOL,2001,62.538,Latin America & Caribbean,Lower middle income,8141516928.39489,930.168227214313,4204.93622757902,1.68379914527159,2.623,44.88241577,4.82522202,1.18,,54.0,66.3,,,3.14,8752736.0,1.68688229604066,62.3374810379005,3.89,57.4
Bolivia,BOL,2002,63.068,Latin America & Caribbean,Lower middle income,7905485146.44351,888.221328974352,4303.83514776836,2.48556576601922,2.603,43.49106216,4.89645052,,,50.9,62.1,,,3.12,8900355.0,1.67248263752338,62.8187632085055,3.802,59.3
Bolivia,BOL,2003,63.455,Latin America & Caribbean,Lower middle income,8082399639.54305,893.013760211149,4432.92085263259,2.7113398065361,2.654,46.41044998,5.19709635,,,48.0,58.2,,,3.28,9050700.0,1.67509392038728,63.2918711090474,3.721,
Bolivia,BOL,2004,63.819,Latin America & Caribbean,Lower middle income,8773451751.5121,953.191893246277,4662.97077720958,4.1732955905708,2.615,46.35359192,4.86315727,,,45.2,54.5,,,3.49,9204287.0,1.68272509947837,63.7564671612252,3.633,55.0
Bolivia,BOL,2005,64.182,Latin America & Caribbean,Lower middle income,9549122905.32852,1020.12326200737,4937.86997722405,4.42143313550196,2.598,51.76200867,5.07408142,,1.06,42.6,51.0,,,3.81,9360754.0,1.68564890189224,64.2133062205259,3.558,58.5
Bolivia,BOL,2006,64.529,Latin America & Caribbean,Lower middle income,11451844902.2214,1202.71150446327,5244.16021215452,4.79700881067477,2.575,56.05701447,4.66087532,,1.09,40.1,47.7,,,4.11,9521689.0,1.70464062326774,64.6631431424362,3.533,56.7
Bolivia,BOL,2007,64.939,Latin America & Caribbean,Lower middle income,13120108008.3477,1354.54905949929,5536.56815519329,4.56438425143126,2.614,63.62155914,4.6968894,0.327,1.09,37.7,44.7,,,4.43,9685960.0,1.71051652675101,65.1067327824433,3.447,54.5
Bolivia,BOL,2008,65.299,Latin America & Caribbean,Lower middle income,16674276285.8956,1692.67248455876,5889.94338960454,6.14849787777658,2.603,77.9777298,4.60677242,,1.08,35.5,41.8,,,4.67,9850858.0,1.68811436886035,65.5448299960338,3.364,50.8
Bolivia,BOL,2009,65.656,Latin America & Caribbean,Lower middle income,17339992193.7322,1731.18172112209,6024.0594735432,3.35699958346049,2.973,89.57923889,5.17444515,,1.05,33.4,39.1,,,4.73,10016275.0,1.66527120616965,65.9781896386949,3.287,49.2
Bolivia,BOL,2010,66.003,Latin America & Caribbean,Lower middle income,19649723722.1034,1929.78373077158,6245.33863119202,4.12672258996274,2.609,100.39356232,5.20230532,0.433,1.06,31.5,36.7,,,4.66,10182345.0,1.64440681785103,66.4075665659133,3.213,
Bolivia,BOL,2011,66.282,Latin America & Caribbean,Lower middle income,23963164696.592,2315.52121930607,6597.96217604598,5.20409245282328,2.255,119.78379059,5.17306805,0.461,1.04,29.7,34.4,,6.6,4.52,10348929.0,1.62276978666345,66.833715633176,3.143,46.1
Bolivia,BOL,2012,66.586,Latin America & Caribbean,Lower middle income,27084497481.9103,2575.59857098084,7183.82602451812,5.12227560125973,2.066,135.32060242,5.2539444,,1.07,28.0,32.3,,,4.45,10515807.0,1.59965176170266,67.2581444827699,3.076,46.6
Bolivia,BOL,2013,66.777,Latin America & Caribbean,Lower middle income,30659338885.6729,2870.02377000756,8068.72017230447,6.79601141268498,2.437,159.99380493,5.57465124,,1.09,26.4,30.3,,,4.4,10682608.0,1.57374447646261,67.6697055519889,3.01,47.6
Bolivia,BOL,2014,66.97,Latin America & Caribbean,Lower middle income,32996188017.3661,3041.43503162408,8628.94266128246,5.46056949136766,2.021,179.3274231,5.89613628,,1.12,24.9,28.4,,,4.35,10848888.0,1.54455877769864,68.037425413,2.947,47.8
Bolivia,BOL,2015,67.205,Latin America & Caribbean,Lower middle income,33000198248.9146,2996.01289811344,8757.31777115049,4.85718718508603,3.111,196.25799561,6.55064964,,1.18,23.5,26.7,,,4.31,11014705.0,1.51686119793977,68.3958051297665,2.886,46.7
Bolivia,BOL,2016,67.392,Latin America & Caribbean,Lower middle income,33941126193.9219,3035.87347732132,9242.02728323222,4.26392086992173,3.498,207.4511261,6.83333063,1.569,1.23,22.1,25.0,,,4.26,11180020.0,1.48970583998181,68.7446327876947,2.829,45.2
Bolivia,BOL,2017,67.536,Latin America & Caribbean,Lower middle income,45927439594.7902,4048.40119739839,10420.3923250933,4.19520633364647,3.655,214.58572388,6.4901948,1.016,1.26,20.8,23.4,,,4.19,11344587.0,1.46124572329841,69.0838016274736,2.777,44.6
Bolivia,BOL,2018,67.699,Latin America & Caribbean,Lower middle income,48414038842.2576,4206.8552936661,10758.4075594003,2.86808404814794,3.519,231.18806458,6.60399437,,1.26,19.6,22.0,,,4.1,11508368.0,1.43337090655267,69.4133879813999,2.73,42.6
Bolivia,BOL,2019,67.82,Latin America & Caribbean,Lower middle income,49056643589.0014,4203.15492855788,11005.3541169156,1.50672102666863,3.682,241.34619141,6.88792992,1.088,1.28,18.4,20.6,,,4.1,11671386.0,1.40657823805422,69.7334986708387,2.688,41.6
Bolivia,BOL,2020,62.906,Latin America & Caribbean,Lower middle income,42313784081.042,3580.96761778303,9580.98962081658,-12.7194690092717,7.903,248.69514465,8.0225811,0.961,1.37,17.4,19.3,,,3.59,11816299.0,1.23396442673807,70.0442635528254,2.651,43.6
Bolivia,BOL,2021,61.427,Latin America & Caribbean,Lower middle income,47877892402.3155,4010.76053686204,11202.4409836707,10.0290488827886,5.089,276.20880127,8.16016769,1.284,1.37,16.4,18.2,,,,11937360.0,1.01931284088344,70.3450412826165,2.618,40.9
Bolivia,BOL,2022,67.434,Latin America & Caribbean,Lower middle income,50959081953.6903,4219.46113742445,12304.7789380156,3.74741781241461,3.552,260.88070679,7.15933084,,1.39,15.6,17.3,,,,12077154.0,1.16425907336882,70.6352598708131,2.584,41.2
Bolivia,BOL,2023,68.581,Latin America & Caribbean,Lower middle income,52340206946.4544,4274.70820547613,12902.7509503368,2.51636590154891,3.024,255.04104614,6.91864729,,1.49,14.9,16.4,,,,12244159.0,1.37334382280772,70.9151414044538,2.547,42.1
Bolivia,BOL,2024,68.739,Latin America & Caribbean,Lower middle income,54881327452.9667,4421.16609889999,12896.3370149215,-1.12335595517212,3.274,,,,,14.2,15.7,,3.4,,12413315.0,1.37206798819615,71.2361453773988,2.523,40.9
Brazil,BRA,1995,67.701,Latin America & Caribbean,Upper middle income,769333050986.905,4756.74840785403,8096.91149152154,4.22379363350413,7.092,,,1.227,,39.9,47.7,,,,161735073.0,1.53901255207011,77.7144999942454,2.567,59.5
Brazil,BRA,1996,68.108,Latin America & Caribbean,Upper middle income,850426432991.742,5179.13052002464,8300.63414117184,2.20886405039022,8.035,,,1.259,3.1099998951,37.5,44.7,,,,164202549.0,1.51410759163045,78.3021415455398,2.511,59.8
Brazil,BRA,1997,68.505,Latin America & Caribbean,Upper middle income,883206179730.462,5299.39630404412,8601.60903056861,3.39484598630671,9.003,,,1.295,,35.2,41.9,,,,166661659.0,1.48650426533337,79.0008493879259,2.468,59.8
Brazil,BRA,1998,68.848,Latin America & Caribbean,Upper middle income,863710759256.435,5105.89099544117,8598.80569176942,0.338097901207306,10.15,,,1.281,,33.1,39.3,,,,169159655.0,1.48772098102752,79.789068166086,2.418,59.6
Brazil,BRA,1999,69.211,Latin America & Caribbean,Upper middle income,599642024319.531,3493.57162513699,8634.60784538726,0.467937566477133,11.125,,,1.379,,31.1,36.8,,,,171641543.0,1.45652767159292,80.5466061325216,2.335,59.0
Brazil,BRA,2000,69.584,Latin America & Caribbean,Upper middle income,655448231983.527,3766.54811466032,9091.76851342904,4.38794944745618,10.889,313.92590332,8.33457184,,2.81,29.1,34.4,,,8.71,174018282.0,1.37521128317928,81.1484365423806,2.247,
Brazil,BRA,2001,69.98,Latin America & Caribbean,Upper middle income,559983634798.981,3176.28935747524,9303.64529209523,1.38989640095637,10.649,271.56121826,8.54963303,,2.78,27.3,32.2,,,8.71,176301203.0,1.30335503159977,81.5960450621957,2.162,58.4
Brazil,BRA,2002,70.396,Latin America & Caribbean,Upper middle income,509795273806.715,2855.94018885769,9616.59485480438,3.05346185909312,10.641,248.37753296,8.69686985,,2.59,25.6,30.1,,,8.57,178503484.0,1.24142062598122,81.9943491502673,2.081,58.1
Brazil,BRA,2003,70.884,Latin America & Caribbean,Upper middle income,558233745651.874,3090.6070097455,9801.96212457649,1.14082899824888,11.168,253.08970642,8.18899441,,2.42,24.0,28.2,10.0334994494915,,8.41,180622688.0,1.18021395482771,82.3540335841671,2.006,57.6
Brazil,BRA,2004,71.361,Latin America & Caribbean,Upper middle income,669289424806.307,3663.823188064,10525.7113784174,5.75996463670954,10.072,297.68243408,8.12491989,,,22.4,26.3,,,8.32,182675143.0,1.12991417032023,82.6816824814559,1.973,56.5
Brazil,BRA,2005,71.832,Latin America & Caribbean,Upper middle income,891633839894.183,4827.78173074714,11081.2474734851,3.20213206130431,10.551,387.93121338,8.03539562,,2.52,21.0,24.6,,,8.28,184688101.0,1.09590612526605,82.9838799596945,1.942,56.3
Brazil,BRA,2006,72.296,Latin America & Caribbean,Upper middle income,1107626541434.92,5934.14470924968,11750.5312440894,3.96198871122617,9.692,489.53884888,8.24952507,,2.48,19.7,23.1,,,8.32,186653106.0,1.05833842529955,83.2672101364439,1.896,55.6
Brazil,BRA,2007,72.73,Latin America & Caribbean,Upper middle income,1397114486368.67,7409.69130673473,12672.5051154867,6.06987060678338,9.28,607.73022461,8.20182991,,2.5,18.6,21.7,,,8.36,188552320.0,1.01236820635667,83.5382571292649,1.854,54.9
Brazil,BRA,2008,73.111,Latin America & Caribbean,Upper middle income,1695855083497.52,8908.33176538648,13445.2454693961,5.09419544658736,8.268,713.67193604,8.01128483,,2.6,17.6,20.5,,,8.45,190367302.0,0.957984635895359,83.8036050557184,1.815,54.0
Brazil,BRA,2009,73.457,Latin America & Caribbean,Upper middle income,1666996438581.43,8678.6592244676,13390.6831316005,-0.125812002161169,9.419,728.55639648,8.39480495,,2.58,16.7,19.5,,,8.56,192079951.0,0.895632239477021,84.0698380333651,1.799,53.7
Brazil,BRA,2010,73.779,Latin America & Caribbean,Upper middle income,2208837745100.55,11403.2821278747,14451.7158384913,7.52822581815364,8.42,906.0098877,7.94516611,,2.59,16.0,18.6,,,8.63,193701929.0,0.84088322514573,84.343846036308,1.786,
Brazil,BRA,2011,74.047,Latin America & Caribbean,Upper middle income,2616156223917.69,13396.6243562986,15211.7920391654,3.97442307944702,7.578,1043.3548584,7.78819132,1.87,2.55,15.3,17.9,,10.1,8.69,195284734.0,0.81381388423754,84.6225758599683,1.777,52.9
Brazil,BRA,2012,74.335,Latin America & Caribbean,Upper middle income,2465227802806.76,12521.7213519966,15198.0863308622,1.92117598576537,7.251,968.7277832,7.73637724,,2.51,14.8,17.2,,,8.57,196876111.0,0.811598483382088,84.8973874181312,1.766,53.4
Brazil,BRA,2013,74.609,Latin America & Caribbean,Upper middle income,2472819535557.21,12458.8912138813,15722.3335242901,3.00482266944432,7.071,993.79608154,7.9766016,1.906,2.49,14.4,16.7,,,8.5,198478299.0,0.810511647523289,85.1676585442726,1.761,52.7
Brazil,BRA,2014,74.823,Latin America & Caribbean,Upper middle income,2456043727198.85,12274.9939689363,15827.3081625514,0.503955740242247,6.755,1030.66271973,8.39644146,,2.48,14.0,16.3,,,8.34,200085127.0,0.806314177734439,85.4331367898168,1.775,52.1
Brazil,BRA,2015,75.106,Latin America & Caribbean,Upper middle income,1802212206814.5,8936.19661712113,14821.4383174534,-3.54576339269425,8.538,796.15252686,8.90929985,,2.39,13.7,16.0,,,8.2,201675532.0,0.791721773592796,85.6935697061881,1.777,51.9
Brazil,BRA,2016,75.081,Latin America & Caribbean,Upper middle income,1795693482853.01,8836.28652735657,14309.2061489274,-3.27591690782192,11.58,810.20037842,9.16901684,,2.36,14.6,16.8,,,8.0,203218114.0,0.761972670496742,85.9487048448108,1.727,53.4
Brazil,BRA,2017,75.383,Latin America & Caribbean,Upper middle income,2063514977365.65,10080.5092819305,14559.0488897004,1.32286905404399,12.792,954.75012207,9.47125053,2.198,2.34,13.3,15.4,,,7.79,204703445.0,0.72824666001736,86.1982897571091,1.74,53.3
Brazil,BRA,2018,75.633,Latin America & Caribbean,Upper middle income,1916933898010.99,9300.66164923219,15463.7426393889,1.783666761634,12.329,880.28430176,9.46475029,,2.3,13.1,15.2,,,7.67,206107261.0,0.683439571425594,86.4420719945072,1.744,53.9
Brazil,BRA,2019,75.809,Latin America & Caribbean,Upper middle income,1873288205059.69,9029.83326681073,16069.8380152627,1.22077782360842,11.936,868.17248535,9.61449146,2.351,2.29,12.9,15.0,,,7.67,207455459.0,0.651994346081362,86.6797991084296,1.705,53.5
Brazil,BRA,2020,74.506,Latin America & Caribbean,Upper middle income,1476107231310.49,7074.19378337644,16101.6183063466,-3.2767587964736,13.697,680.76843262,9.62326527,,2.49,12.8,14.9,,,7.7,208660842.0,0.579350709708032,86.9112186503004,1.653,48.8
Brazil,BRA,2021,73.038,Latin America & Caribbean,Upper middle income,1670647398904.9,7972.5366498646,18075.7060049068,4.76260437908608,13.158,768.27075195,9.63646507,2.191,2.52,12.7,14.7,,,,209550294.0,0.425360907216456,87.1360781715439,1.638,52.9
Brazil,BRA,2022,74.872,Latin America & Caribbean,Upper middle income,1951923942083.32,9281.33334441234,19873.7032623309,3.01669435393015,9.231,871.27526855,9.38739491,,,12.6,14.6,,,,210306415.0,0.360180890872169,87.349556243881,1.629,51.9
Brazil,BRA,2023,75.848,Latin America & Caribbean,Upper middle income,2191131765684.63,10377.5892792557,21193.0721417478,3.24165532906981,7.947,1009.83563232,9.73092747,2.357,,12.4,14.4,,,,211140729.0,0.395928695574996,87.6159710235763,1.619,51.5
Brazil,BRA,2024,76.023,Latin America & Caribbean,Upper middle income,2185821610689.31,10310.5486973693,22370.9182253225,3.41931516501906,6.801,,,,,12.3,14.2,,10.6,,211998573.0,0.405467027627251,87.8958549533146,1.614,50.3
Burkina Faso,BFA,1995,49.554,Sub-Saharan Africa,Low income,2379517975.28056,229.092294496817,683.639151550497,5.71637386269622,2.532,,,0.034,1.2999999523,100.5,192.0,,,,10386722.0,2.56393697670826,14.8945565719465,6.814,
Burkina Faso,BFA,1996,49.693,Sub-Saharan Africa,Low income,2586550595.41013,242.733171352672,753.309166713067,11.014743869558,2.446,,,0.035,1.4199999571,99.2,189.6,,,,10655942.0,2.55894111772828,15.3191448028844,6.779,
Burkina Faso,BFA,1997,49.56,Sub-Saharan Africa,Low income,2447669101.95178,223.853958525611,793.970841434338,6.31683473483768,2.412,,,0.038,,97.7,186.7,,,,10934223.0,2.57799245224128,15.8141283865811,6.724,
Burkina Faso,BFA,1998,50.163,Sub-Saharan Africa,Low income,2804902367.14687,249.53173292493,838.079355251121,7.30771963496896,2.44,,,,,96.1,183.4,,,,11240664.0,2.76403220911076,16.4430937418116,6.661,49.9
Burkina Faso,BFA,1999,50.463,Sub-Saharan Africa,Low income,3389566712.66037,292.836958697313,886.434090619295,7.39523780111931,2.552,,,,,94.3,179.8,,,,11574928.0,2.9303462196778,17.1834171163423,6.586,
Burkina Faso,BFA,2000,50.808,Sub-Saharan Africa,Low income,2968370087.59759,248.908526921752,896.477481479636,1.88847388906525,2.687,10.00902748,4.0211668,,,92.4,176.0,,,7.86,11925546.0,2.98414422391968,18.0003503329444,6.519,
Burkina Faso,BFA,2001,51.188,Sub-Saharan Africa,Low income,3190371080.94768,259.485223380436,947.919374684239,6.61340574539679,2.748,10.27519512,3.95983911,0.04,,90.4,171.9,,,7.86,12295001.0,3.05099351122556,18.8591452143893,6.431,
Burkina Faso,BFA,2002,51.447,Sub-Saharan Africa,Low income,3622350062.96053,285.654087637533,973.98393336257,4.35296382988099,2.862,11.93992615,4.17985535,,,88.2,167.3,1.44074093550444,,8.24,12680897.0,3.09039308299234,19.725053583448,6.339,
Burkina Faso,BFA,2003,51.959,Sub-Saharan Africa,Low income,4740768142.67494,362.373899996953,1037.83799373892,7.80249388870359,2.78,16.02656555,4.42266035,,,85.8,162.3,,,8.23,13082532.0,3.11812174449527,20.563327262892,6.28,43.3
Burkina Faso,BFA,2004,52.6,Sub-Saharan Africa,Low income,5451688537.60959,403.81283743461,1079.00009143593,4.47845213670386,3.48,21.12279129,5.23083639,0.052,,83.1,156.8,,,8.37,13500533.0,3.14512608695879,21.3392180754924,6.216,
Burkina Faso,BFA,2005,53.271,Sub-Saharan Africa,Low income,6146353173.34929,441.164148016012,1171.76432318624,8.66187322841225,4.0,21.34285545,4.83784914,,,80.2,150.8,,,8.41,13932123.0,3.14680149143287,22.0179778440204,6.182,
Burkina Faso,BFA,2006,53.784,Sub-Saharan Africa,Low income,6547419820.38113,455.513655620024,1244.00243845036,6.25316468817478,3.67,23.55202866,5.17043304,,,77.1,144.4,,,8.43,14373707.0,3.12034537509581,22.5528306908743,6.17,
Burkina Faso,BFA,2007,54.377,Sub-Saharan Africa,Low income,7625722836.76847,514.684451177238,1290.49951012021,4.11137901761516,3.3,29.72483063,5.77535009,,,74.1,138.1,,,8.29,14816307.0,3.03277637197036,22.9741760828193,6.11,
Burkina Faso,BFA,2008,55.199,Sub-Saharan Africa,Low income,9451435490.11467,619.437533256264,1351.36041564366,5.79999174105387,3.501,30.76880074,4.96721601,0.031,,71.2,132.1,,,8.21,15258093.0,2.93816522811728,23.3633747838557,6.05,
Burkina Faso,BFA,2009,55.791,Sub-Saharan Africa,Low income,9450696873.34326,601.569520671859,1359.69224908667,2.96195085866692,3.723,31.26260567,5.19683933,0.043,,68.5,126.5,,,8.16,15710066.0,2.91916025918168,23.7452325601116,5.992,39.8
Burkina Faso,BFA,2010,56.343,Sub-Saharan Africa,Low income,10109619740.6994,624.957252224766,1449.42216378185,8.44628157707625,3.725,33.05819321,5.28967237,0.044,,66.0,121.3,,,8.11,16176498.0,2.92577947499021,24.115092498158,5.936,
Burkina Faso,BFA,2011,57.001,Sub-Saharan Africa,Low income,12080295977.5632,725.024767725475,1531.34338243982,6.62256261306693,3.827,33.70409393,4.64868164,0.037,,63.8,116.6,,3.0,8.14,16661908.0,2.95657078370668,24.4682976845657,5.869,
Burkina Faso,BFA,2012,57.457,Sub-Saharan Africa,Low income,12561015156.5683,731.470138867833,1571.83884477315,6.45267237953146,3.849,33.66717529,4.60267258,0.046,,61.7,112.3,,,8.16,17172287.0,3.0171707485343,24.8001912059054,5.793,
Burkina Faso,BFA,2013,57.903,Sub-Saharan Africa,Low income,13444300485.8412,759.762065168498,1642.89213125776,5.79258484509867,4.054,42.26796341,5.56331587,0.045,,59.8,108.2,4.5,,8.69,17695409.0,3.00083639274971,25.106116148748,5.697,
Burkina Faso,BFA,2014,58.331,Sub-Saharan Africa,Low income,13943016076.7436,764.861675106225,1661.31773793757,4.32684561452976,4.255,38.24516678,5.00027227,0.047,,58.0,104.3,,,9.16,18229461.0,2.9733794200807,25.3814155996643,5.595,35.3
Burkina Faso,BFA,2015,58.778,Sub-Saharan Africa,Low income,11832159315.6298,630.124750752312,1691.57935387408,3.9212287937935,4.472,32.3375206,5.13192415,0.063,,56.3,100.8,,,9.66,18777487.0,2.96196306547686,25.621432645225,5.478,
Burkina Faso,BFA,2016,59.173,Sub-Saharan Africa,Low income,12833363045.3367,663.742364842886,1881.75893134407,5.95797670754024,4.598,39.50990677,5.95284653,0.062,,54.7,97.4,,,9.72,19334856.0,2.92508251378454,25.821510372001,5.331,
Burkina Faso,BFA,2017,59.578,Sub-Saharan Africa,Low income,14106955615.3442,709.091535894695,2042.40295259917,6.20348941121868,4.662,43.37775803,6.12075186,0.082,,53.1,94.1,,,9.76,19894407.0,2.85291595529266,25.9769918665632,5.17,
Burkina Faso,BFA,2018,59.972,Sub-Saharan Africa,Low income,15890066221.2882,777.465618514048,2073.3235382155,6.60456906812341,4.695,38.48573303,4.94427681,0.082,,51.7,91.0,,,9.81,20438288.0,2.69713675384815,26.0832202154822,4.921,43.0
Burkina Faso,BFA,2019,60.184,Sub-Saharan Africa,Low income,16032813503.3707,764.853077774946,2232.16282016585,5.88920497068135,4.493,41.06895828,5.35001135,0.091,,50.2,88.1,,,9.81,20961952.0,2.52989803984158,26.1187254401157,4.681,
Burkina Faso,BFA,2020,60.454,Sub-Saharan Africa,Low income,17725010532.5268,825.237038782475,2380.72282781802,2.01077262406221,4.59,57.17589188,6.89469957,0.096,0.2,48.7,85.1,,,11.27,21478690.0,2.43522959287393,26.3578373628627,4.44,
Burkina Faso,BFA,2021,60.046,Sub-Saharan Africa,Low income,19697516284.3787,895.535288442991,2486.43093147762,6.94252492572348,4.511,63.59171295,7.08691931,0.101,,47.4,82.4,,,,21995243.0,2.37649218888363,26.8114307743017,4.361,37.4
Burkina Faso,BFA,2022,60.7,Sub-Saharan Africa,Low income,18622421394.6133,827.330843486661,2644.82146127902,1.62673258211919,3.828,64.38339996,7.41435528,0.148,,46.1,79.8,,,,22509038.0,2.30907147387783,27.2791369742712,4.275,
Burkina Faso,BFA,2023,61.092,Sub-Saharan Africa,Low income,20106062971.6533,873.198061670247,2761.57633646549,3.00027415814125,3.601,71.73455048,7.79943228,,,44.9,77.4,,,,23025776.0,2.26973666268599,27.7872478365158,4.186,
Burkina Faso,BFA,2024,61.292,Sub-Saharan Africa,Low income,23136514855.7646,982.493100418428,2901.04214238045,4.83395810163883,3.441,,,,,43.6,74.9,,4.5,,23548781.0,2.24597728439097,28.3352514896662,4.11,
Burundi,BDI,1995,44.589,Sub-Saharan Africa,Low income,1000428393.88528,164.915311679326,547.689757571979,-7.92000000374772,3.095,,,0.055,,94.9,168.2,,,,6066316.0,5.98577493416484,7.16829388435013,7.184,
Burundi,BDI,1996,44.807,Sub-Saharan Africa,Low income,869033856.317093,143.156741187159,512.745181413803,-7.99999999794093,3.095,,,,,103.7,189.6,,,,6070506.0,0.0690460841637087,7.33629447383088,7.123,
Burundi,BDI,1997,45.721,Sub-Saharan Africa,Low income,972896267.915425,160.278342046962,513.333205389365,-1.58999999685828,3.124,,,,,93.7,164.1,,,,6070042.0,-0.0076438065271198,7.50554699685361,7.04,
Burundi,BDI,1998,46.678,Sub-Saharan Africa,Low income,893770740.207416,144.456948255536,533.471289499134,4.74999999509613,3.156,,,,,92.3,160.8,,,,6187108.0,1.91022480299428,7.67835128653415,6.958,42.1
Burundi,BDI,1999,47.627,Sub-Saharan Africa,Low income,808077223.365746,127.51419578119,522.875578653004,-1.00999999649815,3.133,,,,,90.5,156.9,,,,6337155.0,2.39621572131493,7.85700717598833,6.897,
Burundi,BDI,2000,47.617,Sub-Saharan Africa,Low income,870486065.883137,134.537861752389,519.23730664752,-0.856864058424151,3.137,5.67927122,4.22181606,0.052,,88.4,152.4,,,7.48,6470194.0,2.07761630416467,8.04381449833197,6.872,
Burundi,BDI,2001,48.509,Sub-Saharan Africa,Low income,876794723.068586,132.159554541932,528.435573417498,2.05580710835243,3.154,7.50815582,5.68180418,,,86.1,147.5,,,7.48,6634365.0,2.50568660000274,8.24107308668089,6.849,
Burundi,BDI,2002,49.924,Sub-Saharan Africa,Low income,825394519.423728,120.952308575468,544.922790005505,4.44651941224797,3.168,6.46998882,5.34983587,,,83.5,142.3,,,7.1,6824132.0,2.82021948884885,8.45108277415092,6.819,
Burundi,BDI,2003,50.997,Sub-Saharan Africa,Low income,784654423.620476,111.406682804391,531.812612190661,-1.22372796023444,3.145,5.87316799,5.27245188,,,80.6,136.6,,,6.85,7043154.0,3.15909277106132,8.67614339385788,6.785,
Burundi,BDI,2004,52.217,Sub-Saharan Africa,Low income,915257323.3961,125.194965184533,551.562209247904,4.83365776809453,3.177,8.88248062,7.09572744,0.027,,77.4,130.4,,,6.56,7310656.0,3.72769286109058,8.9185547789176,6.746,
Burundi,BDI,2005,53.053,Sub-Saharan Africa,Low income,1117113079.73645,147.234619294225,553.047973755317,0.900000000901912,3.162,11.13118172,7.56016588,,,73.8,123.7,,,6.39,7587299.0,3.71426552783148,9.1806167624459,6.708,
Burundi,BDI,2006,53.962,Sub-Saharan Africa,Low income,1273375078.44844,161.892755640319,579.707804427125,5.41380714491444,3.185,14.10514736,8.71264839,,,69.9,116.6,,,6.39,7865547.0,3.6016417629351,9.4646291775586,6.659,33.4
Burundi,BDI,2007,54.832,Sub-Saharan Africa,Low income,1356199387.42308,166.162744906755,593.56073450487,3.44449364663615,2.404,15.26294613,9.1855402,,,66.0,109.5,,,6.39,8161874.0,3.69817167466282,9.77289185737152,6.588,
Burundi,BDI,2008,55.581,Sub-Saharan Africa,Low income,1611835857.04588,189.502074570768,609.042906440331,4.90874190813545,1.634,14.67025566,7.74147511,,,62.1,102.6,,,6.35,8505637.0,4.12553206908571,10.1064353383035,6.515,
Burundi,BDI,2009,56.422,Sub-Saharan Africa,Low income,1775495032.424,198.431524048225,604.588154086318,3.7870758305051,1.622,18.31996346,9.23238468,,,58.4,96.1,,,6.28,8947646.0,5.06613607694958,10.4979900434482,6.409,
Burundi,BDI,2010,57.088,Sub-Saharan Africa,Low income,2032135192.01248,216.727705301976,613.695880029834,5.09373697323055,1.615,24.45114708,11.28196716,0.045,,55.1,90.2,,,6.17,9376444.0,4.68101057302388,10.9843097335487,6.26,
Burundi,BDI,2011,57.804,Sub-Saharan Africa,Low income,2235812879.56709,230.069761381132,628.665448296178,4.02442793864228,1.602,23.16802216,10.06996346,0.037,,52.0,84.7,,2.7,5.24,9717978.0,3.57769854786004,11.5616652230006,6.108,
Burundi,BDI,2012,58.501,Sub-Saharan Africa,Low income,2327402362.81574,231.098787811507,637.247080191101,4.42303118490126,1.593,20.01195908,8.63756466,0.049,0.99,49.1,79.6,,,4.66,10071028.0,3.56852147814432,12.2244596804615,5.991,
Burundi,BDI,2013,59.179,Sub-Saharan Africa,Low income,2451624637.67157,234.844770150871,687.370968311715,4.92392485117456,1.584,20.26322556,8.62834644,0.053,0.71,46.4,74.9,,,4.08,10439341.0,3.59186709345175,12.9670962745892,5.889,38.6
Burundi,BDI,2014,59.764,Sub-Saharan Africa,Low income,2705826648.21019,250.544492155185,724.371954183273,4.24490803087248,1.572,18.06601143,7.21081543,0.056,0.69,43.9,70.6,,,4.34,10799785.0,3.39447686677984,13.7839781740413,5.794,
Burundi,BDI,2015,60.107,Sub-Saharan Africa,Low income,2810532912.49975,254.402585226788,722.032898379933,-0.404525595204191,1.449,17.67629051,6.29044485,0.046,,41.8,66.9,,,4.19,11047580.0,2.26851729292704,14.6695085474754,5.695,
Burundi,BDI,2016,60.789,Sub-Saharan Africa,Low income,2618093125.14687,232.937812100153,764.282221636915,3.20017470408993,1.352,18.59472847,7.06148243,,,40.0,63.7,,,4.19,11239451.0,1.72186004024144,15.6180905635494,5.587,
Burundi,BDI,2017,61.345,Sub-Saharan Africa,Low income,2831362208.34039,246.060725714184,791.393494929898,3.83185757061784,1.25,19.16676521,6.95230389,0.094,,38.4,60.9,,,4.15,11506762.0,2.35048627086438,16.6241273909209,5.481,
Burundi,BDI,2018,61.806,Sub-Saharan Africa,Low income,2913411408.44783,245.661678332009,823.013102241659,5.34224473186408,1.147,18.67819214,7.29396152,0.094,,37.0,58.5,,,4.13,11859446.0,3.01898182778662,17.6820221982475,5.38,
Burundi,BDI,2019,62.18,Sub-Saharan Africa,Low income,2871555326.31029,234.31061590725,868.423731660834,4.45934202358784,1.043,22.2435379,9.05940628,,,35.7,56.2,,,4.13,12255336.0,3.28367531420808,18.786178154187,5.271,
Burundi,BDI,2020,62.569,Sub-Saharan Africa,Low income,3188355943.63513,252.702452750006,946.413218223156,0.306443811651718,1.03,26.21934319,10.70776176,0.069,,34.6,54.3,,,4.16,12617036.0,2.9086530249822,19.9309984273971,5.177,37.5
Burundi,BDI,2021,62.101,Sub-Saharan Africa,Low income,3425127990.70519,264.172844085398,1032.38274081999,3.23707479372925,1.118,23.11420059,8.94190311,0.076,,33.5,52.3,,,,12965481.0,2.72425539520386,21.1108861865354,5.078,
Burundi,BDI,2022,62.882,Sub-Saharan Africa,Low income,4020736756.64256,301.832255755105,1101.23579609841,2.31770122350822,0.909,25.52155113,8.6687746,0.078,,32.4,50.3,,,,13321097.0,2.70585008916716,22.3202446002597,4.98,
Burundi,BDI,2023,63.651,Sub-Saharan Africa,Low income,3419558408.35408,249.795164039029,1147.42440486734,3.25476897326196,0.911,28.14028931,9.09471226,,,31.4,48.7,,,,13689450.0,2.72764441044431,23.5534768372276,4.878,
Burundi,BDI,2024,63.818,Sub-Saharan Africa,Low income,3037579858.38142,216.231928531758,1193.03528498996,4.11227376394912,0.915,,,,,30.5,47.1,,4.3,,14047786.0,2.5839340108674,24.8302838651025,4.789,
Cambodia,KHM,1995,56.562,East Asia & Pacific,Lower middle income,3441205692.9166,343.485224671585,1005.87609536834,9.90346890117173,0.973,,,,,94.2,119.0,,,,10018497.0,8.09818955055196,17.4962488002108,5.076,
Cambodia,KHM,1996,56.832,East Asia & Pacific,Lower middle income,3506695719.57259,324.655870983004,1006.0903245457,5.89750560694478,0.963,,,0.115,,95.2,119.5,,,,10801270.0,7.52306354037061,17.8834321201168,4.867,
Cambodia,KHM,1997,57.266,East Asia & Pacific,Lower middle income,3443413388.65696,297.59041960803,993.637345416691,4.00662107873787,0.638,,,,,95.3,118.8,,,,11570982.0,6.883669247052,18.1846372155166,4.395,
Cambodia,KHM,1998,57.859,East Asia & Pacific,Lower middle income,3120425502.66241,258.780953189377,1009.34761565267,4.68163210426384,0.712,,,0.142,,94.0,116.5,,,,12058173.0,4.12422750057528,18.3715559169572,4.13,
Cambodia,KHM,1999,58.611,East Asia & Pacific,Lower middle income,3517242477.2548,286.753596443196,1134.16464009993,12.7053811380498,0.727,,,,,90.9,112.1,,,,12265731.0,1.70665891380385,18.5111858410878,3.933,
Cambodia,KHM,2000,59.491,East Asia & Pacific,Lower middle income,3694168979.32019,296.426687526334,1255.64037838005,9.99358032292079,0.745,19.27847862,6.48126554,0.164,,85.8,105.2,,,1.81,12462336.0,1.59016992993238,18.6242216655572,3.794,
Cambodia,KHM,2001,60.457,East Asia & Pacific,Lower middle income,4145665969.92864,327.500984314444,1357.42611107308,7.38971065070517,0.778,22.18333626,6.76028347,,,78.6,96.0,,,1.81,12658484.0,1.56166865874357,18.7186818716995,3.687,
Cambodia,KHM,2002,61.395,East Asia & Pacific,Lower middle income,4501227626.62752,350.147276634294,1442.46481426786,6.26507280509637,0.862,24.25898743,6.91952753,,0.6,71.0,86.2,,,2.01,12855241.0,1.54239258007881,18.803641734126,3.57,
Cambodia,KHM,2003,62.345,East Asia & Pacific,Lower middle income,5046693484.31767,386.691123931778,1597.88226445116,10.2836813071691,0.909,25.00667191,6.45762444,,,64.2,77.5,,,2.25,13050968.0,1.5110719151833,18.8881765274479,3.429,
Cambodia,KHM,2004,63.256,East Asia & Pacific,Lower middle income,5883297159.87352,444.199067529081,1769.76235026624,9.45769481103929,1.004,28.80763817,6.48521805,,,58.6,70.4,,,2.54,13244731.0,1.47375057040259,18.9813615262763,3.307,
Cambodia,KHM,2005,64.113,East Asia & Pacific,Lower middle income,7066296463.3598,525.797325120926,2038.14598623445,13.3033338358455,1.061,32.33660507,6.15001392,,0.59,53.8,64.4,,,2.81,13439202.0,1.4576145365221,19.0922720052225,3.238,
Cambodia,KHM,2006,64.886,East Asia & Pacific,Lower middle income,8350531016.65753,612.252648550727,2296.76857876595,10.9433600681694,1.16,32.84370041,5.36440325,,,49.8,59.3,,,3.11,13639028.0,1.47594305468246,19.2299832388976,3.175,
Cambodia,KHM,2007,65.549,East Asia & Pacific,Lower middle income,10127916459.8983,731.692295125426,2566.1475972181,10.398458101201,1.257,32.39221573,4.42702723,,,46.3,54.9,,,3.28,13841770.0,1.47554433066197,19.4035705019128,3.13,
Cambodia,KHM,2008,66.147,East Asia & Pacific,Lower middle income,12174303999.0812,866.283999789749,2768.79237607907,7.47636606631011,0.825,48.62422562,5.61296654,0.241,0.64,43.1,50.8,,,3.46,14053479.0,1.51791486007376,19.6574509865325,3.048,
Cambodia,KHM,2009,66.747,East Asia & Pacific,Lower middle income,12502901169.7377,875.748936193569,2854.03288379414,4.07477850599065,0.579,55.25073624,6.3089695,0.235,,40.0,47.0,,,4.03,14276810.0,1.57665618141569,20.1979728726519,2.971,
Cambodia,KHM,2010,67.311,East Asia & Pacific,Lower middle income,13808673288.0696,952.274616324008,2988.5040142969,5.07691843229247,0.771,53.58575439,5.62713194,0.227,0.8,37.2,43.5,1.9,,4.71,14500726.0,1.55621745380597,21.1232251168762,2.859,
Cambodia,KHM,2011,67.869,East Asia & Pacific,Lower middle income,16032622023.8265,1088.98152823081,3223.10209351638,7.28665813879552,0.577,65.3871994,6.00443649,0.224,,34.5,40.3,,2.9,5.4,14722584.0,1.51839242344005,22.3824788531276,2.782,
Cambodia,KHM,2012,68.371,East Asia & Pacific,Lower middle income,17826536699.8016,1192.80263041673,3583.48229739437,7.65025657870362,0.505,68.90019989,5.77632856,0.163,,32.1,37.2,,,5.77,14945085.0,1.49998418675996,23.9411047582349,2.751,
Cambodia,KHM,2013,68.755,East Asia & Pacific,Lower middle income,19807135252.8649,1305.6600972686,3890.94841205221,7.8574997554252,0.438,65.39577484,5.00863695,0.14,0.82,29.8,34.5,,,6.13,15170208.0,1.49510212980529,25.7644735090271,2.742,
Cambodia,KHM,2014,69.117,East Asia & Pacific,Lower middle income,22041463967.9009,1431.56396469993,4117.78868309006,8.00032074618566,0.692,63.1011467,4.40784645,0.167,,27.8,32.0,,,6.55,15396772.0,1.4824372519955,27.8179557823331,2.734,
Cambodia,KHM,2015,69.398,East Asia & Pacific,Lower middle income,24174170369.0738,1547.32010444393,4433.64393500572,7.20703472529512,0.393,70.23264313,4.53898621,0.15,0.83,25.8,29.6,,,7.06,15623251.0,1.46023762985186,30.0669222549819,2.729,
Cambodia,KHM,2016,69.635,East Asia & Pacific,Lower middle income,26556545153.3573,1675.19555711109,4748.12428521528,7.90550116130704,0.716,75.22520447,4.49053288,0.197,,24.1,27.5,,,7.61,15852803.0,1.45860767566845,32.4767436038024,2.725,
Cambodia,KHM,2017,69.842,East Asia & Pacific,Lower middle income,29355665909.7905,1826.35391688754,5050.06356615113,8.07503915535979,0.141,77.97311401,4.26933241,0.195,,22.5,25.6,,,8.13,16073372.0,1.38176596089867,35.0127905056235,2.719,
Cambodia,KHM,2018,69.993,East Asia & Pacific,Lower middle income,33145892168.8958,2036.67377566578,5616.98087023303,8.77622376224463,0.129,91.59080505,4.49707794,0.211,0.73,21.2,24.1,,,8.48,16274522.0,1.24368277407927,37.6404336372742,2.724,
Cambodia,KHM,2019,70.127,East Asia & Pacific,Lower middle income,36685356407.7206,2225.87705485686,6153.99439528427,7.93695013588524,0.119,112.5851059,5.05801058,0.211,,20.1,22.8,,,8.48,16481304.0,1.26258301009769,39.5830241256026,2.725,
Cambodia,KHM,2020,70.059,East Asia & Pacific,Lower middle income,34818073901.4851,2081.73914242939,5942.45380373929,-3.55572193406549,0.172,106.79976654,5.13031435,,,19.2,21.8,,,6.67,16725474.0,1.47062988552696,39.832658030922,2.699,
Cambodia,KHM,2021,69.301,East Asia & Pacific,Lower middle income,36790163687.4421,2167.40324198499,6225.53265474741,3.08984284148661,0.396,137.38909912,6.33888054,,,18.4,20.8,,,,16974305.0,1.47677836241244,40.1091858128847,2.664,
Cambodia,KHM,2022,70.528,East Asia & Pacific,Lower middle income,39994532959.6074,2325.03050040841,6917.7197730003,5.12990110773977,0.245,103.89541626,4.46856117,,,17.7,19.9,,,,17201724.0,1.33088813106016,40.374616187368,2.616,
Cambodia,KHM,2023,70.668,East Asia & Pacific,Lower middle income,42335646895.7984,2429.74853452838,7436.85544015287,5.00733043811898,0.256,114.56295776,4.61706829,,,17.0,19.1,,,,17423880.0,1.28320677599476,40.6290788072508,2.579,
Cambodia,KHM,2024,70.817,East Asia & Pacific,Lower middle income,46352647037.2406,2627.87969756224,7981.50816402382,6.0158145735202,0.254,,,,,16.4,18.4,,7.5,,17638801.0,1.22593986324555,40.8727033252729,2.548,
Cameroon,CMR,1995,53.347,Sub-Saharan Africa,Lower middle income,10864772470.9043,832.006674487689,1790.33914975601,2.89400137739698,8.598,,,,,86.2,147.1,,,,13058516.0,2.74525060356896,43.3654956418773,5.919,
Cameroon,CMR,1996,53.2,Sub-Saharan Africa,Lower middle income,11093538846.4483,826.965322327363,1849.50650029323,4.21507214953058,8.06,,,0.074,,86.6,148.2,,,,13414757.0,2.69148816728723,43.9769773548092,5.795,44.4
Cameroon,CMR,1997,53.105,Sub-Saharan Africa,Lower middle income,10789458432.6416,783.251601945462,1915.11760711188,4.52731376625037,7.859,,,,,86.4,148.4,,,,13775214.0,2.65155206464138,44.5716175641045,5.706,
Cameroon,CMR,1998,53.043,Sub-Saharan Africa,Lower middle income,11298144990.4104,798.745621406677,1975.15598930667,4.72553484802563,7.695,,,,,85.8,147.8,,,,14144860.0,2.64804169057659,45.1484656467721,5.656,
Cameroon,CMR,1999,53.166,Sub-Saharan Africa,Lower middle income,11565826464.8921,796.262649784591,2038.66378891726,4.51130422140731,7.595,,,,,84.7,146.4,,,,14525140.0,2.65296340314705,45.7065709798209,5.604,
Cameroon,CMR,2000,53.338,Sub-Saharan Africa,Lower middle income,10566579294.9831,708.565731625965,2108.49454952417,3.83241779430614,7.533,30.438097,4.29573393,,,83.1,143.9,,0.0,10.74,14912631.0,2.63276307164066,46.2449829402599,5.514,
Cameroon,CMR,2001,53.598,Sub-Saharan Africa,Lower middle income,10953485349.1135,715.470296470585,2190.8964072585,4.32426119221549,7.46,29.82297325,4.16830397,,,81.2,141.0,,,10.74,15309490.0,2.62643255915311,46.7627509050978,5.441,42.1
Cameroon,CMR,2002,53.922,Sub-Saharan Africa,Lower middle income,12417251350.4882,789.623811072554,2263.05519669558,4.47702683369155,6.711,31.79577446,4.02669907,,,79.1,137.6,,,11.07,15725528.0,2.68124815756453,47.2589242513436,5.435,
Cameroon,CMR,2003,54.253,Sub-Saharan Africa,Lower middle income,15970315034.9903,988.241276791846,2368.10119475634,5.45315368881347,5.908,38.56394196,3.90227985,,,77.2,134.3,15.9,,11.16,16160340.0,2.72747133462562,47.7325523560061,5.432,
Cameroon,CMR,2004,54.578,Sub-Saharan Africa,Lower middle income,18826214135.6419,1133.39326749673,2532.64744426189,7.04886281858374,5.087,42.25278473,3.72798991,0.188,,75.2,130.9,,,11.28,16610487.0,2.74741504067453,48.1826845960942,5.436,
Cameroon,CMR,2005,54.904,Sub-Saharan Africa,Lower middle income,19509852206.9341,1142.62466252106,2597.68039891083,2.22827020924117,4.4,43.10830688,3.77274442,0.061,,73.5,127.6,,,11.46,17074594.0,2.75573848394242,48.5837852394685,5.421,
Cameroon,CMR,2006,55.301,Sub-Saharan Africa,Lower middle income,20910512974.933,1191.45458990968,2704.43739801933,3.80958327566137,3.729,44.52022934,3.73662829,,,71.6,124.2,,,11.69,17550407.0,2.74855128044116,49.2044173412861,5.369,
Cameroon,CMR,2007,55.71,Sub-Saharan Africa,Lower middle income,23928250433.0378,1325.67248215933,2817.72228106581,4.32758900972871,3.063,50.30911255,3.79498792,0.073,,69.9,120.8,,,11.92,18049896.0,2.80627824632764,49.7027028593758,5.343,42.8
Cameroon,CMR,2008,56.116,Sub-Saharan Africa,Lower middle income,27715142032.913,1492.14269801453,2870.44106856479,2.8476778892105,3.386,54.58909225,3.65843678,,,68.0,117.2,,,12.15,18574056.0,2.86258453269924,50.0858325268669,5.294,
Cameroon,CMR,2009,56.486,Sub-Saharan Africa,Lower middle income,27932970317.129,1461.38999232337,2878.95143889027,2.57925177738754,3.743,51.14823914,3.49997187,0.07,,66.3,113.7,,,12.4,19113974.0,2.86539222671372,50.4714131335678,5.236,
Cameroon,CMR,2010,56.965,Sub-Saharan Africa,Lower middle income,27507501821.0296,1398.58702025047,2913.94292746083,2.89902472122014,4.11,50.03335571,3.57742167,0.087,,63.9,109.5,,,12.55,19668066.0,2.85766146651935,50.8505075371362,5.154,
Cameroon,CMR,2011,57.482,Sub-Saharan Africa,Lower middle income,30630910495.217,1513.96056994878,2988.8172872551,3.37921128506045,3.988,58.33031845,3.85282946,0.091,,61.8,105.2,,6.1,12.78,20232304.0,2.82842297078772,51.2229843034125,5.052,
Cameroon,CMR,2012,58.17,Sub-Saharan Africa,Lower middle income,30155062329.2821,1449.09874362279,3059.64226568251,4.62597872209571,3.836,56.96441269,3.9310236,,,59.6,100.8,,,12.98,20809529.0,2.8130471843416,51.5887119982861,4.982,
Cameroon,CMR,2013,58.73,Sub-Saharan Africa,Lower middle income,33728621180.3231,1575.92882118897,3238.86829843733,4.99552916130783,3.686,57.22771454,3.63136435,,,57.3,96.5,,,12.48,21402376.0,2.80909371019789,51.9475591877024,4.905,
Cameroon,CMR,2014,59.13,Sub-Saharan Africa,Lower middle income,36386544706.0806,1649.4433905949,3422.26128158344,5.71981814509198,3.534,71.61038208,4.34148788,,,55.3,92.4,,,11.72,22059893.0,3.02592195035823,52.2993944376709,4.844,46.6
Cameroon,CMR,2015,59.687,Sub-Saharan Africa,Lower middle income,32210233020.4569,1415.00009710569,3497.66067563959,5.66695298703932,3.518,58.38298035,4.12600517,,,53.3,88.5,,,10.72,22763414.0,3.13934346036401,52.6440863142742,4.841,
Cameroon,CMR,2016,60.293,Sub-Saharan Africa,Lower middle income,33814337044.3765,1441.7201725688,3626.99932028578,4.53579423678801,3.529,57.99372482,4.02253723,,2.65,51.4,85.1,,,10.41,23454161.0,2.98933225067819,52.9815033836792,4.842,
Cameroon,CMR,2017,60.817,Sub-Saharan Africa,Lower middle income,36098547033.1655,1496.08951771242,3767.43072883824,3.54117654926007,3.573,56.7457695,3.79293942,,,49.6,81.9,,,10.16,24128601.0,2.83499798189177,53.3115142121504,4.804,
Cameroon,CMR,2018,61.189,Sub-Saharan Africa,Lower middle income,39955552189.795,1610.69641591017,4010.76360069526,3.95551423892049,3.608,58.32909393,3.61970162,0.131,,48.0,78.9,,,10.1,24806383.0,2.77030987519388,53.6339873660653,4.74,
Cameroon,CMR,2019,61.695,Sub-Saharan Africa,Lower middle income,39667757527.6578,1555.22660476477,4241.11174920592,3.47505998194981,3.632,56.79493713,3.65157914,,,46.9,76.6,,,10.1,25506095.0,2.78164441246944,53.9487914119331,4.651,
Cameroon,CMR,2020,61.674,Sub-Saharan Africa,Lower middle income,40773241177.0505,1555.60370660749,4365.44704128392,0.259932915907115,3.881,66.17185211,4.25051928,0.098,,45.5,74.4,,,9.6,26210558.0,2.7244863481235,54.2557949164174,4.557,
Cameroon,CMR,2021,61.146,Sub-Saharan Africa,Lower middle income,45011937346.8384,1672.32657340872,4793.55628200196,3.33885747179505,3.976,72.59731293,4.34109783,0.126,,44.1,71.9,,,,26915758.0,2.65496076580698,54.5548664463635,4.468,42.2
Cameroon,CMR,2022,62.443,Sub-Saharan Africa,Lower middle income,44347206072.5513,1604.87726954895,5188.15515765322,3.7367840056412,3.646,72.12950897,4.49439144,0.136,,42.7,69.4,,,,27632771.0,2.62905090961273,54.8458745688318,4.397,
Cameroon,CMR,2023,63.7,Sub-Saharan Africa,Lower middle income,48814501547.4313,1720.47510154506,5415.22890256369,3.34756290750219,3.607,79.09996796,4.5545516,,,41.3,67.0,,,,28372687.0,2.64245336134821,55.1286878511388,4.322,
Cameroon,CMR,2024,63.968,Sub-Saharan Africa,Lower middle income,53296694320.2057,1830.00833684727,5597.10321648993,3.52472308052245,3.603,,,,,40.2,64.8,,6.9,,29123744.0,2.61268294319567,55.4031748609078,4.261,
Canada,CAN,1995,77.9773170731707,North America,High income,605961090061.207,20679.634792669,23474.2003753947,2.68232826962129,9.489,,,2.1,5.0,5.8,6.9,,,,29302311.0,1.03476948386834,77.6356482587498,1.67,31.5
Canada,CAN,1996,78.220243902439,North America,High income,630607994132.747,21296.9723536904,24054.9166185572,1.68896122145787,9.62,,,2.1,4.5999999046,5.6,6.7,,,,29610218.0,1.04531178311831,77.8924633929695,1.63,32.8
Canada,CAN,1997,78.4124390243903,North America,High income,654987722085.801,21901.5870048928,25263.8967272873,4.28016680422402,9.1,,,2.1,4.4000000954,5.5,6.5,,,,29905948.0,0.993788591465188,78.0903398790871,1.57,33.1
Canada,CAN,1998,78.6236585365854,North America,High income,633999325918.436,21024.5627149423,26323.6001266109,3.89288658501088,8.278,,,1.8611,4.1999998093,5.4,6.4,,,,30155173.0,0.829909353323744,78.2693823081821,1.56,33.2
Canada,CAN,1999,78.8390243902439,North America,High income,678414215521.303,22315.3130930482,27841.4362176516,5.14100348449622,7.583,,,2.1,3.9000000954,5.3,6.3,,,,30401286.0,0.812842623716166,78.4439309329358,1.55,33.1
Canada,CAN,2000,79.1668292682927,North America,High income,744773415931.587,24271.0020563821,29347.7879802126,5.13853918994158,6.829,1988.15942383,8.24808502,,3.75,5.3,6.2,,,9.38,30685730.0,0.931281553452429,78.6292995508947,1.51,33.4
Canada,CAN,2001,79.3980487804878,North America,High income,738981792355.372,23822.096210932,30241.0326530827,1.87509813099847,7.219,2041.87512207,8.62476349,1.8871,3.66,5.3,6.2,,,9.38,31020855.0,1.0861994547665,78.8414764949736,1.54,33.6
Canada,CAN,2002,79.5307317073171,North America,High income,760650608551.583,24256.0598742201,30963.9737651341,2.99925533832644,7.665,2134.84960938,8.85665226,1.8969,3.62,5.3,6.2,,,9.45,31359199.0,1.08479328329522,79.0990234802234,1.52,33.6
Canada,CAN,2003,79.7151219512195,North America,High income,895542074084.648,28301.9097055898,32349.9345219415,1.8063851195103,7.574,2534.86474609,9.01086521,,3.48,5.3,6.2,,,9.5,31642461.0,0.899226809998674,79.391380674239,1.55,33.8
Canada,CAN,2004,79.9921951219512,North America,High income,1026691006917.76,32145.5653280273,33929.3190847041,3.09236381038156,7.185,2896.19335938,9.06623363,1.8971,3.42,5.3,6.1,,,9.6,31938807.0,0.932186964148048,79.6923063348315,1.56,33.8
Canada,CAN,2005,80.1126829268293,North America,High income,1173118501402.87,36383.9671341396,36328.6856550606,3.21045441502793,6.758,3268.46850586,9.03529835,,3.08,5.2,6.1,,,9.75,32242732.0,0.94708626967041,79.9760615882965,1.58,33.6
Canada,CAN,2006,80.5436585365854,North America,High income,1319291255289.14,40504.8490329826,38123.41278744,2.63794375302722,6.484,3758.35961914,9.33188725,1.9086,3.0,5.2,6.0,,,9.95,32571193.0,1.01355939144957,80.219066099279,1.63,34.1
Canada,CAN,2007,80.5436585365854,North America,High income,1468820407783.26,44660.0838892281,39572.9304428478,2.04990459443619,6.156,4187.87255859,9.4346962,,2.95,5.2,6.0,,,10.09,32888886.0,0.970654173316653,80.4425615136782,1.67,33.8
Canada,CAN,2008,80.7246341463415,North America,High income,1552993439550.14,46710.3654423328,40376.1857492114,0.995406371264522,6.284,4454.11621094,9.59427929,1.959,2.83,5.1,5.9,,,10.18,33247298.0,1.083871149194,80.6628944916604,1.7,33.9
Canada,CAN,2009,81.0660975609756,North America,High income,1374627766599.6,40874.9612318547,38863.3227540035,-2.91508627059555,8.46,4355.83056641,10.70402527,,2.79,5.0,5.8,,,10.23,33630069.0,1.14470768476526,80.8591838893921,1.69,34.0
Canada,CAN,2010,81.3221951219512,North America,High income,1617349192091.46,47560.8378831258,40103.2558649524,3.09080633744851,8.178,5060.88818359,10.70066547,2.0384,2.77,5.0,5.7,,,10.21,34005902.0,1.11135202971694,81.0120892252937,1.65,33.6
Canada,CAN,2011,81.4826829268293,North America,High income,1793335727900.85,52224.1237767406,41667.0488390843,3.1371944343876,7.637,5399.98779297,10.40518665,,2.78,4.9,5.6,,8.4,10.17,34339221.0,0.97540725097113,81.1031425434213,1.63,32.7
Canada,CAN,2012,81.6636585365854,North America,High income,1828359477071.97,52670.1429540952,42291.8109156785,1.75566133205234,7.392,5518.5703125,10.5407114,2.3962,2.77,4.8,5.6,,,10.1,34713395.0,1.08374652233653,81.1513483248791,1.63,33.5
Canada,CAN,2013,81.7448780487805,North America,High income,1846583831414.43,52637.7313222622,44300.7302100096,2.32581356612762,7.143,5460.03173828,10.43559265,2.4509,2.7,4.8,5.5,,,10.05,35080992.0,1.05338098055318,81.183439957458,1.61,33.8
Canada,CAN,2014,81.7843902439025,North America,High income,1805751688808.98,50960.8942086685,45758.1466048816,2.87346675579731,7.023,5209.93164063,10.28115654,2.4961,2.66,4.7,5.4,,,9.95,35434066.0,1.00142284689661,81.211183161556,1.61,33.2
Canada,CAN,2015,81.8258536585366,North America,High income,1556510380200.23,43594.2379080706,44668.1361640155,0.64997101491096,6.945,4658.83789063,10.76397896,2.5388,2.6,4.6,5.3,,,9.92,35704498.0,0.760300145238936,81.2465670276699,1.6,33.7
Canada,CAN,2016,81.94,North America,High income,1527996250640.92,42314.1033623905,46470.6925239685,1.03855091989323,7.038,4647.14892578,11.05626965,2.3105,2.58,4.6,5.3,,,9.92,36110803.0,1.13153974027004,81.3023011093703,1.59,32.7
Canada,CAN,2017,81.8078048780488,North America,High income,1649269496514.62,45129.7335281051,48317.500303004,3.03383491841392,6.426,4894.7734375,10.9242115,2.6102,2.51,4.5,5.2,,,9.95,36545075.0,1.19543575451553,81.4018945832226,1.55,33.3
Canada,CAN,2018,81.8036585365854,North America,High income,1725330736237.69,46539.2177903178,49982.6446255492,2.74296341402246,5.837,5052.90185547,10.92262077,2.411,2.54,4.5,5.2,,,9.9,37072620.0,1.43322615679352,81.5500341646653,1.51,32.5
Canada,CAN,2019,82.1585365853659,North America,High income,1743728952156.85,46352.9695208927,50499.0822425462,1.90843193887251,5.69,5098.88720703,11.04823494,2.418,2.51,4.5,5.2,,,9.9,37618495.0,1.46171259938134,81.7363672047941,1.47,31.8
Canada,CAN,2020,81.53,North America,High income,1655686966881.99,43537.8981198851,48590.748859725,-5.03823342794087,9.657,5646.19433594,13.01732922,2.415,2.54,4.5,5.2,,,9.89,38028638.0,1.08436897113225,81.9509888710566,1.41,29.9
Canada,CAN,2021,81.4514634146342,North America,High income,2022377950896.78,52886.6407813788,56995.0952020711,5.95052804984759,7.527,6511.46972656,12.38106632,2.444,2.57,4.6,5.2,,,,38239864.0,0.553902422386893,82.1779279079275,1.44,31.1
Canada,CAN,2022,81.0948780487805,North America,High income,2200562785046.32,56496.9275340663,64217.0443455227,4.69541985045903,5.279,6252.34033203,11.08119678,2.814,2.54,4.6,5.3,,,,38950132.0,1.84036295796994,82.3500897353968,1.34,31.5
Canada,CAN,2023,81.6263414634146,North America,High income,2196593836347.42,54847.5370112652,64962.1919440095,1.95308552199025,5.415,6186.65234375,11.18692875,2.819,,4.7,5.4,,,,40049088.0,2.78237404482922,82.5250564408346,1.27,
Canada,CAN,2024,82.1080487804878,North America,High income,2270076189683.46,55015.7066917734,65482.9454728344,2.04626605401701,6.351,6377.96875,11.3095665,,,4.7,5.4,,7.7,,41262329.0,2.9844051252484,82.7002565766633,1.25,
Chad,TCD,1995,47.453,Sub-Saharan Africa,Low income,1445919894.57661,203.964852705041,1014.37923885135,1.23654931570509,0.755,,,,,109.5,197.5,,,,7089064.0,4.40674928139961,21.4898472014251,7.29,
Chad,TCD,1996,47.551,Sub-Saharan Africa,Low income,1607345355.78298,216.912541056484,1010.08078596421,2.21447303497622,0.7,,,,,108.1,194.7,,,,7410108.0,4.429169919678,21.5269357382438,7.292,
Chad,TCD,1997,47.762,Sub-Saharan Africa,Low income,1544689576.92712,201.384076969355,1048.75331848442,5.65339232904813,0.732,,,0.025,,106.7,191.9,,,,7670366.0,3.45193185234224,21.5618719838381,7.274,
Chad,TCD,1998,47.802,Sub-Saharan Africa,Low income,1744794531.21401,219.779530915601,1095.90587059923,6.95157991370925,0.725,,,0.02,,105.1,189.0,,,,7938840.0,3.44028362441506,21.5945561484855,7.266,
Chad,TCD,1999,47.934,Sub-Saharan Africa,Low income,1534673583.2487,186.638531146223,1065.71837948073,-0.68285022143975,0.753,,,0.028,,103.5,185.8,,,,8222705.0,3.51320614922956,21.6248884424631,7.262,
Chad,TCD,2000,47.937,Sub-Saharan Africa,Low income,1388506771.58756,163.121663683369,1043.54539990343,-0.879681024156014,0.796,10.07452297,4.20697546,0.028,,101.7,182.4,,,2.51,8512093.0,3.45886279310456,21.6527690760484,7.249,
Chad,TCD,2001,48.306,Sub-Saharan Africa,Low income,1710843377.00119,194.32295331156,1151.92026849157,11.6581346550771,0.792,11.64042854,4.08039331,,,99.9,179.0,,,2.51,8804124.0,3.3732389780589,21.6780982595188,7.231,
Chad,TCD,2002,48.36,Sub-Saharan Africa,Low income,1997005708.81576,219.061391951349,1225.70701159859,8.4912098197177,0.769,18.01737785,5.60251188,,,98.0,175.6,,,2.91,9116192.0,3.48319249588089,21.7007762031515,7.201,
Chad,TCD,2003,48.609,Sub-Saharan Africa,Low income,2742815071.5744,289.087621122168,1377.7465956477,14.7216670123589,0.725,18.0202446,4.24698305,,,96.2,172.3,9.86392572522163,,2.95,9487833.0,3.9958067889148,21.7207031172239,7.179,39.8
Chad,TCD,2004,48.687,Sub-Saharan Africa,Low income,4422855660.82592,445.850767157087,1808.21202175821,33.6293718498522,0.672,27.74994278,4.23982859,0.035,,94.3,168.8,,,3.13,9920036.0,4.4546309402426,21.7377792120134,7.16,
Chad,TCD,2005,48.86,Sub-Saharan Africa,Low income,8655892392.92919,838.092107712557,2101.69135977726,17.3325337352162,0.663,31.27608871,3.73196912,,,92.4,165.4,,,3.08,10328092.0,4.03110110056051,21.7519046977973,7.134,
Chad,TCD,2006,48.747,Sub-Saharan Africa,Low income,9709626596.13031,906.897260572747,2078.6016703773,-0.54282957080251,0.716,33.8651123,3.73417258,0.034,,90.4,161.8,,,3.28,10706424.0,3.59763738193098,21.7629797848529,7.118,
Chad,TCD,2007,49.21,Sub-Saharan Africa,Low income,10865385131.5172,980.483531485103,2149.25986043836,4.20017418353298,0.839,34.0423584,3.47199655,,,88.3,158.1,,,3.32,11081660.0,3.44475544445336,21.7709046834576,7.092,
Chad,TCD,2008,49.503,Sub-Saharan Africa,Low income,13385593990.3378,1166.36883453841,2180.51680425434,3.08119033854541,0.922,36.89921951,3.16359782,,,86.2,154.3,,,3.45,11476296.0,3.49922011538019,21.7755796038887,7.063,
Chad,TCD,2009,49.828,Sub-Saharan Africa,Low income,12317614053.6841,1035.63719694254,2087.14718680647,-1.40828262637592,0.943,34.82435226,3.36260128,,,84.1,150.5,,,3.62,11893754.0,3.57296976276489,21.7784396568755,7.021,
Chad,TCD,2010,50.107,Sub-Saharan Africa,Low income,14058506663.7252,1141.80069268412,2319.68883177376,13.6738272725339,0.911,35.26005936,3.08810997,,,82.0,146.7,,,3.86,12312575.0,3.46077094768596,21.8472378191095,6.99,
Chad,TCD,2011,50.426,Sub-Saharan Africa,Low income,16685349673.9957,1308.1421872538,2388.16512149441,4.49542967058827,0.92,37.35868073,2.85585785,,,79.9,142.9,,3.9,4.05,12754997.0,3.53020185416521,21.9558736797638,6.948,43.3
Chad,TCD,2012,50.765,Sub-Saharan Africa,Low income,17892228569.8861,1354.34344701937,2435.1240819184,9.06180392253447,0.886,36.20247269,2.67306423,0.04,,77.8,139.3,,,4.25,13210998.0,3.51265481153462,22.1061904148178,6.905,
Chad,TCD,2013,51.051,Sub-Saharan Africa,Low income,17865316886.3315,1304.88742971475,2110.24705136988,2.83821524730293,0.955,38.59413528,2.95766044,0.042,,75.9,135.8,,,4.41,13691079.0,3.5694788341769,22.2975929852391,6.839,
Chad,TCD,2014,51.141,Sub-Saharan Africa,Low income,18144336903.7175,1278.78981422494,2133.18441198787,2.06283074361411,0.984,42.16276169,3.29708338,0.043,,74.0,132.3,,,4.55,14188678.0,3.56998697827762,22.5294513486009,6.781,
Chad,TCD,2015,51.32,Sub-Saharan Africa,Low income,14559599499.5011,993.990730610869,2377.51137185751,3.30415979779805,1.032,33.82092285,3.40253925,0.048,0.47,72.1,128.7,,,4.58,14647621.0,3.18336105662872,22.8011258828974,6.706,
Chad,TCD,2016,51.603,Sub-Saharan Africa,Low income,13026289835.7789,861.831767630746,2120.08751553857,-4.12250332637034,1.091,31.96038055,3.70842481,0.036,,70.2,125.0,,,4.35,15114655.0,3.13868697646131,23.1119734707179,6.623,
Chad,TCD,2017,51.875,Sub-Saharan Africa,Low income,13349041408.7152,854.46120040098,2097.14425483604,-1.61746922820204,1.132,29.9935894,3.51023412,0.042,0.44,68.3,121.4,,,4.05,15622759.0,3.30639583736028,23.461349471105,6.537,
Chad,TCD,2018,52.447,Sub-Saharan Africa,Low income,15327000248.8701,948.656629871231,2227.81335372611,5.74111580758154,1.135,31.2043705,3.2893219,0.05,,66.4,117.6,,,3.73,16156531.0,3.35956028710956,23.8486084924975,6.464,37.5
Chad,TCD,2019,52.993,Sub-Saharan Africa,Low income,14905517742.8454,893.336441643325,2351.65339767739,5.38282202874814,1.077,30.23690224,3.38471627,0.052,,64.6,114.0,,,3.73,16685223.0,3.21991132048391,24.2731047386633,6.412,
Chad,TCD,2020,53.082,Sub-Saharan Africa,Low income,14932897821.2387,866.947814890409,2185.99034173537,-0.393646582380399,1.695,37.73088074,4.35215092,0.058,0.15,62.9,110.6,,,2.91,17224679.0,3.18197036099619,24.7341921795416,6.346,
Chad,TCD,2021,53.136,Sub-Saharan Africa,Low income,16871937697.5854,946.358500208374,2435.07274651099,0.293442648033434,1.53,37.59156799,3.9722333,0.056,,61.3,107.3,,,,17828273.0,3.44423869357111,25.2312246423075,6.255,
Chad,TCD,2022,54.528,Sub-Saharan Africa,Low income,17828508289.6049,966.036468278568,2623.702025997,4.12969897668356,1.081,40.17007446,4.15823555,0.082,,59.6,103.9,,,,18455316.0,3.45668911084691,25.7635558629694,6.215,37.4
Chad,TCD,2023,55.069,Sub-Saharan Africa,Low income,18352937976.2179,949.991054236266,2703.06889886705,3.99861309461539,1.059,47.43893051,4.99707747,0.085,,58.0,100.6,,,,19319064.0,4.57399213394625,26.3305395171046,6.12,
Chad,TCD,2024,55.238,Sub-Saharan Africa,Low income,19906706689.7582,980.668312111718,2766.98134913811,4.95210484607125,1.053,,,,,56.3,97.3,,7.3,,20299123.0,4.94853027382671,26.9315292389497,6.028,
Chile,CHL,1995,75.298,Latin America & Caribbean,High income,73820425701.6603,5081.4682771561,7231.59000885119,9.25542757753573,4.7,,,,,10.9,13.1,,,,14527381.0,1.46395387384967,84.4167268897386,2.353,
Chile,CHL,1996,75.555,Latin America & Caribbean,High income,78584098983.6374,5333.50438729711,7895.19827576749,7.1148626270751,7.414,,,,2.6700000763,10.5,12.6,,,,14734046.0,1.41256567140629,84.8148594016272,2.284,54.9
Chile,CHL,1997,75.826,Latin America & Caribbean,High income,85741415285.165,5741.95842989596,8510.4138008287,7.3917392684331,7.136,,,,,10.3,12.2,,,,14932434.0,1.33747554386278,85.2214501061097,2.202,
Chile,CHL,1998,76.324,Latin America & Caribbean,High income,81990010704.0602,5419.82417297191,8850.08106066969,4.18088662700669,7.307,,,,,10.0,11.9,,,,15127799.0,1.29984189219994,85.6144109902521,2.149,55.5
Chile,CHL,1999,76.738,Latin America & Caribbean,High income,75578685735.5219,4933.55581516755,8838.86154672993,-0.2736313981937,11.158,,,,,9.6,11.4,,,,15319313.0,1.25802753178631,85.9716540411206,2.074,
Chile,CHL,2000,77.128,Latin America & Caribbean,High income,78339750721.364,5052.99245766325,9375.65991088758,4.9716214882971,10.491,353.25033569,7.00020742,,2.7,9.2,10.9,,,6.55,15503635.0,1.19601925947085,86.2710912457813,2.046,52.8
Chile,CHL,2001,77.58,Latin America & Caribbean,High income,71574739561.4329,4563.5952986689,9775.51016241925,3.15403492459967,10.39,323.63336182,7.09733105,,2.59,8.7,10.3,,,6.55,15683849.0,1.15569441781061,86.4906345913002,2.007,
Chile,CHL,2002,77.84,Latin America & Caribbean,High income,70264045939.2773,4430.84741157984,10132.9107703924,3.20279913520113,10.168,319.53222656,7.20833778,0.882,2.52,8.3,9.8,,,6.59,15857925.0,1.10379186272101,86.6114115090282,1.934,
Chile,CHL,2003,77.884,Latin America & Caribbean,High income,76492579644.0605,4773.40177520754,10708.3644963118,4.72324526861041,9.765,346.1635437,7.25047779,0.936,2.48,8.0,9.4,,,6.66,16024752.0,1.04651515030085,86.6792973033246,1.885,51.5
Chile,CHL,2004,78.276,Latin America & Caribbean,High income,99075985773.6682,6120.59152055344,11612.4368780779,6.67425416822923,10.162,422.96481323,6.91028595,0.974,2.38,7.8,9.2,,,7.16,16187322.0,1.00938163923532,86.7336754490112,1.844,
Chile,CHL,2005,78.459,Latin America & Caribbean,High income,122294145163.192,7480.32330998636,12550.4348007645,5.83704571917758,9.34,495.56002808,6.62372065,0.97,2.29,7.7,9.1,,,7.47,16348778.0,0.992481122862039,86.7768244484887,1.825,
Chile,CHL,2006,78.533,Latin America & Caribbean,High income,153843518170.864,9318.65655296121,15510.7700739452,6.04999082563968,9.024,565.8493042,6.07235622,1.031,2.31,7.7,9.0,,,7.82,16509195.0,0.976434392610197,86.8125123390851,1.798,47.7
Chile,CHL,2007,78.652,Latin America & Caribbean,High income,172491076033.863,10346.4138184533,16697.5160217416,5.16823098528431,8.427,643.05963135,6.21259642,1.028,2.27,7.6,8.9,,,7.73,16671581.0,0.978803488234499,86.8445071581285,1.826,
Chile,CHL,2008,78.752,Latin America & Caribbean,High income,179894594475.405,10683.2188772511,16375.9648536011,3.78939280635238,9.285,719.07501221,6.73954487,1.031,2.26,7.6,8.8,,,7.84,16838988.0,0.999137869915681,86.8765769429469,1.85,
Chile,CHL,2009,78.89,Latin America & Caribbean,High income,171777900623.892,10098.8017167286,15951.3304877878,-1.11803723642878,11.313,730.63336182,7.25026846,1.022,2.25,7.5,8.8,,,7.89,17009731.0,1.00886800592722,86.9124897308683,1.855,47.4
Chile,CHL,2010,79.095,Latin America & Caribbean,High income,217051209238.534,12632.8704724192,17917.8951217097,5.85165102224047,8.547,861.72436523,6.81958389,1.423,2.03,7.5,8.7,,,7.79,17181464.0,1.00455362363927,86.9560135592209,1.844,
Chile,CHL,2011,79.236,Latin America & Caribbean,High income,251382573893.87,14487.3927832032,20121.6834214209,6.22389678509138,7.492,984.4486084,6.79947519,1.575,2.21,7.4,8.6,18.0814579129219,9.5,8.01,17351816.0,0.986604121119825,87.0109164653326,1.823,46.9
Chile,CHL,2012,79.221,Latin America & Caribbean,High income,267024782486.855,15241.9069981119,21366.1771264909,6.15534001855494,6.79,1070.51293945,7.01951265,1.735,2.16,7.3,8.4,,,7.9,17519119.0,0.959562935237505,87.0824943735696,1.798,
Chile,CHL,2013,79.551,Latin America & Caribbean,High income,277395018842.417,15683.5486369155,22201.0660684337,3.30850824710085,6.361,1171.77038574,7.47552681,1.868,2.16,7.1,8.3,,,8.19,17687006.0,0.95374468290385,87.1827777654221,1.786,46.8
Chile,CHL,2014,79.714,Latin America & Caribbean,High income,259560978224.359,14529.6767206336,22553.6161787372,1.79264947139259,6.761,1138.66113281,7.84150171,2.016,2.11,6.9,8.1,,,8.04,17864195.0,0.996818460180589,87.3133701497978,1.774,
Chile,CHL,2015,80.008,Latin America & Caribbean,High income,242450355830.884,13433.9202987032,22468.3125745547,2.15194249981184,6.605,1122.13378906,8.3513937,2.138,2.13,6.8,7.9,,,7.75,18047625.0,1.0215666887643,87.4653320342387,1.737,45.3
Chile,CHL,2016,80.295,Latin America & Caribbean,High income,249344863928.438,13649.8520452803,23256.5036042211,1.753038749071,6.926,1167.89306641,8.55767059,2.286,2.11,6.7,7.7,,,7.02,18267221.0,1.2094154366484,87.6306290578181,1.686,
Chile,CHL,2017,80.61,Latin America & Caribbean,High income,276154259981.097,14879.9086227187,24295.223766602,1.35769537343957,7.257,1353.69274902,9.090518,2.43,2.09,6.5,7.6,,,6.5,18558868.0,1.58394825779579,87.8000295757281,1.563,45.3
Chile,CHL,2018,80.559,Latin America & Caribbean,High income,295857562991.709,15659.4808675628,25305.0903462611,3.99002947789977,7.623,1430.70263672,9.15040398,2.569,2.05,6.3,7.3,,,6.75,18893191.0,1.78538584857741,87.9620493753008,1.543,
Chile,CHL,2019,80.324,Latin America & Caribbean,High income,278308438545.118,14496.9345640362,25613.9095717623,0.644223402631923,7.493,1348.99401855,9.30968475,2.627,2.02,6.0,7.0,,,6.75,19197744.0,1.59911795256016,88.1273685623538,1.43,
Chile,CHL,2020,79.349,Latin America & Caribbean,High income,254103710483.324,13117.9930230086,25357.0056990873,-6.1396969411886,10.934,1270.97814941,9.69734573,2.798,2.02,5.8,6.8,,,7.56,19370624.0,0.896491953505063,88.2953490438375,1.307,47.0
Chile,CHL,2021,78.876,Latin America & Caribbean,High income,315507493783.262,16216.1840860289,29106.6356522053,11.3374032409913,9.281,1576.69287109,9.72450161,2.979,1.98,5.8,6.7,,,,19456334.0,0.441498091207504,88.4660511664452,1.176,
Chile,CHL,2022,79.176,Latin America & Caribbean,High income,301099244104.003,15399.1044717559,30918.9258262719,2.06391864254198,8.249,1541.37927246,10.0053072,3.178,1.95,5.9,6.8,,,,19553036.0,0.495789591494285,88.6395352768685,1.255,43.2
Chile,CHL,2023,81.167,Latin America & Caribbean,High income,335802745366.38,17081.5180740049,33173.5278418356,0.677024831595858,9.013,1736.52038574,10.17470455,3.334,1.94,5.9,6.9,,,,19658835.0,0.53962870957127,88.8158617217972,1.167,
Chile,CHL,2024,81.359,Latin America & Caribbean,High income,329260633698.726,16658.9652720351,36070.892945837,2.80512637106611,8.718,1759.70605469,10.53092575,,,5.8,6.8,,12.2,,19764771.0,0.537425495656651,88.9950908479196,1.14,43.0
China,CHN,1995,70.363,East Asia & Pacific,Upper middle income,738190896227.55,612.680277898627,1883.79343690494,11.0154136659719,3.0,,,1.192,2.6099998951,38.7,47.4,,,,1204855000.0,1.08650915088974,29.0403804779053,1.588,
China,CHN,1996,70.823,East Asia & Pacific,Upper middle income,868523936530.083,713.337387811657,2087.60088528202,9.97328781228394,3.12,,,1.199,2.5499999523,37.2,45.5,,,,1217550000.0,1.04814151412165,30.4798641204834,1.554,35.2
China,CHN,1997,71.227,East Asia & Pacific,Upper middle income,967753570434.667,786.743548510999,2297.41065691704,9.29759460595947,3.23,,,1.213,2.5499999523,35.5,43.5,,,,1230075000.0,1.02345002419879,31.9099540710449,1.527,
China,CHN,1998,71.601,East Asia & Pacific,Upper middle income,1037134141760.35,835.095348597432,2483.36881628708,7.92354535108497,3.24,,,1.21,2.5299999714,33.8,41.4,,,,1241935000.0,0.959550406298151,33.3501663208008,1.522,
China,CHN,1999,71.952,East Asia & Pacific,Upper middle income,1103843203575.64,881.146614068925,2690.08161492996,7.74123827728161,3.25,,,1.239,2.5199999809,31.9,39.1,,,,1252735000.0,0.865851392993279,34.7797050476074,1.53,38.7
China,CHN,2000,72.288,East Asia & Pacific,Upper middle income,1223754919971.05,969.199513696287,2963.43487212206,8.57357328926101,3.26,42.80797577,4.4535861,1.263,1.71,29.9,36.6,,,3.62,1262645000.0,0.787956592953992,36.4320234662299,1.628,
China,CHN,2001,72.675,East Asia & Pacific,Upper middle income,1355036590251.52,1065.40597574519,3258.63807179774,8.32404695347056,3.8,44.36042023,4.19752026,1.28,1.69,27.8,34.1,,,3.62,1271850000.0,0.726380637838525,37.6597442626953,1.563,
China,CHN,2002,73.034,East Asia & Pacific,Upper middle income,1489821682050.54,1163.55957673426,3590.78456452765,9.23604870383861,4.24,49.92394638,4.32156181,1.137,1.73,25.6,31.4,,,3.38,1280400000.0,0.669999567758626,39.0897827148438,1.566,42.0
China,CHN,2003,73.385,East Asia & Pacific,Upper middle income,1683903309843.85,1306.97245408557,4006.97738785418,10.1138119025242,4.58,56.54468155,4.35460472,1.185,1.75,23.4,28.8,,,3.25,1288400000.0,0.622860936133583,40.5302314758301,1.57,
China,CHN,2004,73.727,East Asia & Pacific,Upper middle income,1984196551300.44,1530.92726215723,4505.14251370017,10.1404291872206,4.49,64.28150177,4.22949076,1.215,1.82,21.3,26.3,,,3.26,1296075000.0,0.593932815112141,41.7600135803223,1.605,
China,CHN,2005,74.085,East Asia & Pacific,Upper middle income,2317551298052.05,1777.64496828464,5148.20803892204,11.4535130030645,4.52,73.00266266,4.11230803,1.239,1.87,19.4,24.0,,,3.46,1303720000.0,0.588124989556992,42.9899978637695,1.624,40.9
China,CHN,2006,74.404,East Asia & Pacific,Upper middle income,2791498472804.33,2129.25696999613,5946.34819286615,12.6752842281595,4.43,82.48256683,3.88655019,1.273,1.94,17.7,21.9,,,3.83,1311020000.0,0.558374367373002,44.3430099487305,1.644,
China,CHN,2007,74.789,East Asia & Pacific,Upper middle income,3604055822571.63,2734.72709877693,6935.38510367109,14.1507710506103,4.35,98.5569458,3.61737728,1.294,2.02,16.1,20.1,,,4.23,1317885000.0,0.522271866392275,45.8892440795898,1.666,
China,CHN,2008,74.833,East Asia & Pacific,Upper middle income,4667346414521.95,3523.44302065213,7712.87538816599,9.66877608164454,4.59,133.83999634,3.83627748,1.343,2.16,14.8,18.5,,,4.71,1324655000.0,0.51238693163744,46.9895057678223,1.701,43.0
China,CHN,2009,75.317,East Asia & Pacific,Upper middle income,5189577094997.58,3898.24459158811,8448.27749022094,9.40610014336416,4.72,164.87619019,4.27631998,1.419,2.32,13.5,17.1,,,5.26,1331260000.0,0.497381400884935,48.3417053222656,1.714,
China,CHN,2010,75.668,East Asia & Pacific,Upper middle income,6192564874453.29,4629.24551710077,9411.07660848621,10.5916903885704,4.53,188.87156677,4.15821123,1.46,2.51,12.4,15.7,,,5.9,1337705000.0,0.482959688678361,49.2340270628041,1.687,43.7
China,CHN,2011,75.889,East Asia & Pacific,Upper middle income,7671757207851.29,5703.76027973346,10456.7916826113,9.46205248298186,4.55,239.19824219,4.26719379,1.485,2.72,11.4,14.6,2.45467741042376,8.8,6.5,1345035000.0,0.546457594880274,51.8300285339355,1.668,42.4
China,CHN,2012,76.2,East Asia & Pacific,Upper middle income,8673664713189.24,6405.0574241349,11420.2527051141,7.8578201481217,4.58,284.69760132,4.49046612,1.562,3.04,10.5,13.5,,,6.92,1354190000.0,0.678345458846803,53.1003112792969,1.798,42.2
China,CHN,2013,76.452,East Asia & Pacific,Upper middle income,9743124247267.24,7147.03518622344,12228.3736084197,7.77842954757257,4.6,329.08572388,4.63882637,1.658,3.32,9.7,12.5,,,7.16,1363240000.0,0.666072977690069,54.4900016784668,1.714,39.7
China,CHN,2014,76.714,East Asia & Pacific,Upper middle income,10674533168257.4,7781.06597484974,12941.5964809146,7.46100735778161,4.63,362.28695679,4.69880247,1.711,3.57,8.9,11.6,,,7.29,1371860000.0,0.630326389541893,55.7502555847168,1.769,39.2
China,CHN,2015,76.975,East Asia & Pacific,Upper middle income,11280814787468.9,8175.33285077393,13463.3331511105,6.98162255562367,4.65,393.09768677,4.85367584,1.797,3.82,8.2,10.7,,,7.35,1379860000.0,0.581456146657648,57.3297843933105,1.67,38.6
China,CHN,2016,77.214,East Asia & Pacific,Upper middle income,11456024084962.0,8254.86859320357,14157.2514988004,6.7736886867727,4.56,398.17489624,4.88338089,1.888,4.05,7.6,10.0,,,7.18,1387790000.0,0.573050906069647,58.8399238586426,1.772,38.5
China,CHN,2017,77.235,East Asia & Pacific,Upper middle income,12537559062282.9,8979.67652709856,15022.4371883124,6.89123916636191,4.47,439.94006348,4.9695034,2.003,4.33,7.0,9.3,,,6.53,1396215000.0,0.605245013482969,60.2402687072754,1.795,39.1
China,CHN,2018,77.709,East Asia & Pacific,Upper middle income,14147765772963.8,10085.6638148819,16298.2050619109,6.757806142324,4.31,504.10980225,5.06933308,2.122,4.59,6.4,8.6,,,5.73,1402760000.0,0.467672053461959,61.5001983642578,1.539,38.5
China,CHN,2019,77.94,East Asia & Pacific,Upper middle income,14560167101283.4,10342.9009524335,17600.8907568493,6.06737806333672,4.56,538.99157715,5.26516867,2.255,4.82,6.0,8.0,,,5.73,1407745000.0,0.354740890170827,62.7099151611328,1.496,38.2
China,CHN,2020,78.019,East Asia & Pacific,Upper middle income,14996414166715.1,10627.4637989619,18267.4783455827,2.33950385203023,5.0,582.95092773,5.50441837,2.385,5.0,5.5,7.5,,,4.58,1411100000.0,0.238040870229883,63.5234230266258,1.236,37.1
China,CHN,2021,78.117,East Asia & Pacific,Upper middle income,18201698719564.0,12887.4357242941,20843.2978347377,8.57038414981781,4.55,670.25897217,5.25590324,2.517,5.2,5.1,7.0,,,,1412360000.0,0.0892522000412526,64.721076965332,1.117,35.7
China,CHN,2022,78.202,East Asia & Pacific,Upper middle income,18316765021690.2,12970.6056414327,23028.4517927066,3.13385438394069,4.98,755.43597412,5.88078785,3.112,5.38,4.8,6.6,,,,1412175000.0,-0.0130995013525784,65.2176361083984,1.034,36.0
China,CHN,2023,77.953,East Asia & Pacific,Upper middle income,18270356654533.2,12951.1782397043,25200.068112272,5.41600334492955,4.67,763.37762451,5.94388866,,5.63,4.4,6.1,,,,1410710000.0,-0.103794531589067,65.5301448035523,0.999,
China,CHN,2024,78.017,East Asia & Pacific,Upper middle income,18729668435848.0,13293.1162269366,27139.5181633767,4.95830378788091,4.59,,,,,4.1,5.7,,11.9,,1408975000.0,-0.123063407363995,65.8946980998325,1.013,
Colombia,COL,1995,69.81,Latin America & Caribbean,Upper middle income,92507279383.0387,2583.66576349858,6505.56526192075,5.20243759278655,8.72,,,1.054,,25.3,29.9,,,,35804662.0,1.9096370992151,71.8237121859285,2.85,
Colombia,COL,1996,70.209,Latin America & Caribbean,Upper middle income,97160109277.8087,2664.64056059983,6638.83973601592,2.05585471287195,11.81,,,1.095,1.4600000381,24.5,28.8,,,,36462745.0,1.82129460113512,72.3326212825811,2.768,56.8
Colombia,COL,1997,70.632,Latin America & Caribbean,Upper middle income,106659508271.255,2873.2814350993,6861.09186357451,3.43029367788374,12.14,,,1.138,,23.7,27.8,,,,37121149.0,1.78958066993845,72.8506360383423,2.743,
Colombia,COL,1998,70.924,Latin America & Caribbean,Upper middle income,98443739941.1664,2604.87166959518,6853.84143985228,0.569784088434517,15.0,,,1.185,,23.0,26.8,,,,37792165.0,1.79149449060697,73.3667607289768,2.717,
Colombia,COL,1999,70.913,Latin America & Caribbean,Upper middle income,86186158684.7685,2241.22911801216,6543.86721140076,-4.20401524244947,20.06,,,1.222,,22.2,25.9,,,,38454863.0,1.73833578882204,73.8699996302493,2.637,58.5
Colombia,COL,2000,70.905,Latin America & Caribbean,Upper middle income,99875074951.0278,2555.00751039968,6775.93064395245,2.92486148176778,20.52,134.71453857,5.63529348,1.264,,21.6,25.0,,,5.34,39089934.0,1.63798274950516,74.3493570179247,2.574,58.4
Colombia,COL,2001,71.185,Latin America & Caribbean,Upper middle income,98200641203.3892,2472.99084035833,6934.88284343922,1.67789830787579,15.04,138.47569275,5.94238281,1.29,,21.0,24.2,,,5.34,39709262.0,1.57194688390217,74.7938371677676,2.522,57.3
Colombia,COL,2002,71.537,Latin America & Caribbean,Upper middle income,97945812802.8882,2428.92969771584,7108.8239027086,2.50398046659659,14.481,132.18363953,5.73296595,1.321,,20.4,23.5,,,5.2,40324680.0,1.53792282248162,75.192444355543,2.489,56.0
Colombia,COL,2003,72.309,Latin America & Caribbean,Upper middle income,94644969157.0987,2311.94218760291,7420.46008359846,3.91827190322513,13.221,129.71965027,5.77505445,1.352,,19.8,22.7,,,5.14,40937429.0,1.5081090586904,75.5341828570154,2.45,53.6
Colombia,COL,2004,72.76,Latin America & Caribbean,Upper middle income,117092416666.245,2818.57195413044,7909.34635161862,5.33302206759905,13.717,159.61109924,5.79892111,1.391,,19.3,22.1,,,5.12,41543171.0,1.46883725533231,75.8080569479496,2.384,55.0
Colombia,COL,2005,73.156,Latin America & Caribbean,Upper middle income,145600529605.803,3456.06610874512,8432.33329071381,4.82876110773741,11.062,209.68319702,6.06710577,1.432,,18.7,21.4,,,5.23,42128977.0,1.4002642115634,76.004938901378,2.309,53.9
Colombia,COL,2006,73.497,Latin America & Caribbean,Upper middle income,161792958904.864,3789.85361217027,9154.0892620178,6.71686869844402,11.088,240.10488892,6.33546638,1.469,,18.2,20.7,,,5.36,42691084.0,1.32542990992624,76.1619191918164,2.241,
Colombia,COL,2007,73.751,Latin America & Caribbean,Upper middle income,206229540926.312,4769.926147194,9909.29031362274,6.73819469090975,11.204,309.61691284,6.49102163,1.511,,17.7,20.1,,,5.38,43235374.0,1.26689099629201,76.3144038775849,2.195,
Colombia,COL,2008,74.206,Latin America & Caribbean,Upper middle income,242504150472.931,5541.83629665898,10307.0649875218,3.28344618616541,11.273,379.16812134,6.84192181,1.563,,17.2,19.5,,,5.3,43758808.0,1.20339154806457,76.4596761810047,2.155,55.0
Colombia,COL,2009,74.531,Latin America & Caribbean,Upper middle income,232468663109.595,5250.97292433518,10367.3489558559,1.13964864548062,12.066,383.91674805,7.31134558,1.617,,16.7,18.8,,,5.13,44271541.0,1.16491370094378,76.5964145836792,2.096,54.1
Colombia,COL,2010,74.876,Latin America & Caribbean,Upper middle income,286498534094.963,6398.2958447102,10841.1279797769,4.49465897070922,11.153,452.44281006,7.07130194,1.666,1.51,16.2,18.2,20.15,,5.07,44777319.0,1.13596836363633,76.7232975672119,2.01,54.4
Colombia,COL,2011,75.18,Latin America & Caribbean,Upper middle income,334966134804.887,7400.9940695669,11707.4614624747,6.94789198173555,10.288,501.84420776,6.78076792,1.754,1.49,15.7,17.6,,9.8,5.06,45259614.0,1.07133727666266,76.839003613206,1.938,53.3
Colombia,COL,2012,75.611,Latin America & Caribbean,Upper middle income,370691143018.039,8108.59838244229,12093.0754939172,3.91263576716115,9.959,547.00732422,6.74601603,1.814,1.52,15.2,17.1,,,5.09,45715810.0,1.00290782655336,76.942211203265,1.899,53.6
Colombia,COL,2013,75.834,Latin America & Caribbean,Upper middle income,382093697077.685,8279.10255642981,12779.8865818318,5.13399351995672,9.246,580.96453857,7.01724052,1.884,1.58,14.8,16.5,,,5.06,46151584.0,0.948709328751527,77.0315988189922,1.86,53.5
Colombia,COL,2014,75.95,Latin America & Caribbean,Upper middle income,381240864422.407,8187.20824890084,13355.3624162195,4.49903000110972,8.799,588.29449463,7.18553209,1.96,1.63,14.3,16.0,,,4.98,46565429.0,0.892711563926366,77.1058449419909,1.822,53.6
Colombia,COL,2015,76.067,Latin America & Caribbean,Upper middle income,293492370193.166,6248.51490534512,13332.0555048211,2.95590137527523,8.572,470.099823,7.52338505,2.022,1.65,13.9,15.5,,,5.02,46969940.0,0.864942376762699,77.1636280538646,1.771,52.0
Colombia,COL,2016,76.228,Latin America & Caribbean,Upper middle income,282720100286.228,5959.84250367574,14026.8399931053,2.08738250162794,8.922,448.84588623,7.53117037,2.088,1.72,13.5,15.0,,,5.0,47437512.0,0.990548549326914,77.2036266362166,1.719,51.7
Colombia,COL,2017,76.418,Latin America & Caribbean,Upper middle income,311866875156.879,6479.53231292429,14400.6139849314,1.35936086788746,9.086,497.54016113,7.67864323,2.163,1.74,13.1,14.5,,,5.01,48131078.0,1.45147726169193,77.2245191706503,1.717,50.9
Colombia,COL,2018,76.579,Latin America & Caribbean,Upper middle income,334198218098.276,6816.96818309544,15239.4049488277,2.56432428277704,9.36,526.11828613,7.71777487,2.242,1.73,12.7,14.0,,,4.92,49024465.0,1.83913784861099,77.2804816598084,1.715,51.6
Colombia,COL,2019,76.793,Latin America & Caribbean,Upper middle income,323031701192.84,6472.54544924705,16181.5908990662,3.18685539245533,10.28,507.06231689,7.83404827,2.317,1.75,12.3,13.5,,,4.92,49907985.0,1.78615507724394,77.4595528518377,1.71,52.5
Colombia,COL,2020,74.757,Latin America & Caribbean,Upper middle income,270348342541.465,5339.68711357943,15519.2101694656,-7.18591413760859,15.983,464.41998291,8.69751263,2.394,1.7,11.9,13.1,,,4.24,50629997.0,1.43632167326968,77.6382533537045,1.694,54.4
Colombia,COL,2021,72.698,Latin America & Caribbean,Upper middle income,318524633225.395,6222.62164397614,17383.0901728295,10.8011981904878,13.898,568.84130859,9.14150524,2.467,,11.5,12.7,,,,51188173.0,1.09642825395961,77.8339570326128,1.68,55.1
Colombia,COL,2022,76.508,Latin America & Caribbean,Upper middle income,345632492851.448,6680.44506854481,20854.002999162,7.32827729427979,10.541,507.07064819,7.59037256,,,11.2,12.3,,,,51737944.0,1.06829295530618,78.0464633137335,1.663,54.8
Colombia,COL,2023,77.725,Latin America & Caribbean,Upper middle income,366901643683.302,7012.49169137756,21281.7475207548,0.841819555752039,9.591,571.15496826,8.15838146,2.535,,10.8,11.9,,,,52321152.0,1.12092864340999,78.275571579544,1.645,54.6
Colombia,COL,2024,77.913,Latin America & Caribbean,Upper middle income,420504033143.211,7951.08624019412,22439.4001359818,1.49330728771066,9.619,644.30908203,8.14139366,,,10.5,11.5,,8.4,,52886363.0,1.07447920962035,78.5210811866115,1.634,54.4
"Congo, Dem. Rep.",COD,1995,50.381,Sub-Saharan Africa,Low income,5643439376.10491,127.008078734668,570.488714844815,0.699998829765505,3.285,,,,,94.3,169.4,,,,44433704.0,4.15133342018812,32.4561710395319,6.676,
"Congo, Dem. Rep.",COD,1996,49.376,Sub-Saharan Africa,Low income,5771456952.1908,127.416132828292,564.041511399401,-1.02317264257401,3.156,,,0.069,,118.1,210.4,,,,45296124.0,1.92231853470865,32.9262619269359,6.672,
"Congo, Dem. Rep.",COD,1997,50.461,Sub-Saharan Africa,Low income,6090838693.27145,132.323520768553,532.90643319508,-5.61704659890269,3.171,,,,,116.5,206.8,,,,46029902.0,1.60697628662433,33.4063254647945,6.69,
"Congo, Dem. Rep.",COD,1998,49.664,Sub-Saharan Africa,Low income,6217805820.77104,131.461338858019,515.933885038077,-1.62415404433756,3.195,,,,,110.5,195.5,,,,47297600.0,2.7168325472246,33.8958139811728,6.7,
"Congo, Dem. Rep.",COD,1999,50.089,Sub-Saharan Africa,Low income,4711259427.27273,96.3192243479286,484.349826383474,-4.27014083054951,3.23,,,,,107.9,190.4,,,,48912971.0,3.35830626776397,34.3941798041357,6.692,
"Congo, Dem. Rep.",COD,2000,51.887,Sub-Saharan Africa,Low income,19088046305.7971,377.925421481395,446.533836075084,-6.91092731714194,3.245,17.52071953,1.46594739,,,105.0,184.6,,,8.29,50507442.0,3.20780748301006,34.9008752617485,6.702,
"Congo, Dem. Rep.",COD,2001,52.205,Sub-Saharan Africa,Low income,7438189100.33333,142.678142604412,433.064313522016,-2.10017302429294,3.251,5.4341011,2.62310982,,,101.8,178.4,,,8.29,52132646.0,3.1670663452371,35.4153526820763,6.663,
"Congo, Dem. Rep.",COD,2002,52.371,Sub-Saharan Africa,Low income,8728038525.14034,162.38052907429,439.130292981472,2.94776518253177,3.179,4.17578602,2.57012939,,,98.5,172.2,,,8.43,53750524.0,3.05620605844951,35.937064393184,6.606,
"Congo, Dem. Rep.",COD,2003,52.952,Sub-Saharan Africa,Low income,8937567059.87754,161.491553524396,459.166393285914,5.57782231227127,3.057,6.03257608,3.73353338,,,95.2,165.9,,,8.68,55343867.0,2.92124332432638,36.4654627231369,6.549,
"Congo, Dem. Rep.",COD,2004,53.534,Sub-Saharan Africa,Low income,10297483481.223,180.664764963633,488.682547555091,6.73837393320788,2.976,7.83304834,4.33564186,0.107,,91.7,159.4,,,7.08,56997741.0,2.94457864295254,37.0,6.53,41.6
"Congo, Dem. Rep.",COD,2005,54.001,Sub-Saharan Africa,Low income,12609728573.1032,214.539740473519,518.744750801354,6.1351511550716,2.948,8.55065727,3.98558235,,,72.0,124.4,5.8,,5.52,58775724.0,3.07172770424984,37.4018738621901,6.526,
"Congo, Dem. Rep.",COD,2006,54.498,Sub-Saharan Africa,Low income,15484044534.5783,255.445229568751,544.998536636085,5.10894433184896,3.174,10.37645721,4.06210661,,0.8,69.0,118.9,,,3.76,60615908.0,3.08284543640824,37.8024827128113,6.547,
"Congo, Dem. Rep.",COD,2007,54.954,Sub-Saharan Africa,Low income,18374807772.5429,294.101615124419,589.69748891543,8.58332298445387,3.404,11.5629034,3.89384961,,,66.2,113.8,,,3.92,62477752.0,3.02531584938763,38.201781337298,6.559,
"Congo, Dem. Rep.",COD,2008,55.388,Sub-Saharan Africa,Low income,22723488723.3641,352.900363371995,626.55447365632,7.43333574200602,3.627,15.36659527,4.31254816,,,63.7,109.2,,,4.15,64390664.0,3.01581282864875,38.5997245210844,6.58,
"Congo, Dem. Rep.",COD,2009,55.798,Sub-Saharan Africa,Low income,18607259480.5447,280.178991035792,614.541156103233,0.541570197421564,3.882,12.75762081,4.51133156,0.088,,61.4,105.0,,,3.65,66412044.0,3.09097719189927,38.9962670496049,6.591,
"Congo, Dem. Rep.",COD,2010,56.411,Sub-Saharan Africa,Low income,24161641931.0331,352.400398754692,654.422746562432,8.61867717510543,4.098,12.1423111,3.72224283,,,59.5,101.4,,,3.06,68563038.0,3.18751592835336,39.391363708294,6.587,
"Congo, Dem. Rep.",COD,2011,56.911,Sub-Saharan Africa,Low income,26392379641.765,372.514273875789,643.764679093976,-0.403164081254445,4.317,11.89942932,3.19435549,,,57.9,98.3,,3.1,2.4,70849311.0,3.28016564590395,39.7849692825859,6.582,
"Congo, Dem. Rep.",COD,2012,57.35,Sub-Saharan Africa,Low income,30029369928.7318,409.931424783784,647.801733284929,8.66859360586926,4.485,13.20595551,3.2215035,,,56.7,95.9,,,2.55,73254618.0,3.33860489598034,40.1770385579151,6.559,42.1
"Congo, Dem. Rep.",COD,2013,57.795,Sub-Saharan Africa,Low income,34891189160.3002,460.370334930107,760.64987993962,17.5159124688348,4.469,15.37901688,3.34057522,0.085,,55.8,94.1,,,2.64,75789395.0,3.40170849300578,40.5675263197158,6.527,
"Congo, Dem. Rep.",COD,2014,58.236,Sub-Saharan Africa,Low income,38352980552.8665,489.175952097319,859.356816141236,7.30227750870263,4.436,18.22281265,3.72520614,,,55.3,92.7,,,2.58,78403242.0,3.39069033335839,40.9563873534225,6.483,
"Congo, Dem. Rep.",COD,2015,58.658,Sub-Saharan Africa,Low income,40179574490.3032,495.826633014883,910.393131638657,6.35973756164829,4.441,18.57252884,3.74785447,,,55.1,91.9,,,2.44,81035531.0,3.3022434270539,41.3435764444694,6.437,
"Congo, Dem. Rep.",COD,2016,59.081,Sub-Saharan Africa,Low income,38600224214.4728,459.765036590388,950.022298158597,0.393832798154563,4.528,19.3114109,4.20027828,,,55.1,91.5,,,2.28,83956415.0,3.54100823238224,41.7290483782911,6.392,
"Congo, Dem. Rep.",COD,2017,59.495,Sub-Saharan Africa,Low income,37537521565.5308,431.052559128788,990.545051394781,4.24121047272719,4.613,18.14648819,4.00057793,,,55.4,91.5,,,2.2,87083398.0,3.65684620577994,42.1127579403217,6.349,
"Congo, Dem. Rep.",COD,2018,59.926,Sub-Saharan Africa,Low income,46659954092.4862,518.169626875371,1048.86502855672,6.07168870646615,4.632,17.29077148,3.24127173,,,55.8,91.7,,,2.12,90047644.0,3.34726508426912,42.4946599159958,6.302,
"Congo, Dem. Rep.",COD,2019,60.242,Sub-Saharan Africa,Low income,46845900350.0332,504.00419142286,1056.17206659241,0.555384294580819,4.605,19.20812035,3.508039,0.162,,56.5,92.2,,,2.12,92947442.0,3.1695285579572,42.8747090907476,6.253,
"Congo, Dem. Rep.",COD,2020,60.428,Sub-Saharan Africa,Low income,46691989748.9186,486.425572682256,1088.7890035637,0.775427992354622,5.355,20.5593071,3.97694445,,,57.2,92.7,,,1.92,95989998.0,3.22098049233111,43.2528602500115,6.206,44.7
"Congo, Dem. Rep.",COD,2021,60.044,Sub-Saharan Africa,Low income,59067289573.5102,595.743074403567,1402.38560295221,6.42961005647355,5.289,21.58848572,3.86727977,0.171,,57.6,92.9,,,,99148932.0,3.23790848096045,43.6290681792218,6.156,
"Congo, Dem. Rep.",COD,2022,60.979,Sub-Saharan Africa,Low income,70422346142.2023,687.738587554685,1589.91203243059,9.31116944064918,4.54,24.3800106,3.9417696,0.208,,57.6,92.5,,,,102396968.0,3.2234019442495,44.003287663813,6.106,
"Congo, Dem. Rep.",COD,2023,61.895,Sub-Saharan Africa,Low income,69843655425.2929,660.21205238997,1732.04870835091,8.5334898318451,4.469,23.43148804,3.68495083,,,57.2,91.3,,,,105789731.0,3.25963514299902,44.3754734892194,6.051,
"Congo, Dem. Rep.",COD,2024,62.074,Sub-Saharan Africa,Low income,75716176105.0704,692.887665085098,1823.27705135453,6.1025294442863,4.421,,,,,56.4,89.7,,7.7,,109276265.0,3.24257627586721,44.7455804408753,5.981,
Cote d'Ivoire,CIV,1995,51.713,Sub-Saharan Africa,Lower middle income,11000146266.5135,740.4730999133,2683.32097616165,7.12574472834217,4.1,,,,,98.9,152.4,,,,14855565.0,3.90104410052876,41.2920870145192,6.038,40.6
Cote d'Ivoire,CIV,1996,51.596,Sub-Saharan Africa,Lower middle income,18071152830.6101,1170.23622049666,2831.79903700796,7.72932741916973,4.039,,,0.09,,97.8,150.9,,,,15442312.0,3.87367317960594,41.6377848898263,5.954,
Cote d'Ivoire,CIV,1997,51.498,Sub-Saharan Africa,Lower middle income,18047558037.7036,1124.65674867927,3039.52473895099,9.6488400474633,3.964,,,,,96.5,148.9,,,,16047170.0,3.84212357223658,41.9897649794856,5.902,
Cote d'Ivoire,CIV,1998,51.22,Sub-Saharan Africa,Lower middle income,19619654755.679,1177.37133815342,3086.12766369107,4.26390594437231,4.1,,,,,94.9,146.4,,,,16663948.0,3.7715073412938,42.3472061187643,5.854,39.0
Cote d'Ivoire,CIV,1999,51.273,Sub-Saharan Africa,Lower middle income,18870992455.568,1096.13520587572,3064.79944782813,1.16685998202273,4.421,,,,,93.3,143.6,,,,17215935.0,3.25878249601035,42.710690759617,5.805,
Cote d'Ivoire,CIV,2000,51.393,Sub-Saharan Africa,Lower middle income,16577533891.8785,936.636541348798,3040.57593174788,-0.265789462275947,4.835,30.33073425,3.61476922,,,91.4,140.4,,,4.21,17699004.0,2.76729583954346,43.0840065011913,5.773,
Cote d'Ivoire,CIV,2001,51.428,Sub-Saharan Africa,Lower middle income,16810537043.8407,924.727294962066,2961.76287276493,-2.15401249077306,5.195,30.58369255,3.59047151,,,89.3,136.9,,,4.21,18178913.0,2.67539291726228,43.4670149035012,5.704,
Cote d'Ivoire,CIV,2002,51.544,Sub-Saharan Africa,Lower middle income,18054383320.8474,967.815864415991,2851.03041350791,-2.73052647441901,5.508,32.55319595,3.54146051,,,87.1,133.1,,,4.36,18654771.0,2.58396350857445,43.859032147728,5.641,41.3
Cote d'Ivoire,CIV,2003,51.443,Sub-Saharan Africa,Lower middle income,21251754340.4305,1111.17135087887,2701.74168485872,-4.72586658630681,5.847,43.81231308,3.95147705,,,84.8,129.2,,,4.35,19125542.0,2.49227881118865,44.2593744150531,5.572,
Cote d'Ivoire,CIV,2004,51.939,Sub-Saharan Africa,Lower middle income,23510575681.3686,1199.82524528546,2794.17325721544,3.18503822575397,5.915,47.04700851,4.02148724,0.106,,82.5,125.3,,,4.35,19595000.0,2.42497124712807,44.667357886658,5.527,
Cote d'Ivoire,CIV,2005,52.432,Sub-Saharan Africa,Lower middle income,24036918703.1747,1197.74616979415,2841.82308795836,0.996065564854788,6.023,46.69436264,3.96639085,0.085,,80.0,121.2,8.5,,4.26,20068458.0,2.38748971138117,45.082298743724,5.499,
Cote d'Ivoire,CIV,2006,52.885,Sub-Saharan Africa,Lower middle income,25281413263.3712,1230.43056838584,2941.82141170605,2.81557859252327,6.017,47.08904266,3.92861462,,0.4,77.8,117.4,,,4.23,20546802.0,2.35559796287643,45.5035131674326,5.448,
Cote d'Ivoire,CIV,2007,53.452,Sub-Saharan Africa,Lower middle income,28760090953.3081,1367.53817722326,2984.53472149065,1.10142976793477,6.284,56.15083694,4.19379663,,,75.3,113.5,,,4.19,21030558.0,2.3271214491968,45.930317338965,5.403,
Cote d'Ivoire,CIV,2008,54.179,Sub-Saharan Africa,Lower middle income,34078240293.2559,1583.97066701372,3115.83789176753,4.7826659787672,6.382,64.67678833,4.1387105,0.128,,72.6,109.0,,,4.22,21514439.0,2.27477682329573,46.3620274395029,5.357,43.2
Cote d'Ivoire,CIV,2009,54.744,Sub-Saharan Africa,Lower middle income,33886813250.2036,1540.45393569596,3176.63242423806,3.60332156667053,6.573,71.06480408,4.63971424,,,70.5,105.2,,,3.53,21997940.0,2.22245214914258,46.7979596502274,5.332,
Cote d'Ivoire,CIV,2010,55.282,Sub-Saharan Africa,Lower middle income,34936307980.063,1553.54887048143,3360.54408815073,6.84804939907013,6.607,70.04605103,4.57494831,,,68.4,101.6,,,2.82,22488065.0,2.20359114199838,47.2374301523201,5.292,
Cote d'Ivoire,CIV,2011,55.972,Sub-Saharan Africa,Lower middle income,36693710801.3976,1596.62826565998,3175.9192237076,-5.37044724000579,7.144,67.97618103,4.39700699,0.14,,66.6,98.4,,4.9,2.12,22982000.0,2.17265768049368,47.6797551269623,5.244,
Cote d'Ivoire,CIV,2012,56.57,Sub-Saharan Africa,Lower middle income,36302302877.2977,1546.9460184731,3290.72306949457,7.62041176451649,7.223,69.86203003,4.4273715,,,64.5,95.3,,,2.15,23467078.0,2.08872019159152,48.1242507553354,5.19,
Cote d'Ivoire,CIV,2013,57.057,Sub-Saharan Africa,Lower middle income,42760235484.6093,1786.15862031324,3619.01790854865,10.7602131311256,4.255,67.13149261,3.71773791,,,62.4,92.0,,,2.26,23939775.0,1.99427988380631,48.5702332186208,5.135,
Cote d'Ivoire,CIV,2014,57.772,Sub-Saharan Africa,Lower middle income,48843005613.7091,1991.36539423404,4074.21445539789,9.37199994240375,3.274,74.3581543,3.7310183,0.214,,60.3,88.6,,,2.44,24527395.0,2.42493545476417,49.0173144557368,5.071,
Cote d'Ivoire,CIV,2015,58.281,Sub-Saharan Africa,Lower middle income,45815005169.2651,1814.71855088017,4403.64296618998,7.19494942728191,2.573,58.43181992,3.2198832,,,58.4,85.5,,,2.57,25246342.0,2.88906178023194,49.4694894689553,4.97,41.5
Cote d'Ivoire,CIV,2016,58.814,Sub-Saharan Africa,Lower middle income,48407761036.8238,1862.59597081287,4530.64849808487,7.17275963956332,1.896,61.85705566,3.32101274,,,56.9,83.0,,,2.65,25989405.0,2.90076810314127,49.929991034032,4.873,
Cote d'Ivoire,CIV,2017,59.315,Sub-Saharan Africa,Lower middle income,52512343996.69,1964.29930338343,4690.17801861096,7.41076242592504,3.272,63.77943039,3.24693036,,,55.2,80.5,,,2.71,26733372.0,2.82237176165589,50.3977309654344,4.757,
Cote d'Ivoire,CIV,2018,59.795,Sub-Saharan Africa,Lower middle income,58522477786.6889,2130.86619381144,4945.62520575915,4.84314605889178,2.852,65.87952423,3.0916779,0.351,,53.5,77.9,,,2.8,27464173.0,2.69696827034562,50.8718477756395,4.596,37.2
Cote d'Ivoire,CIV,2019,60.274,Sub-Saharan Africa,Lower middle income,60382894697.3557,2141.76836170115,5516.39055126829,6.72137167584978,2.401,68.30471039,3.18916845,0.149,,51.8,75.3,,,2.8,28193009.0,2.61916841176218,51.3514799771241,4.523,
Cote d'Ivoire,CIV,2020,60.14,Sub-Saharan Africa,Lower middle income,63027852805.4204,2179.72934832935,5543.85096318939,0.699728593494228,2.588,78.97766876,3.62327886,0.153,,50.3,73.0,,,2.85,28915449.0,2.53019803537112,51.8357660823651,4.461,
Cote d'Ivoire,CIV,2021,60.29,Sub-Saharan Africa,Lower middle income,72794636653.7793,2455.98127641148,6045.20480490881,7.06253713446816,2.623,92.39588928,3.76207662,0.167,,48.7,70.8,,,,29639736.0,2.47398737434864,52.3183461956059,4.411,35.3
Cote d'Ivoire,CIV,2022,61.562,Sub-Saharan Africa,Lower middle income,70922824813.9102,2333.37128301259,6718.37891572875,6.39988362730921,2.31,84.89915466,3.63847613,0.162,,47.4,68.7,,,,30395002.0,2.51622934953513,52.8492549676673,4.349,
Cote d'Ivoire,CIV,2023,61.944,Sub-Saharan Africa,Lower middle income,80780312569.1646,2591.9659048119,7243.14676270142,6.60000045209176,2.263,87.68105316,3.43218303,0.166,,46.2,66.5,,,,31165654.0,2.50384681190665,53.4075201638704,4.283,
Cote d'Ivoire,CIV,2024,62.11,Sub-Saharan Africa,Lower middle income,87113179149.284,2727.8935220697,7680.36980823038,6.0195346193922,2.273,,,,,44.8,64.5,,5.0,,31934230.0,2.43618201263834,53.9733113940142,4.23,
Cuba,CUB,1995,74.346,Latin America & Caribbean,Upper middle income,30429803651.2192,2785.24442954103,,2.45720117243687,8.27,,,5.202,,8.5,10.6,,,,10925362.0,0.360738635076928,74.5832290649414,1.481,
Cuba,CUB,1996,74.69,Latin America & Caribbean,Upper middle income,25017368700.0,2282.18809324202,,7.83874965899149,7.61,,,5.485,5.1300001144,8.1,10.2,,,,10962010.0,0.334878342165694,74.784049987793,1.457,
Cuba,CUB,1997,75.064,Latin America & Caribbean,Upper middle income,25365908100.0,2306.42483397336,,2.78342504174314,7.1,,,5.694,,7.8,9.7,,,,10997934.0,0.327177811070877,75.0676345825195,1.59,
Cuba,CUB,1998,75.412,Latin America & Caribbean,Upper middle income,25736331200.0,2332.30656133119,,0.159146052326719,6.23,,,5.753,,7.4,9.3,,,,11034712.0,0.333850361499209,75.3100128173828,1.617,
Cuba,CUB,1999,75.719,Latin America & Caribbean,Upper middle income,28364615200.0,2561.77980406838,,6.18875530352257,6.26,,,5.858,,7.1,8.9,,,,11072230.0,0.339423118944191,75.3816833496094,1.64,
Cuba,CUB,2000,75.922,Latin America & Caribbean,Upper middle income,30565400000.0,2751.3817714814,,5.9147601740486,5.45,181.09315491,6.58189821,5.941,5.29,6.8,8.6,,,5.43,11109109.0,0.332523063476085,75.635383605957,1.608,
Cuba,CUB,2001,76.429,Latin America & Caribbean,Upper middle income,31682400000.0,2842.96704310394,,3.18502990449461,4.08,198.49874878,6.9820981,5.952,5.1,6.5,8.2,,,5.43,11144132.0,0.314767893063089,75.887565612793,1.595,
Cuba,CUB,2002,76.766,Latin America & Caribbean,Upper middle income,33590500000.0,3005.21104247868,,1.42482126141282,3.31,213.81524658,7.11481619,6.001,5.0,6.3,7.9,,,5.58,11177418.0,0.298241158634859,75.8514891112497,1.645,
Cuba,CUB,2003,77.405,Latin America & Caribbean,Upper middle income,35901200000.0,3202.78109865637,,3.79274022304334,2.33,227.49208069,7.10295439,6.068,4.94,6.0,7.6,,,5.71,11209383.0,0.28557024938914,75.8636638735113,1.627,
Cuba,CUB,2004,77.326,Latin America & Caribbean,Upper middle income,38203000000.0,3399.21962893402,,5.77053807021559,1.854,232.22746277,6.83178711,6.203,4.93,5.8,7.3,,,5.84,11238756.0,0.261696675732895,75.917681659226,1.546,
Cuba,CUB,2005,77.54,Latin America & Caribbean,Upper middle income,42643836100.0,3786.33799225291,,11.2016564219094,1.95,331.50354004,8.75525475,6.268,4.87,5.6,7.1,,,5.75,11262554.0,0.211525541164423,76.0033319545493,1.486,
Cuba,CUB,2006,77.406,Latin America & Caribbean,Upper middle income,48835925925.9259,4329.98265964383,,12.0658631129953,1.913,386.8258667,8.2719059,6.339,4.86,5.4,6.8,,,5.63,11278550.0,0.141927411231616,76.1121531072403,1.402,
Cuba,CUB,2007,77.55,Latin America & Caribbean,Upper middle income,54262870370.3704,4807.43888960684,,7.26213696647943,1.788,569.43585205,10.9674921,6.416,4.85,5.2,6.6,,,5.57,11287272.0,0.0773027495682228,76.2356834650585,1.436,
Cuba,CUB,2008,77.589,Latin America & Caribbean,Upper middle income,56302129629.6296,4986.12436479175,,4.11682804164681,1.583,609.27282715,11.31422806,6.602,4.63,5.1,6.5,,,5.53,11291762.0,0.0397714096996831,76.365461375763,1.576,
Cuba,CUB,2009,77.584,Latin America & Caribbean,Upper middle income,57481481481.4815,5089.23519757167,,1.4513054307407,1.67,675.53399658,12.29053974,6.63,4.56,5.0,6.3,,,5.54,11294719.0,0.0261838045235437,76.4930251871133,1.678,
Cuba,CUB,2010,77.876,Latin America & Caribbean,Upper middle income,59562962962.963,5272.26755824835,,2.39035229650723,2.5,608.5847168,10.6880827,6.772,4.56,4.9,6.2,,,5.5,11297409.0,0.023813604568028,76.6099132468685,1.673,
Cuba,CUB,2011,78.051,Latin America & Caribbean,Upper middle income,68990000000.0,6104.46105236166,,2.80230083647626,3.18,695.81542969,11.31298637,6.957,4.04,4.8,6.1,,9.4,5.55,11301571.0,0.0368335212213653,76.707663902788,1.734,
Cuba,CUB,2012,78.162,Latin America & Caribbean,Upper middle income,73141000000.0,6470.83673392653,,3.01490028898772,3.46,601.74957275,9.29940987,7.26,4.04,4.8,6.1,,,5.58,11303175.0,0.0141917100302061,76.7776920066844,1.668,
Cuba,CUB,2013,78.028,Latin America & Caribbean,Upper middle income,77148000000.0,6828.36428245396,,2.74760256257211,3.29,712.26629639,10.43099499,7.408,4.04,4.8,6.0,,,5.66,11298167.0,-0.0443159532912746,76.81640625,1.678,
Cuba,CUB,2014,77.825,Latin America & Caribbean,Upper middle income,80656100000.0,7146.70459051328,,1.04757663187654,2.7,867.69702148,12.14121914,7.582,4.03,4.8,6.1,,,5.77,11285775.0,-0.109741702698894,76.8442459106445,1.655,
Cuba,CUB,2015,77.745,Latin America & Caribbean,Upper middle income,87132800000.0,7727.91997207998,,4.4383335888395,2.4,991.08496094,12.81404305,7.803,4.07,4.8,6.1,,,5.85,11275065.0,-0.0949432805207596,76.8702850341797,1.685,
Cuba,CUB,2016,77.571,Latin America & Caribbean,Upper middle income,91370407900.0,8110.55874283616,,0.512843095700745,2.0,990.92346191,12.21769619,8.003,4.15,4.9,6.3,,,5.91,11265612.0,-0.0838750367097098,76.9115829467773,1.6,
Cuba,CUB,2017,77.3,Latin America & Caribbean,Upper middle income,96850649700.0,8610.60829605429,,1.80979178380274,1.7,987.81030273,11.47201538,8.187,4.17,5.1,6.4,,,5.95,11247829.0,-0.157976772172404,76.9603271484375,1.585,
Cuba,CUB,2018,77.426,Latin America & Caribbean,Upper middle income,100050036100.0,8911.46205998726,,2.24794852913217,1.7,981.90283203,11.01842499,8.505,4.19,5.2,6.6,,,6.01,11227118.0,-0.1843030451865,77.0156326293945,1.607,
Cuba,CUB,2019,77.413,Latin America & Caribbean,Upper middle income,103427600000.0,9232.26115935183,,-0.163087223606624,1.705,1023.39715576,11.08501148,8.677,4.21,5.4,6.9,,,6.01,11202846.0,-0.216424863402489,77.0728225708008,1.54,
Cuba,CUB,2020,77.407,Latin America & Caribbean,Upper middle income,107352000000.0,9605.27914559614,,-10.9494359030206,2.233,1199.35327148,12.48641968,9.291,4.23,5.7,7.2,,,5.38,11176354.0,-0.236755669324081,77.1080322265625,1.489,
Cuba,CUB,2021,73.201,Latin America & Caribbean,Upper middle income,,,,1.25448735650322,2.11,,13.78746605,9.542,4.27,5.9,7.5,,,,11122168.0,-0.486006262271645,77.0987701416016,1.427,
Cuba,CUB,2022,77.629,Latin America & Caribbean,Upper middle income,,,,1.77465227724316,1.829,,11.78773499,,4.32,6.2,7.8,,,,11059820.0,-0.562151275082133,77.1056060791016,1.412,
Cuba,CUB,2023,78.085,Latin America & Caribbean,Upper middle income,,,,-1.92937123169681,1.73,,9.38383102,,4.33,6.5,8.2,,,,11019931.0,-0.361317873522215,77.1259872296321,1.439,
Cuba,CUB,2024,78.264,Latin America & Caribbean,Upper middle income,,,,-1.06173273220524,1.755,,,,,6.8,8.6,,9.4,,10979783.0,-0.364986968189241,77.1664929228275,1.445,
Czechia,CZE,1995,73.0748780487805,Europe & Central Asia,High income,60572381311.2283,5865.29460556726,13957.2702636739,6.22140598863832,4.082,,,3.001,,7.1,8.5,,,,10327253.0,-0.0613140627238111,74.7092872936794,1.28,
Czechia,CZE,1996,73.7146341463415,Europe & Central Asia,High income,67804105329.8557,6573.19643136362,14780.8272150214,4.16858426915319,3.852,,,2.99,,6.4,7.7,,,,10315241.0,-0.11638129923463,74.5566488007996,1.18,25.8
Czechia,CZE,1997,73.8248780487805,Europe & Central Asia,High income,62539765163.1302,6069.38762357837,14911.1309325943,-0.595838414214853,4.674,,,3.119,,5.7,6.9,,,,10304131.0,-0.107762749274352,74.4028023190951,1.17,
Czechia,CZE,1998,74.5146341463415,Europe & Central Asia,High income,67187217327.7326,6526.59635780951,15063.7603914658,-0.393150193750415,6.455,,,3.039,,5.2,6.3,,,,10294373.0,-0.0947447516571582,74.2547289190302,1.16,
Czechia,CZE,1999,74.6682926829268,Europe & Central Asia,High income,65586562604.8621,6377.6211077224,15493.9796685778,1.37836060943835,8.702,,,3.088,,4.8,5.8,,,,10283860.0,-0.102175934295454,74.1194096710694,1.13,
Czechia,CZE,2000,74.9682926829268,Europe & Central Asia,High income,62175642238.0847,6062.92152842793,16332.2910408629,4.010669619984,8.764,342.92108154,5.66916943,3.38,7.81,4.5,5.5,,11.7,14.22,10255063.0,-0.280414108078884,74.0038256456769,1.15,
Czechia,CZE,2001,75.1731707317073,Europe & Central Asia,High income,68135304463.9641,6669.07494847497,17709.4523103293,2.9172195289956,8.128,388.54403687,5.83479309,3.442,7.76,4.2,5.2,,,14.22,10216605.0,-0.375719704335905,73.9131752504002,1.15,
Czechia,CZE,2002,75.2219512195122,Europe & Central Asia,High income,82607869609.574,8101.26018588111,18344.0329427938,1.51345949139996,7.28,497.74203491,6.14656258,3.491,7.73,4.0,5.0,,,14.21,10196916.0,-0.192901617564167,73.8360067578753,1.17,26.6
Czechia,CZE,2003,75.1707317073171,Europe & Central Asia,High income,100435924704.881,9852.45677945801,19604.0917215381,3.300836832613,7.777,640.66040039,6.50168419,3.509,7.69,3.9,4.8,17.7343904972076,,14.13,10193998.0,-0.028620590719166,73.7649150201353,1.18,
Czechia,CZE,2004,75.7219512195122,Europe & Central Asia,High income,120147899983.657,11782.5546676117,20988.1204818834,4.73633969683438,8.298,746.32891846,6.33308411,3.499,7.6,3.7,4.6,,,14.09,10197101.0,0.0304348483027166,73.6991647167017,1.23,27.5
Czechia,CZE,2005,75.9243902439025,Europe & Central Asia,High income,137264185596.1,13442.4916284309,22114.8363085202,6.37502886086791,7.927,852.65246582,6.33529043,3.539,7.52,3.5,4.4,,,13.99,10211216.0,0.138325980046718,73.6375545423198,1.29,26.9
Czechia,CZE,2006,76.5243902439024,Europe & Central Asia,High income,156236258386.589,15259.0788162004,23914.1862443811,6.62317299177447,7.141,942.11804199,6.16489983,3.551,7.4,3.3,4.1,,,14.11,10238905.0,0.270795629232185,73.578883191735,1.34,26.7
Czechia,CZE,2007,76.7243902439025,Europe & Central Asia,High income,190040702286.917,18452.6532812196,26267.6071527112,5.48882595164517,5.316,1110.17663574,5.99029112,3.561,7.3,3.2,3.9,,,14.1,10298828.0,0.583542205385113,73.5219493596925,1.45,26.0
Czechia,CZE,2008,76.9756097560976,Europe & Central Asia,High income,236506264753.95,22774.7045076205,27937.841568102,2.61226807205139,4.392,1449.33679199,6.33855247,3.558,7.22,3.0,3.7,19.9248194694519,,14.04,10384603.0,0.829412602993033,73.4655517409377,1.51,26.3
Czechia,CZE,2009,77.0780487804878,Europe & Central Asia,High income,206971882704.716,19817.4215836554,27713.2434564605,-4.79832416684926,6.662,1442.24279785,7.2650013,3.584,7.16,2.9,3.5,,,13.67,10443936.0,0.569729451418061,73.4084890302159,1.51,26.2
Czechia,CZE,2010,77.4243902439025,Europe & Central Asia,High income,211168667286.27,20160.4355077059,28153.8518610007,2.71466509907701,7.281,1509.44726563,7.47836781,3.599,7.35,2.7,3.4,,,13.33,10474410.0,0.29136167418042,73.3495599222723,1.51,26.6
Czechia,CZE,2011,77.8731707317073,Europe & Central Asia,High income,231429378717.312,22049.1080788682,29237.1870959847,1.77238085338473,6.712,1649.15905762,7.47281456,3.637,7.11,2.6,3.3,,5.3,13.13,10496088.0,0.206747667335417,73.2878338394746,1.43,26.4
Czechia,CZE,2012,78.0756097560976,Europe & Central Asia,High income,210363223087.728,20014.0354015165,29465.6074011894,-0.770668190622743,6.979,1509.77526855,7.53974962,3.676,6.98,2.6,3.2,11.0288433730602,,13.08,10510785.0,0.139925655740972,73.2249239592898,1.45,26.1
Czechia,CZE,2013,78.1756097560976,Europe & Central Asia,High income,213024360541.119,20260.4954999375,31013.0082933831,-0.0418124160447491,6.953,1508.79907227,7.44831276,3.689,6.75,2.5,3.1,,,13.14,10514272.0,0.0331699460503076,73.1622186934979,1.46,26.5
Czechia,CZE,2014,78.8243902439024,Europe & Central Asia,High income,210911285077.683,20038.4163180257,32743.489773169,2.24521219862635,6.108,1512.59326172,7.53919601,3.9345,6.73,2.5,3.1,21.3639378547668,,13.11,10525347.0,0.105277581527518,73.0995921041469,1.53,25.9
Czechia,CZE,2015,78.5780487804878,Europe & Central Asia,High income,189107698561.919,17931.5987670768,34093.0280593748,4.95875848915604,5.048,1308.8013916,7.29346752,3.9516,6.73,2.6,3.2,,,13.22,10546059.0,0.196588748472653,73.0370442874355,1.57,25.9
Czechia,CZE,2016,79.0268292682927,Europe & Central Asia,High income,198160659303.939,18753.9686718096,36445.0485732064,2.58087013921376,3.952,1374.9005127,7.32258606,4.0194,6.73,2.6,3.2,,,13.2,10566332.0,0.192048415842684,72.9745753395623,1.63,25.4
Czechia,CZE,2017,78.9780487804878,Europe & Central Asia,High income,221563575696.217,20913.197632212,39346.030564257,5.17356529967881,2.893,1516.75012207,7.24190664,4.0676,6.71,2.6,3.2,,,13.26,10594438.0,0.265642663548985,72.9121853567256,1.69,24.9
Czechia,CZE,2018,79.0292682926829,Europe & Central Asia,High income,251992360762.236,23705.9329811299,41638.1831076596,2.83030588267866,2.246,1750.81188965,7.37173605,4.069,6.72,2.5,3.1,,,13.29,10629928.0,0.334427262299794,72.8498744351241,1.71,25.0
Czechia,CZE,2019,79.2292682926829,Europe & Central Asia,High income,256794209028.77,24062.7190013343,45614.0171132532,3.56577658128261,2.015,1805.44030762,7.48754358,4.112,6.7,2.4,3.0,,,13.29,10671870.0,0.393788864202175,72.7876426709563,1.71,25.3
Czechia,CZE,2020,78.2268292682927,Europe & Central Asia,High income,251109660602.536,23472.8915454417,44839.4822099455,-5.30487955463876,2.55,2106.28027344,8.96995831,4.153,6.63,2.4,2.9,,,11.99,10697858.0,0.243222682211879,72.7254901604208,1.74,26.2
Czechia,CZE,2021,77.2219512195122,Europe & Central Asia,High income,290972714482.313,27696.4619527544,47796.0337408466,4.02901832055149,2.803,2538.03344727,9.15420723,4.246,6.65,2.3,2.8,,,,10505772.0,-1.81187141002542,72.6810594374316,1.83,26.2
Czechia,CZE,2022,78.9292682926829,Europe & Central Asia,High income,301831228325.556,28282.2236715857,52946.9660854462,2.8471706583814,2.224,2431.08496094,8.47063065,4.352,6.54,2.2,2.7,,,,10672118.0,1.5709725672011,72.6967638379524,1.64,25.9
Czechia,CZE,2023,79.8268292682927,Europe & Central Asia,High income,345059295659.911,31761.5944102491,56062.3957561294,0.0475803308973752,2.579,2671.08398438,8.42677402,,,2.1,2.6,,,,10864042.0,1.78238907045946,72.7352388396817,1.46,25.7
Czechia,CZE,2024,79.9780487804878,Europe & Central Asia,High income,347082562221.377,31827.7552539413,57625.0961715706,1.25131096245923,2.6,2692.76416016,8.50710297,,,2.1,2.6,,7.6,,10905028.0,0.376553049157494,72.7947984592185,1.36,
Dominican Republic,DOM,1995,69.394,Latin America & Caribbean,Upper middle income,16637370839.1608,2109.16940728689,4870.86165408922,5.69998859173715,6.439,,,1.5,,39.4,47.6,,,,7888115.0,1.87366695978571,57.1317099454393,3.101,
Dominican Republic,DOM,1996,69.595,Latin America & Caribbean,Upper middle income,18241622547.5908,2270.86558687203,5160.98784859774,5.96119319380874,6.485,,,,1.5,37.9,45.6,,,,8032894.0,1.81876652347671,57.8287488204273,3.04,47.4
Dominican Republic,DOM,1997,69.809,Latin America & Caribbean,Upper middle income,20017450041.3075,2448.89393535363,5618.4630767943,8.89955230035797,6.323,,,2.156,,36.6,43.8,,,,8174078.0,1.74230660119003,58.6073675691044,2.922,48.9
Dominican Republic,DOM,1998,69.875,Latin America & Caribbean,Upper middle income,21672215546.7642,2607.85457321405,5963.18499153173,6.70585570778992,6.304,,,,,35.4,42.2,,,,8310362.0,1.65352423438546,59.4555813779028,2.835,
Dominican Republic,DOM,1999,70.178,Latin America & Caribbean,Upper middle income,22136579396.9218,2620.8896817272,6304.73320415375,5.95651024999543,6.312,,,,,34.3,40.8,,,,8446208.0,1.62144133588108,60.3614054332546,2.846,
Dominican Republic,DOM,2000,70.365,Latin America & Caribbean,Upper middle income,24305780628.6677,2831.45883638033,6639.01131841732,4.65172550299128,6.432,138.29624939,4.88427496,1.825,,33.5,39.6,,,7.91,8584190.0,1.62045560357101,61.3128549215919,2.869,51.5
Dominican Republic,DOM,2001,70.553,Latin America & Caribbean,Upper middle income,25601823687.5742,2935.89367312668,6847.57366132384,2.46937023763239,7.262,143.32540894,4.88183308,,,32.7,38.6,,,7.91,8720283.0,1.57295522360966,62.2979450293469,2.827,50.0
Dominican Republic,DOM,2002,70.719,Latin America & Caribbean,Upper middle income,27137440786.2562,3065.60329524196,7157.66825469384,4.48650367045651,6.779,152.86595154,4.98649025,,,32.1,37.7,,,7.8,8852235.0,1.50182779865574,63.2914022524877,2.764,49.7
Dominican Republic,DOM,2003,70.856,Latin America & Caribbean,Upper middle income,21403167848.1444,2383.26171780393,7097.55707815418,-1.34935744782766,6.938,104.59856415,4.38888264,,,31.7,37.0,12.7316638827324,,7.45,8980620.0,1.43989527377933,64.426197134766,2.703,52.1
Dominican Republic,DOM,2004,70.73,Latin America & Caribbean,Upper middle income,22322387382.494,2451.69161616569,7374.81231783811,2.58556667449577,6.303,105.12216187,4.2877388,,,31.3,36.4,,,7.17,9104892.0,1.37429292476688,65.8914085229291,2.641,52.1
Dominican Republic,DOM,2005,71.043,Latin America & Caribbean,Upper middle income,35777560683.9366,3878.31206735244,8215.03244569903,9.43178931977285,6.587,168.85827637,4.35391188,,,31.0,36.0,,,6.96,9225034.0,1.31090240619311,67.5759180469321,2.574,50.0
Dominican Republic,DOM,2006,71.054,Latin America & Caribbean,Upper middle income,37879830084.2627,4055.14270347371,9130.06906150852,9.17120650955299,5.654,161.94844055,3.99365425,,,30.8,35.6,,,7.16,9341183.0,1.25120281923629,69.333853706035,2.508,52.0
Dominican Republic,DOM,2007,71.097,Latin America & Caribbean,Upper middle income,43965458508.5056,4649.64558875814,9951.13191549797,7.41840577774235,5.158,190.14048767,4.08935308,,1.2,30.6,35.3,,,7.21,9455658.0,1.21803887479734,71.0193434994977,2.51,48.9
Dominican Republic,DOM,2008,71.331,Latin America & Caribbean,Upper middle income,48091433554.186,5023.58513403515,10345.8080979109,3.26808671288212,4.764,229.29747009,4.56442022,1.085,1.58,30.5,35.1,,,7.14,9573130.0,1.23469232350419,72.4865154265802,2.546,48.1
Dominican Republic,DOM,2009,71.587,Latin America & Caribbean,Upper middle income,48223781476.8909,4973.95186999952,10381.6248127844,1.00345293018719,5.467,237.11128235,4.76706171,,1.45,30.5,34.9,,,6.99,9695265.0,1.26774062661765,73.5894974865426,2.574,48.9
Dominican Republic,DOM,2010,72.039,Latin America & Caribbean,Upper middle income,53801053352.5005,5478.62470398954,11245.6811888526,8.40114541209596,5.212,270.03961182,4.92896748,,1.6,30.5,34.9,,,6.84,9820175.0,1.28013209833069,74.1642773174177,2.556,47.3
Dominican Republic,DOM,2011,72.496,Latin America & Caribbean,Upper middle income,57948261615.957,5826.51014109195,11694.6641852303,3.19196227475523,6.087,293.95123291,5.04506636,1.507,1.58,30.6,34.8,,8.1,6.78,9945621.0,1.26934108138221,74.2440389501301,2.527,47.7
Dominican Republic,DOM,2012,72.817,Latin America & Caribbean,Upper middle income,60561635555.6383,6013.81965002603,11776.6228103557,2.77567100848816,6.722,304.23754883,5.05897284,,1.73,30.6,34.8,,,6.73,10070411.0,1.24691664021516,74.2398679969568,2.497,46.1
Dominican Republic,DOM,2013,73.038,Latin America & Caribbean,Upper middle income,62555417414.582,6136.59429329301,12413.910018356,4.93473300709881,7.351,302.28512573,4.92594242,,1.72,30.8,34.8,,,6.65,10193833.0,1.21814094005704,74.2251359951216,2.474,47.7
Dominican Republic,DOM,2014,73.145,Latin America & Caribbean,Upper middle income,67014329099.5549,6496.45166971142,13464.7925609074,7.11122629673892,6.719,312.44223022,4.80942917,,1.52,30.9,34.9,,,6.59,10315528.0,1.18674032060011,74.1931533822153,2.451,44.3
Dominican Republic,DOM,2015,72.982,Latin America & Caribbean,Upper middle income,70966782572.4386,6800.95309395474,14804.0974069659,6.98771131236387,7.605,322.04864502,4.73534584,,1.51,31.0,34.9,,,6.57,10434829.0,1.14988204322301,74.1372305958285,2.43,45.2
Dominican Republic,DOM,2016,72.889,Latin America & Caribbean,Upper middle income,75552902635.7075,7160.44200982307,16282.1899127514,6.71974078681295,7.284,328.36526489,4.58582401,,1.37,31.2,34.9,,,6.64,10551430.0,1.11122425240832,74.0506780735522,2.41,45.7
Dominican Republic,DOM,2017,73.37,Latin America & Caribbean,Upper middle income,79070274743.1658,7412.71571571512,16846.2072320323,3.93386176401576,5.832,329.54168701,4.44562674,,1.48,31.2,34.9,,,6.69,10666843.0,1.08787494846018,73.926806252977,2.398,42.2
Dominican Republic,DOM,2018,73.555,Latin America & Caribbean,Upper middle income,84994732049.3461,7882.98221584944,17994.8382742736,7.09751640210159,5.861,332.47702026,4.21765518,1.426,1.24,31.1,34.7,,,6.76,10782053.0,1.07428473724925,73.7589255716938,2.397,43.7
Dominican Republic,DOM,2019,73.112,Latin America & Caribbean,Upper middle income,89146130744.723,8183.01623600375,19766.7628586981,4.8940301149584,6.356,357.44137573,4.36808872,1.431,1.25,30.9,34.4,,,6.76,10894043.0,1.0333133463082,73.5403464672933,2.366,41.9
Dominican Republic,DOM,2020,72.636,Latin America & Caribbean,Upper middle income,78546672406.8291,7135.22273255899,18998.3069667315,-7.92905234231061,6.126,354.25689697,4.96490288,1.948,1.42,30.4,33.8,,,6.5,11008300.0,1.04334076460591,73.2643793773663,2.329,39.6
Dominican Republic,DOM,2021,71.757,Latin America & Caribbean,Upper middle income,94850719516.7127,8527.0754858205,22053.4589869955,14.0124289062207,7.702,433.89172363,5.08839989,2.029,1.51,29.8,33.0,,,,11123476.0,1.04082961778304,72.9243347395035,2.294,38.5
Dominican Republic,DOM,2022,74.211,Latin America & Caribbean,Upper middle income,113478103598.499,10104.2464008585,24621.9061494267,5.23795652902595,5.504,469.34915161,4.64506817,2.234,1.51,29.1,32.3,,,,11230734.0,0.959629735113671,72.4203155643711,2.267,37.0
Dominican Republic,DOM,2023,73.72,Latin America & Caribbean,Upper middle income,120456239153.739,10630.431743829,25861.2335511855,2.19229848237939,5.555,488.8727417,4.59880495,2.426,0.75,28.4,31.5,,,,11331265.0,0.891159203732232,72.3577991823338,2.243,38.4
Dominican Republic,DOM,2024,73.868,Latin America & Caribbean,Upper middle income,124282245638.568,10875.6618443092,27581.6606581871,4.95352204492849,5.312,,,,,27.7,30.6,,17.6,,11427557.0,0.846199988604412,72.4121874752151,2.222,39.0
Ecuador,ECU,1995,71.349,Latin America & Caribbean,Upper middle income,24432884442.2211,2108.00698245316,5469.14843512754,2.25254865225104,4.408,,,1.231,,32.7,40.5,,,,11590514.0,1.90154880558548,58.218469145091,3.381,50.8
Ecuador,ECU,1996,71.82,Latin America & Caribbean,Upper middle income,25226393196.5983,2135.8479374308,5559.97815275371,1.73174762607862,4.422,,,1.303,1.5499999523,30.7,38.0,,,,11810950.0,1.88400623342994,58.7951345734834,3.351,
Ecuador,ECU,1997,72.007,Latin America & Caribbean,Upper middle income,28162053026.5133,2340.76600026857,5792.64969137943,4.32786475767577,4.424,,,1.319,,28.8,35.6,,,,12031127.0,1.84701407802257,59.3379890323065,3.288,
Ecuador,ECU,1998,71.949,Latin America & Caribbean,Upper middle income,27981896948.4742,2284.01572847769,5940.44197507797,3.26652934570988,4.389,,,1.307,,27.1,33.3,,,,12251184.0,1.81253773221791,59.8393139134949,3.228,49.6
Ecuador,ECU,1999,71.92,Latin America & Caribbean,Upper middle income,19645272636.3182,1575.30234730971,5637.91693243525,-4.73938585363382,4.656,,,1.369,,25.5,31.3,,,,12470795.0,1.77669252856716,60.2913906089831,3.166,58.6
Ecuador,ECU,2000,72.09,Latin America & Caribbean,Upper middle income,17539454727.3637,1382.23421759909,5728.25249837211,1.09180164720277,4.8,49.37281418,3.57367969,0.812,1.54,24.1,29.6,,,4.17,12689206.0,1.73622001498213,60.6865005107058,3.102,56.3
Ecuador,ECU,2001,72.571,Latin America & Caribbean,Upper middle income,23127055000.0,1791.30359685037,5998.8750865322,4.20627185748789,4.252,72.7922287,4.06365538,0.851,1.56,22.9,28.0,,,4.17,12910740.0,1.73078123060297,61.0123544006659,3.037,
Ecuador,ECU,2002,73.164,Latin America & Caribbean,Upper middle income,27054197000.0,2059.1585535974,6281.52215137791,4.92809549611376,4.825,99.12815857,4.81404829,0.849,1.5,21.9,26.6,,,4.07,13138472.0,1.74851970226664,61.2871268050958,2.972,
Ecuador,ECU,2003,73.632,Latin America & Caribbean,Upper middle income,30965208000.0,2315.62215223014,6475.06597338992,2.88450036512064,5.662,134.12744141,5.79232407,0.808,1.39,21.0,25.5,11.5391448140144,,3.92,13372306.0,1.76411317879339,61.5418469886978,2.911,53.5
Ecuador,ECU,2004,73.868,Latin America & Caribbean,Upper middle income,35194947000.0,2586.20914663347,6980.09126361805,6.83239736646514,5.002,152.10868835,5.88152218,0.884,1.56,20.2,24.5,,,3.81,13608701.0,1.75235156486952,61.7829573274038,2.853,53.9
Ecuador,ECU,2005,73.909,Latin America & Caribbean,Upper middle income,40278849000.0,2909.02606014388,7457.46553600433,5.39862243994342,3.779,170.44190979,5.85904884,0.902,1.54,19.5,23.6,,,3.76,13846163.0,1.72987869573938,62.0068704145716,2.8,53.1
Ecuador,ECU,2006,74.01,Latin America & Caribbean,Upper middle income,45690762000.0,3243.67010359339,7884.51693599034,4.34113198577639,3.55,192.55101013,5.93617773,0.895,1.42,18.8,22.7,,,3.74,14086131.0,1.7182541754606,62.2099988435587,2.753,52.3
Ecuador,ECU,2007,74.226,Latin America & Caribbean,Upper middle income,49848725000.0,3478.92488770671,8112.44824439693,1.90242859700484,3.142,193.33273315,5.55722475,0.978,1.43,18.1,21.8,,,3.8,14328773.0,1.70789173160639,62.3887552077227,2.704,53.4
Ecuador,ECU,2008,74.709,Latin America & Caribbean,Upper middle income,61139438000.0,4194.75750661981,8662.60736251513,6.56492068224719,3.917,231.62229919,5.52174902,1.096,1.62,17.4,20.9,,,3.9,14575202.0,1.70519778784789,62.5395521004212,2.688,49.8
Ecuador,ECU,2009,74.901,Latin America & Caribbean,Upper middle income,60094978000.0,4053.36331139298,8662.10672699674,1.0910129698311,4.608,244.5753479,6.03388453,1.216,1.51,16.7,20.0,,,4.0,14825954.0,1.7057702083506,62.6588021150118,2.678,48.5
Ecuador,ECU,2010,75.188,Latin America & Caribbean,Upper middle income,68151329000.0,4520.30959039763,8968.94040809633,4.02913787986621,4.088,287.00466919,6.34925699,1.283,1.58,16.0,19.1,,,4.12,15076695.0,1.67708805313164,62.7405258611644,2.615,48.8
Ecuador,ECU,2011,75.179,Latin America & Caribbean,Upper middle income,78986648000.0,5153.6916424375,9768.69201080404,8.48147656332823,3.458,340.40786743,6.60509682,1.382,1.6,15.3,18.2,,6.6,4.19,15326227.0,1.6415369766541,62.7949053547691,2.605,45.9
Ecuador,ECU,2012,75.486,Latin America & Caribbean,Upper middle income,87735048000.0,5634.08393191094,10244.5177816184,5.783212336172,3.235,387.54577637,6.87859821,1.561,1.49,14.6,17.4,,,4.19,15572194.0,1.59213440589397,62.8408732819135,2.509,46.1
Ecuador,ECU,2013,75.832,Latin America & Caribbean,Upper middle income,96570334000.0,6109.29031510341,11295.6127804419,7.21123653679159,3.083,414.12683105,6.77866411,1.645,1.5,14.0,16.6,,,4.13,15807128.0,1.49740896116979,62.8837286624122,2.362,46.9
Ecuador,ECU,2014,76.141,Latin America & Caribbean,Upper middle income,102717794000.0,6405.79979300441,11835.6091276538,4.22606520388456,3.48,433.41845703,6.76601839,1.684,1.54,13.4,15.9,,,4.06,16035124.0,1.43205886583809,62.9232432195799,2.274,45.0
Ecuador,ECU,2015,76.222,Latin America & Caribbean,Upper middle income,97209558000.0,5976.1596805651,10877.7507461388,0.119692109287612,3.616,464.22186279,7.76786041,1.806,1.52,12.9,15.3,,,3.85,16266225.0,1.43093059839379,62.959188676731,2.209,46.0
Ecuador,ECU,2016,76.094,Latin America & Caribbean,Upper middle income,97671433000.0,5917.63771271481,10881.4890706732,-0.687954245877947,4.597,449.03869629,7.58817482,2.055,1.38,12.5,14.8,,,3.53,16505139.0,1.45809147770557,62.9913367571804,2.122,45.0
Ecuador,ECU,2017,76.22,Latin America & Caribbean,Upper middle income,104467486000.0,6233.32244797718,11793.4797426944,5.97039880954841,3.836,469.04544067,7.52484131,2.225,1.4,12.2,14.4,,,3.3,16759519.0,1.52946083980042,63.0194591842425,2.128,44.7
Ecuador,ECU,2018,77.248,Latin America & Caribbean,Upper middle income,107478961000.0,6303.91886658338,12186.8846084388,1.04429460679607,3.53,493.82693481,7.83364677,2.341,1.4,11.9,14.1,,,3.26,17049547.0,1.71572391035149,63.0433276812321,2.111,45.4
Ecuador,ECU,2019,77.286,Latin America & Caribbean,Upper middle income,107595830000.0,6205.05765246766,12543.0148243925,0.1654044646003,3.812,484.54037476,7.80878448,2.32,1.39,11.7,13.8,,,3.26,17340021.0,1.68935479627168,63.0627139714638,2.035,45.7
Ecuador,ECU,2020,72.004,Latin America & Caribbean,Upper middle income,95865473000.0,5463.64515348598,11526.8013009278,-9.24509619165865,6.116,470.20355225,8.60608387,2.313,1.32,11.5,13.6,,,2.54,17546065.0,1.18125258230486,63.0773897782521,1.967,47.3
Ecuador,ECU,2021,72.746,Latin America & Caribbean,Upper middle income,107179074000.0,6061.32350181711,13507.4445638375,9.42189269033631,4.504,507.65136719,8.37526226,,1.31,11.3,13.4,,,,17682454.0,0.774314023514489,63.0871268249117,1.909,45.8
Ecuador,ECU,2022,76.577,Latin America & Caribbean,Upper middle income,116133121000.0,6515.58528418336,15195.6639594842,5.86842354862311,3.713,495.30380249,7.60183907,,1.31,11.2,13.2,,,,17823897.0,0.796723652034201,63.0901835932266,1.861,45.5
Ecuador,ECU,2023,77.392,Latin America & Caribbean,Upper middle income,120792801000.0,6718.1447938811,15907.3619798807,1.8328406107788,3.51,509.49414063,7.56167889,,1.32,11.1,13.0,,,,17980083.0,0.872456027022398,63.1307729554263,1.823,44.6
Ecuador,ECU,2024,77.579,Latin America & Caribbean,Upper middle income,123802374000.0,6826.5294137822,15848.3400023446,-1.94409022506859,3.453,,,,,10.9,12.9,,4.9,,18135478.0,0.860548498593581,63.2376932397602,1.806,45.2
"Egypt, Arab Rep.",EGY,1995,65.214,Middle East & North Africa,Lower middle income,60159245060.4541,916.326617700876,4234.71346834275,4.64245877240639,11.04,,,,,53.2,64.8,,,,65652622.0,2.10420542038277,42.7019009364527,3.764,30.1
"Egypt, Arab Rep.",EGY,1996,65.733,Middle East & North Africa,Lower middle income,67629716981.1321,1008.97637629447,4434.46491044598,4.98873056512208,9.0,,,,2.0999999046,50.2,60.7,,,,67028048.0,2.07336196347662,42.6396966117235,3.7,
"Egypt, Arab Rep.",EGY,1997,66.207,Middle East & North Africa,Lower middle income,78436578171.0914,1146.20172117634,4661.0798186576,5.49235474302942,8.37,,,,2.0999999046,47.4,56.9,,,,68431740.0,2.07255934283796,42.6357980293511,3.682,
"Egypt, Arab Rep.",EGY,1998,66.635,Middle East & North Africa,Lower middle income,84828807556.0803,1212.82259820477,4868.72046563856,5.575497460986,8.03,,,,,44.7,53.4,,,,69943294.0,2.18480759530922,42.6559554142127,3.681,
"Egypt, Arab Rep.",EGY,1999,67.01,Middle East & North Africa,Lower middle income,90710704806.8416,1268.30949160496,5121.00256911619,6.05343878467555,7.95,,,,,42.3,50.2,,,,71520954.0,2.23056416641405,42.6900387539957,3.599,30.8
"Egypt, Arab Rep.",EGY,2000,67.332,Middle East & North Africa,Lower middle income,99838543960.0763,1366.09274372613,5451.51566974242,6.37000382991766,8.98,69.37174988,4.92244291,,1.92,40.1,47.3,,,0.14,73083284.0,2.16091978529782,42.7339398932519,3.505,
"Egypt, Arab Rep.",EGY,2001,67.612,Middle East & North Africa,Lower middle income,96684636118.5984,1295.1374184163,5650.05196243072,3.53525197391507,9.26,68.67334747,5.40030336,,1.92,38.2,44.8,,,0.14,74652029.0,2.12380362345226,42.7835506765333,3.46,
"Egypt, Arab Rep.",EGY,2002,67.846,Middle East & North Africa,Lower middle income,85146067415.7303,1116.82884626213,5752.69708065143,2.39020402675627,10.01,63.99928665,5.5107379,,1.9,36.5,42.5,,,0.14,76239137.0,2.10372359745955,42.8347629483917,3.412,
"Egypt, Arab Rep.",EGY,2003,68.045,Middle East & North Africa,Lower middle income,80288461538.4615,1031.27556291284,5928.07945348429,3.19345473756772,10.91,50.34780884,5.2242527,0.494,1.9,34.9,40.4,,,0.14,77853548.0,2.09545323003183,42.8834685533792,3.352,
"Egypt, Arab Rep.",EGY,2004,68.211,Middle East & North Africa,Lower middle income,78782467532.4675,991.255689145253,6207.12492167934,4.09207161019908,10.32,50.33084488,4.85732365,,1.92,33.5,38.6,,,0.15,79477443.0,2.06437734857129,42.9255593360476,3.283,31.8
"Egypt, Arab Rep.",EGY,2005,68.355,Middle East & North Africa,Lower middle income,89660339660.3397,1105.53920713903,6554.12885087777,4.4717444710621,11.049,59.4683876,4.92229176,,1.88,32.3,37.0,30.3,,0.16,81101004.0,2.02220952721924,42.9569271409488,3.254,
"Egypt, Arab Rep.",EGY,2006,68.493,Middle East & North Africa,Lower middle income,107426086956.522,1298.97900203124,7079.02808458206,6.84383819369884,10.49,66.32707214,4.84190083,,2.08,31.1,35.6,,,0.17,82700403.0,1.95291342300488,42.9729991680104,3.223,
"Egypt, Arab Rep.",EGY,2007,68.627,Middle East & North Africa,Lower middle income,130437828371.278,1547.74170735909,7640.57228561817,7.08782742675582,8.8,73.29454041,4.44493246,,1.82,30.1,34.2,,,0.2,84276225.0,1.88753217077119,42.9729666344509,3.237,
"Egypt, Arab Rep.",EGY,2008,68.761,Middle East & North Africa,Lower middle income,162818181818.182,1896.21594269779,8190.70913136542,7.15628356711522,8.517,90.15769958,4.46634817,,1.59,29.0,32.8,,,0.2,85864789.0,1.86740413264217,42.9608989120873,3.238,31.1
"Egypt, Arab Rep.",EGY,2009,68.915,Middle East & North Africa,Lower middle income,189147005444.646,2161.63964573927,8465.02052429651,4.67359980000663,9.087,98.90396881,4.37870932,,1.48,28.1,31.6,,,0.21,87501636.0,1.88836522446639,42.9383470624904,3.259,
"Egypt, Arab Rep.",EGY,2010,69.078,Middle East & North Africa,Lower middle income,218983666061.706,2455.08194645282,8837.76450012969,5.14723485746742,8.757,105.07817841,4.15319157,,1.4,27.2,30.5,,,0.2,89196072.0,1.91795124102801,42.9057175520154,3.296,30.2
"Egypt, Arab Rep.",EGY,2011,69.232,Middle East & North Africa,Lower middle income,235989672977.625,2590.64384891965,8988.10781880653,1.76457194806041,11.849,116.22949219,4.35707569,,1.4,26.4,29.5,31.3,16.6,0.2,91093059.0,2.1044607622412,42.8634168470177,3.311,
"Egypt, Arab Rep.",EGY,2012,69.464,Middle East & North Africa,Lower middle income,279116666666.667,2996.0677072015,10342.4317112754,2.22619979818487,12.597,139.81625366,4.45891809,,1.38,25.7,28.6,,,0.19,93161001.0,2.24475795490011,42.8118514138525,3.4,28.3
"Egypt, Arab Rep.",EGY,2013,69.632,Middle East & North Africa,Lower middle income,288434108527.132,3025.52563552448,10511.3931678495,2.18546605363386,13.154,139.67245483,4.6710043,,1.37,25.1,27.8,,,0.19,95333553.0,2.30526364315625,42.7514277188751,3.49,
"Egypt, Arab Rep.",EGY,2014,69.911,Middle East & North Africa,Lower middle income,305595408895.265,3133.39102265541,10256.4367553616,2.91591188052836,13.105,155.06480408,4.77415323,0.73,1.34,24.5,27.1,,,0.19,97528654.0,2.27643956620182,42.6825522284408,3.49,
"Egypt, Arab Rep.",EGY,2015,70.135,Middle East & North Africa,Lower middle income,329366576819.407,3306.98159414141,10903.3368231185,4.37201907781687,13.052,170.25532532,5.06153202,0.763,1.25,24.1,26.5,,,0.18,99597342.0,2.09892554805563,42.6056314089048,3.5,31.8
"Egypt, Arab Rep.",EGY,2016,70.437,Middle East & North Africa,Lower middle income,332441717791.411,3270.6287768197,10665.6676499685,4.34664345601914,12.45,142.61845398,5.07462406,0.763,1.25,23.7,26.0,,,0.16,101644589.0,2.03468294927084,42.5210717266225,3.35,
"Egypt, Arab Rep.",EGY,2017,70.709,Middle East & North Africa,Lower middle income,248362771739.13,2395.10333299491,11124.7351098149,4.18122099961562,11.767,106.00288391,5.34661913,0.743,1.27,23.4,25.6,,,0.15,103696057.0,1.99817843887244,42.4486008687179,3.31,31.5
"Egypt, Arab Rep.",EGY,2018,70.974,Middle East & North Africa,Lower middle income,262588632526.73,2484.70315630508,12329.2446781436,5.33110861887155,9.855,118.01481628,4.74892998,0.716,1.24,23.1,25.2,,,0.15,105682094.0,1.89713831833082,42.4577177449969,3.02,
"Egypt, Arab Rep.",EGY,2019,71.213,Middle East & North Africa,Lower middle income,318678815489.749,2962.98892023003,13363.732696323,5.55209307084222,7.851,142.69670105,4.5994668,0.697,1.19,22.9,24.8,,,0.15,107553158.0,1.75497438173801,42.4812027332648,2.87,31.9
"Egypt, Arab Rep.",EGY,2020,69.79,Middle East & North Africa,Lower middle income,383817841547.099,3511.11381026379,15231.865417764,3.55016483883115,7.974,148.35269165,4.15384626,0.671,1.11,22.6,24.4,,,0.13,109315124.0,1.62495386951696,42.5181534630674,2.85,
"Egypt, Arab Rep.",EGY,2021,68.976,Middle East & North Africa,Lower middle income,424671765455.704,3827.35415374308,15579.0160861551,3.29064601193245,7.441,176.93664551,4.60955143,,1.06,22.2,24.0,,,,110957008.0,1.4908053906311,42.5686062621468,2.75,28.5
"Egypt, Arab Rep.",EGY,2022,71.01,Middle East & North Africa,Lower middle income,476747720364.742,4233.30783744856,17524.0240491999,6.58784560870467,6.546,171.67852783,4.72362804,,,21.8,23.5,,,,112618250.0,1.48609697540294,42.6325129008032,2.75,
"Egypt, Arab Rep.",EGY,2023,71.633,Middle East & North Africa,Lower middle income,395926071447.591,3456.78965212363,18540.1079077988,3.76028052279247,6.753,141.41111755,4.88449335,,,21.3,22.9,,,,114535772.0,1.68834126904494,42.7098115041919,2.75,
"Egypt, Arab Rep.",EGY,2024,71.806,Middle East & North Africa,Lower middle income,389059910593.1,3338.47371043679,19121.874936645,2.3991692678251,6.817,,,,,20.8,22.4,,22.4,,116538258.0,1.73324205302065,42.8004363938404,2.735,
Ethiopia,ETH,1995,48.156,Sub-Saharan Africa,Low income,7855205206.93405,136.523619088963,409.294333176914,6.12751141587474,3.005,,,,,110.3,172.3,,,,57537335.0,3.40438831875411,13.8825578689575,6.998,44.6
Ethiopia,ETH,1996,48.697,Sub-Saharan Africa,Low income,8761215548.48614,147.327458851964,453.368395558836,12.4261737814951,3.121,,,0.025,,106.5,165.6,,,,59467635.0,3.2998173533243,14.102746963501,6.928,
Ethiopia,ETH,1997,49.21,Sub-Saharan Africa,Low income,8803539988.33248,143.369531498844,460.636391517436,3.1339068517801,3.227,,,0.023,,102.8,159.0,,,,61404539.0,3.20515425246965,14.3073453903198,6.869,
Ethiopia,ETH,1998,49.785,Sub-Saharan Africa,Low income,8013274131.69715,126.465095781244,435.801505640873,-3.4581391346848,3.481,,,0.021,,99.1,152.5,,,,63363524.0,3.14046071441714,14.5135431289673,6.792,
Ethiopia,ETH,1999,49.486,Sub-Saharan Africa,Low income,7892973531.80045,120.734631499865,450.48602005818,5.16214582255112,3.714,,,0.02,,95.7,146.3,,,,65374561.0,3.12448426110007,14.713321685791,6.721,30.0
Ethiopia,ETH,2000,50.88,Sub-Saharan Africa,Low income,8242349617.8638,122.269202606069,473.903313465592,6.07321748125295,3.499,5.28970861,4.36504698,0.021,,92.3,140.1,,,1.2,67411494.0,3.06823302462214,14.9193096160889,6.654,
Ethiopia,ETH,2001,51.428,Sub-Saharan Africa,Low income,8231326016.47494,118.457204255261,509.119301833697,8.30130632267965,3.16,5.50955105,4.72316694,0.028,,88.9,133.8,,,1.2,69487762.0,3.03351132311934,15.1177673339844,6.579,
Ethiopia,ETH,2002,52.085,Sub-Saharan Africa,Low income,7850809498.16803,109.593813612988,509.126314066848,1.51472570667433,3.054,5.14964151,4.7126298,0.029,,85.3,127.4,,,1.15,71635517.0,3.04403477269573,15.333233833313,6.499,
Ethiopia,ETH,2003,52.877,Sub-Saharan Africa,Low income,8623691300.04079,116.800491132777,492.840755426372,-2.16135972256865,3.008,5.70984173,4.89970922,0.026,,81.7,121.0,1.87586881220341,,1.14,73832663.0,3.02102233073437,15.5438537597656,6.4,
Ethiopia,ETH,2004,53.735,Sub-Saharan Africa,Low income,10131187261.4421,133.169812538096,557.825634822152,13.5726031401471,2.776,5.7385993,4.31281853,0.026,,78.0,114.6,,,1.21,76077206.0,2.99474712931538,15.7585906982422,6.301,29.8
Ethiopia,ETH,2005,54.364,Sub-Saharan Africa,Low income,12401139453.9738,158.243458082465,624.510692420558,11.8187659491625,2.497,6.4820013,4.10098124,0.031,,74.4,108.3,,,1.4,78367470.0,2.96602247201649,15.982967376709,6.194,
Ethiopia,ETH,2006,55.402,Sub-Saharan Africa,Low income,15280861834.6024,189.345737521418,692.866907660764,10.8347270679373,2.337,8.42413712,4.45757294,0.026,,70.9,102.4,,,1.47,80703490.0,2.93729031507005,16.2148475646973,6.047,
Ethiopia,ETH,2007,56.566,Sub-Saharan Africa,Low income,19707616772.7996,237.146255996319,770.261155180565,11.4561670019891,2.337,11.63210678,5.00128317,0.022,,67.7,96.9,,,1.54,83103217.0,2.93015925736888,16.0948330261902,5.887,
Ethiopia,ETH,2008,57.733,Sub-Saharan Africa,Low income,27066912635.2228,316.410475118075,844.988379988881,10.7885216870332,2.326,13.03863621,4.28063869,0.024,0.2,64.7,91.8,,,1.53,85543668.0,2.89435688963486,16.7936706542969,5.695,
Ethiopia,ETH,2009,58.715,Sub-Saharan Africa,Low income,32437389116.038,368.574712267445,899.140901805678,8.8025531990487,2.326,15.1445961,4.6496563,0.025,,61.8,87.1,,,1.59,88007636.0,2.83966010377931,17.1511001586914,5.488,
Ethiopia,ETH,2010,59.709,Sub-Saharan Africa,Low income,29933790334.3418,330.619412798644,995.653978546208,12.5505383347633,2.295,16.17102051,5.46637249,,,59.2,82.7,,,1.67,90538514.0,2.83517457968806,17.4937839508057,5.282,33.2
Ethiopia,ETH,2011,60.595,Sub-Saharan Africa,Low income,31952763089.33,343.024942351887,1098.11515728787,11.1782962297008,2.27,14.62286568,4.46897745,,,56.8,78.6,,3.4,1.81,93149970.0,2.84354457485296,17.863790512085,5.08,
Ethiopia,ETH,2012,61.443,Sub-Saharan Africa,Low income,43310721414.0829,452.101031885754,1178.97474553026,8.64781163513926,2.252,20.00217628,4.5395956,,,54.4,74.8,,,1.95,95798767.0,2.80390393439601,18.2061367034912,4.887,
Ethiopia,ETH,2013,62.161,Sub-Saharan Africa,Low income,47648276605.0123,484.039833104062,1252.86896408004,10.5822700502552,2.251,19.26698494,4.07506514,,,52.2,71.2,,,2.11,98438751.0,2.71847231803133,18.615514755249,4.708,
Ethiopia,ETH,2014,62.927,Sub-Saharan Africa,Low income,55612228233.5179,549.986577082588,1484.63145566608,10.2574929627477,2.361,21.6064415,4.03365517,,,50.0,67.7,,,2.27,101115610.0,2.68299781796922,19.0262870788574,4.605,
Ethiopia,ETH,2015,63.592,Sub-Saharan Africa,Low income,62103418181.8182,597.912113218663,1632.61818006837,10.3924630141307,2.442,23.21817207,3.82316828,,,47.9,64.4,1.2,,2.52,103867135.0,2.68480186138776,19.451566696167,4.529,35.0
Ethiopia,ETH,2016,64.162,Sub-Saharan Africa,Low income,68475871209.607,641.651523286233,1857.54946515224,9.43348265981905,2.556,24.34373283,3.60033751,,0.33,45.9,61.3,,,2.77,106718162.0,2.70788250761242,19.8763618469238,4.473,
Ethiopia,ETH,2017,64.766,Sub-Saharan Africa,Low income,76366081766.6667,696.348429076216,2004.74755633129,9.56418965754014,2.665,24.18239403,3.45336914,,,44.0,58.4,,,3.08,109666481.0,2.72524097063889,20.3084850311279,4.401,
Ethiopia,ETH,2018,65.257,Sub-Saharan Africa,Low income,83337901071.9697,739.702022272086,2095.3175782979,6.81614778557282,2.811,23.5205574,3.30371761,0.075,,42.3,55.8,,,3.36,112664152.0,2.69675179524869,20.7838096618652,4.371,
Ethiopia,ETH,2019,65.741,Sub-Saharan Africa,Low income,91834517113.6386,793.473247218996,2242.44488312932,8.36408573111346,2.928,25.93511963,3.24287128,0.089,,40.8,53.6,,,3.36,115737383.0,2.69123978261516,21.2486705780029,4.347,
Ethiopia,ETH,2020,65.969,Sub-Saharan Africa,Low income,98676811061.9985,829.790982552951,2406.78938480121,6.05953089248577,3.998,28.28001595,3.48096275,0.102,,39.4,51.5,,,3.06,118917671.0,2.71077284780816,21.6260051727295,4.274,
Ethiopia,ETH,2021,65.33,Sub-Saharan Africa,Low income,109070960370.972,893.009835441784,2588.41310213778,5.64153069324176,3.935,26.06931114,3.20779967,0.1,,49.9,70.4,,,,122138588.0,2.67249538803955,22.1067085266113,4.177,31.1
Ethiopia,ETH,2022,66.897,Sub-Saharan Africa,Low income,123140304665.399,982.103161502198,2844.47188098448,5.32175988485454,3.386,27.06845474,2.85298109,0.105,,48.3,68.1,,,,125384287.0,2.62269500936104,22.7367687225342,4.082,
Ethiopia,ETH,2023,67.315,Sub-Saharan Africa,Low income,135874093203.18,1055.81091593061,3063.42789983124,6.59424599054353,3.375,34.79846954,2.80310345,0.143,,38.7,51.5,,,,128691692.0,2.6036241976442,23.0586471557617,3.989,
Ethiopia,ETH,2024,67.603,Sub-Saharan Africa,Low income,149740297952.375,1133.88279681256,3292.3093336937,7.61277447616879,3.357,,,,,34.5,44.5,,4.4,,132059767.0,2.58350411214521,23.6222839355469,3.909,
France,FRA,1995,77.7512195121951,Europe & Central Asia,High income,1595219345511.89,26791.8151982369,20701.38123435,2.30479278392259,11.834,,,3.263,8.8999996185,5.3,6.5,,,,59541294.0,0.364159563395629,75.0991069026347,1.74,
France,FRA,1996,77.9536585365854,Europe & Central Asia,High income,1598889216566.23,26757.6351494145,21268.4888069079,1.39707987198881,12.367,,,3.283,8.8000001907,4.9,6.1,,,,59754504.0,0.357448008376034,75.3592581297959,1.75,32.0
France,FRA,1997,78.3048780487805,Europe & Central Asia,High income,1449392222971.45,24169.4008102822,22190.1666289941,2.5270616339357,12.566,,,3.302,8.6000003815,4.6,5.8,,,,59968066.0,0.356761847855923,75.6252262826369,1.77,31.9
France,FRA,1998,78.6048780487805,Europe & Central Asia,High income,1496906382032.47,24869.4030795939,23262.7378060388,3.45259434279616,12.074,,,3.315,8.3999996185,4.4,5.7,,,,60190684.0,0.37054023067343,75.8918556090764,1.78,31.7
France,FRA,1999,78.7560975609756,Europe & Central Asia,High income,1486915879701.93,24576.3152254528,24203.8755920062,3.39930808809441,11.981,,,3.313,8.3000001907,4.2,5.5,,,,60501986.0,0.515860143523548,76.1682703613968,1.81,32.5
France,FRA,2000,79.0560975609756,Europe & Central Asia,High income,1360959069477.49,22340.5939516217,26007.4432303376,4.14099996402915,10.218,2161.85302734,9.61744022,3.328,8.14,4.1,5.4,,,13.72,60918661.0,0.686335719566776,76.5143983146093,1.89,32.6
France,FRA,2001,79.1585365853659,Europe & Central Asia,High income,1370376677298.86,22331.7948343036,27346.834962018,1.89946701186636,8.61,2192.71557617,9.75719261,3.358,8.0,3.9,5.2,,,13.72,61364377.0,0.7289939490983,76.9074413607811,1.9,32.5
France,FRA,2002,79.2609756097561,Europe & Central Asia,High income,1492427756382.43,24144.5727019529,28350.0985605428,1.06775027069419,8.702,2449.75830078,10.08250141,3.381,7.88,3.8,5.1,,,13.57,61812142.0,0.727033002641047,77.2543866607525,1.88,31.8
France,FRA,2003,79.1146341463415,Europe & Central Asia,High income,1835095983049.09,29479.5222101175,28024.0897244695,0.967827182558352,8.306,3006.3059082,10.13474941,3.396,7.71,3.6,4.9,7.42981657385826,,13.26,62249855.0,0.705638836747311,77.4691216035138,1.89,31.4
France,FRA,2004,80.1634146341463,Europe & Central Asia,High income,2109792297237.03,33644.9282220364,28921.2608031323,2.86825052501032,8.914,3458.62744141,10.2117033,3.413,7.55,3.5,4.8,,,12.94,62707588.0,0.732625502527391,77.4900500011961,1.92,30.6
France,FRA,2005,80.1634146341463,Europe & Central Asia,High income,2192146403028.17,34696.3718316971,30431.2367240202,1.88856584109286,8.882,3575.02514648,10.23720551,3.413,7.39,3.3,4.6,,,12.81,63180854.0,0.751885116821619,77.4363315105438,1.94,29.8
France,FRA,2006,80.8121951219512,Europe & Central Asia,High income,2317861544690.82,36431.5658906555,32423.5225068799,2.71406448755236,8.832,3811.55175781,10.39764977,3.406,7.27,3.3,4.5,,,12.75,63622342.0,0.696338574828463,77.3467240068648,2.0,29.7
France,FRA,2007,81.1121951219512,Europe & Central Asia,High income,2655816911866.56,41486.1907828787,34066.2393228249,2.53048188351066,8.008,4312.31054688,10.33418846,3.388,7.22,3.2,4.4,,,12.63,64016890.0,0.618225682593305,77.2457976606157,1.98,32.4
France,FRA,2008,81.2146341463415,Europe & Central Asia,High income,2926802941585.86,45464.8181385158,35053.2627069116,0.380171435849121,7.386,4807.37451172,10.51340675,3.385,7.06,3.2,4.4,,,12.51,64375116.0,0.558020613148126,77.1561901569367,2.01,33.0
France,FRA,2009,81.4146341463415,Europe & Central Asia,High income,2700075882518.98,41728.0884164132,34685.0059249958,-2.82455153714783,9.122,4737.578125,11.29095459,3.339,6.81,3.1,4.3,,,12.31,64706436.0,0.513351013325229,77.1005391809676,2.0,32.7
France,FRA,2010,81.6634146341463,Europe & Central Asia,High income,2646230027988.34,40694.8211697025,35907.5531031574,2.00032476039051,9.279,4593.66308594,11.22430801,3.345,6.57,3.1,4.2,,,12.25,65026211.0,0.492976371032656,77.0962844808803,2.03,33.7
France,FRA,2011,82.1146341463415,Europe & Central Asia,High income,2870408553990.28,43929.7840873812,37510.3759898714,2.43757653729007,9.228,4936.95605469,11.17601013,3.124,6.5,3.1,4.2,11.2870305776596,5.4,12.11,65340830.0,0.482667411007127,77.1182717387509,2.01,33.3
France,FRA,2012,81.9682926829268,Europe & Central Asia,High income,2683007095787.23,40863.5814412333,37671.0239268565,0.183835264973013,9.841,4659.92431641,11.33749485,3.139,6.48,3.1,4.1,,,11.93,65657659.0,0.483714919435185,77.1669464919916,2.01,33.1
France,FRA,2013,82.219512195122,Europe & Central Asia,High income,2816077607875.26,42669.1795111893,39583.3520435045,0.781756446231,9.913,4884.71582031,11.37891197,3.156,6.41,3.1,4.1,,,11.84,65997932.0,0.516915013016667,77.2440721470918,1.99,32.5
France,FRA,2014,82.719512195122,Europe & Central Asia,High income,2861236112552.42,43148.0459288416,40218.1258637776,0.997832947295251,10.273,5007.29736328,11.57935429,3.169,6.35,3.1,4.1,17.3247471451759,,11.73,66312067.0,0.474847846171767,77.3524296788613,2.0,32.3
France,FRA,2015,82.3219512195122,Europe & Central Asia,High income,2442483452642.5,36702.4323733379,40905.1767750994,1.06675474783462,10.354,4226.62646484,11.50032997,3.184,6.28,3.2,4.2,,,11.73,66548272.0,0.355569240058298,77.7610919150066,1.96,32.7
France,FRA,2016,82.5731707317073,Europe & Central Asia,High income,2470407619777.13,37024.2157133669,42880.2351355431,0.860031075424033,10.057,4289.34716797,11.57036018,3.2,6.21,3.2,4.2,,,11.6,66724104.0,0.263868788565368,78.5999114705779,1.92,31.9
France,FRA,2017,82.5756097560976,Europe & Central Asia,High income,2588868323334.71,38687.1626407164,44469.1458856805,2.08361485997399,9.409,4436.63720703,11.44944572,3.217,6.12,3.3,4.2,,,11.4,66918020.0,0.29020211635109,78.6467804026368,1.89,31.6
France,FRA,2018,82.6756097560976,Europe & Central Asia,High income,2781576320884.39,41418.1766484844,46381.0590629457,1.64590872395887,9.018,4692.99511719,11.30847645,3.214,6.04,3.3,4.2,,,11.3,67158348.0,0.358494581816163,78.6714432536599,1.87,32.4
France,FRA,2019,82.8268292682927,Europe & Central Asia,High income,2722793515171.76,40408.2848574751,51130.4723140578,2.02744646419237,8.415,4519.98583984,11.17058277,3.243,5.96,3.3,4.2,,,11.3,67382061.0,0.332559129027963,78.6890784549356,1.86,31.2
France,FRA,2020,82.1756097560976,Europe & Central Asia,High income,2647926055110.05,39169.8606000707,49481.8044309655,-7.44064589948231,8.009,4760.08251953,12.12949371,3.252,5.86,3.3,4.2,,,10.32,67601110.0,0.324557781035362,78.7119131765249,1.82,30.7
France,FRA,2021,82.3243902439024,Europe & Central Asia,High income,2966433692008.09,43725.0999521245,52517.3354905855,6.88233783360239,7.871,5364.89746094,12.24894238,3.264,5.77,3.4,4.3,,,,67842811.0,0.356902332389048,78.7364603392338,1.83,31.5
France,FRA,2022,82.1292682926829,Europe & Central Asia,High income,2794788137066.94,40988.6396406579,57012.0586826676,2.71676264185913,7.303,4857.73388672,11.82888794,3.281,5.65,3.4,4.3,,,,68184457.0,0.502320929337976,78.7591921123356,1.78,31.2
France,FRA,2023,82.8317073170732,Europe & Central Asia,High income,3056250648138.29,44700.1384177544,60927.0361517867,1.43921494437743,7.335,5149.0546875,11.51974583,,,3.4,4.3,,,,68372286.0,0.275093143443794,78.7804323126547,1.66,31.8
France,FRA,2024,82.9804878048781,Europe & Central Asia,High income,3160442622465.08,46103.0840855884,62524.5434134804,1.19046798275883,7.4,5327.43359375,11.53530598,,,3.4,4.3,,6.5,,68551653.0,0.261995241898747,78.7999750964116,1.61,
Germany,DEU,1995,76.4219512195122,Europe & Central Asia,High income,2593053091306.13,31747.2449398447,23630.5518935199,1.50499384201356,8.158,,,3.041,9.6999998093,5.3,6.5,,,,81678051.0,0.293904443716697,80.0465631829882,1.25,28.7
Germany,DEU,1996,76.6731707317073,Europe & Central Asia,High income,2506576553158.31,30599.7891048363,24169.0699436833,1.0378755674358,8.822,,,3.087,9.6000003815,5.0,6.2,,,,81914831.0,0.289474899455448,80.0543573168571,1.3,28.3
Germany,DEU,1997,77.0731707317073,Europe & Central Asia,High income,2218790886532.82,27046.9565464237,24649.4588738256,1.85432238398302,9.861,,,3.103,9.3999996185,4.8,5.9,,,,82034771.0,0.146313281561803,80.0628737777848,1.35,28.2
Germany,DEU,1998,77.4756097560976,Europe & Central Asia,High income,2247760364565.97,27395.9440608051,25445.8585366297,2.09561231172233,9.787,,,3.164,9.3000001907,4.7,5.7,,,,82047195.0,0.0151436508552808,80.0722584625357,1.36,28.1
Germany,DEU,1999,77.7268292682927,Europe & Central Asia,High income,2213873468586.88,26965.4922773722,26517.9342856214,2.12957016297766,8.854,,,3.213,9.1999998093,4.5,5.5,,,,82100243.0,0.0646345779052372,80.0826572678738,1.36,29.0
Germany,DEU,2000,77.9268292682927,Europe & Central Asia,High income,1966980701145.1,23925.8559901991,27473.6669767024,2.8765231247659,7.917,2336.36230469,9.75930405,3.263,9.16,4.4,5.4,,,13.82,82211508.0,0.135431600393084,80.0942160905637,1.38,28.7
Germany,DEU,2001,78.3292682926829,Europe & Central Asia,High income,1966381496641.73,23878.3641471651,28674.1682823146,1.63614170690956,7.773,2338.12231445,9.78105545,3.31,9.06,4.3,5.2,,,13.82,82349925.0,0.168225361337335,80.1070808273695,1.35,29.9
Germany,DEU,2002,78.2292682926829,Europe & Central Asia,High income,2102350798305.89,25486.5942008748,29513.6823267102,-0.228255715793637,8.482,2557.53564453,10.028965,3.338,8.92,4.2,5.1,,,13.48,82488495.0,0.168128319406931,80.1213973750556,1.34,29.9
Germany,DEU,2003,78.3804878048781,Europe & Central Asia,High income,2534715518349.01,30711.1022511331,30301.4017692833,-0.529801394291297,9.779,3139.36328125,10.22255325,3.369,8.79,4.1,5.0,,,13.26,82534176.0,0.0553633035873241,80.1373116303862,1.34,29.9
Germany,DEU,2004,78.6804878048781,Europe & Central Asia,High income,2852317768061.78,34566.7359143735,31753.1720592803,1.16208684507278,10.727,3447.26977539,9.97466278,3.392,8.62,4.0,4.9,14.0290841460228,,13.07,82516260.0,-0.021709727650009,80.1549694901257,1.36,30.1
Germany,DEU,2005,78.9317073170732,Europe & Central Asia,High income,2893393187361.87,35084.4363546269,32313.736788417,0.885485292551564,11.193,3544.56616211,10.1068058,3.413,8.51,3.9,4.7,,,13.01,82469422.0,-0.0567782618352031,80.1745168510383,1.34,31.6
Germany,DEU,2006,79.1317073170732,Europe & Central Asia,High income,3046308753670.58,36980.3349948954,34741.3353426224,3.86668241523209,10.277,3681.3659668,9.96236897,3.465,8.37,3.8,4.6,,,12.89,82376451.0,-0.112797497644931,80.1960996098884,1.33,31.0
Germany,DEU,2007,79.5341463414634,Europe & Central Asia,High income,3484056680854.91,42350.9217211489,36914.0023792935,2.8891174138025,8.732,4162.6875,9.83482933,3.528,8.34,3.7,4.5,,,12.79,82266372.0,-0.133718572600486,80.2198636634402,1.37,31.2
Germany,DEU,2008,79.7365853658537,Europe & Central Asia,High income,3808197720125.0,46379.1647953479,38437.6006682053,0.887902330743628,7.508,4647.31005859,10.03185749,3.584,8.31,3.6,4.4,,,12.6,82110097.0,-0.190142844695674,80.2459549084581,1.38,30.6
Germany,DEU,2009,79.8365853658537,Europe & Central Asia,High income,3478545516683.59,42471.8868625226,37560.4365631565,-5.54455451920674,7.88,4655.171875,10.97003078,3.662,8.34,3.5,4.3,,,12.46,81902307.0,-0.253383410163402,80.2745192417062,1.36,30.4
Germany,DEU,2010,79.9878048780488,Europe & Central Asia,High income,3467093769666.67,42396.9665976293,39713.9503169931,4.13463778522758,7.043,4592.07128906,10.8311739,3.757,8.34,3.5,4.2,,,12.41,81776930.0,-0.153198446937304,80.305702559949,1.39,30.2
Germany,DEU,2011,80.4365853658537,Europe & Central Asia,High income,3823575803793.78,47630.9761883572,43384.1299848762,3.75796884489337,5.967,5016.23583984,10.52106953,3.849,8.32,3.4,4.1,,5.3,12.39,80274983.0,-1.8537146287573,80.3405762928198,1.39,30.4
Germany,DEU,2012,80.5390243902439,Europe & Central Asia,High income,3596483233406.25,44718.0159214069,44212.02071657,0.463512036709204,5.372,4744.87011719,10.59356213,3.922,8.29,3.4,4.0,16.6049376130104,,12.39,80425823.0,0.187727800567293,80.393447520218,1.41,30.9
Germany,DEU,2013,80.490243902439,Europe & Central Asia,High income,3807023797050.99,47206.8353514242,45876.2138041716,0.396995583779145,5.316,5080.62402344,10.7432127,4.015,8.24,3.3,4.0,,,12.31,80645605.0,0.272900214681538,80.4732318400362,1.42,31.4
Germany,DEU,2014,81.090243902439,Europe & Central Asia,High income,3964870735760.77,48959.5991203133,47927.5555323465,2.18018602168017,4.979,5287.34423828,10.76819706,4.088,8.19,3.3,4.0,,,12.23,80982500.0,0.416877359168292,80.57574023743,1.47,30.8
Germany,DEU,2015,80.6414634146341,Europe & Central Asia,High income,3425099578746.09,41929.7549110722,48567.1117562648,1.66300602334775,4.612,4605.59033203,10.92317677,4.12,8.09,3.3,3.9,,,12.15,81686611.0,0.865702643950251,80.6974371632814,1.5,31.4
Germany,DEU,2016,80.990243902439,Europe & Central Asia,High income,3536787895179.0,42948.9381932694,51555.3799963446,2.22222216259371,4.104,4723.32421875,10.97133732,4.166,8.02,3.3,3.9,,,12.17,82348669.0,0.807218538573871,80.8347870684725,1.6,31.3
Germany,DEU,2017,80.9926829268293,Europe & Central Asia,High income,3765351626105.89,45553.9341495339,54142.7414864571,2.797906720551,3.781,5039.35302734,11.05091095,4.226,7.96,3.2,3.8,,,12.23,82657002.0,0.373724559895838,80.9842544038853,1.57,31.3
Germany,DEU,2018,80.8926829268293,Europe & Central Asia,High income,4055433215301.96,48916.1686612154,56320.6026829454,1.13569604599849,3.384,5473.55712891,11.18380833,4.287,7.94,3.2,3.8,,,12.22,82905782.0,0.300526701992065,81.1423036204018,1.57,31.9
Germany,DEU,2019,81.2926829268293,Europe & Central Asia,High income,3959894794039.21,47656.199739747,59310.9693966204,0.977734697038784,3.163,5447.31787109,11.42805386,4.373,7.87,3.1,3.7,,,12.22,83092962.0,0.22551987421288,81.3053991689039,1.54,32.2
Germany,DEU,2020,81.0414634146342,Europe & Central Asia,High income,3941398957073.94,47394.8734504469,58704.5861986404,-4.13191443239947,3.881,5906.80615234,12.46780777,4.443,7.77,3.1,3.7,,,11.84,83160871.0,0.0816931586494595,81.4700055002738,1.53,32.5
Germany,DEU,2021,80.790243902439,Europe & Central Asia,High income,4355251953410.78,52349.2459994422,62630.7748127737,3.90999994204108,3.594,6653.58349609,12.72403336,4.503,7.71,3.1,3.7,,,,83196078.0,0.0423270572552137,81.6325870653934,1.58,33.6
Germany,DEU,2022,80.6080487804878,Europe & Central Asia,High income,4201021706478.62,50506.5179638543,69669.6495435563,1.8092581243061,3.137,6226.14208984,12.44708347,4.534,7.64,3.1,3.7,,,,83177813.0,-0.0219565701848977,81.7867852780995,1.455,33.7
Germany,DEU,2023,81.0414634146342,Europe & Central Asia,High income,4562207532490.28,54776.7668235491,72262.2235142279,-0.869647578573321,3.071,6394.62255859,11.74428654,,7.55,3.1,3.7,,,,83287273.0,0.131511079477747,81.9034366692129,1.39,
Germany,DEU,2024,80.7926829268293,Europe & Central Asia,High income,4685592577804.69,56103.7323182554,73957.0012170966,-0.495851897260366,3.4,6849.26367188,12.26655293,,,3.1,3.7,,7.8,,83516593.0,0.274957829184881,82.0211432579125,1.36,
Ghana,GHA,1995,56.662,Sub-Saharan Africa,Lower middle income,6464382807.67884,371.537243033836,1946.82217274556,4.11241897162861,6.484,,,,,67.8,114.4,,,,17399017.0,2.36010348077285,39.960521040618,5.106,
Ghana,GHA,1996,56.957,Sub-Saharan Africa,Lower middle income,6932991739.37767,389.271267898831,2025.83267065922,4.60246115564627,7.091,,,0.062,,67.3,112.5,,,,17810181.0,2.33565497080505,40.8143452217336,4.959,
Ghana,GHA,1997,57.241,Sub-Saharan Africa,Lower middle income,6891443192.24985,377.841935501461,2096.76500280627,4.19635744019571,7.639,,,,,66.5,110.3,,,,18238958.0,2.37895957415826,41.6484565039731,4.884,
Ghana,GHA,1998,57.525,Sub-Saharan Africa,Lower middle income,7482069162.42008,400.366799508524,2166.64663091,4.70039078427911,8.2,,,,,65.2,107.4,,,,18688036.0,2.43236771924415,42.4529260811866,4.829,40.1
Ghana,GHA,1999,57.835,Sub-Saharan Africa,Lower middle income,7718109982.26093,403.037326127273,2238.6652326082,4.39999682545296,10.1,,,,,63.7,103.9,,,,19149864.0,2.44120807599366,43.2178251472243,4.822,
Ghana,GHA,2000,58.139,Sub-Saharan Africa,Lower middle income,4982850662.20851,253.746936203344,2315.1780303943,3.70000008164408,10.456,10.46035767,1.66343236,,,61.7,99.9,,,5.32,19637087.0,2.51243583964957,43.9373786640616,4.827,
Ghana,GHA,2001,58.403,Sub-Saharan Africa,Lower middle income,5314872854.4405,263.542156494853,2397.30067039665,4.00000012807919,9.615,12.15051079,1.86866331,,,59.7,95.8,,,5.32,20167069.0,2.6631054412646,44.6410507317701,4.768,
Ghana,GHA,2002,58.709,Sub-Saharan Africa,Lower middle income,6166197847.85031,297.46164468774,2475.09635352672,4.49999955900331,8.711,14.30371571,1.94694591,0.09,,57.8,91.9,,,5.29,20729388.0,2.75013769977312,45.3484692124806,4.687,
Ghana,GHA,2003,59.014,Sub-Saharan Africa,Lower middle income,7632723555.66221,358.39927142073,2584.47723727258,5.200000133101,7.728,18.96423721,2.14935279,,,56.2,88.2,6.06953240931034,,5.22,21296705.0,2.69999623325849,46.0547973581418,4.597,
Ghana,GHA,2004,59.316,Sub-Saharan Africa,Lower middle income,8881417906.71432,406.132105329565,2729.34450247039,5.59999999077445,6.758,23.57214928,2.36955285,0.148,,54.7,85.0,,,5.12,21868298.0,2.64856422445373,46.7572004525685,4.504,
Ghana,GHA,2005,59.638,Sub-Saharan Africa,Lower middle income,10744568381.4456,478.611909191028,2903.83429041493,5.90000381855104,5.816,38.51657486,3.27344108,,,53.4,82.0,,,5.11,22449438.0,2.62275723095941,47.4528437795757,4.496,42.8
Ghana,GHA,2006,59.975,Sub-Saharan Africa,Lower middle income,20885037596.6963,906.441027564887,3103.2262582216,6.39991260618034,4.897,49.34616852,3.67208791,,,52.1,79.1,,,4.8,23040702.0,2.59967236461776,48.1388926229785,4.399,
Ghana,GHA,2007,60.282,Sub-Saharan Africa,Lower middle income,24827339138.4906,1050.12461524926,3241.22081093753,4.34681910440079,5.104,57.34096527,3.70900321,0.07,,50.7,76.2,,,4.88,23642279.0,2.57742881770877,48.8125122665918,4.288,
Ghana,GHA,2008,60.578,Sub-Saharan Africa,Lower middle income,28679383241.0729,1182.65761256016,3515.58923507839,9.14979893831817,5.144,63.45487595,3.72533512,0.077,,49.2,73.1,,,4.91,24249946.0,2.5377798286274,49.4708679942306,4.217,
Ghana,GHA,2009,60.928,Sub-Saharan Africa,Lower middle income,26048720005.5233,1047.70430093586,3617.23944438667,4.84448705175076,5.362,62.44382095,4.17717743,0.082,,47.5,69.8,,,5.44,24862664.0,2.49528498609835,50.1111250897099,4.179,
Ghana,GHA,2010,61.297,Sub-Saharan Africa,Lower middle income,32197655566.5347,1263.89251760539,3855.46891704158,7.89971194051621,5.384,80.6833725,4.52302933,0.091,0.7,45.8,66.5,,,5.45,25474995.0,2.43301424000427,50.7296926788704,4.181,
Ghana,GHA,2011,61.617,Sub-Saharan Africa,Lower middle income,39336668080.559,1507.43573198753,4381.12535523694,14.0471235803149,4.213,91.70959473,4.46374655,0.095,0.68,44.0,63.3,,5.0,5.31,26095088.0,2.40497145453178,51.3304086646488,4.177,
Ghana,GHA,2012,61.995,Sub-Saharan Africa,Lower middle income,41271701060.954,1543.77524235764,4933.65254349093,9.2927894063005,3.126,81.96895599,3.93023658,0.093,0.72,42.3,60.3,,,5.07,26734268.0,2.4199090803465,51.9197918381031,4.154,42.4
Ghana,GHA,2013,62.397,Sub-Saharan Africa,Lower middle income,62845721959.827,2294.79584693743,5214.56935848794,7.31252501678145,2.173,105.34784698,4.59225416,0.1,0.73,40.7,57.5,,,5.08,27386193.0,2.40927930949909,52.4985794475913,4.114,
Ghana,GHA,2014,62.832,Sub-Saharan Africa,Lower middle income,54678533805.9064,1949.90832923846,5517.13178763566,2.85624016330883,4.403,78.46701813,4.01644135,0.108,0.71,39.3,54.9,,,5.1,28041592.0,2.36498553072391,53.0663398797148,4.029,
Ghana,GHA,2015,63.175,Sub-Saharan Africa,Lower middle income,49436806230.4839,1722.77282833606,5191.37053389659,2.12075933817334,6.806,78.21643066,4.54299259,0.114,0.69,37.9,52.5,,,5.01,28696068.0,2.30712733064921,53.6226415210752,3.982,
Ghana,GHA,2016,63.522,Sub-Saharan Africa,Lower middle income,56144179397.8516,1912.47991339951,5011.07931572904,3.37346574966936,5.256,64.86400604,3.39035821,0.123,,36.6,50.3,,,4.71,29356742.0,2.27621203911157,54.167052758274,3.873,43.5
Ghana,GHA,2017,63.829,Sub-Saharan Africa,Lower middle income,60385409434.8567,2012.28662641265,5170.96094857439,8.12889488100956,3.369,54.10602188,2.68786979,0.089,,35.4,48.2,,,4.58,30008354.0,2.19535792776401,54.6991419779128,3.715,
Ghana,GHA,2018,64.138,Sub-Saharan Africa,Lower middle income,67259353965.6087,2195.32166016377,5536.49795400218,6.20007768127284,3.204,53.37788773,2.43001175,0.144,,34.1,46.1,,,4.55,30637585.0,2.07517136640112,55.218477566593,3.65,
Ghana,GHA,2019,64.455,Sub-Saharan Africa,Lower middle income,68352629246.1555,2186.65822682613,6002.55044678386,6.5077747939152,3.067,71.14958191,3.25450468,0.104,,32.9,44.1,,,4.55,31258945.0,2.00780519953703,55.7246279109161,3.593,
Ghana,GHA,2020,64.309,Sub-Saharan Africa,Lower middle income,70008243859.8666,2195.45481659987,6047.30111673554,0.513941670628171,3.178,97.37677765,4.4331708,0.166,,31.7,42.2,,,4.26,31887809.0,1.99181985149439,56.2171613974837,3.541,
Ghana,GHA,2021,64.286,Sub-Saharan Africa,Lower middle income,79514204730.3979,2445.18662529344,6607.50297378321,5.07646643533542,3.2,94.40388489,3.86030865,0.128,,30.5,40.3,,,,32518665.0,1.95904584379494,56.6952556826536,3.492,
Ghana,GHA,2022,65.246,Sub-Saharan Africa,Lower middle income,73919003212.1998,2229.89122654479,7207.01563645025,3.80484978178042,2.87,82.32108307,3.67459154,0.143,,29.4,38.6,,,,33149152.0,1.92029034344132,57.250609602871,3.434,
Ghana,GHA,2023,65.498,Sub-Saharan Africa,Lower middle income,80547146875.9526,2383.90410476221,7562.64422849208,3.14009100080186,2.829,70.25730896,2.94686937,0.266,,28.4,37.2,,,,33787914.0,1.90860289687983,57.8074737774654,3.397,
Ghana,GHA,2024,65.695,Sub-Saharan Africa,Lower middle income,83288585604.0268,2419.2518672482,8051.19381149848,5.84746854280382,2.82,,,,,27.5,35.9,,2.7,,34427414.0,1.87500010333119,58.3654868038581,3.344,
Greece,GRC,1995,77.5853658536585,Europe & Central Asia,High income,134974613913.811,12779.081491606,15217.8019629681,2.09971953235275,10.116,,,3.917,4.9000000954,7.4,8.5,,,,10562153.0,0.467197289199787,72.0831868417364,1.28,36.5
Greece,GRC,1996,77.6853658536585,Europe & Central Asia,High income,142502984144.96,13432.5262183244,15778.4020297225,1.38247057325857,10.402,,,3.927,4.9000000954,7.0,8.1,,,,10608800.0,0.44067053086068,72.1791653357157,1.26,
Greece,GRC,1997,78.1365853658537,Europe & Central Asia,High income,138766067640.085,13015.9175046854,16630.4781484617,3.60288326516122,10.472,,,4.051,4.9000000954,6.7,7.7,,,,10661259.0,0.493267144825827,72.2800514373571,1.27,
Greece,GRC,1998,77.8390243902439,Europe & Central Asia,High income,139612812175.718,13022.9648774809,17433.5829767675,3.43693579661333,12.227,,,4.192,4.8000001907,6.3,7.3,9.4042032957077,,,10720509.0,0.554211902922578,72.3911938989336,1.24,
Greece,GRC,1999,77.9878048780488,Europe & Central Asia,High income,137131371955.307,12742.5404388143,17758.0055742801,2.65878562321184,12.138,,,4.299,4.6999998093,5.9,6.9,10.2189600467682,,,10761698.0,0.383471311618576,72.5179414727182,1.23,
Greece,GRC,2000,77.8878048780488,Europe & Central Asia,High income,125760166224.805,11638.2010697215,18819.8544320117,4.13782699405849,11.345,885.41052246,7.51388931,4.382,4.78,5.5,6.4,9.77249294519424,,8.73,10805808.0,0.409041838238246,72.665642910984,1.25,34.4
Greece,GRC,2001,78.3878048780488,Europe & Central Asia,High income,132050474720.03,12156.9572824221,20303.9312433429,4.65041459442163,10.764,1004.81542969,8.24545956,4.422,4.82,5.1,6.0,9.91345942020416,,8.73,10862132.0,0.51988446396193,72.8460703788502,1.25,
Greece,GRC,2002,78.6414634146341,Europe & Central Asia,High income,150253800085.865,13782.195640943,21985.2345411071,4.68313727063017,10.346,1168.82409668,8.46998692,4.623,4.75,4.8,5.6,,,8.77,10902022.0,0.366566462148184,73.0977109642516,1.28,35.5
Greece,GRC,2003,78.8414634146341,Europe & Central Asia,High income,196930509813.384,18020.612039764,23252.6111362028,5.79682274294369,9.839,1566.40979004,8.68253994,4.783,4.74,4.4,5.2,17.0886069536209,,8.85,10928070.0,0.238643175320258,73.432268024093,1.29,32.8
Greece,GRC,2004,79.0390243902439,Europe & Central Asia,High income,234979615898.225,21449.2552764245,24825.5735347512,5.37786634595851,10.628,1782.69592285,8.30002213,4.928,4.74,4.1,4.9,,,9.23,10955141.0,0.247413542822812,73.8267602923728,1.31,33.6
Greece,GRC,2005,79.2390243902439,Europe & Central Asia,High income,242315668619.405,22054.1315756886,25003.8297466933,1.18350635493289,10.074,1935.26757813,8.76117897,5.059,4.78,3.9,4.6,,,9.27,10987314.0,0.293249074052818,74.2617376694311,1.34,34.6
Greece,GRC,2006,79.4390243902439,Europe & Central Asia,High income,269073415333.676,24416.0232970275,28076.1241416392,6.44339762487436,8.906,2052.87548828,8.39596939,5.41,4.87,3.7,4.3,,,9.34,11020362.0,0.30033180096664,74.717750055608,1.4,35.1
Greece,GRC,2007,79.4390243902439,Europe & Central Asia,High income,314226996944.108,28440.7625328955,28895.874926558,3.50686976639459,8.351,2426.75952148,8.52304935,5.632,4.88,3.5,4.1,,,9.28,11048473.0,0.254757581935775,75.1753473512439,1.41,34.0
Greece,GRC,2008,79.9390243902439,Europe & Central Asia,High income,351121399546.485,31695.8331092209,30440.9709059081,0.0574740238200775,7.664,2840.50854492,8.948102,5.71,4.84,3.4,4.0,,,9.25,11077841.0,0.265457836726293,75.615079456679,1.5,33.6
Greece,GRC,2009,80.1878048780488,Europe & Central Asia,High income,326829054686.306,29425.4573200263,29963.3968875108,-4.11927606715011,9.546,2809.05957031,9.53581333,5.791,4.92,3.3,4.0,20.5226525664329,,9.11,11107017.0,0.263026401346927,76.0174962722535,1.5,33.6
Greece,GRC,2010,80.3878048780488,Europe & Central Asia,High income,296417644404.034,26653.0488008626,27838.73639086,-5.6937412158003,12.719,2564.36987305,9.61952496,5.756,4.48,3.3,3.9,,,8.72,11121341.0,0.128880432668041,76.3631476983077,1.48,34.1
Greece,GRC,2011,80.7317073170732,Europe & Central Asia,High income,283228079776.041,25504.7866510124,25692.5740851321,-9.87677875300243,17.973,2338.91577148,9.18577003,5.774,4.47,3.4,4.0,,5.1,8.48,11104899.0,-0.147951277402184,76.6352609929407,1.4,34.8
Greece,GRC,2012,80.6341463414634,Europe & Central Asia,High income,238841140018.233,21624.346052551,24582.9741957507,-8.33113421099992,24.731,1948.24816895,9.04327774,5.778,4.44,3.4,4.0,,,8.24,11045011.0,-0.540752950543684,76.8679797449322,1.34,36.3
Greece,GRC,2013,81.2853658536585,Europe & Central Asia,High income,236556279640.705,21573.3449762805,25730.8809006664,-2.27211699888024,27.686,1832.02954102,8.52183914,5.811,4.24,3.5,4.1,,,8.1,10965211.0,-0.725120806658085,77.0951999650171,1.29,36.1
Greece,GRC,2014,81.3853658536585,Europe & Central Asia,High income,233911581521.062,21474.7257123892,26450.181326726,0.792225060962835,26.708,1700.4942627,7.94358587,5.867,4.24,3.6,4.2,23.6279964447021,,7.77,10892413.0,-0.666113290031891,77.3130486275866,1.3,35.8
Greece,GRC,2015,81.0365853658537,Europe & Central Asia,High income,194567373678.099,17980.7298238137,26607.7256796976,-0.228301892172851,24.981,1481.41967773,8.26719952,5.902,4.25,3.6,4.3,,,7.48,10820883.0,-0.658861360878339,77.5194426317545,1.33,36.0
Greece,GRC,2016,81.3878048780488,Europe & Central Asia,High income,193097239005.87,17919.2426377048,27504.5497984948,-0.0317947678412054,23.514,1513.25939941,8.45097542,6.122,4.2,3.6,4.3,,,7.34,10775971.0,-0.415913028277122,77.7122988766348,1.38,35.0
Greece,GRC,2017,81.2878048780488,Europe & Central Asia,High income,200381103984.298,18631.9930129293,28681.6815585005,1.47312472702352,21.413,1509.78442383,8.11336899,6.067,4.21,3.6,4.3,,,7.28,10754679.0,-0.197783224759792,77.8895342613411,1.35,34.4
Greece,GRC,2018,81.7878048780488,Europe & Central Asia,High income,213298873494.394,19873.4015238771,29792.0592519585,2.06467207892409,19.179,1603.07788086,8.07267761,6.105,4.2,3.6,4.2,,,7.12,10732882.0,-0.202880238259165,78.0490656849874,1.35,32.9
Greece,GRC,2019,81.6390243902439,Europe & Central Asia,High income,207305649887.019,19335.3602002969,31927.3792151369,2.27718065334808,17.045,1569.02844238,8.11709499,6.163,4.15,3.5,4.1,,,7.12,10721582.0,-0.105339392724138,78.1888100466875,1.34,33.1
Greece,GRC,2020,81.2878048780488,Europe & Central Asia,High income,191362985554.861,17886.733165236,29533.087740299,-9.19623149726978,15.899,1674.78417969,9.38074493,6.186,4.2,3.4,4.1,,,5.81,10698599.0,-0.214592106571664,78.3066842455552,1.39,33.6
Greece,GRC,2021,80.0829268292683,Europe & Central Asia,High income,218303801895.326,20652.89659591,33528.2271202515,8.65449786002131,14.656,1846.37304688,9.03178692,6.366,4.23,3.4,4.0,,,,10570130.0,-1.20806995499074,78.3884898647442,1.43,32.9
Greece,GRC,2022,80.7878048780488,Europe & Central Asia,High income,217990189600.69,20884.6773436263,39447.813910406,5.52198580589408,12.426,1768.11071777,8.44938278,6.576,4.27,3.3,4.0,,,,10437805.0,-1.25977874589147,78.5502190980809,1.32,33.4
Greece,GRC,2023,81.7365853658537,Europe & Central Asia,High income,242946187738.269,23343.7103964562,42613.6574438075,2.13591131996631,11.023,1962.59594727,8.39367008,,,3.3,3.9,,,,10407351.0,-0.292192792101549,78.7746303842088,1.26,33.4
Greece,GRC,2024,81.8390243902439,Europe & Central Asia,High income,256238371778.118,24626.1481858973,44170.9556658376,2.0865743380603,10.02,,,,,3.2,3.8,,8.0,,10405134.0,-0.0213045199396999,78.9967856500534,1.24,
Guatemala,GTM,1995,63.662,Latin America & Caribbean,Upper middle income,14655404433.2771,1421.06177809796,4055.43865279352,4.94854750210382,2.117,,,1.1,,49.3,63.9,,,,10312996.0,2.64574830362473,35.7556305117631,5.105,
Guatemala,GTM,1996,64.54,Latin America & Caribbean,Upper middle income,15674835615.3139,1481.05986750672,4143.14829374068,2.95777988740716,2.156,,,,0.9800000191,47.4,61.2,,,,10583526.0,2.58937937554223,36.8833711270944,5.008,
Guatemala,GTM,1997,65.249,Latin America & Caribbean,Upper middle income,17790026221.6139,1638.46281851789,4287.43247775116,4.36408994678341,2.145,,,0.933,,45.6,58.7,,,,10857754.0,2.55808378912126,38.3195642319091,4.906,
Guatemala,GTM,1998,65.969,Latin America & Caribbean,Upper middle income,19395491992.9939,1741.20114182856,4437.12460754114,4.99352780305848,2.145,,,,,43.9,56.3,,,,11139145.0,2.55860019843295,39.9406715289323,4.8,49.4
Guatemala,GTM,1999,66.634,Latin America & Caribbean,Upper middle income,18318412251.3642,1603.64776144934,4556.92065196294,3.8470621889051,2.113,,,0.872,,42.3,54.0,,,,11422965.0,2.51603216485806,41.6231547208891,4.687,
Guatemala,GTM,2000,67.102,Latin America & Caribbean,Upper middle income,19288929030.0508,1648.96578971559,4714.96666184452,3.6088687174876,2.143,83.61930084,5.39686108,,,40.7,51.8,,,2.41,11697592.0,2.37572059022903,43.2434755105047,4.583,54.2
Guatemala,GTM,2001,67.436,Latin America & Caribbean,Upper middle income,18405220247.4412,1537.68663578252,4821.5459849048,2.33257486608854,2.251,100.02039337,6.07023716,,,39.2,49.7,,,2.41,11969422.0,2.29722223631695,44.678095600504,4.502,
Guatemala,GTM,2002,67.835,Latin America & Caribbean,Upper middle income,20444205991.025,1669.33517469705,4969.25744933912,3.83928708556792,2.254,107.62042236,6.01301289,,,37.8,47.7,,,2.35,12246915.0,2.29188375209677,45.7754731938848,4.371,
Guatemala,GTM,2003,68.204,Latin America & Caribbean,Upper middle income,21576351798.9145,1722.54701910774,5081.38005581936,2.56037766801896,2.807,113.38285065,6.15306854,,,36.4,45.9,10.3086225688458,,2.31,12525842.0,2.25198017204481,46.5865389722105,4.25,
Guatemala,GTM,2004,68.245,Latin America & Caribbean,Upper middle income,23577298094.6571,1840.91184884,5263.44654916003,3.13791683609193,2.971,122.16271973,6.26182795,,,35.1,44.1,,,2.29,12807402.0,2.22294147751077,47.326819486636,4.134,
Guatemala,GTM,2005,68.167,Latin America & Caribbean,Upper middle income,26783389293.922,2046.46611650758,5486.27776981771,3.27602692588886,3.059,132.41906738,6.14826393,,,33.9,42.4,,,2.27,13087629.0,2.16441478461999,48.0557951573834,3.974,
Guatemala,GTM,2006,68.79,Latin America & Caribbean,Upper middle income,29744246827.1839,2225.1234753878,5833.38691805117,5.35139778711536,2.96,149.04266357,6.36362219,,,32.7,40.7,,,2.27,13367459.0,2.11558878139909,48.7676356188334,3.845,54.5
Guatemala,GTM,2007,69.299,Latin America & Caribbean,Upper middle income,33567850824.1039,2458.81573919384,6238.33976920384,6.33771869016203,2.847,158.89395142,6.1918335,,,31.5,39.1,,,2.23,13652040.0,2.10656403182052,49.4565105053665,3.716,
Guatemala,GTM,2008,69.493,Latin America & Caribbean,Upper middle income,38503720224.3166,2763.05988172926,6434.50703723393,3.29352400028485,2.898,175.67254639,6.08129978,,,30.3,37.5,,,2.15,13935174.0,2.05271863868285,50.1165894513633,3.571,
Guatemala,GTM,2009,69.676,Latin America & Caribbean,Upper middle income,37126148264.6383,2611.64632773352,6376.74106304334,0.476898106596394,3.22,169.37559509,6.33938646,0.91,,29.2,36.0,,,2.06,14215611.0,1.99245795432888,50.7420420912045,3.465,
Guatemala,GTM,2010,69.885,Latin America & Caribbean,Upper middle income,40676578423.4871,2805.25960237322,6510.0998092869,2.88417542800377,3.497,175.31318665,6.1247797,,,28.0,34.5,,,2.04,14500112.0,1.9815646590713,51.3270380592706,3.375,
Guatemala,GTM,2011,70.321,Latin America & Caribbean,Upper middle income,46876006272.2387,3168.98370607705,6784.44712953621,4.16390688293349,3.169,191.24732971,5.96306896,,0.65,27.0,33.1,,9.3,2.0,14792126.0,1.99386386318175,51.8657469899423,3.292,
Guatemala,GTM,2012,70.722,Latin America & Caribbean,Upper middle income,49593929487.1263,3286.61959336267,7258.31667467883,2.97470856847661,2.765,200.84880066,6.07316971,,0.62,26.0,31.8,,,1.93,15089647.0,1.99138673642109,52.3523385176,3.219,
Guatemala,GTM,2013,70.878,Latin America & Caribbean,Upper middle income,52996420177.4409,3444.15802275864,7699.94541247252,3.69476814623695,3.017,198.79296875,5.77188921,,,24.9,30.4,,,1.81,15387337.0,1.95360189099984,52.7809822766245,3.151,
Guatemala,GTM,2014,70.942,Latin America & Caribbean,Upper middle income,57852159007.6243,3689.14510410202,8236.65929901848,4.44397825774911,2.717,217.23764038,5.8885684,,0.62,24.0,29.2,,,1.72,15681725.0,1.89511231857489,53.1458479013964,3.088,48.3
Guatemala,GTM,2015,70.915,Latin America & Caribbean,Upper middle income,62186066547.6566,3893.50533299068,8934.00261178392,4.09217170075418,2.506,233.8447876,6.00602007,,0.59,23.1,28.1,,,1.65,15971743.0,1.83250767864618,53.4411050262961,3.029,
Guatemala,GTM,2016,71.215,Latin America & Caribbean,Upper middle income,66053408205.8838,4060.13784737643,9201.42836046357,2.6778031930216,2.583,246.4538269,6.07008219,,,22.3,27.0,,,1.62,16268760.0,1.84256060230578,53.6609232857043,2.973,
Guatemala,GTM,2017,71.583,Latin America & Caribbean,Upper middle income,71653780740.4226,4324.99768915601,9560.1778346272,3.0798512212244,2.462,265.36593628,6.13563824,0.286,0.45,21.6,26.1,,,1.62,16567357.0,1.81876091504989,53.7994723140017,2.857,
Guatemala,GTM,2018,71.496,Latin America & Caribbean,Upper middle income,73328356007.6152,4352.94593289707,9946.80252245268,3.40687328176345,2.283,265.81820679,6.10662699,0.363,0.44,20.8,25.1,,,1.63,16845685.0,1.66602273310221,53.845962303542,2.743,
Guatemala,GTM,2019,71.639,Latin America & Caribbean,Upper middle income,77172331693.4093,4511.99839552697,10755.8801029589,4.01789830861587,2.193,278.59024048,6.17443275,,0.47,20.2,24.3,,,1.63,17103803.0,1.52062955252943,54.1882267267974,2.593,
Guatemala,GTM,2020,69.971,Latin America & Caribbean,Upper middle income,77719468248.3666,4477.61785000665,10947.3711292197,-1.78555117570465,2.965,289.21640015,6.4591527,1.281,0.43,19.5,23.5,,,1.54,17357325.0,1.47137710546514,54.5483167911628,2.47,
Guatemala,GTM,2021,67.858,Latin America & Caribbean,Upper middle income,86455522272.7383,4912.62240414681,11825.141273764,8.04170398855833,2.174,361.51858521,7.35698891,,0.44,18.9,22.7,,,,17598650.0,1.3807587059317,54.9047071553758,2.388,
Guatemala,GTM,2022,71.206,Latin America & Caribbean,Upper middle income,95609727055.5754,5356.92435887895,13008.2565459863,4.15492196609047,3.051,384.06158447,7.1678791,,0.44,18.3,21.9,,,,17847877.0,1.40623710213146,55.2581228215265,2.343,
Guatemala,GTM,2023,72.602,Latin America & Caribbean,Upper middle income,104298081428.769,5754.42833909847,13751.6084364487,3.52430434049013,2.344,392.01223755,6.80241346,,0.45,17.7,21.2,,,,18124838.0,1.53986971917384,55.6082319565539,2.311,45.2
Guatemala,GTM,2024,72.746,Latin America & Caribbean,Upper middle income,113215575150.885,6150.89465281457,14393.0528302577,3.71558453779777,2.613,,,,,17.2,20.5,,13.2,,18406359.0,1.54129399660934,55.9547027274763,2.287,
Guinea,GIN,1995,49.836,Sub-Saharan Africa,Lower middle income,5385704166.43341,713.031460558683,1013.63232368326,4.60767320245354,4.494,,,0.13,,116.4,200.5,,,,7553249.0,2.79434245679932,29.4990241182623,6.288,
Guinea,GIN,1996,50.546,Sub-Saharan Africa,Lower middle income,5641243099.76661,726.025442583799,1048.15823911483,4.46157508517599,4.509,,,,,112.6,193.5,,,,7770035.0,2.82968670530382,29.7715516995972,6.205,
Guinea,GIN,1997,51.113,Sub-Saharan Africa,Lower middle income,5516916163.0949,695.58174225826,1098.66868511853,5.18160345773762,4.477,,,,,108.9,186.6,,,,7931370.0,2.05511135158285,30.0528319349072,6.123,
Guinea,GIN,1998,51.61,Sub-Saharan Africa,Lower middle income,5232118046.3713,647.379920832778,1130.04303852526,3.64412124205991,4.501,,,,,105.1,179.7,,,,8081990.0,1.8812346948277,30.3398459469057,6.051,
Guinea,GIN,1999,51.987,Sub-Saharan Africa,Lower middle income,5046806782.54761,610.614842942762,1163.36009308546,3.81200403347202,4.517,,,,,101.2,172.6,,,,8265123.0,2.24064838568983,30.63021654503,5.985,
Guinea,GIN,2000,52.42,Sub-Saharan Africa,Lower middle income,4367458866.71537,518.157066924026,1195.80611449186,2.50306056299607,4.586,22.71741867,4.74101353,0.091,,97.3,165.7,,,0.29,8428832.0,1.96135964318577,30.9231105645224,5.918,
Guinea,GIN,2001,52.669,Sub-Saharan Africa,Lower middle income,4125527603.22908,483.085120214741,1250.97059721192,3.65834646929586,4.584,21.76875114,4.88433027,,,93.6,159.0,,,0.29,8539960.0,1.3098114321983,31.2176948406254,5.834,
Guinea,GIN,2002,53.2,Sub-Saharan Africa,Lower middle income,4301608752.51396,495.916073559269,1315.36669368896,5.16460946696631,4.549,24.83917809,5.35653734,,,90.1,152.7,,,0.3,8674066.0,1.55813303817429,31.5131362085814,5.781,43.0
Guinea,GIN,2003,53.589,Sub-Saharan Africa,Lower middle income,5025167975.26363,566.48540588068,1327.96776540082,1.24860125923698,4.628,25.60194969,4.77216482,,,87.0,146.9,,,0.39,8870781.0,2.24251877202579,31.8086015036327,5.744,
Guinea,GIN,2004,53.975,Sub-Saharan Africa,Lower middle income,5300767960.51572,584.897740538081,1366.031602403,2.34011731288737,4.709,26.41420937,4.77632809,0.109,,84.1,141.6,,,0.38,9062726.0,2.14071157501219,32.1032575610216,5.733,
Guinea,GIN,2005,54.422,Sub-Saharan Africa,Lower middle income,4282468636.90501,463.17768685098,1422.35088197753,2.99727256275818,4.814,19.66388702,4.03452682,0.102,0.3,81.7,137.0,,,0.36,9245844.0,2.00041954618802,32.3962712159907,5.727,
Guinea,GIN,2006,54.875,Sub-Saharan Africa,Lower middle income,4220019845.26341,446.980554135013,1452.96083165023,1.18960211693242,4.863,16.15967941,3.61526895,,,79.6,133.1,,,0.28,9441171.0,2.09058658116716,32.6868093037822,5.704,
Guinea,GIN,2007,55.233,Sub-Saharan Africa,Lower middle income,6281918226.34408,650.148575304743,1557.58584862341,6.81747111070281,4.787,22.64143372,3.48262477,,,77.9,129.7,,,0.28,9662281.0,2.31497296404672,32.9740386596386,5.664,39.4
Guinea,GIN,2008,55.703,Sub-Saharan Africa,Lower middle income,6964179983.17212,703.532825784369,1613.69884513243,4.13301615965833,4.803,22.97397041,3.26561713,,,76.6,126.9,,,0.28,9898870.0,2.41908604968745,33.2571261188022,5.596,
Guinea,GIN,2009,56.052,Sub-Saharan Africa,Lower middle income,6716905339.73136,662.185914665575,1566.70089249337,-1.12264204848687,4.914,23.71565628,3.58146644,,,75.4,124.4,5.1,,0.29,10143534.0,2.44158489420853,33.5352385165154,5.528,
Guinea,GIN,2010,56.431,Sub-Saharan Africa,Lower middle income,6853467145.53089,659.235326211315,1621.69161135943,4.81336016967553,5.018,22.59741783,3.42781734,,,74.4,122.2,,,0.31,10396086.0,2.45929310036327,33.8075426880206,5.435,
Guinea,GIN,2011,56.778,Sub-Saharan Africa,Lower middle income,6785137203.33153,636.694958747648,1705.27110438049,5.61211177430975,5.024,24.12806129,3.78955102,,0.3,73.6,120.3,,4.4,0.34,10656810.0,2.47697352651722,34.0732054685603,5.337,
Guinea,GIN,2012,57.117,Sub-Saharan Africa,Lower middle income,7638044556.84656,699.353377212197,1789.97473033561,5.91528626133322,4.874,23.70012856,3.50398517,,,72.9,118.4,,,0.36,10921581.0,2.45416156342286,34.3313936933767,5.232,33.7
Guinea,GIN,2013,57.459,Sub-Saharan Africa,Lower middle income,8376613539.28278,748.455020824734,1842.00227737409,3.94568708624053,4.944,25.90467834,3.46108651,,,72.1,116.6,,,0.39,11191873.0,2.44471498509098,34.5812741977122,5.151,
Guinea,GIN,2014,57.581,Sub-Saharan Africa,Lower middle income,8778473372.82124,765.146999389279,1873.21413058957,3.69655311664086,5.044,36.63517761,4.787992,0.161,,72.0,115.4,,,0.45,11472924.0,2.48019346390261,34.8177920826682,5.07,
Guinea,GIN,2015,57.899,Sub-Saharan Africa,Lower middle income,8794201742.84609,747.356966759448,1929.68091332187,3.82591056949435,5.15,43.41540527,5.80919266,0.083,,71.2,113.7,,,0.5,11767070.0,2.53151277572433,35.0373191833496,5.002,
Guinea,GIN,2016,58.49,Sub-Saharan Africa,Lower middle income,8595955222.49719,711.996509782316,2255.32617992615,10.82062719659,4.997,38.42609406,5.39694929,0.081,,69.9,111.4,,,0.49,12073030.0,2.56690869267138,35.3100280761719,4.915,
Guinea,GIN,2017,58.715,Sub-Saharan Africa,Lower middle income,10324668271.1362,833.598621691121,2687.09504827171,10.3000053427355,4.86,32.63646317,3.91512728,,,69.0,109.5,,,0.47,12385659.0,2.55652318226129,35.5827331542969,4.793,
Guinea,GIN,2018,59.043,Sub-Saharan Africa,Lower middle income,11857030366.7891,933.273615633705,2844.46427670549,6.35849192736715,4.835,34.88978195,3.73843002,0.219,,68.1,107.5,,,0.47,12704774.0,2.54385572881799,35.8554382324219,4.669,29.6
Guinea,GIN,2019,59.379,Sub-Saharan Africa,Lower middle income,13442861496.4454,1031.34146480732,3105.82789015443,5.61691446889876,5.018,42.16910172,4.08876228,,,67.0,105.4,,,0.47,13034346.0,2.56100451729991,36.1281547546387,4.576,
Guinea,GIN,2020,59.35,Sub-Saharan Africa,Lower middle income,14088693742.9464,1053.66097696415,3331.85663003801,4.70459096113575,6.007,41.1027565,3.90094519,,,65.7,102.9,,,0.52,13371183.0,2.55139953603925,36.4802208060551,4.489,
Guinea,GIN,2021,59.373,Sub-Saharan Africa,Lower middle income,17069115737.8259,1244.96550477914,3738.8051255133,5.5823328114905,5.815,44.10476303,3.7175858,,,64.4,100.3,,,,13710513.0,2.50610419423246,36.8502178436256,4.399,
Guinea,GIN,2022,60.432,Sub-Saharan Africa,Lower middle income,19910452541.9219,1416.59612011764,4061.71755990026,3.97240784200721,5.174,53.2922287,3.83292699,0.21,,62.9,97.6,,,,14055137.0,2.48250409145397,37.2384967469106,4.303,
Guinea,GIN,2023,60.74,Sub-Saharan Africa,Lower middle income,22407615556.0571,1555.49375806861,4337.3181486001,5.54172668627702,5.141,59.33010101,3.69442987,,,61.4,95.0,,,,14405468.0,2.46199049961035,37.6454083954705,4.217,
Guinea,GIN,2024,60.904,Sub-Saharan Africa,Lower middle income,25008678293.4073,1694.95375862185,4571.93087130821,5.35004659049265,5.132,,,,,59.8,92.1,,4.6,,14754785.0,2.39595802290484,38.0713036688655,4.131,
Haiti,HTI,1995,55.582,Latin America & Caribbean,Lower middle income,2813313278.81082,372.006104665125,1989.01647371951,9.89770748815705,7.51,,,0.16,,84.4,123.3,,,,7562546.0,1.90597118137502,29.8304516400811,4.884,
Haiti,HTI,1996,56.111,Latin America & Caribbean,Lower middle income,2907517603.76719,377.229465025972,2069.6145412464,4.14077332856783,7.304,,,,0.7099999785,81.6,119.0,,,,7707557.0,1.89933701618306,31.1210723005304,4.777,
Haiti,HTI,1997,56.675,Latin America & Caribbean,Lower middle income,3338949151.59927,425.111085879256,2121.84940074947,2.70471393077787,7.003,,,,,78.8,114.7,,,,7854298.0,1.88596217408093,32.4720093703197,4.669,
Haiti,HTI,1998,57.137,Latin America & Caribbean,Lower middle income,3723903723.63772,465.363306259051,2152.0036629755,2.18184032957123,7.165,,,0.244,,76.1,110.6,,,,8002143.0,1.86484829220057,33.8786759252981,4.561,
Haiti,HTI,1999,57.692,Latin America & Caribbean,Lower middle income,4153725883.84082,509.578585275375,2200.58953477759,2.71024801048499,7.2,,,,,73.5,106.6,,,,8151296.0,1.84675522078588,35.3364850413145,4.452,
Haiti,HTI,2000,58.175,Latin America & Caribbean,Lower middle income,6813566098.8675,820.600046761464,2228.50133629981,0.870059259424892,8.443,30.35855865,3.99165702,,,71.1,102.9,,,4.14,8303151.0,1.84581482966936,36.8408497942176,4.39,
Haiti,HTI,2001,58.591,Latin America & Caribbean,Lower middle income,6331970324.31022,748.821159844528,2229.84396724788,-0.342747883252144,9.728,27.39323044,3.7502923,,,68.8,99.4,,,4.14,8455918.0,1.82314699522453,38.3871832598564,4.248,59.0
Haiti,HTI,2002,59.041,Latin America & Caribbean,Lower middle income,6205847213.6351,720.969568042522,2247.97896609888,1.05182013450109,11.008,22.36586189,3.43250132,,,66.7,96.2,,,4.11,8607641.0,1.77837458948683,39.9708985140797,4.125,
Haiti,HTI,2003,59.44,Latin America & Caribbean,Lower middle income,5071947798.27263,578.995291079709,2330.91873931676,3.48077973188326,12.151,18.60943604,3.53695321,,,64.9,93.3,,,4.09,8759912.0,1.75355620763416,41.2007603284477,4.047,
Haiti,HTI,2004,58.517,Latin America & Caribbean,Lower middle income,6087360684.2969,683.185298155273,2322.19786800503,-1.3178567596495,13.415,24.0406456,3.42928433,,,63.2,90.7,,,4.03,8910263.0,1.70178992075307,41.8705746346912,3.943,
Haiti,HTI,2005,60.318,Latin America & Caribbean,Lower middle income,7030149730.33692,775.845704056916,2427.44808549398,3.07217337664731,14.559,25.25854683,3.30554652,,,61.8,88.4,,,4.02,9061273.0,1.6805859467599,42.5791771857318,3.835,
Haiti,HTI,2006,60.74,Latin America & Caribbean,Lower middle income,7638739122.67242,828.805700289589,2503.6593268342,1.76875060288195,15.866,29.11877251,3.48013902,,,60.4,86.2,,,3.99,9216562.0,1.69924650861823,43.2846444920296,3.761,
Haiti,HTI,2007,61.09,Latin America & Caribbean,Lower middle income,9228637767.69009,984.566983448521,2647.49538602344,4.70652994008303,16.8,37.59618378,3.64734101,,,59.1,84.1,,,3.98,9373296.0,1.68627123390703,43.9866171992907,3.687,
Haiti,HTI,2008,61.28,Latin America & Caribbean,Lower middle income,10432962634.8748,1094.66058421644,2724.45922817022,2.6580323082747,16.204,40.445961,3.75722051,,,58.0,82.2,,,3.99,9530774.0,1.66611362408622,44.6847359532184,3.621,
Haiti,HTI,2009,61.694,Latin America & Caribbean,Lower middle income,11597002834.7786,1196.8528706018,2855.1597138836,5.89037894844316,15.398,41.39894867,3.50277376,,,56.8,80.2,,,3.54,9689581.0,1.65252529367171,45.3786413995138,3.565,
Haiti,HTI,2010,45.577,Latin America & Caribbean,Lower middle income,11859312725.1448,1209.72733503094,2694.91104128509,-5.65151153448299,15.244,55.73518753,4.54871035,,0.66,79.3,137.7,,,3.14,9803294.0,1.16672671353074,46.0679741838751,3.497,
Haiti,HTI,2011,61.581,Latin America & Caribbean,Lower middle income,13008746038.8867,1312.03953552013,2858.19645979435,5.09821354410036,14.506,77.12206268,5.91197777,0.14,,54.4,76.5,,6.6,2.74,9914904.0,1.13206279763289,46.7523749519985,3.431,
Haiti,HTI,2012,62.273,Latin America & Caribbean,Lower middle income,13708925477.1304,1361.39396587374,2830.19080559709,0.502424403581585,14.1,75.08546448,5.56462336,,,53.2,74.6,,,2.95,10069771.0,1.54988860322553,47.4314843495779,3.321,41.1
Haiti,HTI,2013,62.624,Latin America & Caribbean,Lower middle income,14902488604.2421,1457.83221179626,3042.4970687871,4.32478411472874,13.704,59.38277435,4.10524035,0.234,0.72,52.0,72.8,,,3.06,10222362.0,1.50397078747826,48.1049430223048,3.221,
Haiti,HTI,2014,62.969,Latin America & Caribbean,Lower middle income,15146883497.6331,1460.18898613914,3075.73843837062,2.88877250863379,13.808,65.10858917,4.52035809,,,50.9,70.9,,,3.19,10373235.0,1.46512576303264,48.7723916158687,3.164,
Haiti,HTI,2015,63.224,Latin America & Caribbean,Lower middle income,14849629308.6025,1411.12684746796,3025.83461728258,1.40000000859727,13.785,68.50547791,5.07518148,0.087,,49.7,69.1,,,3.22,10523242.0,1.43574035756707,49.4334707759572,3.11,
Haiti,HTI,2016,63.325,Latin America & Caribbean,Lower middle income,14069277526.2278,1318.40268167953,3253.47178641614,1.81246807847532,13.902,60.06819153,4.80760574,,,48.5,67.2,,,3.38,10671457.0,1.39862723308259,50.087821148256,3.054,
Haiti,HTI,2017,63.832,Latin America & Caribbean,Lower middle income,15093357161.1498,1395.23945184461,3339.38884653446,2.51027134544685,13.932,53.80579758,3.8199389,,,47.2,65.3,,,3.5,10817754.0,1.36160662434986,50.735083378449,2.985,
Haiti,HTI,2018,64.077,Latin America & Caribbean,Lower middle income,16403864617.8458,1496.38048970156,3196.97386370614,1.66781095484656,13.934,62.30102539,4.31650305,0.238,5.29,46.0,63.4,,,3.45,10962362.0,1.32790959369268,51.374898112219,2.924,
Haiti,HTI,2019,64.328,Latin America & Caribbean,Lower middle income,15016090929.5125,1352.17204191532,3236.97492504607,-1.72309699839232,14.095,49.32995987,3.91107917,,4.89,44.7,61.5,,,3.45,11105163.0,1.29423660619831,52.0069059952475,2.862,
Haiti,HTI,2020,63.773,Latin America & Caribbean,Lower middle income,14508222518.3018,1290.32538667383,3103.18066312462,-3.30550546965893,15.573,52.2158699,3.78651953,,5.06,43.6,59.8,,,3.11,11243848.0,1.24109993204209,52.6307476732151,2.804,
Haiti,HTI,2021,62.613,Latin America & Caribbean,Lower middle income,20754978152.2134,1824.6798742577,3116.56505397604,-1.79823988931486,15.296,59.89406204,3.57739854,,4.8,42.5,58.1,,,,11374586.0,1.15604339382525,53.2460637918026,2.748,
Haiti,HTI,2022,63.948,Latin America & Caribbean,Lower middle income,20113007125.93,1748.40890116803,3245.27176023069,-1.68198396897978,14.54,52.28417587,3.20755076,0.292,4.68,41.3,56.2,,,,11503606.0,1.12789828650149,53.8524949966907,2.699,
Haiti,HTI,2023,64.936,Latin America & Caribbean,Lower middle income,19572288894.1581,1681.84407667059,3264.65805430675,-1.86388420254838,14.459,54.4146843,3.19156528,,4.9,40.1,54.4,,,,11637398.0,1.15633263604117,54.4496819335618,2.656,
Haiti,HTI,2024,65.119,Latin America & Caribbean,Lower middle income,24255657481.2502,2060.35591768638,3168.87908307377,-4.18495104762965,14.609,,,,,39.0,52.8,,8.5,,11772557.0,1.15472671204546,55.0372652481002,2.625,
Honduras,HND,1995,66.919,Latin America & Caribbean,Lower middle income,4672346193.95203,814.049075569071,1328.73446232294,24.6744628782887,3.24,,,0.65,,36.2,46.4,,,,5739637.0,2.83430430416844,42.8611266380328,4.835,55.5
Honduras,HND,1996,67.263,Latin America & Caribbean,Lower middle income,4798834459.45946,812.817047602244,1617.38460445791,22.957391093437,4.37,,,,1.0599999428,34.8,44.5,,,,5903954.0,2.82263280263084,43.3334870410143,4.713,55.7
Honduras,HND,1997,67.542,Latin America & Caribbean,Lower middle income,5569178707.22433,917.272651200904,1958.70374620716,22.4277452884418,3.32,,,0.832,,33.5,42.6,,,,6071454.0,2.79758191616759,43.8126442443997,4.59,52.7
Honduras,HND,1998,62.432,Latin America & Caribbean,Lower middle income,6163707533.23486,988.655986927253,2152.23523417293,11.5761659693973,4.02,,,,,41.5,65.5,,,,6234431.0,2.64892008444086,44.3018421264124,4.473,57.3
Honduras,HND,1999,68.005,Latin America & Caribbean,Lower middle income,6394090592.33449,999.004383328908,2372.18211388103,11.5758601448677,3.85,,,,,30.9,39.0,,,,6400463.0,2.62830155529534,44.8043245652756,4.366,55.2
Honduras,HND,2000,68.302,Latin America & Caribbean,Lower middle income,7186638029.05875,1092.56400746252,2587.42253921429,9.61221879337278,3.883,68.48374939,6.26817989,0.559,0.61,29.6,37.3,,,3.09,6577773.0,2.73259067031821,45.3233354392127,4.289,
Honduras,HND,2001,68.491,Latin America & Caribbean,Lower middle income,7651162302.3456,1132.1648753329,2645.2547755765,2.72319327321379,4.0,67.13735199,5.92998314,,0.6,28.4,35.6,,,3.09,6757993.0,2.70297142800253,45.8623033555915,4.153,55.4
Honduras,HND,2002,68.714,Latin America & Caribbean,Lower middle income,7858255412.86038,1132.49965345317,2714.56632013696,3.75433786119939,4.02,70.72001648,6.2445755,,0.59,27.2,34.0,,,3.24,6938859.0,2.64113992979828,46.4194190064116,4.0,55.7
Honduras,HND,2003,68.874,Latin America & Caribbean,Lower middle income,8230391346.67228,1156.08162681357,2820.71404421458,4.54703805165397,5.3,79.65468597,6.89004707,,0.59,26.1,32.5,,,3.31,7119213.0,2.56598338265854,46.990184604045,3.844,58.1
Honduras,HND,2004,69.05,Latin America & Caribbean,Lower middle income,8869299234.3377,1215.13995412761,3001.29671322779,6.23230296069102,5.99,83.29620361,6.85484362,,0.59,25.1,31.1,,,3.34,7298994.0,2.49393448320234,47.5739776096056,3.71,58.1
Honduras,HND,2005,69.198,Latin America & Caribbean,Lower middle income,9757012696.56212,1304.70039153826,3203.9591898809,6.05059922215973,4.909,97.86359406,7.50086403,0.358,0.59,24.1,29.8,,,3.39,7478355.0,2.42763175756451,48.1703884178554,3.577,59.5
Honduras,HND,2006,69.364,Latin America & Caribbean,Lower middle income,10917477066.1429,1425.84780051892,3437.62296346881,6.56724355177587,3.574,112.11707306,7.86318684,,0.54,23.2,28.6,,,3.44,7656832.0,2.35854731680492,48.7790074235564,3.449,57.5
Honduras,HND,2007,69.539,Latin America & Caribbean,Lower middle income,12361257680.5627,1577.73789197407,3664.08828479199,6.18832716678008,3.211,127.55919647,8.08494949,,0.56,22.3,27.4,,,3.38,7834798.0,2.29767725446285,49.3994250214704,3.351,55.8
Honduras,HND,2008,69.657,Latin America & Caribbean,Lower middle income,13881731875.7466,1732.49062702803,3806.34706360414,4.23160011009342,3.156,149.05706787,8.60362625,,0.52,21.5,26.4,,,3.28,8012587.0,2.24385864950969,50.0312316063593,3.26,55.5
Honduras,HND,2009,69.823,Latin America & Caribbean,Lower middle income,14587496229.1811,1781.15703614674,3655.79701386776,-2.43162787988011,3.292,160.23144531,8.99592495,,0.55,20.8,25.4,,,3.19,8189899.0,2.18878854544431,50.6740175729851,3.173,51.3
Honduras,HND,2010,69.77,Latin America & Caribbean,Lower middle income,15839344591.9842,1893.32722662035,3757.54642050171,3.73114034433009,4.119,165.19970703,8.72536373,0.293,0.61,20.1,24.4,,,3.13,8365878.0,2.12597244017857,51.3273733161098,3.078,53.1
Honduras,HND,2011,70.116,Latin America & Caribbean,Lower middle income,17710275685.4074,2073.66121088074,3900.71136173338,3.83569066207505,4.474,182.3137207,8.79187012,,0.57,19.4,23.5,,6.7,3.1,8540583.0,2.06679823709264,51.9908892304951,2.998,52.6
Honduras,HND,2012,70.46,Latin America & Caribbean,Lower middle income,18528554397.5695,2126.03474686503,4016.34609101801,4.12868774866939,3.755,184.04154968,8.65655136,,0.61,18.8,22.7,,,3.1,8715076.0,2.02251270813154,52.6641557109031,2.927,53.4
Honduras,HND,2013,70.765,Latin America & Caribbean,Lower middle income,18499729214.904,2081.12843527945,4137.3268237781,2.79155975746801,5.646,176.421875,8.47723007,,0.64,18.2,21.9,,,2.99,8889278.0,1.97914318489325,53.356379133253,2.855,50.0
Honduras,HND,2014,71.032,Latin America & Caribbean,Lower middle income,19756533971.8698,2179.88171977271,4460.05742833175,3.0580805621437,7.078,172.52818298,7.91455746,,0.61,17.6,21.1,,,2.91,9063122.0,1.93678209287486,53.8768089124249,2.793,49.9
Honduras,HND,2015,71.323,Latin America & Caribbean,Lower middle income,20979791685.416,2271.20265980349,4845.59566521125,3.84007997093951,6.147,169.97198486,7.4837904,,0.6,17.0,20.3,,,2.85,9237305.0,1.90365241356179,54.3828473751434,2.746,49.2
Honduras,HND,2016,71.615,Latin America & Caribbean,Lower middle income,21717604952.1835,2307.34468351082,5186.15897417161,3.89297219726413,6.727,177.8835144,7.709445,0.589,0.63,16.5,19.6,,,2.94,9412380.0,1.87756675968273,54.8868414578857,2.704,49.8
Honduras,HND,2017,71.805,Latin America & Caribbean,Lower middle income,23136247990.5977,2413.0076562942,5620.65455247733,4.84291391050387,5.528,169.07194519,7.00668859,0.304,0.64,15.9,18.9,,,3.06,9588137.0,1.85007611234979,55.3877322339915,2.663,49.4
Honduras,HND,2018,72.001,Latin America & Caribbean,Lower middle income,24067750760.499,2464.64241531918,5633.3832384519,3.84499476966735,5.648,178.1494751,7.22820663,,0.65,15.4,18.2,,,3.17,9765210.0,1.82994643094924,55.8852577716247,2.645,48.9
Honduras,HND,2019,72.124,Latin America & Caribbean,Lower middle income,24882225741.8119,2502.32744328073,5784.93081057111,2.55963434592314,5.698,183.75006104,7.34316635,,0.65,14.9,17.7,,,3.17,9943633.0,1.81063773761993,56.3791561389766,2.611,48.2
Honduras,HND,2020,70.864,Latin America & Caribbean,Lower middle income,23352232483.755,2307.61494319511,5384.69831983038,-8.96508223267296,10.982,212.7419281,9.21912384,0.489,0.71,14.5,17.1,,,3.08,10119640.0,1.75456432541029,56.8691654042685,2.577,
Honduras,HND,2021,69.492,Latin America & Caribbean,Lower middle income,28144331506.6149,2735.14751503977,6202.98078812037,12.5652843771279,8.506,253.63349915,9.27311516,,0.66,14.0,16.5,,,,10289877.0,1.66825063176954,57.3550236357547,2.548,
Honduras,HND,2022,72.715,Latin America & Caribbean,Lower middle income,31426041806.7985,3003.28996826399,6804.41504589356,4.14356194013767,8.774,244.90408325,8.15452766,,0.62,13.6,16.0,,,,10463872.0,1.67679658023776,57.8364689017254,2.522,
Honduras,HND,2023,72.884,Latin America & Caribbean,Lower middle income,34355805527.9795,3227.45762509776,7184.25562362375,3.57584760454412,6.07,249.15301514,7.70976162,,0.53,13.2,15.5,,,,10644851.0,1.71477388415816,58.3132392705102,2.5,46.8
Honduras,HND,2024,73.044,Latin America & Caribbean,Lower middle income,36980171442.0603,3415.96027916712,7502.56902428309,3.63240745450875,4.91,,,,,12.8,15.0,,5.0,,10825703.0,1.68469129774697,58.7850728104829,2.476,45.7
Hungary,HUN,1995,69.7917073170732,Europe & Central Asia,High income,46577614588.9926,4509.41740910077,9222.18538242597,1.48952547593046,10.168,,,3.355,8.8000001907,10.9,12.5,,,,10328965.0,-0.139220003601429,62.6263403226773,1.57,
Hungary,HUN,1996,70.3287804878049,Europe & Central Asia,High income,46833767123.6915,4542.0120380978,9387.57595434634,0.101234227633242,10.022,,,3.4,8.8000001907,10.3,11.9,,,,10311238.0,-0.171771608629025,62.9536297314429,1.46,
Hungary,HUN,1997,70.7024390243902,Europe & Central Asia,High income,47398564799.2496,4606.0569733295,9846.43441638411,2.97787906543104,8.991,,,3.452,8.0,9.9,11.5,,,,10290486.0,-0.201458936335808,63.2809526136067,1.37,
Hungary,HUN,1998,70.5578048780488,Europe & Central Asia,High income,48784412623.5939,4751.7732430202,10415.2905886577,3.84810814449837,8.925,,,3.526,8.1000003815,9.5,11.1,,,,10266570.0,-0.232679336866497,63.6080202030422,1.32,26.4
Hungary,HUN,1999,70.6770731707317,Europe & Central Asia,High income,49160204397.4635,4801.95949584162,10892.4856104468,3.08605811588221,6.929,,,3.56,8.1000003815,9.1,10.6,,,,10237530.0,-0.283260610485194,63.9345437336226,1.28,30.2
Hungary,HUN,2000,71.2463414634146,Europe & Central Asia,High income,47275954428.9586,4629.91760812548,11871.6712053699,4.40937501806403,6.563,313.10858154,6.76979256,3.012,8.17,8.7,10.1,,,12.38,10210971.0,-0.259764908288633,64.2602344392211,1.32,27.2
Hungary,HUN,2001,72.2487804878049,Europe & Central Asia,High income,53800068065.7969,5280.94887987063,13222.7298612624,4.06202617226026,5.671,359.69750977,6.8197937,3.255,7.93,8.1,9.5,,,12.38,10187576.0,-0.229379183308447,64.646880283041,1.31,26.9
Hungary,HUN,2002,72.3487804878049,Europe & Central Asia,High income,67636468625.0428,6658.04494326809,14532.3075182088,4.73006530805553,5.608,473.12783813,7.1181159,3.679,7.93,7.6,9.0,,,12.67,10158608.0,-0.28475137719698,65.0400009155273,1.3,26.8
Hungary,HUN,2003,72.3,Europe & Central Asia,High income,85190469121.074,8410.09248198479,15459.9630651172,3.93877761242727,5.79,682.86566162,8.12986469,3.783,7.91,7.2,8.4,19.2966476082802,,12.69,10129552.0,-0.286433268128688,64.8452987670898,1.27,30.9
Hungary,HUN,2004,72.6487804878049,Europe & Central Asia,High income,104015363080.271,10291.2694721409,16250.6523854316,4.96312536156307,5.832,798.45361328,7.76592064,3.344,7.9,6.8,8.0,,,12.59,10107146.0,-0.221439378654807,65.0225372314453,1.28,29.9
Hungary,HUN,2005,72.6487804878049,Europe & Central Asia,High income,113098237570.929,11212.2046968994,17091.2761318193,4.30028318461673,7.189,895.20330811,7.99248505,2.787,7.93,6.4,7.5,,,12.58,10087065.0,-0.198878843237103,66.1261367797852,1.31,34.7
Hungary,HUN,2006,73.0975609756098,Europe & Central Asia,High income,115604111412.139,11478.4891640501,18361.9963871537,3.93393162712054,7.494,893.20300293,7.78556442,3.042,7.99,6.1,7.2,,,12.36,10071370.0,-0.155716484651578,67.0155868530273,1.34,28.3
Hungary,HUN,2007,73.1512195121951,Europe & Central Asia,High income,140123326896.329,13934.605460375,19089.2936988152,0.332354337878925,7.406,1003.25805664,7.20719147,2.809,7.2,5.8,6.8,,,12.01,10055780.0,-0.154915158060948,67.0041656494141,1.32,27.9
Hungary,HUN,2008,73.7024390243903,Europe & Central Asia,High income,158228265915.534,15762.6322515113,20708.7615120316,0.993437085479655,7.817,1117.20227051,7.09275723,3.097,7.12,5.5,6.5,,,11.5,10038188.0,-0.17509736747488,68.0976986078883,1.35,27.5
Hungary,HUN,2009,73.9048780487805,Europe & Central Asia,High income,130807441076.16,13051.1831777184,20691.4485224486,-6.7401660845502,10.03,943.68774414,7.2366724,3.027,7.16,5.3,6.2,20.3158393502235,,10.95,10022650.0,-0.154908813950621,68.4592590332031,1.32,27.0
Hungary,HUN,2010,74.2073170731707,Europe & Central Asia,High income,131898737241.166,13189.8433874768,21690.9866477738,1.06795068152046,11.172,983.11083984,7.46420383,2.875,7.2,5.1,6.0,,,10.84,10000023.0,-0.226013875689698,69.5305480957031,1.25,29.4
Hungary,HUN,2011,74.8585365853659,Europe & Central Asia,High income,141712804953.868,14211.460557822,22992.2184657584,1.91670916599742,11.029,1063.43237305,7.49342251,2.966,7.21,5.0,5.9,,6.0,10.72,9971727.0,-0.283360435946948,69.4779934082031,1.23,29.2
Hungary,HUN,2012,75.0634146341463,Europe & Central Asia,High income,128470269689.958,12950.1594488143,23205.310668404,-1.33948446518181,11.003,961.1383667,7.43047714,3.09,7.0,4.8,5.7,,,10.72,9920362.0,-0.516437606548041,69.5772326660156,1.34,30.8
Hungary,HUN,2013,75.5658536585366,Europe & Central Asia,High income,135646053778.582,13739.4620151401,24591.6380503055,2.03216990678146,10.177,991.98742676,7.23645353,3.21,7.04,4.7,5.6,,,10.58,9872734.0,-0.481259646558662,69.9277636266638,1.36,31.5
Hungary,HUN,2014,75.7634146341463,Europe & Central Asia,High income,141128696412.321,14352.501883174,25796.2100959256,4.33435364113967,7.725,1008.92950439,7.04192352,3.325,6.99,4.5,5.3,21.5035825967789,,10.52,9833038.0,-0.402887577253118,70.3071053512008,1.45,30.9
Hungary,HUN,2015,75.5682926829269,Europe & Central Asia,High income,125244126623.289,12782.9412577973,26937.7320818864,3.65981615406955,6.813,874.04138184,6.8501935,3.098,7.0,4.2,5.1,,,10.68,9797755.0,-0.35946625276649,70.4847717285156,1.46,30.4
Hungary,HUN,2016,76.0634146341464,Europe & Central Asia,High income,128983560865.293,13215.8605277789,28178.9450366919,2.43864141309342,5.115,918.94506836,6.96752644,3.212,7.0,4.0,4.7,,,10.63,9759755.0,-0.388598014975531,70.4733810424805,1.55,30.3
Hungary,HUN,2017,75.8170731707317,Europe & Central Asia,High income,143335098991.862,14736.1668157258,29728.0121568801,4.12418389451805,4.156,990.90808105,6.73338366,3.326,7.02,3.7,4.5,,,10.75,9726756.0,-0.338685889370073,70.4542541503906,1.56,30.6
Hungary,HUN,2018,76.0658536585366,Europe & Central Asia,High income,161184691013.835,16605.0570511887,32258.2577892511,5.60613813768876,3.667,1087.64611816,6.55460501,3.384,6.95,3.6,4.3,,,10.6,9706964.0,-0.203687269785053,70.4711761474609,1.57,
Hungary,HUN,2019,76.3195121951219,Europe & Central Asia,High income,164936682033.992,17012.8598553199,35627.2315520858,5.07718495088933,3.411,1062.15869141,6.24677849,3.494,6.91,3.4,4.1,,,10.6,9694824.0,-0.125143121699401,70.4565277099609,1.58,
Hungary,HUN,2020,75.419512195122,Europe & Central Asia,High income,158468487754.196,16386.9308821258,35583.5855675637,-4.33872540024058,4.248,1182.54138184,7.230515,3.14,6.76,3.4,4.0,,,9.93,9670419.0,-0.252049642963059,70.2917327880859,1.61,
Hungary,HUN,2021,74.0658536585366,Europe & Central Asia,High income,183282685440.486,19030.628130329,38887.1909527154,7.22291580811137,4.021,1392.97460938,7.33524847,3.299,6.79,3.3,4.0,,,,9630932.0,-0.409163639262836,70.2059275331413,1.63,
Hungary,HUN,2022,75.8682926829268,Europe & Central Asia,High income,177002580544.155,18428.028825614,44232.4363539167,4.15238057779229,3.583,1228.00231934,6.6474123,3.456,6.63,3.2,3.9,,,,9605074.0,-0.268850150860009,70.1585064243445,1.57,
Hungary,HUN,2023,76.5707317073171,Europe & Central Asia,High income,213029511028.874,22208.6509820466,46376.1979062264,-0.817107370513455,4.096,1419.87475586,6.36868954,,,3.2,3.8,,,,9592186.0,-0.134269181500181,70.2923026891431,1.55,
Hungary,HUN,2024,76.7243902439025,Europe & Central Asia,High income,222848211034.367,23305.4482514359,48540.1614792293,0.709070599066038,4.5,,,,,3.1,3.7,,8.3,,9562065.0,-0.314510077464087,70.491825943218,1.41,
India,IND,1995,60.63,South Asia,Lower middle income,360281909643.489,375.17600537305,1533.29944360609,7.57449184027195,7.57,,,,,75.6,109.7,,,,960301044.0,2.01296632914892,26.5661772139368,3.651,
India,IND,1996,61.027,South Asia,Lower middle income,392896866204.516,401.046754673579,1646.03213894464,7.54952224888829,7.537,,,,,73.9,106.2,,,,979678458.0,1.99775909414655,26.7648638746349,3.582,
India,IND,1997,61.439,South Asia,Lower middle income,415867563592.829,416.228116203753,1708.30303721879,4.04982084902483,7.574,,,,,72.1,102.7,,,,999133762.0,1.966425183613,26.9696862023486,3.514,
India,IND,1998,61.852,South Asia,Lower middle income,421351317224.941,413.630864056851,1799.16740209399,6.18441582080355,7.596,,,,,70.2,99.1,,,,1018665080.0,1.93596384442712,27.1832515534447,3.446,
India,IND,1999,62.284,South Asia,Lower middle income,458821052615.79,441.927991436397,1948.6115821023,8.84575556114116,7.583,,,,,68.3,95.4,,,,1038225823.0,1.90202919152067,27.4081672842903,3.383,
India,IND,2000,62.749,South Asia,Lower middle income,468395521654.458,442.750218937263,2030.76576304986,3.84099115686554,7.589,18.47883415,4.10568476,,2.13,66.3,91.8,,,1.97,1057922733.0,1.87939826197393,27.6470407512523,3.35,
India,IND,2001,63.158,South Asia,Lower middle income,485440139204.171,450.357900514128,2136.32325134947,4.82396626397303,7.611,19.74444199,4.33754253,,2.09,64.3,88.1,,,1.97,1077898575.0,1.87060822112685,27.9028652096636,3.303,
India,IND,2002,63.649,South Asia,Lower middle income,514939140318.756,469.149928973927,2211.62562513784,3.80397532120038,7.681,20.15651703,4.31453371,,2.05,62.4,84.6,,,2.11,1097600380.0,1.81129424097937,28.1756878910456,3.217,
India,IND,2003,64.086,South Asia,Lower middle income,607700687237.318,544.143133545002,2390.73827838828,7.86038147545045,7.633,21.89380074,4.07877731,,2.02,60.4,81.1,1.16399079561233,,2.21,1116803006.0,1.73438204419235,28.4660287698,3.122,
India,IND,2004,64.484,South Asia,Lower middle income,709152728830.775,624.258826510066,2604.78313814891,7.92293661307978,7.598,24.9240799,4.02679491,,1.99,58.5,77.7,,,2.29,1135991513.0,1.7035704679088,28.7726067228528,3.046,27.7
India,IND,2005,64.939,South Asia,Lower middle income,820383763511.445,710.488080408949,2852.39802783007,7.92343062131789,7.551,27.49770737,3.85508275,,1.95,56.5,74.3,,,2.39,1154676322.0,1.63142146860079,29.0945497159107,2.958,
India,IND,2006,65.373,South Asia,Lower middle income,940259888787.721,801.668353659022,3128.06450193583,8.06073257305057,7.553,29.37600899,3.66901541,,1.92,54.5,71.0,,,2.6,1172878890.0,1.56412522526913,29.4309857146804,2.867,
India,IND,2007,65.803,South Asia,Lower middle income,1216736438834.96,1021.88707706826,3407.23838129709,7.66081506510766,7.562,35.63138962,3.58103991,,1.89,52.5,67.8,,,2.95,1190676021.0,1.50599144392136,29.7810426848684,2.775,
India,IND,2008,66.247,South Asia,Lower middle income,1198895139005.92,992.519584923828,3528.94302493162,3.08669805950082,7.629,37.65440369,3.58856082,,1.87,50.5,64.5,,,3.53,1207930964.0,1.43877181746736,30.1438485921815,2.711,
India,IND,2009,66.7,South Asia,Lower middle income,1341888016994.9,1094.94974598436,3774.87966856294,7.8618888330338,7.636,38.05965042,3.54637694,,1.84,48.4,61.2,,,4.11,1225524753.0,1.44601731955273,30.5185314023263,2.674,27.8
India,IND,2010,67.162,South Asia,Lower middle income,1675615519484.96,1347.51939071367,4085.5641012345,8.49758470165625,7.631,44.79586029,3.33625913,,1.81,46.3,58.1,,,4.62,1243481564.0,1.45460361883041,30.9042190810094,2.598,
India,IND,2011,67.623,South Asia,Lower middle income,1823051829894.55,1445.46127486037,4326.67118367021,5.24131620024293,7.609,48.18242264,3.24634218,,1.79,44.2,55.0,,9.0,4.89,1261224954.0,1.41682761544376,31.2746502853309,2.532,28.8
India,IND,2012,68.076,South Asia,Lower middle income,1827637590410.41,1429.32199520032,4681.12393706313,5.45638755164772,7.645,48.45263672,3.32935286,,1.76,42.2,52.0,,,5.02,1278674502.0,1.37405616603306,31.5898935604399,2.47,
India,IND,2013,68.499,South Asia,Lower middle income,1856721507621.58,1432.84397512195,4870.23562464539,6.38610640091713,7.678,55.46933746,3.74944186,,1.74,40.1,49.1,,,5.04,1295829511.0,1.33270430507476,31.9096789235237,2.399,
India,IND,2014,68.932,South Asia,Lower middle income,2039126479154.52,1553.88396075118,5042.38256477318,7.41022760516977,7.656,56.3490181,3.61956549,0.715,1.72,38.2,46.4,,,5.02,1312277191.0,1.26129027125347,32.2288233408821,2.293,
India,IND,2015,69.326,South Asia,Lower middle income,2103588360044.94,1583.99815907985,5269.11774528716,7.99625378567987,7.629,58.12401581,3.59565973,0.723,1.7,36.3,43.7,,,4.96,1328024498.0,1.19285563384335,32.5472990022299,2.289,
India,IND,2016,69.709,South Asia,Lower middle income,2294796885663.16,1707.50892912243,5633.77275665841,8.25630550176662,7.611,59.72652817,3.50430417,0.748,1.68,34.6,41.3,,,4.87,1343944296.0,1.19162966402099,32.8650780972823,2.284,
India,IND,2017,70.068,South Asia,Lower middle income,2651474262755.45,1950.10468280866,5968.11490280172,6.79538341902422,7.626,56.66844559,2.93597651,0.766,1.66,32.9,39.0,,,4.87,1359657400.0,1.1623961434697,33.1821328157539,2.193,
India,IND,2018,70.415,South Asia,Lower middle income,2702929641648.74,1966.25455171679,6521.97490856972,6.45385134495295,7.652,57.46551132,2.8584938,0.84,1.64,31.3,36.9,,,4.92,1374659064.0,1.09729906702925,33.4984353473598,2.184,
India,IND,2019,70.746,South Asia,Lower middle income,2835606256558.19,2041.42863698585,6945.40309824538,3.87143694070524,6.51,60.6913681,2.95299792,0.889,1.62,29.8,34.9,,,4.92,1389030312.0,1.04001395098104,33.8139578818147,2.12,
India,IND,2020,70.156,South Asia,Lower middle income,2674851578587.27,1907.04251637669,6766.06119055994,-5.77772470687303,7.859,63.83099747,3.34146094,0.723,1.61,28.3,33.0,,,4.1,1402617695.0,0.973438646910149,34.1286726088333,2.047,
India,IND,2021,67.282,South Asia,Lower middle income,3167270623260.47,2239.61384367482,7818.65701757504,9.68959249191741,6.38,75.54971313,3.34680939,,1.59,27.0,31.2,,,,1414203896.0,0.822648220128724,34.4425517181304,2.014,
India,IND,2022,71.698,South Asia,Lower middle income,3249938492013.47,2279.98145719369,8941.09277447514,7.6093649776932,4.822,81.50888824,3.39623499,,,25.7,29.5,,,,1425423212.0,0.790200540609834,34.7555673994206,1.994,25.5
India,IND,2023,72.003,South Asia,Lower middle income,3500906030644.76,2434.44826340989,9853.04309264591,7.210224629335,4.172,84.68669891,3.33944035,,,24.5,28.0,,,,1438069596.0,0.883289539766135,35.0676918424186,1.975,
India,IND,2024,72.235,South Asia,Lower middle income,3760813470500.86,2591.9916607122,10718.5934040662,7.09927893176518,4.173,,,,,23.3,26.6,,10.5,,1450935791.0,0.890706546985984,35.3788972368389,1.962,
Indonesia,IDN,1995,65.263,East Asia & Pacific,Upper middle income,202132028723.115,1011.22614205568,4451.00021267626,8.22000739903493,4.611,,,,,52.0,65.5,,,,199888057.0,1.66278546327292,36.3023505153847,2.809,
Indonesia,IDN,1996,65.465,East Asia & Pacific,Upper middle income,227369679374.973,1118.92133024129,4807.09267263896,7.81818707670867,4.861,,,,,49.7,62.4,,,,203204348.0,1.64546182640737,37.5368685140699,2.782,34.2
Indonesia,IDN,1997,65.774,East Asia & Pacific,Upper middle income,215748998609.635,1044.60674832472,5037.22152386981,4.69987885390397,4.684,,,,,47.5,59.4,,,,206536095.0,1.62630782020292,38.746630876665,2.742,
Indonesia,IDN,1998,65.942,East Asia & Pacific,Upper middle income,95445547872.715,454.877800792123,4355.77997376794,-13.1267254923818,5.459,,,,0.6,45.4,56.6,,,,209826788.0,1.58071800042293,39.9075139498987,2.66,30.9
Indonesia,IDN,1999,66.001,East Asia & Pacific,Upper middle income,140001351215.462,657.268934667018,4385.93971355756,0.79112608199847,6.358,,,,,43.4,53.9,,,,213004668.0,1.50317096427875,40.9953940804992,2.568,30.8
Indonesia,IDN,2000,66.292,East Asia & Pacific,Upper middle income,165021012077.81,763.711124950924,4639.0394262333,4.9200677470169,6.077,15.39148712,1.85297656,,0.58,41.4,51.4,,,0.083,216077790.0,1.43244007763682,41.9861540600656,2.503,30.3
Indonesia,IDN,2001,66.583,East Asia & Pacific,Upper middle income,160446947784.909,732.307093405708,4848.55580114578,3.64346644721492,6.082,16.8734417,2.11850214,,0.58,39.6,49.0,,,0.083,219097902.0,1.38801892806803,42.9018895186157,2.466,31.2
Indonesia,IDN,2002,66.954,East Asia & Pacific,Upper middle income,195660611165.183,881.002913569131,5076.16438148775,4.49947539085764,6.604,18.97848511,1.98062706,,0.58,37.9,46.7,,,0.077,222088495.0,1.35572575488289,43.7824069030376,2.436,30.2
Indonesia,IDN,2003,67.134,East Asia & Pacific,Upper middle income,234772463823.808,1043.2105838671,5352.50750387612,4.78036912167654,6.657,25.51065636,2.24837184,0.131,0.58,36.3,44.6,7.8,,0.074,225048008.0,1.32378197652859,44.6301761521872,2.41,29.3
Indonesia,IDN,2004,65.521,East Asia & Pacific,Upper middle income,256836875295.452,1126.84004447173,5700.04949540206,5.03087394501685,7.303,25.98270035,2.12002277,,0.58,36.9,48.6,,,0.077,227926649.0,1.27101139474106,45.4476736441888,2.415,30.4
Indonesia,IDN,2005,67.531,East Asia & Pacific,Upper middle income,285868619196.085,1238.21447629488,6134.16673005776,5.69257130383384,7.945,34.09753036,2.53189397,,0.59,33.3,40.7,,,0.082,230871650.0,1.28380661170743,46.2373757571669,2.452,29.9
Indonesia,IDN,2006,67.664,East Asia & Pacific,Upper middle income,364570515618.357,1558.31562847163,6583.35112361832,5.50095178520348,7.551,44.3965683,2.61946416,,0.59,31.9,38.9,2.4,,0.085,233951652.0,1.32525502272966,47.0017588692457,2.457,31.5
Indonesia,IDN,2007,67.914,East Asia & Pacific,Upper middle income,432216737774.861,1823.21976255073,7096.38768887022,6.34502222667214,8.06,55.99677658,2.82385564,,0.6,30.6,37.2,,,0.089,237062337.0,1.32086532413059,47.7432993585496,2.476,33.2
Indonesia,IDN,2008,68.085,East Asia & Pacific,Upper middle income,510228634992.258,2124.55483920618,7569.25304664569,6.01370360009123,7.208,59.24273682,2.54842305,,0.62,29.4,35.6,,,0.094,240157903.0,1.29735043016571,48.4644736032029,2.44,32.6
Indonesia,IDN,2009,68.267,East Asia & Pacific,Upper middle income,539580085612.401,2218.48541852977,7868.1481834145,4.62887118256153,6.106,62.4021759,2.62324095,0.259,0.58,28.2,34.1,,,0.1,243220028.0,1.26698625068088,49.16775798133,2.442,33.4
Indonesia,IDN,2010,68.364,East Asia & Pacific,Upper middle income,755094157621.936,3065.68348377765,8353.45684705951,6.22385418062366,5.614,85.55950165,2.7908783,0.239,0.56,27.0,32.6,,,0.1,246305322.0,1.26054140134601,49.8521375148888,2.462,34.6
Indonesia,IDN,2011,68.629,East Asia & Pacific,Upper middle income,892969104563.171,3579.46442466152,8936.99215549454,6.16978420771008,5.153,107.00540161,2.98942471,,0.6,25.9,31.2,,5.1,0.11,249470032.0,1.27668830646548,50.4830017089844,2.515,37.9
Indonesia,IDN,2012,68.862,East Asia & Pacific,Upper middle income,917869913332.649,3632.27254030331,9530.29071136718,6.03005065305615,4.468,105.85425568,2.91427088,0.197,0.81,24.9,29.9,,,0.11,252698525.0,1.28583816632167,51.1593933105469,2.514,37.1
Indonesia,IDN,2013,69.064,East Asia & Pacific,Upper middle income,912524136718.018,3566.60284506078,9866.01699250847,5.5572636889101,4.336,102.33824921,2.86934805,,0.96,23.9,28.6,,,0.11,255852467.0,1.24038001568984,51.8307495117188,2.441,38.9
Indonesia,IDN,2014,69.292,East Asia & Pacific,Upper middle income,890814755533.537,3441.06808464008,10064.677127417,5.006668425755,4.049,102.00482178,2.96433568,,0.91,22.9,27.3,,,0.11,258877399.0,1.17536091203837,52.5002136230469,2.393,38.8
Indonesia,IDN,2015,69.52,East Asia & Pacific,Upper middle income,860854232686.214,3288.22269725538,10027.5372996025,4.87632230022123,4.514,96.15701294,2.92428517,0.27,0.95,21.9,26.1,,,0.11,261799249.0,1.12233981761262,53.1720771789551,2.346,38.2
Indonesia,IDN,2016,69.733,East Asia & Pacific,Upper middle income,931877364037.698,3521.46943457574,10262.5951651871,5.03306918280177,4.301,106.40021515,3.02147198,,0.97,21.0,25.0,,,0.11,264627418.0,1.0744882002252,53.812557220459,2.311,36.9
Indonesia,IDN,2017,69.953,East Asia & Pacific,Upper middle income,1015618744159.73,3798.88326174526,10687.6409218443,5.06978590134916,3.783,110.32610321,2.90417194,0.373,1.02,20.1,23.8,,,0.11,267346658.0,1.02232939771064,54.4541015625,2.253,36.4
Indonesia,IDN,2018,70.08,East Asia & Pacific,Upper middle income,1042271532988.63,3860.95353090726,11372.0971987612,5.17429153955024,4.387,110.71585846,2.86757827,0.421,1.15,19.3,22.8,,,0.11,269951846.0,0.969743409524713,55.0956840515137,2.219,36.3
Indonesia,IDN,2019,70.349,East Asia & Pacific,Upper middle income,1119099871350.2,4106.94856160358,11986.4701508376,5.01928768046282,3.59,118.22380829,2.87862897,0.462,1.16,18.5,21.8,,,0.11,272489381.0,0.935604959235128,55.7382049560547,2.205,35.4
Indonesia,IDN,2020,68.817,East Asia & Pacific,Upper middle income,1059054842698.48,3853.70288774146,11729.3674458448,-2.06551182934165,4.255,131.8225708,3.42067289,0.62,1.38,17.7,20.8,,,0.074,274814866.0,0.849801187379341,56.2785287648768,2.189,35.3
Indonesia,IDN,2021,67.452,East Asia & Pacific,Upper middle income,1186509691086.73,4287.17313995098,12757.0746440204,3.70288562827751,3.827,158.89761353,3.70634937,0.688,1.34,17.0,19.9,,,,276758053.0,0.704601321926319,56.8761702464027,2.166,35.5
Indonesia,IDN,2022,70.925,East Asia & Pacific,Upper middle income,1319101183380.15,4730.83484836107,14282.6654124401,5.30719722664799,3.462,127.44384766,2.69389749,0.681,1.4,16.3,19.1,,,,278830529.0,0.746050469653246,57.4934704226599,2.149,35.5
Indonesia,IDN,2023,71.146,East Asia & Pacific,Upper middle income,1371166925749.88,4876.2992959843,15428.3856954945,5.04883117855516,3.308,131.77729797,2.70239949,0.524,1.37,15.7,18.4,,,,281190067.0,0.842666137328498,58.1179353397878,2.127,36.1
Indonesia,IDN,2024,71.288,East Asia & Pacific,Upper middle income,1396301788461.69,4925.43644992666,16472.4825935409,5.03257477088519,3.301,,,,,15.2,17.7,,11.3,,283487931.0,0.813871513351669,58.7509635387997,2.115,34.9
"Iran, Islamic Rep.",IRN,1995,67.904,Middle East & North Africa,Upper middle income,96419225743.6737,1550.0095955025,9255.33507040905,2.40104455220023,9.904,,,,,39.8,46.2,,,,62205567.0,1.10724517815505,60.42333984375,2.852,
"Iran, Islamic Rep.",IRN,1996,68.328,Middle East & North Africa,Upper middle income,120403931885.441,1914.78121294313,9915.58939355838,6.35052601873645,9.1,,,0.85,1.6000000238,38.3,44.3,,,,62881300.0,1.08043248596744,61.0621868466265,2.542,
"Iran, Islamic Rep.",IRN,1997,68.649,Middle East & North Africa,Upper middle income,113919163421.155,1790.06617575598,10100.9716218836,1.3503992743003,9.68,,,,,36.7,42.4,,,,63639638.0,1.19876929995268,62.1140785217285,2.323,
"Iran, Islamic Rep.",IRN,1998,69.214,Middle East & North Africa,Upper middle income,110276913362.508,1709.19334096046,10284.7044577807,2.08001178027133,10.358,,,1.049,,35.1,40.4,,,,64519859.0,1.37365526787202,62.9052391052246,2.19,44.1
"Iran, Islamic Rep.",IRN,1999,69.686,Middle East & North Africa,Upper middle income,113848450088.351,1739.59462001458,10488.6701048663,2.00269623253435,11.176,,,,,33.4,38.4,,,,65445391.0,1.4243001822483,63.7097473144531,2.089,
"Iran, Islamic Rep.",IRN,2000,70.166,Middle East & North Africa,Upper middle income,109591707802.216,1650.01385833785,11186.8999214902,5.84552747578209,11.698,79.89089203,4.72250843,,,31.7,36.4,,,0.021,66418659.0,1.47619563346635,64.4780120849609,1.999,
"Iran, Islamic Rep.",IRN,2001,70.619,Middle East & North Africa,Upper middle income,126878750295.944,1881.02266635283,11532.9987572346,2.39217271207868,12.362,93.23036957,5.16087341,,1.62,30.0,34.3,,,0.021,67452005.0,1.54382818918331,65.2168655395508,1.918,
"Iran, Islamic Rep.",IRN,2002,71.112,Middle East & North Africa,Upper middle income,128626917503.72,1891.25756091033,12554.3307698926,8.07882927975243,12.8,104.64128113,4.65182209,,1.63,28.3,32.3,,,0.03,68011317.0,0.82578098646242,65.9271621704102,1.836,
"Iran, Islamic Rep.",IRN,2003,70.464,Middle East & North Africa,Upper middle income,151911222119.488,2208.99636552406,13754.906513045,8.6392983972006,11.529,115.51907349,4.95589161,,1.62,26.6,30.3,,,0.044,68769340.0,1.10838882782602,66.6049270629883,1.801,
"Iran, Islamic Rep.",IRN,2004,72.04,Middle East & North Africa,Upper middle income,187754571247.666,2672.4226651404,14425.4169993917,4.33666597851041,10.3,139.75932312,5.12801409,0.865,1.6,25.0,28.3,,,0.063,70256316.0,2.13922055681238,67.2567367553711,1.78,
"Iran, Islamic Rep.",IRN,2005,72.446,Middle East & North Africa,Upper middle income,224970371324.67,3132.0508192007,15016.2676075641,3.18980408728824,11.813,169.8145752,5.29996157,0.861,1.58,23.4,26.5,10.8,,0.085,71828455.0,2.21304950909032,67.8708801269531,1.756,43.6
"Iran, Islamic Rep.",IRN,2006,72.895,Middle East & North Africa,Upper middle income,265602187403.643,3618.91601364428,15906.8581381275,4.99979526181222,11.519,192.07597351,5.15990877,0.515,1.59,22.0,24.7,15.17,,0.12,73392747.0,2.15444092874448,68.3101850492144,1.755,44.8
"Iran, Islamic Rep.",IRN,2007,73.299,Middle East & North Africa,Upper middle income,349736591832.418,4687.99166260718,17383.7156556883,8.15577352358517,10.772,237.51042175,4.91188192,,1.61,20.6,23.1,16.74,,0.14,74602648.0,1.63508865342221,68.806189933608,1.748,
"Iran, Islamic Rep.",IRN,2008,73.683,Middle East & North Africa,Upper middle income,406070949553.875,5377.4115072957,17548.6737755157,0.250856553493634,10.63,288.85775757,5.03990459,,1.6,19.3,21.7,14.86,,0.16,75514204.0,1.214476845232,69.3790072996746,1.743,
"Iran, Islamic Rep.",IRN,2009,74.041,Middle East & North Africa,Upper middle income,414059094949.063,5415.52280553446,17614.6718697825,1.00738545790475,12.113,354.25738525,6.11493444,,1.5,18.2,20.4,15.22,,0.54,76457825.0,1.24185106066412,69.99007683587,1.74,42.1
"Iran, Islamic Rep.",IRN,2010,74.39,Middle East & North Africa,Upper middle income,487069570463.768,6291.19443655454,18627.8152016622,5.79793830169604,13.679,424.60494995,6.29153061,,1.64,17.3,19.3,,,1.12,77420842.0,1.25167392158024,70.6092626774386,1.749,
"Iran, Islamic Rep.",IRN,2011,74.721,Middle East & North Africa,Upper middle income,629082257472.368,8025.68743364356,19275.4376880063,2.6457179180628,12.491,505.33276367,6.09787989,,1.32,16.5,18.3,16.84,11.1,1.46,78383598.0,1.2358675452331,71.204050944517,1.792,34.7
"Iran, Islamic Rep.",IRN,2012,75.039,Middle East & North Africa,Upper middle income,644019315003.54,8114.08099831877,17021.3716792921,-3.74717139864109,12.275,500.21826172,6.12235355,,1.65,15.7,17.5,,,1.41,79370580.0,1.25130743376216,71.7633634041294,1.851,34.4
"Iran, Islamic Rep.",IRN,2013,75.349,Middle East & North Africa,Upper middle income,500399839839.877,6222.74194840326,16215.2119014642,-1.52197920494184,10.595,412.02786255,5.73697805,,1.72,15.1,16.8,,,0.79,80414686.0,1.30690505728311,72.3030873515412,1.913,34.0
"Iran, Islamic Rep.",IRN,2014,75.635,Middle East & North Africa,Upper middle income,462284793280.825,5672.06372896319,16065.158186028,4.98477506709476,10.68,395.027771,6.81539536,1.43,1.78,14.5,16.1,,,0.42,81502045.0,1.343129076071,72.8324070385223,1.975,34.8
"Iran, Islamic Rep.",IRN,2015,75.907,Middle East & North Africa,Upper middle income,409191686496.677,4952.73355532178,14273.5499061586,-1.42488493937503,11.166,423.28967285,8.38232708,1.095,1.79,14.0,15.5,,,0.44,82619362.0,1.36159478810594,73.3561403575949,2.017,35.3
"Iran, Islamic Rep.",IRN,2016,76.155,Middle East & North Africa,Upper middle income,478618064870.999,5710.59947089104,15194.7855803519,8.8150866425182,12.618,433.9196167,7.80285025,,1.88,13.5,14.9,,,0.82,83812228.0,1.43348558597155,73.8796100096595,2.054,35.9
"Iran, Islamic Rep.",IRN,2017,76.396,Middle East & North Africa,Upper middle income,510239893417.645,6000.93346404409,15719.416701551,3.02685468694025,12.232,457.22549438,7.71801233,1.071,1.9,13.0,14.4,,,0.97,85026754.0,1.43870442098455,74.4011840820312,2.023,36.7
"Iran, Islamic Rep.",IRN,2018,76.621,Middle East & North Africa,Upper middle income,411903303606.044,4783.01067340237,15324.0674634637,-3.74796015711334,12.195,244.21661377,6.63571692,1.505,1.93,12.6,13.9,,,0.7,86117998.0,1.27524656861717,74.8034286499023,1.919,37.4
"Iran, Islamic Rep.",IRN,2019,76.855,Middle East & North Africa,Upper middle income,347988400957.999,3997.4935449585,13927.5128074328,-2.36143538770575,10.74,223.64257813,6.23426771,,1.85,12.1,13.4,,,0.7,87051648.0,1.07831720901251,75.2038879394531,1.766,36.5
"Iran, Islamic Rep.",IRN,2020,74.141,Middle East & North Africa,Upper middle income,280934329279.723,3202.50003502169,15119.3058859964,4.44180865358672,9.687,184.90914917,4.96098137,,,11.8,13.0,,,0.51,87723443.0,0.768757498195729,75.5986404418945,1.7,35.8
"Iran, Islamic Rep.",IRN,2021,73.752,Middle East & North Africa,Upper middle income,407350685583.335,4605.14881318992,15884.4276775963,4.13089685034471,9.282,196.66934204,4.85886621,,,11.4,12.6,,,,88455488.0,0.831029236943935,75.9926376342773,1.709,35.5
"Iran, Islamic Rep.",IRN,2022,76.799,Middle East & North Africa,Upper middle income,422662261525.665,4721.20437099984,17542.844026084,4.35281087521344,9.085,250.23272705,5.62794113,,,11.0,12.1,,,,89524246.0,1.20100285857304,76.3342208862305,1.704,34.8
"Iran, Islamic Rep.",IRN,2023,77.654,Middle East & North Africa,Upper middle income,457510482317.483,5049.29931642754,18932.6833817658,5.33235116079808,8.129,267.059021,6.02542305,1.811,,10.6,11.7,,,,90608707.0,1.20408185634218,76.6759567260742,1.695,35.9
"Iran, Islamic Rep.",IRN,2024,77.854,Middle East & North Africa,Upper middle income,475252089215.416,5190.16959024821,19902.7484779621,3.66312057949303,8.146,,,,,10.3,11.3,,9.0,,91567738.0,1.05286922170537,77.0201263427734,1.684,
Iraq,IRQ,1995,64.761,Middle East & North Africa,Upper middle income,12894029888.1122,619.135530927038,4597.62130781197,2.12002149763362,8.431,,,,,41.6,49.1,,,,20825860.0,3.34971793938993,67.845869106155,5.36,
Iraq,IRQ,1996,64.618,Middle East & North Africa,Upper middle income,10433698621.3427,485.258492784825,5034.47628331349,11.0207856442117,8.516,,,,,41.0,48.2,,,,21501321.0,3.19188913877724,67.6058471597764,5.249,
Iraq,IRQ,1997,64.241,Middle East & North Africa,Upper middle income,20764857056.3795,936.341170908421,6019.88912577284,21.2379361287918,8.269,,,,,40.4,47.2,,,,22176593.0,3.09229881638508,67.4895351063262,5.194,
Iraq,IRQ,1998,64.405,Middle East & North Africa,Upper middle income,20617405044.2425,900.937142559106,7964.05684896456,35.0009676191703,8.064,,,0.55,1.4500000477,39.8,46.3,,,,22884399.0,3.14180487468003,67.4917273345237,5.112,
Iraq,IRQ,1999,64.532,Middle East & North Africa,Upper middle income,36881601583.8194,1560.36466710272,9194.47420255586,17.5801703743879,7.979,,,,,39.1,45.3,,,,23636527.0,3.23378577144745,67.5442299364519,5.035,
Iraq,IRQ,2000,64.86,Middle East & North Africa,Upper middle income,48364250943.9051,1980.18916038782,10627.9400723794,16.7961344439661,8.038,,,,,38.4,44.3,,,0.19,24424056.0,3.27752785249419,67.6331913847871,4.92,
Iraq,IRQ,2001,65.292,Middle East & North Africa,Upper middle income,36176430128.8057,1435.695683789,10719.6194209278,1.76660876568174,8.249,,,0.543,,37.8,43.4,,,0.19,25197840.0,3.1189728301308,67.751941516652,4.799,
Iraq,IRQ,2002,65.724,Middle East & North Africa,Upper middle income,32928454672.4246,1266.15961275094,9682.37619465205,-8.20370481187175,8.619,,,,,37.1,42.5,,,0.11,26006559.0,3.15904988797352,67.8938101691696,4.668,
Iraq,IRQ,2003,64.834,Middle East & North Africa,Upper middle income,21921569478.8163,817.887862499622,6068.45161803903,-36.6567804383165,8.959,26.98275757,2.99693608,,,36.4,41.6,,,0.058,26802659.0,3.01523235753789,68.0521271794625,4.581,
Iraq,IRQ,2004,64.634,Middle East & North Africa,Upper middle income,36633669269.3981,1328.37157628292,9289.74224656832,53.3855472887501,8.715,51.81518173,3.90128636,0.658,1.34,35.7,40.7,,,0.11,27577878.0,2.85128305805808,68.2202223846538,4.527,
Iraq,IRQ,2005,64.899,Middle East & North Africa,Upper middle income,50065104667.8159,1762.39360423421,9457.04454249128,1.67522863586828,8.57,53.0551796,3.01704645,0.66,1.3,35.0,39.7,,,0.14,28407448.0,2.96374347121646,68.391425621866,4.446,
Iraq,IRQ,2006,64.029,Middle East & North Africa,Upper middle income,65147051918.0219,2276.55435744086,10223.1065323147,5.63829915220637,8.411,56.76464462,2.49370432,,1.32,34.3,38.8,,,0.17,28616515.0,0.733263441372763,68.5590667282222,4.459,28.6
Iraq,IRQ,2007,64.428,Middle East & North Africa,Upper middle income,88837057319.5179,3128.99010329066,10783.1236401709,1.88853936243953,8.646,100.59433746,3.2148056,0.528,,33.5,37.7,,,0.18,28391607.0,-0.789042539847969,68.716475540845,4.404,
Iraq,IRQ,2008,66.465,Middle East & North Africa,Upper middle income,131614434153.505,4542.96609046032,11657.3168698349,8.22810710383277,8.466,139.28845215,3.06604242,,,32.7,36.7,,,0.2,28971036.0,2.02029989529593,68.8569818968574,4.373,
Iraq,IRQ,2009,67.834,Middle East & North Africa,Upper middle income,111657580326.315,3714.71205987194,11687.0142084441,3.37929909442771,8.415,140.1234436,3.77203989,,1.11,31.8,35.6,,,0.22,30058206.0,3.6839129631095,68.9742328505284,4.378,
Iraq,IRQ,2010,68.092,Middle East & North Africa,Upper middle income,138516722649.573,4461.75196161555,12186.1929619859,6.40256484471193,8.267,144.54083252,3.23955345,0.636,1.1,30.9,34.5,,,0.24,31045366.0,3.23138521802744,69.0582953378474,4.457,
Iraq,IRQ,2011,68.435,Middle East & North Africa,Upper middle income,185749664444.444,5775.54229080293,12912.0299790146,7.546471200426,8.193,161.89790344,2.80316377,,,30.0,33.4,,9.1,0.25,32161424.0,3.53181678520421,69.1252233869916,4.588,
Iraq,IRQ,2012,68.827,Middle East & North Africa,Upper middle income,218002476129.472,6477.59618450955,14402.0340893955,13.9364301737537,7.965,174.48312378,2.69365859,,1.3,29.2,32.4,,,0.24,33654842.0,4.53892168180122,69.2222213745117,4.544,29.5
Iraq,IRQ,2013,69.047,Middle East & North Africa,Upper middle income,234637675128.645,6650.35282247395,14668.5432764995,7.62828592298754,9.222,186.78742981,2.80868459,,1.28,28.3,31.3,,,0.23,35281989.0,4.7215668344982,69.444450378418,4.441,
Iraq,IRQ,2014,69.679,Middle East & North Africa,Upper middle income,228415656174.957,6249.39226978969,13168.245587417,2.26368817563613,10.59,178.98071289,2.78786659,0.823,1.1,27.5,30.3,,,0.23,36550059.0,3.53101933211143,69.6666641235352,4.31,
Iraq,IRQ,2015,69.977,Middle East & North Africa,Upper middle income,166774104959.102,4440.14189252367,9334.46604866315,2.60676642939541,10.865,149.07951355,3.15587044,0.718,,26.6,29.3,33.5,,0.23,37560535.0,2.72710976935126,69.920524597168,4.08,
Iraq,IRQ,2016,68.683,Middle East & North Africa,Upper middle income,166743557747.671,4334.42096404188,9079.13531769496,13.7873730187089,10.82,199.88560486,4.57253027,0.707,,25.9,28.4,,,0.24,38469627.0,2.39151227352058,69.9123778259643,3.843,
Iraq,IRQ,2017,69.788,Middle East & North Africa,Upper middle income,187217660050.676,4759.2846435467,10191.6616988639,-1.81975035118309,13.02,197.23654175,4.08944416,0.8,1.06,25.1,27.5,,,0.24,39337353.0,2.23055046409754,69.8944511190753,3.64,
Iraq,IRQ,2018,71.116,Middle East & North Africa,Upper middle income,227367469034.031,5646.68932074742,12034.4011214944,2.63385099105624,13.458,232.86825562,4.07600641,0.676,1.06,24.3,26.5,,,0.24,40265624.0,2.33235769663486,69.8765148865842,3.547,
Iraq,IRQ,2019,71.245,Middle East & North Africa,Upper middle income,233636097800.338,5671.8568632942,12248.5917385963,5.5137905789381,14.096,241.73873901,4.207232,0.881,,23.5,25.7,,,0.24,41192171.0,2.27501115691232,69.8683395385742,3.48,
Iraq,IRQ,2020,69.651,Middle East & North Africa,Upper middle income,180898797516.874,4295.18945121228,10573.9304750715,-12.0367930960454,15.766,248.04725647,5.72766161,0.923,,22.8,24.9,,,0.24,42116605.0,2.21938669515023,69.8683166503906,3.419,
Iraq,IRQ,2021,70.704,Middle East & North Africa,Upper middle income,209691945713.103,4868.49431080783,12731.7535755128,1.5021807095434,16.173,251.59538269,5.14179993,0.983,,22.1,24.0,,,,43071211.0,2.24127347113109,69.8682708740234,3.358,
Iraq,IRQ,2022,72.037,Middle East & North Africa,Upper middle income,287372232137.931,6520.73154560584,14388.8485236797,7.95904804990212,15.41,283.17074585,4.33226347,1.022,,21.4,23.3,,,,44070551.0,2.29369659225826,69.8682861328125,3.294,
Iraq,IRQ,2023,72.324,Middle East & North Africa,Upper middle income,268881051643.549,5965.31835077761,14664.5981923773,0.517705525140073,15.239,333.29360962,5.53275251,,,20.7,22.5,,,,45074049.0,2.25148890849618,69.868278503418,3.249,29.8
Iraq,IRQ,2024,72.424,Middle East & North Africa,Upper middle income,279641257615.385,6073.61032342708,14485.3248937523,-1.54525198319173,15.293,,,,,20.1,21.8,,13.4,,46042015.0,2.12476784890538,69.8861494108913,3.221,
Israel,ISR,1995,77.4512195121951,Middle East & North Africa,High income,105432315611.198,19013.94330229,20629.0336637985,6.60292461082722,8.782,,,3.704,5.9800000191,7.2,8.7,,,,5545000.0,2.66828695661805,90.8511786571744,2.9,
Israel,ISR,1996,78.1048780487805,Middle East & North Africa,High income,115051957577.467,20212.9229756617,21659.4515912213,5.83892253875895,8.455,,,3.685,6.0300002098,6.7,8.2,,,,5692000.0,2.61650594252757,90.9329267580104,2.9,
Israel,ISR,1997,78.0,Middle East & North Africa,High income,119389303067.2,20457.3857209047,22265.5112546557,3.61026597240067,9.751,,,3.778,6.0500001907,6.4,7.8,,,,5836000.0,2.49839504329334,91.0183078868813,2.94,38.1
Israel,ISR,1998,78.1487804878049,Middle East & North Africa,High income,120468659245.809,20175.625397054,22911.6164251753,4.1019344139424,10.749,,,3.811,6.0999999046,6.1,7.5,,,,5971000.0,2.28687869043162,91.1059081529216,2.98,
Israel,ISR,1999,78.6585365853659,Middle East & North Africa,High income,121329240041.549,19808.8555169876,23398.3221630043,3.28835789304527,11.183,,,3.728,6.1199998856,5.8,7.2,,,,6125000.0,2.54643388659354,91.1940273629403,2.965,
Israel,ISR,2000,78.9536585365854,Middle East & North Africa,High income,136409902631.643,21690.237340061,25746.8295829392,8.59152200608253,11.102,1473.00915527,6.59421921,3.697,3.9,5.6,6.9,,,2.93,6289000.0,2.64233191305756,91.2809653237465,2.95,
Israel,ISR,2001,79.4073170731707,Middle East & North Africa,High income,134889159474.047,20948.7745727671,25784.8068459262,0.270471415054473,11.812,1509.44506836,6.99914265,3.693,3.91,5.4,6.6,,,2.93,6439000.0,2.35711729946802,91.365021842149,2.92,38.9
Israel,ISR,2002,79.4512195121951,Middle East & North Africa,High income,125215963105.239,19058.7462869465,26077.0941775365,-0.152880392675172,12.888,1355.33447266,6.90767479,3.698,3.87,5.1,6.4,,,2.87,6570000.0,2.01405839404727,91.4444967249569,2.89,39.6
Israel,ISR,2003,79.6487804878049,Middle East & North Africa,High income,131278887815.375,19624.0321412582,24677.8520624854,1.43455918035305,13.505,1384.18737793,6.84975958,3.699,3.97,4.9,6.1,11.726850271225,,2.83,6689700.0,1.80551975888109,91.5176897789793,2.95,40.7
Israel,ISR,2004,80.1463414634146,Middle East & North Africa,High income,139925423025.435,20550.0694706176,26054.6820192544,4.64944459908543,13.029,1438.98999023,6.79696989,3.67,3.91,4.7,5.8,,,2.84,6809000.0,1.76762364154994,91.5829008110251,2.9,41.5
Israel,ISR,2005,80.1512195121951,Middle East & North Africa,High income,147346035831.272,21261.7474251846,25670.6917335433,4.35256427740218,11.342,1509.10583496,6.8828454,3.626,3.85,4.5,5.6,,,2.85,6930100.0,1.76289766113006,91.6384296279033,2.84,42.3
Israel,ISR,2006,80.5536585365854,Middle East & North Africa,High income,158706516001.616,22499.7541717986,26352.9938547519,5.59106550120008,10.707,1555.56396484,6.70000744,3.593,3.51,4.3,5.3,,,2.89,7053700.0,1.76780587358185,91.6825760364229,2.88,41.6
Israel,ISR,2007,80.5048780487805,Middle East & North Africa,High income,184448882451.742,25688.901610248,28271.8371919113,6.31307137087018,9.379,1769.92504883,6.67256165,3.558,3.46,4.1,5.1,,,2.94,7180100.0,1.7761008691798,91.713639843393,2.9,41.1
Israel,ISR,2008,80.9512195121951,Middle East & North Africa,High income,220952472408.027,30231.0191013609,28048.3958144663,3.2158134842205,7.704,2126.11132813,6.80668306,3.52,3.4,3.9,4.9,,,3.04,7308800.0,1.7765791059698,91.7292868898136,2.96,41.6
Israel,ISR,2009,81.4048780487805,Middle East & North Africa,High income,213112649594.385,28469.6817348489,28048.5996626557,1.22017480850096,9.534,2034.45812988,6.86992359,3.526,3.32,3.8,4.7,,,3.13,7485600.0,2.39020733801215,91.7319738585748,2.96,42.6
Israel,ISR,2010,81.6024390243903,Middle East & North Africa,High income,239372857534.485,31398.9266927022,29418.3260269798,5.54470607068944,8.48,2237.90795898,6.85038328,3.515,3.28,3.7,4.6,,,3.16,7623600.0,1.82675240987847,91.7316426703946,3.03,42.6
Israel,ISR,2011,81.6560975609756,Middle East & North Africa,High income,267739352609.375,34476.7252065949,31272.3935111474,5.51341969081251,7.139,2442.29052734,6.80594969,3.52,3.27,3.5,4.4,15.323993563652,7.4,3.21,7765800.0,1.84807786159597,91.7304024673781,2.98,41.5
Israel,ISR,2012,81.7048780487805,Middle East & North Africa,High income,263172104090.976,33268.7066672115,32432.3442127933,2.40993765217618,6.762,2405.1809082,6.94185257,3.503,3.22,3.4,4.3,,,3.22,7910500.0,1.84615132126711,91.7276502819515,3.05,41.3
Israel,ISR,2013,82.0560975609756,Middle East & North Africa,High income,298045324735.571,36980.622214228,34776.8705712769,4.09013743330735,6.137,2673.3371582,6.94074392,3.472,3.22,3.3,4.1,,,3.14,8059500.0,1.86605289478673,91.7227831465406,3.03,39.9
Israel,ISR,2014,82.1536585365854,Middle East & North Africa,High income,314376760832.047,38265.3651949373,34745.4721490798,3.718144149431,5.789,2804.23144531,7.02990532,3.442,3.2,3.2,4.0,,,3.03,8215700.0,1.91954379859591,91.7151980935716,3.08,39.8
Israel,ISR,2015,82.0512195121951,Middle East & North Africa,High income,302841190257.708,36138.13561386,35796.5328359923,2.23599889603805,5.176,2645.78857422,7.02090645,3.431,3.15,3.1,3.9,,,2.94,8380100.0,1.98128897562083,91.7042921554705,3.09,39.7
Israel,ISR,2016,82.4073170731707,Middle East & North Africa,High income,321083954798.337,37571.2561196275,38087.5003075978,4.53601939236572,4.723,2783.82495117,7.09919167,3.422,3.11,3.1,3.8,,,2.95,8546000.0,1.9603489624817,91.6894623646632,3.11,39.0
Israel,ISR,2017,82.5512195121951,Middle East & North Africa,High income,357360816856.642,41013.2575323519,39350.730387912,4.34394518932547,4.14,3074.44604492,7.17189407,3.43,3.14,3.0,3.7,,,2.97,8713300.0,1.93872567441099,91.6701057535759,3.11,38.2
Israel,ISR,2018,82.8024390243903,Middle East & North Africa,High income,375470422244.408,42269.3770257585,40101.487265134,4.05349952888294,3.917,3199.41625977,7.23550367,3.477,3.1,2.9,3.7,,,3.01,8882800.0,1.92662286520241,91.6456193546346,3.09,38.6
Israel,ISR,2019,82.8048780487805,Middle East & North Africa,High income,399207771081.611,44091.8678022544,41176.910821106,3.57898762923605,3.731,3335.24511719,7.20701885,3.521,3.1,2.9,3.6,,,3.01,9054000.0,1.90898263957994,91.6154002002652,3.01,38.3
Israel,ISR,2020,82.6487804878049,Middle East & North Africa,High income,410908899711.272,44590.8237253282,40969.2987342816,-1.80206927953466,4.169,3616.50219727,7.74801874,3.567,3.06,2.8,3.5,,,2.84,9215100.0,1.76367939210866,91.5788453228939,2.9,37.8
Israel,ISR,2021,82.5,Middle East & North Africa,High income,489735019666.026,52258.4693499398,46151.100820403,9.33534690236249,4.812,4294.18847656,7.83961058,3.636,3.05,2.8,3.5,,,,9371400.0,1.68190551747412,91.5353517549466,3.0,37.9
Israel,ISR,2022,82.7,Middle East & North Africa,High income,525157951212.871,54947.2091250715,53616.7140829107,6.36407234798706,3.695,4107.72998047,7.12004995,3.686,3.13,2.7,3.4,,,,9557500.0,1.96636884788361,91.4979834273327,2.89,38.3
Israel,ISR,2023,83.1951219512195,Middle East & North Africa,High income,513393395491.904,52126.4489280033,55301.43606891,2.06272504731618,3.371,3927.69873047,7.09822369,3.797,3.14,2.7,3.4,,,,9849000.0,3.00437405991345,91.5089569794505,2.85,
Israel,ISR,2024,83.1975609756098,Middle East & North Africa,High income,542284494490.778,54216.5218142787,57277.8631217651,0.953618469238535,3.595,,,,,2.7,3.3,,10.1,,10002200.0,1.54351416100292,91.536188843818,2.87,
Italy,ITA,1995,78.1707317073171,Europe & Central Asia,High income,1177369428265.78,20712.1798690324,22446.0455046057,2.88683671925843,11.661,,,3.763,6.3000001907,6.4,7.5,,,,56844303.0,0.0015885623091739,66.8166099473719,1.19,35.2
Italy,ITA,1996,78.5219512195122,Europe & Central Asia,High income,1314776508972.27,23122.9337219116,23100.7866507594,1.34558477192847,11.864,,,3.878,6.5,6.0,7.0,,,,56860281.0,0.0281044080072756,66.8793923102889,1.2,
Italy,ITA,1997,78.8243902439024,Europe & Central Asia,High income,1244988176443.84,21883.9872666651,23936.7931493729,1.92572122608527,11.985,,,3.975,5.9000000954,5.6,6.6,,,,56890372.0,0.05290695026061,66.950870776995,1.22,
Italy,ITA,1998,78.9756097560976,Europe & Central Asia,High income,1272729786996.77,22365.1837644545,25075.3143427125,1.8043732818638,12.117,,,4.049,5.5,5.3,6.2,7.60867744684219,,,56906744.0,0.0287740158774372,67.0286199053679,1.22,36.7
Italy,ITA,1999,79.4243902439024,Europe & Central Asia,High income,1255004736463.98,22049.9990620261,25654.6814189029,1.67799157943422,11.681,,,4.094,4.9000000954,5.0,5.9,7.75061026215553,,,56916317.0,0.0168208444553697,67.1102142532851,1.23,
Italy,ITA,2000,79.7780487804878,Europe & Central Asia,High income,1149661363439.38,20190.0035636084,27152.1544907116,3.88209885062652,10.834,1524.23962402,7.54701233,3.424,4.68,4.7,5.6,8.19700881838799,,9.95,56942108.0,0.045303631138613,67.1932283786243,1.26,35.2
Italy,ITA,2001,80.1268292682927,Europe & Central Asia,High income,1172041488805.87,20570.4385917862,28134.0572858014,2.00643329837733,9.599,1586.67272949,7.71115828,3.487,4.59,4.5,5.3,8.42835828661919,,9.95,56976981.0,0.0612241572425483,67.27519882288,1.25,
Italy,ITA,2002,80.2292682926829,Europe & Central Asia,High income,1281746271196.04,22451.3964379368,28833.0217903129,0.26992966378873,9.211,1762.359375,7.83638906,9.344,4.41,4.3,5.1,,,9.8,57089824.0,0.197854295667482,67.3538786566538,1.27,34.7
Italy,ITA,2003,79.9829268292683,Europe & Central Asia,High income,1582930016538.82,27577.5700319855,29249.1801358747,0.0665538088732092,8.869,2160.91210938,7.80670929,3.604,4.15,4.1,4.8,8.42992588877678,,9.57,57399184.0,0.540420007681938,67.4299414611787,1.29,34.9
Italy,ITA,2004,80.7804878048781,Europe & Central Asia,High income,1812808753294.75,31348.1901841445,29580.8439042327,1.4740217064723,7.866,2560.45776367,8.13726902,3.667,3.99,3.9,4.6,,,8.98,57828179.0,0.744609563112575,67.5072499739908,1.34,34.3
Italy,ITA,2005,80.7829268292683,Europe & Central Asia,High income,1864982261286.85,32062.723833669,30137.8180374437,0.762410677306491,7.73,2669.72802734,8.30906773,3.687,4.01,3.8,4.5,,,8.32,58166682.0,0.583653375692943,67.5897169318419,1.33,33.8
Italy,ITA,2006,81.2829268292683,Europe & Central Asia,High income,1958563654385.64,33537.1286994269,32453.6488675587,1.79947992234244,6.777,2821.77392578,8.39791012,3.685,3.95,3.7,4.3,,,7.73,58399861.0,0.400079310970985,67.6812550714834,1.37,33.7
Italy,ITA,2007,81.4341463414634,Europe & Central Asia,High income,2222524108127.65,37826.1754554823,34107.5078152619,1.46229205289291,6.076,3077.41381836,8.10167217,3.752,3.86,3.6,4.2,,,7.54,58756247.0,0.608396959196212,67.7857771296669,1.39,32.9
Italy,ITA,2008,81.4853658536585,Europe & Central Asia,High income,2417508414187.19,40828.5795580937,35422.3424391113,-1.02313851177097,6.723,3483.39086914,8.50157547,3.74,3.74,3.5,4.1,,,7.26,59211181.0,0.771291301351719,67.9071958431441,1.44,33.8
Italy,ITA,2009,81.6365853658537,Europe & Central Asia,High income,2209484319012.65,37099.6133958219,34501.7122743906,-5.30515401233991,7.749,3314.15844727,8.91290951,3.739,3.64,3.4,4.1,,,7.18,59555454.0,0.579748620940622,68.0494239486665,1.44,33.8
Italy,ITA,2010,82.0365853658537,Europe & Central Asia,High income,2144936254535.0,35856.8625485539,34974.1045135807,1.52910573247101,8.363,3190.72045898,8.87928963,3.763,3.59,3.4,4.0,,,7.22,59819407.0,0.442226157086815,68.2163741829857,1.44,34.7
Italy,ITA,2011,82.1878048780488,Europe & Central Asia,High income,2306974020278.21,38432.3742820019,36392.2827759493,0.695463154440176,8.359,3358.95654297,8.728508,3.835,3.46,3.3,3.9,,5.1,7.57,60026841.0,0.346167211080488,68.4015073889511,1.42,35.1
Italy,ITA,2012,82.2390243902439,Europe & Central Asia,High income,2097929495121.68,34854.3949441965,36281.1014243506,-3.12523877282996,10.655,3071.00048828,8.7983427,3.81,3.37,3.2,3.8,11.07282564044,,7.69,60191247.0,0.273513088134657,68.7608794235259,1.42,35.2
Italy,ITA,2013,82.690243902439,Europe & Central Asia,High income,2153225581941.46,35701.6746002376,36459.2950248716,-1.81802510749792,12.149,3139.87939453,8.7897644,3.873,3.29,3.1,3.7,,,7.88,60311613.0,0.199772918304074,69.3073989916076,1.39,34.9
Italy,ITA,2014,83.090243902439,Europe & Central Asia,High income,2173255507985.84,36028.3494022349,36665.68576775,-0.0013876173045446,12.683,3190.46777344,8.85913563,3.888,3.22,3.1,3.6,,,7.77,60320707.0,0.0150772197985246,69.5807638614879,1.38,34.7
Italy,ITA,2015,82.5439024390244,Europe & Central Asia,High income,1845428048839.1,30639.8829751432,37384.3796455406,0.885667635240807,11.896,2707.43310547,8.84596729,3.848,3.2,3.0,3.5,11.4274628460407,,7.68,60229605.0,-0.151143561276007,69.6100006103516,1.36,35.4
Italy,ITA,2016,83.2439024390244,Europe & Central Asia,High income,1887111188176.93,31391.5692898108,40482.562999856,1.23622108511661,11.688,2735.27783203,8.72043991,3.963,3.18,2.9,3.4,,,7.61,60115223.0,-0.190090486385849,69.5969232525286,1.36,35.2
Italy,ITA,2017,82.9463414634147,Europe & Central Asia,High income,1970720904584.71,32844.115660604,42142.3435406885,1.60369995294101,11.211,2851.28686523,8.69060516,3.999,3.19,2.8,3.3,,,7.81,60002252.0,-0.188100912559894,69.5180784259382,1.34,35.9
Italy,ITA,2018,83.3463414634146,Europe & Central Asia,High income,2099435266458.67,35062.3364176949,43583.3823241172,0.826646712344115,10.538,3031.46459961,8.65467453,3.987,3.15,2.7,3.2,,,7.97,59877221.0,-0.208594586223998,69.4800033569336,1.31,35.2
Italy,ITA,2019,83.4975609756098,Europe & Central Asia,High income,2019606796583.53,33812.788724868,46661.9105159611,0.429162533780342,9.884,2908.83154297,8.61536789,4.024,3.14,2.6,3.1,,,7.97,59729081.0,-0.247712826621699,69.5050010681153,1.27,34.6
Italy,ITA,2020,82.1951219512195,Europe & Central Asia,High income,1907481094079.23,32091.4866621366,44435.6434393527,-8.86822122185345,9.192,3058.90014648,9.5643034,3.97,3.16,2.5,3.0,,,6.97,59438851.0,-0.487095091717782,69.5187492370606,1.24,35.2
Italy,ITA,2021,82.6463414634146,Europe & Central Asia,High income,2179207773596.09,36852.5425414951,49825.3934111848,8.93106210800055,9.497,3414.57299805,9.28164482,4.064,3.09,2.5,2.9,,,,59133173.0,-0.515599998844444,69.4812507629394,1.25,34.8
Italy,ITA,2022,82.7,Europe & Central Asia,High income,2104067630319.46,35653.9042103495,57260.8945372493,4.82117669913565,8.069,3154.57104492,8.85022926,4.191,3.06,2.4,2.8,,,,59013667.0,-0.20230086688254,69.4839779766539,1.24,33.7
Italy,ITA,2023,83.3512195121951,Europe & Central Asia,High income,2316882296366.32,39279.699782164,60349.664512107,0.922796543670316,7.627,3283.47216797,8.40559483,,,2.3,2.8,,,,58984216.0,-0.0499178457490556,69.5381540123301,1.21,34.3
Italy,ITA,2024,83.9512195121951,Europe & Central Asia,High income,2383435562458.12,40429.6224047352,62292.9012423008,0.783039135276795,6.5,3397.68798828,8.44437313,,,2.3,2.7,,7.7,,58952704.0,-0.0534387378437725,69.6047535143071,1.18,
Japan,JPN,1995,79.5360975609756,East Asia & Pacific,High income,5639649753985.77,44947.4763611465,24262.893796046,2.34205546196849,3.15,,,,15.3999996185,4.1,5.7,,,,125472000.0,0.234590173412918,78.0190838015653,1.42,
Japan,JPN,1996,80.219756097561,East Asia & Pacific,High income,5021441618840.38,39929.7185750327,25497.3580475185,3.07546731409349,3.383,,,1.837,15.1999998093,4.0,5.5,,,,125757000.0,0.226884732460898,78.1374047267253,1.43,
Japan,JPN,1997,80.4241463414634,East Asia & Pacific,High income,4579780793431.57,36331.0311480645,26117.0368624491,1.36297109407448,3.374,,,,15.1000003815,3.8,5.2,,,,126057000.0,0.238271217591483,78.2318902291629,1.39,
Japan,JPN,1998,80.5014634146342,East Asia & Pacific,High income,4150359076370.48,32835.1192750829,25832.0488303025,-1.77264091037956,4.078,,,1.887,15.0,3.6,5.0,,,,126400000.0,0.271729610231193,78.3266396189341,1.38,
Japan,JPN,1999,80.4609756097561,East Asia & Pacific,High income,4688983449627.24,37028.7168989208,26030.1995724029,-0.347600398675738,4.677,,,,14.8000001907,3.4,4.7,,,,126631000.0,0.182586374140107,78.448341899402,1.34,
Japan,JPN,2000,81.0760975609756,East Asia & Pacific,High income,5042381838343.44,39752.937397755,27694.5384332959,2.97832688768516,4.748,2751.38452148,7.03456163,1.931,14.67,3.3,4.5,,,7.66,126843000.0,0.167275578113187,78.6126803295375,1.36,
Japan,JPN,2001,81.4163414634146,East Asia & Pacific,High income,4438792748062.4,34910.166403687,28352.0490141423,0.284608556379041,5.02,2488.65185547,7.23947906,,14.59,3.1,4.3,,,7.66,127149000.0,0.240952587521069,79.1577482060887,1.33,
Japan,JPN,2002,81.6907317073171,East Asia & Pacific,High income,4245946980572.3,33315.9165174962,29055.3937703625,0.0849888050363319,5.386,2412.35131836,7.35235405,1.976,14.43,3.0,4.1,,,7.32,127445000.0,0.232527187105684,80.5469860733981,1.32,
Japan,JPN,2003,81.76,East Asia & Pacific,High income,4573413206709.02,35808.6816792388,29741.9127951675,1.38010935830795,5.251,2650.23852539,7.48654842,,14.26,2.9,4.0,,,7.27,127718000.0,0.213980948779682,82.4206778416671,1.29,
Japan,JPN,2004,82.030243902439,East Asia & Pacific,High income,4941485123806.53,38677.5708064787,31136.2815653939,2.11294823723127,4.734,2884.67358398,7.53518438,2.029,14.18,2.8,3.9,,,7.33,127761000.0,0.0336622582725446,84.3710541898905,1.29,
Japan,JPN,2005,81.9551219512195,East Asia & Pacific,High income,4875648486366.14,38158.6758263963,32464.0455172515,1.8482813374834,4.446,2892.60473633,7.65818596,,14.06,2.7,3.7,,,7.41,127773000.0,0.0093920965576633,85.9573620483714,1.26,
Japan,JPN,2006,82.3219512195122,East Asia & Pacific,High income,4648058930707.24,36354.4271646349,33970.896971686,1.54630843078741,4.192,2763.53344727,7.68688869,2.082,13.96,2.7,3.6,,,7.31,127854000.0,0.0633735894181335,87.1460898958075,1.32,
Japan,JPN,2007,82.5070731707317,East Asia & Pacific,High income,4624670179654.96,36129.9535132925,35358.7667498195,1.72837912865577,3.888,2781.49365234,7.77935696,,13.86,2.6,3.5,,,7.06,128001000.0,0.114908847726211,88.2701404492656,1.34,
Japan,JPN,2008,82.5875609756098,East Asia & Pacific,High income,5160197175876.43,40294.2081309702,35643.4609228963,-1.16662209355141,4.002,3223.29101563,8.08909321,2.146,13.7,2.5,3.4,,,6.84,128063000.0,0.0484253945978966,89.2921563808851,1.37,34.6
Japan,JPN,2009,82.9314634146342,East Asia & Pacific,High income,5336765697589.29,41678.1783063195,33843.1998246408,-5.9359411383964,5.068,3696.58422852,8.9587822,,13.6,2.5,3.4,,,6.77,128047000.0,-0.0124946312294096,90.1131158718189,1.37,33.0
Japan,JPN,2010,82.8426829268293,East Asia & Pacific,High income,5811578109447.07,45378.1378109399,35658.1718529309,4.13645589222239,5.102,4071.80200195,9.0630064,2.212,13.5,2.4,3.3,,,6.77,128070000.0,0.0179605415195644,90.6228586840649,1.39,31.5
Japan,JPN,2011,82.5912195121951,East Asia & Pacific,High income,6279422550218.7,49122.077634247,36483.298640793,-0.20035785332982,4.55,5103.34326172,10.48780155,,13.37,2.3,3.3,2.5000000372529,7.7,6.77,127833000.0,-0.185226486410846,90.8631654434251,1.39,33.0
Japan,JPN,2012,83.0960975609756,East Asia & Pacific,High income,6333803928787.76,49626.6830327571,37974.343588054,1.64893452981225,4.358,5232.36279297,10.67169094,2.283,13.32,2.2,3.1,,,6.8,127629000.0,-0.159710675844347,91.0265277326652,1.41,32.5
Japan,JPN,2013,83.3319512195122,East Asia & Pacific,High income,5272297037396.96,41369.1948479498,39855.3531119712,1.99727653399265,4.038,4356.15527344,10.67438698,,13.27,2.2,3.0,,,6.77,127445000.0,-0.144271883387076,91.1516595654317,1.43,31.5
Japan,JPN,2014,83.5878048780488,East Asia & Pacific,High income,4985763289560.81,39172.8471161948,40272.4415780289,0.905915486065865,3.589,4121.21142578,10.7290144,2.354,13.18,2.1,2.9,,,6.76,127276000.0,-0.132694222147042,91.2548945132333,1.42,31.3
Japan,JPN,2015,83.7939024390244,East Asia & Pacific,High income,4534438580494.94,35664.6446110613,41722.3895623635,1.79997735783475,3.385,3754.18115234,10.74969959,,13.15,2.0,2.8,,,6.72,127141000.0,-0.106124993746747,91.3532644103625,1.45,30.7
Japan,JPN,2016,83.9848780487805,East Asia & Pacific,High income,5110357383254.44,40214.9688631562,41462.5069772969,0.704986495111257,3.132,4194.22802734,10.65891552,2.423,13.09,2.0,2.7,,,6.75,127076000.0,-0.0511374152133631,91.4541254852142,1.44,31.8
Japan,JPN,2017,84.099756097561,East Asia & Pacific,High income,5038231631660.71,39679.8635262948,42346.876013211,1.62345062245441,2.822,4135.24316406,10.65627098,,13.01,1.9,2.6,,,6.72,126972000.0,-0.081874296046114,91.5498419685883,1.43,31.8
Japan,JPN,2018,84.2109756097561,East Asia & Pacific,High income,5154293721629.56,40645.478086519,43090.0699981402,0.834143845965585,2.467,4265.77929688,10.73988247,2.485,12.93,1.9,2.5,,,6.68,126811000.0,-0.126880068088791,91.6377318609728,1.42,32.9
Japan,JPN,2019,84.3563414634146,East Asia & Pacific,High income,5245755000479.03,41424.8655601543,43743.5313931194,-0.308496921143259,2.351,4431.29980469,10.96998405,,12.79,1.8,2.5,,,6.68,126633000.0,-0.140464977878172,91.7164207898107,1.36,33.0
Japan,JPN,2020,84.56,East Asia & Pacific,High income,5189197543645.38,41098.9739004553,43560.021428549,-4.28327942675573,2.809,4581.60986328,11.44974613,2.592,12.62,1.8,2.4,,,6.38,126261000.0,-0.294194617750067,91.7809926267889,1.33,32.3
Japan,JPN,2021,84.4456097560976,East Asia & Pacific,High income,5225933520753.1,41580.739040705,45999.4617966896,3.56419531474475,2.808,4843.94433594,12.08108234,,12.6,1.8,2.4,,,,125681593.0,-0.459952415807642,91.8741049279527,1.3,
Japan,JPN,2022,83.9963414634146,East Asia & Pacific,High income,4447976207314.78,35548.2645222433,49245.964174373,1.33164750653741,2.614,4201.79248047,12.32275677,2.649,12.59,1.8,2.4,,,,125124989.0,-0.443851919148528,91.9776532428406,1.26,
Japan,JPN,2023,84.0412195121951,East Asia & Pacific,High income,4384854269961.93,35215.003535366,52726.2389417641,0.720785304749811,2.6,3638.19287109,10.73979473,,,1.8,2.4,,,,124516650.0,-0.487370782049143,92.0826903891473,1.2,
Japan,JPN,2024,84.0363414634146,East Asia & Pacific,High income,4190008188358.57,33797.1014287876,54156.2687689605,-0.240084236041696,2.5,,,,,1.8,2.4,,8.1,,123975371.0,-0.435651699326323,92.1901718034531,1.15,
Jordan,JOR,1995,70.915,Middle East & North Africa,Upper middle income,6727597031.96347,1415.71151592128,5525.53435064533,6.20087444373824,14.6,,,,,26.4,30.1,,,,4752096.0,4.09548745418131,78.2491281447452,4.676,
Jordan,JOR,1996,71.105,Middle East & North Africa,Upper middle income,6927503526.09309,1410.17424189419,5556.54767848186,2.08702078168048,13.7,,,,,25.7,29.2,,,,4912516.0,3.32004503110433,78.260589791547,4.508,
Jordan,JOR,1997,71.324,Middle East & North Africa,Upper middle income,7245839210.15515,1435.87593846863,5684.58209074254,3.30847538304697,13.74,,,1.66,1.7999999523,24.9,28.3,,,,5046285.0,2.68660948168777,78.2689390880147,4.318,36.4
Jordan,JOR,1998,71.521,Middle East & North Africa,Upper middle income,7912270803.94922,1532.11380395602,5786.3194937719,3.0121726904659,13.841,,,0.947,,24.2,27.5,,,,5164284.0,2.3114138594789,78.2751272220723,4.112,
Jordan,JOR,1999,71.737,Middle East & North Africa,Upper middle income,8149929478.13822,1544.58750592979,5938.13919348728,3.38953079405096,13.763,,,1.836,,23.5,26.6,,,,5276444.0,2.14859183776887,78.280105381644,3.971,
Jordan,JOR,2000,71.926,Middle East & North Africa,Upper middle income,8460789844.8519,1570.61002940477,6200.62142242702,4.24571192079151,13.7,151.33486938,9.34367943,1.778,,22.8,25.8,,,0.49,5386945.0,2.07260479051429,78.2848247546539,3.864,
Jordan,JOR,2001,72.141,Middle East & North Africa,Upper middle income,8975814652.8196,1632.29454010563,6538.48831772636,5.26995757513606,14.7,161.33900452,9.57236385,1.933,,22.1,25.0,,,0.49,5498894.0,2.0568547225817,78.2902365290261,3.803,
Jordan,JOR,2002,72.359,Middle East & North Africa,Upper middle income,9582510578.27927,1706.26744384401,6877.5966900426,5.78380792679309,15.3,164.75001526,9.2786417,2.086,,21.5,24.2,,,0.49,5616066.0,2.10844376833598,78.2972918926847,3.805,37.0
Jordan,JOR,2003,72.585,Middle East & North Africa,Upper middle income,10195627644.5698,1775.67625581432,7145.25032500677,4.16166755544363,14.5,161.87841797,8.78901005,2.155,1.7,20.8,23.5,,,0.49,5741828.0,2.21462077394044,78.3069420335538,3.816,
Jordan,JOR,2004,72.788,Middle East & North Africa,Upper middle income,11411706629.055,1940.08641342805,7776.08667131277,8.56721424236906,14.626,175.04393005,8.74670506,1.938,1.67,20.2,22.7,,,0.49,5882061.0,2.41295841696554,78.3185350370311,3.729,
Jordan,JOR,2005,72.977,Middle East & North Africa,Upper middle income,12588998589.5628,2087.87079273635,8461.04270712332,8.1465948107994,14.8,185.0302124,8.49441624,2.141,1.68,19.6,22.0,,,0.5,6029587.0,2.47713068142819,78.412126230667,3.653,
Jordan,JOR,2006,73.225,Middle East & North Africa,Upper middle income,15056981664.3159,2342.63459574933,8844.3542542657,8.09297527811921,14.0,188.72041321,7.67925692,2.136,1.71,19.0,21.3,,,0.51,6427371.0,6.38870724302854,78.755612573541,3.711,33.9
Jordan,JOR,2007,73.407,Middle East & North Africa,Upper middle income,17110437235.543,2506.20599484139,9251.1633655297,8.17616995204655,13.1,208.03627014,7.90982628,2.238,1.62,18.5,20.7,36.5,,0.53,6827227.0,6.03529982681035,79.3358270749644,3.797,
Jordan,JOR,2008,73.563,Middle East & North Africa,Upper middle income,25651620830.6149,3669.83012701745,9875.0025388504,7.22038637280149,12.7,275.17532349,8.48880577,2.085,1.6,18.0,20.1,,,0.53,6989866.0,2.35427976058258,80.1290966207551,3.876,32.6
Jordan,JOR,2009,73.707,Middle East & North Africa,Upper middle income,27462496197.1831,3845.34388086274,10222.1738244821,5.11667226950634,12.9,316.92221069,9.22396946,2.055,1.59,17.5,19.5,,,0.51,7141753.0,2.14968786053504,81.1117480967305,3.841,
Jordan,JOR,2010,73.797,Middle East & North Africa,Upper middle income,30202773521.1268,4139.04283161368,10393.3193069933,2.6377158262256,12.5,303.8081665,8.17025661,2.222,1.61,17.0,18.9,,,0.48,7297043.0,2.15109331746781,82.2601083887084,3.78,33.7
Jordan,JOR,2011,73.929,Middle East & North Africa,Upper middle income,32640291549.2958,4363.42800211536,10648.5361813237,2.90729315392207,12.9,321.59057617,8.14807701,,1.6,16.6,18.4,,12.1,0.45,7480424.0,2.48202772730679,83.5505043825064,3.69,
Jordan,JOR,2012,74.087,Middle East & North Africa,Upper middle income,34854017887.3239,4593.83609729005,10729.6305374705,2.40465716535539,12.2,325.97836304,7.81799555,,1.6,16.2,17.9,,,0.42,7587127.0,1.41635205030682,84.9592629639423,3.568,
Jordan,JOR,2013,74.282,Middle East & North Africa,Upper middle income,37873362957.7465,4739.02253641778,10790.7021162492,2.72311205964112,12.6,308.94308472,7.16592407,2.34,1.51,15.8,17.4,,,0.41,7991809.0,5.19641467868427,86.4627110188335,3.449,
Jordan,JOR,2014,74.606,Middle East & North Africa,Upper middle income,40535098591.5493,4610.60460269382,10059.8134952939,3.32287328047509,11.9,302.14120483,7.20892906,2.236,1.41,15.4,17.0,,,0.38,8791710.0,9.53920898641561,88.0371754329978,3.302,
Jordan,JOR,2015,75.06,Middle East & North Africa,Upper middle income,42394049295.7747,4441.61896013754,9851.78048494686,2.52261671092148,13.075,301.63067627,7.4609561,2.726,1.38,15.0,16.5,,,0.37,9544729.0,8.21798329205466,89.8881391939133,3.141,
Jordan,JOR,2016,75.55,Middle East & North Africa,Upper middle income,43688498732.3944,4366.06999647268,9580.27683713466,2.11166806967252,15.275,278.13378906,6.97644138,,1.37,14.7,16.1,,,0.34,10006367.0,4.72325254401232,90.56272794707,3.072,
Jordan,JOR,2017,76.071,Middle East & North Africa,Upper middle income,45535614366.1972,4449.34618076611,10140.0335144087,2.50770398070352,18.12,289.04656982,7.10953665,2.222,1.45,14.3,15.7,,,0.33,10234226.0,2.25160030043779,90.8764609714428,2.994,
Jordan,JOR,2018,76.491,Middle East & North Africa,Upper middle income,47435850422.5352,4533.97658437205,9889.90818777299,1.85383415616927,18.257,289.47106934,6.98295021,,1.41,14.0,15.3,,,0.31,10462306.0,2.20412998393259,91.2008859099729,2.923,
Jordan,JOR,2019,76.865,Middle East & North Africa,Upper middle income,48640273802.8169,4557.79334729121,10305.6561841508,1.85633006592765,16.801,294.92785645,7.07244635,2.519,1.36,13.7,14.9,,,0.31,10671891.0,1.98343822476301,91.515966492507,2.855,
Jordan,JOR,2020,75.583,Middle East & North Africa,Upper middle income,47931770985.9155,4411.48321838396,10506.7284780872,-1.15257534158022,19.213,303.4822998,7.54554749,,1.38,13.3,14.5,,,0.23,10865228.0,1.79543228239066,91.8216722992319,2.791,
Jordan,JOR,2021,74.204,Middle East & North Africa,Upper middle income,50702940985.9155,4581.71967230365,10056.5611261239,3.75201276755828,19.837,322.01589966,7.69733906,,1.39,13.0,14.1,,,,11066356.0,1.83419162693059,92.117972910453,2.735,
Jordan,JOR,2022,77.088,Middle East & North Africa,Upper middle income,53516930140.8451,4754.41362207378,10880.9956299022,2.7468615450031,18.2,334.387146,7.73623276,2.851,1.42,12.6,13.7,,,,11256263.0,1.70151702842564,92.4048379066163,2.679,
Jordan,JOR,2023,77.814,Middle East & North Africa,Upper middle income,56123472112.6761,4906.23543006639,11450.5720698729,3.12900102017251,16.62,342.10394287,7.66000605,,1.41,12.3,13.3,,,,11439213.0,1.61225050235636,92.682236868336,2.639,
Jordan,JOR,2024,77.981,Middle East & North Africa,Upper middle income,58618380563.3803,5073.92103605892,11916.3623210714,2.55605891810194,16.693,,,,,12.0,12.9,,20.5,,11552876.0,0.988722042141178,92.9501393764286,2.604,
Kazakhstan,KAZ,1995,63.717,Europe & Central Asia,Upper middle income,20374302652.3819,1217.79138769863,5595.43398924294,-8.2000000011824,10.98,,,3.594,11.6499996185,44.6,51.9,,,,16730536.0,-1.85492469940638,56.7529543748356,2.253,
Kazakhstan,KAZ,1996,63.455,Europe & Central Asia,Upper middle income,21035357936.8796,1281.39152895397,5836.07198339016,0.500000002073506,12.96,,,3.53,10.3299999237,43.7,51.0,,,,16416027.0,-1.89774390163026,56.6232468416365,2.084,35.4
Kazakhstan,KAZ,1997,63.318,Europe & Central Asia,Upper middle income,22165932062.966,1381.63593295187,6177.92475025667,1.69999999949513,13.01,,,3.241,8.4499998093,42.2,49.3,,,,16043251.0,-2.29698510244531,56.4887303910647,1.97,
Kazakhstan,KAZ,1998,63.349,Europe & Central Asia,Upper middle income,22135245507.3656,1414.59289652597,6283.54590506467,-1.89999999942479,13.13,,,3.399,8.1899995804,40.3,47.1,,,,15647785.0,-2.49588892763766,56.3528764778678,1.938,
Kazakhstan,KAZ,1999,63.528,Europe & Central Asia,Upper middle income,16870817181.7799,1091.54727722159,6625.78215167222,2.69999999784199,13.46,,,3.271,7.25,38.1,44.7,,,,15455874.0,-1.23402481599988,56.2102542327601,1.902,
Kazakhstan,KAZ,2000,63.793,Europe & Central Asia,Upper middle income,18291990662.0356,1180.0444563226,7418.19612051059,9.80000000214156,12.75,49.093647,4.16032028,3.158,6.9,35.8,42.1,,,6.64,15501103.0,0.292205742065896,56.0239607657944,1.898,
Kazakhstan,KAZ,2001,64.108,Europe & Central Asia,Upper middle income,22152689179.8815,1422.27331810957,8568.08719498612,13.4999999984358,10.43,49.36683273,3.47098041,3.293,6.65,33.6,39.6,,,6.64,15575550.0,0.479119436795366,55.7813717131331,1.906,36.0
Kazakhstan,KAZ,2002,64.441,Europe & Central Asia,Upper middle income,24636598527.4437,1573.55219932325,9504.45082466799,9.79999999960842,9.33,56.88095856,3.6148138,3.427,6.66,31.5,37.2,11.3573409616947,,6.77,15656677.0,0.519509431468551,55.5045911261585,1.956,34.8
Kazakhstan,KAZ,2003,64.753,Europe & Central Asia,Upper middle income,30833692900.1091,1958.02050246511,10532.4466972719,9.30000000033759,8.78,72.90396881,3.72335005,3.468,7.29,29.6,35.1,,,6.99,15747380.0,0.577653086141081,55.2115277236592,2.075,33.7
Kazakhstan,KAZ,2004,65.04,Europe & Central Asia,Upper middle income,43151647002.6096,2722.47407755402,11777.1119571052,9.60000000136854,8.4,108.43822479,3.98307681,3.455,7.36,27.7,33.0,,,7.24,15850159.0,0.650552959098631,54.9200902244233,2.201,31.8
Kazakhstan,KAZ,2005,65.356,Europe & Central Asia,Upper middle income,57123671733.8952,3577.35804001782,13226.1466962805,9.69999999922682,8.13,139.57885742,3.90172958,3.476,7.36,25.9,31.0,,,7.41,15968117.0,0.74145148778579,54.6481873472392,2.274,39.8
Kazakhstan,KAZ,2006,65.722,Europe & Central Asia,Upper middle income,81003864630.018,5030.13494711519,14965.7723196538,10.7,7.79,170.9365387,3.39824843,3.572,7.39,24.1,28.9,,,6.62,16103716.0,0.845600611531775,54.4137278108953,2.38,30.2
Kazakhstan,KAZ,2007,66.18,Europe & Central Asia,Upper middle income,104849915058.376,6449.43931096532,16581.2240524234,8.89999999999405,7.26,174.33786011,2.70314813,3.53,7.35,22.3,26.8,,,5.52,16257214.0,0.948669591386937,54.2346203341799,2.49,30.1
Kazakhstan,KAZ,2008,66.759,Europe & Central Asia,Upper middle income,133441648851.982,8123.54705891736,17278.472167505,3.30000000021091,6.63,245.79397583,3.02569842,3.588,7.36,20.4,24.7,,,4.26,16426525.0,1.03606576058941,54.1287736358813,2.616,28.5
Kazakhstan,KAZ,2009,67.46,Europe & Central Asia,Upper middle income,115308686941.38,6938.01175663001,17389.0145840061,1.19999999942873,6.55,240.99569702,3.47355628,3.65,7.3,18.5,22.5,,,4.22,16619846.0,1.17001171080735,54.1167144748885,2.58,28.2
Kazakhstan,KAZ,2010,68.257,Europe & Central Asia,Upper middle income,148047348240.643,8793.07589980782,18641.8061470981,7.30000000329814,5.77,240.6149292,2.73641396,3.791,7.07,16.7,20.4,,,4.2,16836810.0,1.29700375015965,54.2054127497102,2.61,28.0
Kazakhstan,KAZ,2011,69.108,Europe & Central Asia,Upper middle income,192626464617.071,11287.1464926039,20159.9329426413,7.40000000144188,5.39,293.73300171,2.60236669,3.815,6.89,14.9,18.3,,7.7,4.39,17066002.0,1.35207363651395,54.3996086425518,2.605,28.0
Kazakhstan,KAZ,2012,69.939,Europe & Central Asia,Upper middle income,207998568865.789,12018.7966527993,21367.2180595372,4.79999999528297,5.29,365.04208374,3.03725982,3.786,6.53,13.3,16.3,,,4.32,17306106.0,1.39710899026626,54.69208192838,2.64,28.2
Kazakhstan,KAZ,2013,70.719,Europe & Central Asia,Upper middle income,236634603409.089,13478.459627612,23754.1341952117,5.99999999671084,5.2,358.91342163,2.66286755,3.832,6.12,11.7,14.5,,,4.4,17556502.0,1.4364978420859,55.0779764821252,2.67,27.1
Kazakhstan,KAZ,2014,71.415,Europe & Central Asia,Upper middle income,221415613595.469,12427.7094576939,23958.1128890603,4.20000000566705,5.06,369.68508911,2.97468448,3.865,5.91,10.5,13.0,,,4.25,17816285.0,1.46885610538904,55.5524361787178,2.76,27.0
Kazakhstan,KAZ,2015,72.024,Europe & Central Asia,Upper middle income,184388404706.042,10196.1226255982,22484.3651382607,1.20000000053288,4.93,310.01428223,3.04051113,3.726,5.67,9.5,11.9,,,4.17,18084169.0,1.49239879824091,56.1106048930882,2.755,26.8
Kazakhstan,KAZ,2016,72.549,Europe & Central Asia,Upper middle income,137278320084.171,7475.56688689424,23023.0872293899,1.09999999910173,4.96,255.84049988,3.42235589,3.707,5.45,8.8,11.0,,,4.19,18363600.0,1.53335297365685,56.7476265001667,2.795,27.2
Kazakhstan,KAZ,2017,72.996,Europe & Central Asia,Upper middle income,166805788827.233,8943.08416791984,23973.0602295651,4.10000000257358,4.9,272.98272705,3.0524447,3.6,5.33,8.4,10.5,,,4.48,18651931.0,1.5579235201186,57.4586448748837,2.745,27.5
Kazakhstan,KAZ,2018,73.369,Europe & Central Asia,Upper middle income,179339977690.485,9472.48527327758,25096.1285862615,4.09999999309841,4.85,266.92147827,2.90062451,3.531,5.2,8.2,10.3,,,4.52,18932727.0,1.49423322942686,58.2388038921695,2.845,27.8
Kazakhstan,KAZ,2019,73.658,Europe & Central Asia,Upper middle income,181667184854.501,9457.12614657136,28689.2710838374,4.50000000091883,4.8,263.61331177,2.87143755,3.62,5.01,8.1,10.2,,,4.52,19209555.0,1.45157995956237,59.0832474269546,2.89,28.0
Kazakhstan,KAZ,2020,71.195,Europe & Central Asia,Upper middle income,171082365861.423,8781.50797787648,29039.8229624509,-2.49999999628,4.89,329.57086182,3.83133817,3.663,6.54,8.0,10.1,,,4.52,19482117.0,1.4089156380377,59.9871193541692,3.13,28.7
Kazakhstan,KAZ,2021,70.131,Europe & Central Asia,Upper middle income,197112255360.612,9983.60103576902,32945.8515725823,4.29999999729456,5.568,391.81536865,3.98701859,3.711,,7.9,10.0,,,,19743603.0,1.33325722721198,61.030254280267,3.32,29.2
Kazakhstan,KAZ,2022,73.503,Europe & Central Asia,Upper middle income,225496328925.494,11255.3396437881,35889.3953214448,3.19999999970734,4.86,421.60028076,3.74577999,3.719,,7.7,9.8,,,,20034609.0,1.46316879039749,61.444157327248,3.05,
Kazakhstan,KAZ,2023,74.402,Europe & Central Asia,Upper middle income,261840101059.923,12879.4275257974,38546.9287207389,5.09999999973641,4.835,489.71456909,3.76701546,3.754,,7.6,9.6,,,,20330104.0,1.46415151694869,61.7560919499181,3.012,
Kazakhstan,KAZ,2024,74.531,Europe & Central Asia,Upper middle income,291480274648.826,14154.6324958076,40950.3167392792,4.99999999996936,4.833,,,,,7.4,9.4,,6.8,,20592571.0,1.28276364646616,62.072531584162,2.984,
Kenya,KEN,1995,55.856,Sub-Saharan Africa,Lower middle income,9046320255.40507,340.064842175429,1817.60888087533,4.40621652482287,2.848,,,0.132,,70.9,109.3,,,,26601751.0,2.83906557159965,18.5827604922377,5.372,
Kenya,KEN,1996,55.575,Sub-Saharan Africa,Lower middle income,12045865396.1323,440.527078880876,1875.29830941334,4.14683926876013,2.773,,,,,70.2,108.0,,,,27344211.0,2.75278021555245,18.6611020359295,5.307,
Kenya,KEN,1997,55.478,Sub-Saharan Africa,Lower middle income,13115764358.2846,466.723814611399,1865.02667278906,0.474901921293579,2.818,,,,,69.1,105.9,,,,28101768.0,2.73276496655617,18.7575952945971,5.268,45.0
Kenya,KEN,1998,55.568,Sub-Saharan Africa,Lower middle income,14093998843.7334,487.883239905452,1895.01738194143,3.29021372249065,2.843,,,,,67.7,103.0,,,,28888057.0,2.75957646009425,18.8798697768976,5.244,
Kenya,KEN,1999,55.866,Sub-Saharan Africa,Lower middle income,12896010459.3711,433.721235701305,1910.24013020805,2.30538859522412,2.884,,,,,66.0,99.5,,,,29733408.0,2.88430050146184,19.0288523643308,5.177,
Kenya,KEN,2000,56.084,Sub-Saharan Africa,Lower middle income,12705350097.8044,414.626365130846,1906.89794089368,0.599695390807426,2.884,21.53400993,3.62451434,,,63.7,95.2,,,2.16,30642890.0,3.01293994477925,19.4553832211834,5.136,
Kenya,KEN,2001,56.501,Sub-Saharan Africa,Lower middle income,12986007425.8781,410.700452474814,1961.05816870969,3.77990649795343,2.876,22.11487579,3.74002314,,,61.2,90.5,,,2.16,31619170.0,3.13629206541925,20.4416297068833,5.094,
Kenya,KEN,2002,56.759,Sub-Saharan Africa,Lower middle income,13147736898.5176,402.936385605382,1940.40303256447,0.546859530175595,2.916,22.28772163,3.82159472,0.138,,58.3,85.6,,,2.16,32629808.0,3.14626442047843,21.8586568137501,5.027,
Kenya,KEN,2003,57.369,Sub-Saharan Africa,Lower middle income,14904517649.8476,442.898457253405,1974.85820210993,2.93247554570904,2.869,25.64012337,4.03365707,,,55.5,80.8,,,2.06,33652223.0,3.08528898836117,23.563889811899,4.937,
Kenya,KEN,2004,57.947,Sub-Saharan Africa,Lower middle income,16095337093.8366,463.662781300121,2066.31540640242,5.10429977629738,2.844,27.65002823,4.21159506,,1.4,52.6,76.1,4.98499199748039,,2.07,34713455.0,3.10482476419105,25.4147539714454,4.861,
Kenya,KEN,2005,58.51,Sub-Saharan Africa,Lower middle income,18737895512.7378,523.456312433863,2188.69561015951,5.90666607980057,2.739,30.9943428,4.2174139,,,49.5,71.2,,,2.15,35796484.0,3.07223123352542,27.2686745625048,4.801,46.4
Kenya,KEN,2006,59.059,Sub-Saharan Africa,Lower middle income,25825512284.2891,699.80237063381,2330.13028942507,6.47249430015484,2.673,40.3040123,5.0134387,,,47.0,66.8,,,2.38,36904008.0,3.04704867411558,28.9830768551925,4.754,
Kenya,KEN,2007,59.407,Sub-Saharan Africa,Lower middle income,31958195182.2406,840.201439476765,2481.08706136608,6.85072976998784,2.642,49.44605255,5.12358475,,,45.0,62.9,,,2.32,38036349.0,3.02220921188685,30.4153861196239,4.718,
Kenya,KEN,2008,59.955,Sub-Saharan Africa,Lower middle income,35895153327.8497,915.54435473604,2459.12174515536,0.232282744812977,2.751,54.35681915,5.19050598,0.169,,42.6,58.0,,,2.31,39206351.0,3.02964938264436,31.4230276259143,4.66,
Kenya,KEN,2009,60.483,Sub-Saharan Africa,Lower middle income,42347217912.9176,1047.9678324485,2480.044290705,3.30693981631089,2.816,55.455616,5.29172945,0.171,,42.1,55.2,,,2.34,40408891.0,3.0211086032266,31.8603086707305,4.567,
Kenya,KEN,2010,60.915,Sub-Saharan Africa,Lower middle income,45405615063.7551,1091.51873101194,2634.89271315215,8.05847360290906,2.793,58.8164711,5.38849831,0.171,1.4,41.5,53.1,,,2.51,41598567.0,2.90158845467743,31.8713287706458,4.446,
Kenya,KEN,2011,61.283,Sub-Saharan Africa,Lower middle income,46869473150.61,1096.14499807675,2750.28663787693,5.1211061197056,2.699,57.02286911,5.20212841,0.177,,41.0,51.7,,5.1,2.68,42758461.0,2.75013743696978,31.8673949025409,4.284,
Kenya,KEN,2012,61.537,Sub-Saharan Africa,Lower middle income,56396704671.5777,1285.00536171512,2847.27068286846,4.56867961444982,2.678,64.48231506,5.0180583,0.184,,41.1,50.7,,,2.75,43888303.0,2.6080744180495,31.8558130142761,4.116,
Kenya,KEN,2013,61.729,Sub-Saharan Africa,Lower middle income,61671440407.8387,1370.87885214659,3106.39394464885,3.7978483925754,2.762,67.59809875,4.93100405,0.193,,40.7,49.4,,,2.79,44986791.0,2.47210752389349,31.8324454433988,3.955,
Kenya,KEN,2014,61.99,Sub-Saharan Africa,Lower middle income,68285796514.2896,1482.81566253497,3359.48950665093,5.02011100232484,2.767,72.84589386,4.91267347,0.199,,40.0,48.3,,,2.8,46051440.0,2.33901192230694,31.7931545274563,3.843,
Kenya,KEN,2015,62.279,Sub-Saharan Africa,Lower middle income,70120446896.8359,1489.11959777284,3678.32614146019,4.96772112759767,2.762,70.94755554,4.76439571,,,38.9,46.8,8.9,,2.78,47088526.0,2.2270329432256,31.7338026039958,3.766,40.8
Kenya,KEN,2016,62.526,Sub-Saharan Africa,Lower middle income,74815144163.8931,1554.12610314423,3916.65315673095,4.21351706814744,2.757,73.88768005,4.75429106,,,38.4,45.5,,,2.85,48139687.0,2.20775684612709,31.6502520105647,3.689,
Kenya,KEN,2017,62.725,Sub-Saharan Africa,Lower middle income,82036510877.2599,1667.48447230835,4177.24993580267,3.83795817364721,3.542,66.46552277,3.98597503,,,38.2,44.7,,,2.85,49197766.0,2.17412854990493,31.5383650847102,3.609,
Kenya,KEN,2018,62.825,Sub-Saharan Africa,Lower middle income,92202979985.2863,1836.45275528993,4411.56104120886,5.64794640709219,4.284,75.27681732,4.09903383,0.16,,37.5,43.7,,,2.87,50207107.0,2.03083744189606,31.3940041639796,3.536,
Kenya,KEN,2019,62.939,Sub-Saharan Africa,Lower middle income,100378436207.371,1960.40808854893,4687.37782325306,5.11415885767801,5.014,85.64528656,4.36874676,,1.33,37.0,42.7,,,2.87,51202827.0,1.96381549826771,31.1895566421135,3.433,
Kenya,KEN,2020,61.596,Sub-Saharan Africa,Lower middle income,100657505750.545,1927.66459027849,4792.57315847182,-0.272766327438816,5.613,86.5921936,4.49248886,0.074,,36.5,42.1,,,2.47,52217334.0,1.96197633664853,31.2063494632616,3.364,36.2
Kenya,KEN,2021,61.225,Sub-Saharan Africa,Lower middle income,109703658904.994,2061.35622089594,5338.85243382781,7.59048947333467,5.693,94.20249176,4.56992722,0.098,,36.0,41.3,,,,53219166.0,1.90040858948898,31.2879334021971,3.312,38.7
Kenya,KEN,2022,63.549,Sub-Saharan Africa,Lower middle income,114448978152.637,2109.56288513137,5882.29066433207,4.85998104287999,5.565,91.18416595,4.32241869,0.236,,35.5,40.5,,,,54252461.0,1.92297608206469,31.4307820066946,3.262,38.5
Kenya,KEN,2023,63.646,Sub-Saharan Africa,Lower middle income,107500884685.013,1942.58802756191,6322.24569873446,5.71999241214208,5.409,84.958992,4.35172892,0.289,,34.7,39.6,,,,55339003.0,1.98296028478422,31.6330340816429,3.208,
Kenya,KEN,2024,63.834,Sub-Saharan Africa,Lower middle income,120397537849.826,2133.46193404026,6649.67919174449,4.66019594571891,5.487,,,,,34.2,38.8,,3.1,,56432944.0,1.95751431565234,31.8937831721599,3.167,
"Korea, Dem. People's Rep.",PRK,1995,60.766,East Asia & Pacific,Low income,,,,,3.114,,,2.97,,64.3,107.7,,,,22669304.0,1.22198132137694,59.0713546238722,2.146,
"Korea, Dem. People's Rep.",PRK,1996,60.82,East Asia & Pacific,Low income,,,,,3.153,,,,,63.4,106.2,,,,22895746.0,0.993936643105458,59.1528308821661,2.093,
"Korea, Dem. People's Rep.",PRK,1997,60.869,East Asia & Pacific,Low income,,,,,3.253,,,,,62.3,104.6,,,,23110830.0,0.935020971783511,59.2266583905269,2.027,
"Korea, Dem. People's Rep.",PRK,1998,60.887,East Asia & Pacific,Low income,,,,,3.461,,,,,61.4,103.2,,,,23311564.0,0.864820763436327,59.2945764843893,1.991,
"Korea, Dem. People's Rep.",PRK,1999,60.91,East Asia & Pacific,Low income,,,,,3.67,,,,,60.4,101.7,,,,23497599.0,0.79486992536677,59.358324499188,1.966,
"Korea, Dem. People's Rep.",PRK,2000,60.911,East Asia & Pacific,Low income,,,,,3.653,,,,,59.4,100.2,,,3.87,23665910.0,0.713737031349431,59.4196417703576,1.941,
"Korea, Dem. People's Rep.",PRK,2001,60.893,East Asia & Pacific,Low income,,,,,3.676,,,,,58.6,99.0,,,3.87,23815358.0,0.629505065124145,59.4802676333329,1.94,
"Korea, Dem. People's Rep.",PRK,2002,60.877,East Asia & Pacific,Low income,,,,,3.644,,,,,57.7,97.8,,,3.77,23943973.0,0.538597623627137,59.5419414235486,1.919,
"Korea, Dem. People's Rep.",PRK,2003,69.399,East Asia & Pacific,Low income,,,,,3.668,,,3.097,,27.3,34.5,,,3.99,24090380.0,0.609594776390389,59.6064024764394,1.909,
"Korea, Dem. People's Rep.",PRK,2004,69.294,East Asia & Pacific,Low income,,,,,3.62,,,,,26.8,33.8,,,4.03,24254943.0,0.680784098097041,59.6753901274401,1.899,
"Korea, Dem. People's Rep.",PRK,2005,69.168,East Asia & Pacific,Low income,,,,,3.576,,,,,26.3,33.3,,,4.09,24396433.0,0.581650142448516,59.7506437119853,1.872,
"Korea, Dem. People's Rep.",PRK,2006,69.061,East Asia & Pacific,Low income,,,,,3.55,,,,,25.9,32.8,,,4.09,24524507.0,0.523597022459874,59.8339025655097,1.936,
"Korea, Dem. People's Rep.",PRK,2007,69.021,East Asia & Pacific,Low income,,,,,3.547,,,,,25.6,32.4,,,4.08,24646383.0,0.495725212967157,59.926906023448,1.943,
"Korea, Dem. People's Rep.",PRK,2008,69.303,East Asia & Pacific,Low income,,,,,3.48,,,3.228,,24.7,31.0,,,4.11,24764618.0,0.478578548402947,60.0310692203612,1.97,
"Korea, Dem. People's Rep.",PRK,2009,69.702,East Asia & Pacific,Low income,,,,,3.48,,,,,23.9,30.0,,,4.28,24878332.0,0.458128289665172,60.1544414620403,1.905,
"Korea, Dem. People's Rep.",PRK,2010,70.246,East Asia & Pacific,Low income,,,,,3.419,,,,14.3,22.9,28.7,,,4.43,24987258.0,0.436879111426513,60.307007469148,1.89,
"Korea, Dem. People's Rep.",PRK,2011,70.772,East Asia & Pacific,Low income,,,,,3.516,,,,,21.7,27.2,,8.4,4.51,25097874.0,0.44171264179715,60.4836230684404,1.883,
"Korea, Dem. People's Rep.",PRK,2012,71.317,East Asia & Pacific,Low income,,,,,3.542,,,3.39,13.2,20.6,25.7,,,4.52,25211728.0,0.452614172409074,60.6781140779735,1.882,
"Korea, Dem. People's Rep.",PRK,2013,71.867,East Asia & Pacific,Low income,,,,,3.567,,,,,19.3,24.1,,,4.51,25329451.0,0.465850679497933,60.8843063158034,1.877,
"Korea, Dem. People's Rep.",PRK,2014,72.451,East Asia & Pacific,Low income,,,,,3.509,,,3.451,,18.2,22.6,,,4.46,25451262.0,0.479753931920185,61.0940947540873,1.874,
"Korea, Dem. People's Rep.",PRK,2015,72.825,East Asia & Pacific,Low income,,,,,3.523,,,,,17.2,21.4,,,4.45,25575350.0,0.486366779009783,61.3247571174501,1.863,
"Korea, Dem. People's Rep.",PRK,2016,72.971,East Asia & Pacific,Low income,,,,,3.574,,,3.645,,16.5,20.6,,,4.4,25698326.0,0.479685660941037,61.5681351428803,1.856,
"Korea, Dem. People's Rep.",PRK,2017,73.034,East Asia & Pacific,Low income,,,,,3.498,,,3.628,,15.4,19.1,,,4.35,25817709.0,0.463479822191171,61.8206076091402,1.848,
"Korea, Dem. People's Rep.",PRK,2018,73.02,East Asia & Pacific,Low income,,,,,3.409,,,,12.8,14.8,18.4,,,4.29,25931147.0,0.438418123483477,62.0826119807623,1.834,
"Korea, Dem. People's Rep.",PRK,2019,72.928,East Asia & Pacific,Low income,,,,,3.439,,,,,14.3,17.7,,,4.29,26037632.0,0.409804313568107,62.3542226611578,1.825,
"Korea, Dem. People's Rep.",PRK,2020,72.783,East Asia & Pacific,Low income,,,,,3.624,,,,,14.1,17.4,,,3.87,26136312.0,0.378273559953142,62.6355140538495,1.821,
"Korea, Dem. People's Rep.",PRK,2021,73.437,East Asia & Pacific,Low income,,,,,3.692,,,,,14.1,17.4,,,,26232534.0,0.36747843663433,62.926560562457,1.806,
"Korea, Dem. People's Rep.",PRK,2022,73.641,East Asia & Pacific,Low income,,,,,3.457,,,,,14.3,17.7,,,,26328845.0,0.366471008261931,63.2274365906829,1.797,
"Korea, Dem. People's Rep.",PRK,2023,73.642,East Asia & Pacific,Low income,,,,,3.463,,,,,14.5,18.0,,,,26418204.0,0.338821174570736,63.5382165423021,1.78,
"Korea, Dem. People's Rep.",PRK,2024,73.743,East Asia & Pacific,Low income,,,,,3.539,,,,,13.3,16.7,,9.9,,26498823.0,0.304699893187806,63.8589748211522,1.784,
"Korea, Rep.",KOR,1995,73.7,East Asia & Pacific,High income,586286469400.665,13001.7205867019,13921.1359823272,9.7358937505409,2.063,,,1.116,4.4000000954,8.1,10.5,,,,45092991.0,1.00620085457685,78.400437187912,1.634,
"Korea, Rep.",KOR,1996,74.1512195121951,East Asia & Pacific,High income,631196863758.281,13864.9376534518,15163.5567633709,7.99042982526839,2.048,,,1.169,4.5999999046,7.5,9.8,,,,45524681.0,0.952779421852704,78.7508147919442,1.574,
"Korea, Rep.",KOR,1997,74.6024390243903,East Asia & Pacific,High income,589202526424.141,12821.6893313675,16241.0643796053,6.2821926537929,2.608,,,1.233,4.8000001907,7.0,9.1,,,,45953580.0,0.937713808920155,78.9918025094803,1.537,
"Korea, Rep.",KOR,1998,75.0048780487805,East Asia & Pacific,High income,397297216492.19,8583.43557499234,15500.1476038649,-4.9389297463141,6.963,,,1.269,5.0999999046,6.5,8.5,,,,46286503.0,0.72186501759031,79.1812369650495,1.464,
"Korea, Rep.",KOR,1999,75.409756097561,East Asia & Pacific,High income,515697079289.011,11062.5019301357,17421.392913922,11.6172629559591,6.342,,,1.316,5.5999999046,6.1,8.0,,,,46616677.0,0.710794593061376,79.3623394908518,1.425,
"Korea, Rep.",KOR,2000,75.909756097561,East Asia & Pacific,High income,597487173479.109,12710.2995795579,19236.9088359303,9.2018583880479,4.063,475.2520752,3.71794796,1.302,4.68,5.8,7.6,,,10.93,47008111.0,0.836180864297766,79.579960745642,1.48,
"Korea, Rep.",KOR,2001,76.4121951219512,East Asia & Pacific,High income,567564806235.441,11981.4828218758,20442.2142872054,4.72593560322356,3.699,503.15795898,4.16983986,1.397,4.48,5.5,7.2,,,10.93,47370164.0,0.767241774760276,79.8787704357425,1.309,
"Korea, Rep.",KOR,2002,76.7658536585366,East Asia & Pacific,High income,650014391470.21,13642.9424537101,22173.4881729168,7.74399895319569,3.046,536.91662598,3.90854764,1.5,4.87,5.2,6.8,,,10.71,47644736.0,0.577957276814842,80.2766294544335,1.178,
"Korea, Rep.",KOR,2003,77.2146341463415,East Asia & Pacific,High income,728516494684.269,15211.5483770422,22919.7417096314,3.07472661826947,3.348,684.79833984,4.46640348,1.579,5.13,4.9,6.4,,,9.96,47892330.0,0.518321452985646,80.707793508044,1.191,
"Korea, Rep.",KOR,2004,77.6658536585366,East Asia & Pacific,High income,823251107638.814,17121.6301633201,24658.1761189212,5.1836368597334,3.42,764.49401855,4.43287992,1.577,5.46,4.7,6.0,,,9.79,48082519.0,0.396331436697806,81.104386778171,1.164,
"Korea, Rep.",KOR,2005,78.1682926829268,East Asia & Pacific,High income,971740329983.878,20167.0474902506,26179.3421262581,4.35823667337156,3.482,944.55078125,4.65223551,1.637,5.94,4.3,5.6,,,9.51,48184561.0,0.211997784117548,81.3901352283669,1.085,
"Korea, Rep.",KOR,2006,78.6682926829268,East Asia & Pacific,High income,1095175538508.19,22609.7059431449,27972.3847629351,5.24500550580342,3.254,1130.53796387,4.95851803,1.701,6.54,4.1,5.2,,,9.45,48438292.0,0.525199940498775,81.566462110512,1.132,31.7
"Korea, Rep.",KOR,2007,79.119512195122,East Asia & Pacific,High income,1220911904593.06,25078.4853957105,30255.391009159,5.8419633918717,3.013,1256.36437988,4.95834208,1.753,7.32,3.8,4.8,,,9.54,48683638.0,0.505234032920336,81.712125801927,1.259,
"Korea, Rep.",KOR,2008,79.5170731707317,East Asia & Pacific,High income,1091580692542.34,22252.3125108061,31211.0593469455,3.00440451679569,2.959,1186.375,5.24642324,1.872,7.84,3.6,4.5,,,9.58,49054708.0,0.759316681850927,81.8350833138518,1.192,32.3
"Korea, Rep.",KOR,2009,79.9682926829268,East Asia & Pacific,High income,983065242417.36,19937.3029137734,30739.9572294348,0.81986175641795,3.363,1150.97253418,5.68525076,1.95,8.32,3.4,4.3,,,9.53,49307835.0,0.514682827535803,81.9245045084002,1.149,
"Korea, Rep.",KOR,2010,80.1170731707317,East Asia & Pacific,High income,1192830015737.68,24071.2620526362,33120.351934563,6.98166138853071,3.324,1417.10913086,5.79390717,2.016,8.88,3.3,4.1,,,9.38,49554112.0,0.49822508440111,81.9685075986486,1.226,32.0
"Korea, Rep.",KOR,2011,80.5682926829269,East Asia & Pacific,High income,1307103477219.1,26175.2398553363,33944.2511879769,3.6880320602952,2.992,1570.54943848,5.90292883,2.063,9.68,3.2,4.0,1.63291972130537,7.5,9.37,49936638.0,0.768971758582589,81.9615408086376,1.244,
"Korea, Rep.",KOR,2012,80.819512195122,East Asia & Pacific,High income,1335343586437.67,26600.5477433903,35061.5531929083,2.54766550568242,2.812,1603.93432617,5.9576025,2.099,10.38,3.1,3.8,,,9.33,50199853.0,0.525713660600414,81.9087898200378,1.297,31.6
"Korea, Rep.",KOR,2013,81.2707317073171,East Asia & Pacific,High income,1434669686501.84,28449.3591104972,35844.2253782408,3.2913959543442,3.067,1738.80847168,6.06858635,2.175,11.0,3.0,3.7,,,9.05,50428893.0,0.455218622164662,81.8269383502703,1.187,
"Korea, Rep.",KOR,2014,81.7219512195122,East Asia & Pacific,High income,1556252422020.44,30667.0912467447,37032.1724172561,3.21468019683108,3.082,1922.98803711,6.24487352,2.21,11.63,2.9,3.6,,,8.81,50746659.0,0.628149861433639,81.7315682816954,1.205,31.2
"Korea, Rep.",KOR,2015,82.0243902439024,East Asia & Pacific,High income,1539212301135.55,30171.7906545222,39794.1961180043,2.92029267301234,3.546,1950.89575195,6.46202612,2.242,11.62,2.9,3.5,,,8.52,51014947.0,0.527288497407793,81.639489860678,1.239,
"Korea, Rep.",KOR,2016,82.2756097560976,East Asia & Pacific,High income,1579150518945.44,30832.0628072516,41672.6278317077,3.17152748983935,3.65,2042.72949219,6.6356945,2.29,11.97,2.8,3.4,,,8.47,51217803.0,0.396851823381145,81.5559241797057,1.172,35.2
"Korea, Rep.",KOR,2017,82.6268292682927,East Asia & Pacific,High income,1710196756713.17,33296.9845439195,43155.9100867658,3.433191763972,3.653,2258.15307617,6.79827499,2.343,12.26,2.7,3.3,,,8.29,51361911.0,0.280968018301691,81.471030429984,1.052,34.9
"Korea, Rep.",KOR,2018,82.6268292682927,East Asia & Pacific,High income,1824251454306.83,35363.9508228687,45511.0803506331,3.17611568177327,3.824,2523.04003906,7.14222002,2.386,12.43,2.6,3.2,,,8.19,51585058.0,0.433519027613049,81.3823523035196,0.977,33.7
"Korea, Rep.",KOR,2019,83.2268292682927,East Asia & Pacific,High income,1751045752054.63,33826.9443301597,46511.2196957018,2.31380210595475,3.746,2602.4831543,7.69397116,2.458,12.43,2.6,3.1,,,8.19,51764822.0,0.347874968577526,81.2901063535619,0.918,33.2
"Korea, Rep.",KOR,2020,83.4268292682927,East Asia & Pacific,High income,1744070276373.34,33645.7719545073,47881.4921344193,-0.700242317542106,3.931,2699.6640625,8.02722836,2.507,12.65,2.5,3.1,,,7.79,51836239.0,0.137869266247028,81.1759595622913,0.837,32.7
"Korea, Rep.",KOR,2021,83.5268292682927,East Asia & Pacific,High income,1942313560965.9,37518.4635305697,51718.2518656631,4.61296795454287,3.639,3125.82714844,8.34412766,2.517,12.75,2.5,3.0,,,,51769539.0,-0.128757315474928,81.1616526507785,0.808,32.9
"Korea, Rep.",KOR,2022,82.6804878048781,East Asia & Pacific,High income,1799363116866.52,34822.4048404971,55509.3368761174,2.72756456708991,2.857,3078.55151367,8.8595314,2.61,12.81,2.4,2.9,,,,51672569.0,-0.187486566698935,81.1624941626873,0.778,
"Korea, Rep.",KOR,2023,83.4292682926829,East Asia & Pacific,High income,1844800934391.54,35674.095995632,57429.8031076402,1.58301467403629,2.675,3043.87329102,8.5650692,,,2.4,2.9,,,,51712619.0,0.077477253324535,81.1645551720421,0.721,
"Korea, Rep.",KOR,2024,83.6292682926829,East Asia & Pacific,High income,1875388209406.8,36238.639908315,61051.3492502498,2.00361101838986,2.784,3136.78564453,8.67656994,,,2.3,2.8,,9.6,,51751065.0,0.0743178674548815,81.1682528469686,0.748,
Madagascar,MDG,1995,54.845,Sub-Saharan Africa,Low income,3838100903.74974,273.149653945976,1110.65249220124,1.67859232120303,6.092,,,0.272,,78.9,129.8,,,,14051275.0,3.16254820979997,23.4800566044183,6.036,
Madagascar,MDG,1996,55.477,Sub-Saharan Africa,Low income,4931861038.70763,339.877283663608,1118.76916206941,2.15420447175147,6.092,,,0.107,,76.4,124.8,,,,14510711.0,3.2173927391356,23.7907085718749,6.031,
Madagascar,MDG,1997,56.127,Sub-Saharan Africa,Low income,4262965419.74998,284.371843967244,1142.30166097626,3.69349261691789,5.971,,,,,73.7,119.6,,,,14990814.0,3.25505471239561,24.0990589894502,6.023,39.4
Madagascar,MDG,1998,56.803,Sub-Saharan Africa,Low income,4401967632.73718,284.192923139852,1161.75088841513,3.91707460516817,5.901,,,,,70.9,114.4,,,,15489364.0,3.27159813295267,24.405035318938,5.992,
Madagascar,MDG,1999,57.434,Sub-Saharan Africa,Low income,4277903780.29131,267.360530991414,1194.15024664612,4.69922703680521,5.822,,,,,68.1,109.3,,,,16000506.0,3.24667519014568,24.7085650221322,5.839,38.6
Madagascar,MDG,2000,57.974,Sub-Saharan Africa,Low income,4629247203.84524,280.282905559649,1235.7873393761,4.45685893956946,5.8,11.1882658,3.99177623,,0.43,65.4,104.4,,,1.46,16516338.0,3.17297260783499,25.0095755608264,5.665,
Madagascar,MDG,2001,58.674,Sub-Saharan Africa,Low income,5438332601.90798,319.283278235657,1298.56378874162,5.98023576982733,5.35,13.13894939,4.11513853,0.087,0.32,62.9,99.8,,,1.46,17032939.0,3.0798984770565,25.3079943968146,5.528,47.4
Madagascar,MDG,2002,59.17,Sub-Saharan Africa,Low income,5351701663.40807,304.941777398445,1121.08749550396,-12.4079711055149,5.515,15.02957344,4.92866945,0.13,,60.5,95.6,,,1.25,17549913.0,2.9899935045994,25.6037489918904,5.412,
Madagascar,MDG,2003,59.693,Sub-Saharan Africa,Low income,6372498889.66585,352.620095849925,1218.83563167903,9.78489212474175,5.01,17.64075851,5.00276566,0.141,0.39,58.3,91.6,,,1.07,18071854.0,2.93067077025108,25.8967668078478,5.329,
Madagascar,MDG,2004,60.168,Sub-Saharan Africa,Low income,5064732626.29389,272.20074858856,1279.54611059563,5.25700362208742,3.951,14.29298973,5.25090027,0.149,,56.2,87.8,,,1.0,18606608.0,2.91610861061954,26.1869753064804,5.264,
Madagascar,MDG,2005,60.664,Sub-Saharan Africa,Low income,5859269752.61332,305.812074924388,1342.51929936041,4.75584509499119,2.62,15.9498682,5.21557808,0.172,0.38,54.1,84.1,2.2,,0.94,19159707.0,2.92926937068758,26.4743019495822,5.195,39.9
Madagascar,MDG,2006,61.14,Sub-Saharan Africa,Low income,6395712490.94304,324.146874882604,1416.40465949813,5.3985084485368,2.945,16.44085503,5.07203865,0.163,0.32,52.2,80.8,,,0.91,19730909.0,2.93769107946479,26.7586741989468,5.133,
Madagascar,MDG,2007,61.533,Sub-Saharan Africa,Low income,8524620889.57747,419.548001431865,1493.37544998719,5.71056419885052,3.202,19.33553123,4.60865784,0.173,0.32,50.3,77.6,,,0.88,20318583.0,2.93494950819065,27.0400195163682,5.083,
Madagascar,MDG,2008,61.992,Sub-Saharan Africa,Low income,10725137723.6549,512.579800058444,1577.33838923053,6.71263253913001,3.431,20.91898537,4.08111811,0.178,0.29,48.7,74.8,,,0.99,20923840.0,2.93532927308935,27.31826536364,5.043,
Madagascar,MDG,2009,62.304,Sub-Saharan Africa,Low income,9616879409.43789,446.315238370592,1479.82980027432,-3.9787086116544,3.885,19.56957817,4.38469839,0.173,,47.3,72.4,,,1.04,21547280.0,2.93604117284744,27.5933392025561,5.003,
Madagascar,MDG,2010,62.597,Sub-Saharan Africa,Low income,9982711338.07029,450.009391645726,1463.87646781607,0.619239744622121,4.28,21.13975906,4.69762659,0.186,0.33,46.2,70.3,,,1.06,22183340.0,2.90919662127516,27.8651684949103,4.896,42.4
Madagascar,MDG,2011,62.86,Sub-Saharan Africa,Low income,11551819617.874,506.163691559309,1475.17055178114,1.57842705366555,2.516,22.88667488,4.521595,0.137,0.32,45.2,68.6,,4.7,0.96,22822300.0,2.83965714379658,28.1336807024963,4.737,
Madagascar,MDG,2012,63.007,Sub-Saharan Africa,Low income,11578975061.9479,493.511162904211,1463.61756926447,3.01114811621208,0.599,19.30151749,3.91105914,0.136,,44.5,67.3,,,0.93,23462438.0,2.76626312576328,28.3988032871081,4.613,42.6
Madagascar,MDG,2013,63.161,Sub-Saharan Africa,Low income,12423555455.3853,515.301589361832,1473.40398077255,2.30037622800727,0.995,19.33186913,3.75156307,0.146,0.32,44.1,66.4,,,0.97,24109290.0,2.71964840033078,28.6604637105393,4.527,
Madagascar,MDG,2014,63.261,Sub-Saharan Africa,Low income,12522957399.2281,505.684922503435,1498.83976908219,3.33920311195367,1.385,22.56570244,4.46240282,0.173,0.32,43.8,65.7,,,1.01,24764348.0,2.68077948175383,28.9185894345838,4.421,
Madagascar,MDG,2015,63.362,Sub-Saharan Africa,Low income,11323020701.3017,445.320069480568,1496.61172412841,3.13229807490305,1.785,22.29386139,5.0062542,,,43.6,65.3,,,1.01,25426702.0,2.63948434650119,29.1731079210354,4.335,
Madagascar,MDG,2016,63.431,Sub-Saharan Africa,Low income,11848613858.442,453.970714522463,1561.51962374608,3.99314606199499,1.949,24.20793915,5.33248854,,,43.6,64.9,,,1.0,26099952.0,2.61335935661539,29.4239466316878,4.285,
Madagascar,MDG,2017,63.433,Sub-Saharan Africa,Low income,13176313593.5509,491.866848718929,1546.88001890817,3.93330759462793,2.123,23.62072182,4.80225945,,,43.7,64.9,,,1.02,26788375.0,2.60345495087599,29.671033028335,4.259,
Madagascar,MDG,2018,63.491,Sub-Saharan Africa,Low income,13760033282.2925,500.45718552916,1546.59563549795,3.19435651744398,2.303,21.12731934,4.22160387,0.195,,43.9,64.9,,,1.02,27494926.0,2.60334538024635,29.9181125346909,4.246,
Madagascar,MDG,2019,63.504,Sub-Saharan Africa,Low income,14104664678.5063,499.818837622534,1612.29772715626,4.41123212909589,2.479,15.50084877,3.10129309,,,44.1,65.0,,,1.02,28219554.0,2.60136633480103,30.3046972370204,4.221,
Madagascar,MDG,2020,62.706,Sub-Saharan Africa,Low income,13051441204.053,450.771615205157,1490.32312839072,-7.13767162064489,3.292,16.78295326,3.72316122,,,44.3,65.1,,,0.99,28953556.0,2.56778870397591,30.7019474167548,4.17,
Madagascar,MDG,2021,62.516,Sub-Saharan Africa,Low income,14354731964.3258,483.469463351195,1577.43246056529,4.65068343174309,3.498,17.17938805,3.55335546,,,44.4,65.0,,,,29691083.0,2.51537360931706,31.1137123216036,4.104,36.8
Madagascar,MDG,2022,63.068,Sub-Saharan Africa,Low income,15342178598.2475,504.059106969168,1716.40079421689,4.13753534956307,3.186,15.85809231,3.14948058,0.172,,44.1,64.5,,,,30437261.0,2.48207836172625,31.5397813465886,4.036,
Madagascar,MDG,2023,63.632,Sub-Saharan Africa,Low income,16036707975.7567,514.064076551927,1810.09891584306,4.23086580696344,3.044,17.44003487,3.42822957,,,43.7,63.6,,,,31195932.0,2.46201530433165,31.9799438860946,3.972,
Madagascar,MDG,2024,63.835,Sub-Saharan Africa,Low income,17592832696.1336,550.37875528856,1888.66403175151,4.32283728087992,3.051,,,,,43.0,62.4,,4.6,,31964956.0,2.43524760129506,32.4339893339844,3.912,
Malawi,MWI,1995,43.804,Sub-Saharan Africa,Low income,2033701497.97085,200.362370007247,825.454125680218,16.7288173003423,4.895,,,,,115.8,207.7,,,,10150117.0,-0.145478657197626,13.6354392091488,6.392,
Malawi,MWI,1996,44.005,Sub-Saharan Africa,Low income,3319573749.6119,320.662735559137,884.456346954554,7.3166817822397,4.94,,,,,113.6,202.6,,,,10352228.0,1.97165297305688,13.9614023621682,6.285,
Malawi,MWI,1997,44.2,Sub-Saharan Africa,Low income,3875785863.38323,366.954461274104,915.279224970104,3.79241909354917,4.69,,,,,111.7,197.5,,,,10562035.0,2.00642058000582,14.2291934921491,6.231,65.8
Malawi,MWI,1998,44.3,Sub-Saharan Africa,Low income,2547609590.06984,236.045479450504,941.051496389554,3.89525350328424,4.921,,,,1.3400000334,109.0,191.2,,,,10792876.0,2.16203188036192,14.4227423983849,6.205,
Malawi,MWI,1999,45.06,Sub-Saharan Africa,Low income,2584478924.06081,233.935986197873,960.710822955158,3.04227813671855,5.002,,,,,104.5,182.3,,,,11047804.0,2.33453883328598,14.5596934738978,6.124,
Malawi,MWI,2000,46.17,Sub-Saharan Africa,Low income,2537307580.32808,224.22415918428,974.310137465796,1.57607762616895,5.045,8.84964848,2.35247517,,,98.9,171.0,,,3.0,11315942.0,2.39808527580859,14.6770603287659,6.002,
Malawi,MWI,2001,47.205,Sub-Saharan Africa,Low income,2498008664.6691,215.474524898357,924.056368286333,-4.97496361892476,5.221,7.42542601,2.06040049,,,138.5,239.0,,,3.0,11593058.0,2.41939427546647,14.780400724713,5.943,
Malawi,MWI,2002,48.176,Sub-Saharan Africa,Low income,5087328437.8737,428.210439838398,931.283507511613,1.70000003078317,5.248,11.17413807,2.69725966,,,83.8,143.2,,,2.93,11880440.0,2.44868795908692,14.8722487440558,5.903,
Malawi,MWI,2003,49.601,Sub-Saharan Africa,Low income,4669789300.35662,383.348596852642,979.038977924866,5.70563940467414,5.165,12.3155899,3.32019806,0.021,,76.4,130.0,6.12051375210285,,2.9,12181574.0,2.50311318898405,14.9551384691108,5.875,
Malawi,MWI,2004,51.073,Sub-Saharan Africa,Low income,5058726350.48896,404.674248445428,1032.80213910081,5.42049754993828,4.964,15.94395351,4.07199907,0.021,,70.1,118.7,,,2.89,12500737.0,2.58631203946607,15.0316039821946,5.864,39.9
Malawi,MWI,2005,52.469,Sub-Saharan Africa,Low income,5320409651.47544,414.361121984475,1070.93590956856,3.26872602317066,4.935,17.24028015,4.30046511,,,65.1,109.7,,,3.13,12840031.0,2.67801100189358,15.1041793656241,5.848,
Malawi,MWI,2006,53.652,Sub-Saharan Africa,Low income,5818279739.14354,440.822149023873,1124.43826912937,4.69999976404691,4.954,20.95070648,4.91223288,,,61.6,102.7,,,3.37,13198701.0,2.75507030698051,15.1753987017157,5.802,
Malawi,MWI,2007,54.687,Sub-Saharan Africa,Low income,6451210219.11683,475.180261659331,1230.56385436176,9.59999987683469,4.876,25.0216465,5.44258356,,1.1,59.1,96.9,,,3.55,13576343.0,2.82103771276785,15.2477960727861,5.724,
Malawi,MWI,2008,55.715,Sub-Saharan Africa,Low income,7743617352.21427,554.048820396119,1311.44999787357,7.63973639944591,4.796,32.73482132,6.10668802,0.018,,56.0,91.0,,,3.44,13976417.0,2.90426164632368,15.3238029928378,5.609,
Malawi,MWI,2009,56.714,Sub-Saharan Africa,Low income,9009887946.82039,625.869729869625,1387.78991563151,8.3281098524038,4.732,35.56456757,5.87333822,0.018,,53.7,85.3,4.6,,3.46,14395788.0,2.95642545456471,15.4015312766848,5.453,
Malawi,MWI,2010,57.787,Sub-Saharan Africa,Low income,10128323010.6049,683.124694716799,1457.60568304833,6.87406585416142,4.78,33.99194336,5.14304781,,,51.5,80.1,,,3.57,14826463.0,2.94779608735928,15.4776969380518,5.263,45.5
Malawi,MWI,2011,58.859,Sub-Saharan Africa,Low income,11648142958.3651,763.061000394572,1516.2111831915,4.93266999813729,4.829,39.29234314,5.32226658,,1.3,48.0,74.0,,5.6,3.71,15265022.0,2.91504427220952,15.5523153908723,5.083,
Malawi,MWI,2012,59.87,Sub-Saharan Africa,Low income,8773203178.16512,558.46208832772,1464.04323957796,1.90000000072909,4.949,32.53762817,6.02199793,,,45.1,67.9,,,3.71,15709577.0,2.87064589887138,15.6253133040464,4.902,
Malawi,MWI,2013,60.816,Sub-Saharan Africa,Low income,8031571927.62055,496.947368267313,1558.11224745203,5.41034999817167,4.978,39.54008484,8.22379494,0.012,,42.6,62.9,,,3.68,16161816.0,2.83808966369485,15.6966173464742,4.759,
Malawi,MWI,2014,61.651,Sub-Saharan Africa,Low income,8801326169.14547,529.5133440206,1505.55190404024,5.62527000105139,4.967,35.33760452,6.89776182,,,41.1,60.0,,,3.58,16621538.0,2.80479012384928,15.766154187056,4.569,
Malawi,MWI,2015,62.324,Sub-Saharan Africa,Low income,9219474379.31534,539.605363240686,1403.08451209235,2.80000000003355,4.953,34.97310638,6.62879086,,,39.7,57.4,,,3.37,17085587.0,2.75359183453625,15.8338504946918,4.384,
Malawi,MWI,2016,63.163,Sub-Saharan Africa,Low income,7909868618.46366,450.506105510719,1409.95802703533,2.49999999914311,5.011,34.0307579,7.72703791,0.031,,39.1,55.8,,,3.19,17557739.0,2.72595787740448,15.899632938282,4.216,44.7
Malawi,MWI,2017,63.914,Sub-Saharan Africa,Low income,8943543793.5839,495.769683367165,1380.23263621737,4.00000000089172,5.046,37.60110092,7.58438921,,,38.5,53.8,,,3.13,18039715.0,2.70808949087835,15.9634281867266,4.113,
Malawi,MWI,2018,64.464,Sub-Saharan Africa,Low income,9879220354.29186,533.202567189331,1363.79445595088,4.35356471619211,5.021,36.70302963,6.88249922,0.15,,38.0,52.0,,,3.24,18528081.0,2.67117568591664,16.0221486554255,4.021,
Malawi,MWI,2019,64.995,Sub-Saharan Africa,Low income,11051852712.6142,580.889139762475,1450.01008064784,5.71682519194337,4.964,36.91519165,6.37021732,,,38.3,51.3,,,3.24,19025752.0,2.65059567621331,16.1383746619001,3.952,38.5
Malawi,MWI,2020,65.216,Sub-Saharan Africa,Low income,11769313597.8545,602.507478176106,1513.45990803344,0.793596429787286,5.72,42.37881851,7.03859568,0.049,,38.2,50.4,,,3.61,19533888.0,2.63573735113183,16.2961471756409,3.877,
Malawi,MWI,2021,64.782,Sub-Saharan Africa,Low income,12378119199.0839,617.446994451007,1687.59358179651,4.55829212016083,5.652,46.41017532,7.5164628,,,38.3,50.0,,,,20047258.0,2.59415828794597,16.4881925800694,3.791,
Malawi,MWI,2022,66.037,Sub-Saharan Africa,Low income,12429059928.102,604.269740360317,1778.02399491871,0.921115069005936,5.02,40.03453827,6.62527609,0.054,,38.6,50.1,,,,20568728.0,2.567947782963,16.7146031979436,3.72,
Malawi,MWI,2023,67.353,Sub-Saharan Africa,Low income,13363669672.9405,633.214767978695,1831.97332483901,1.94575281675984,5.009,41.26664734,6.53459597,,,38.4,49.6,,,,21104482.0,2.57135708610945,16.9748746665356,3.648,
Malawi,MWI,2024,67.561,Sub-Saharan Africa,Low income,11311971400.3864,522.365366146003,1860.31534523381,1.6734340852915,5.051,,,,,38.0,48.8,,5.7,,21655286.0,2.57641467045761,17.268503531213,3.59,
Malaysia,MYS,1995,71.979,East Asia & Pacific,Upper middle income,88705342902.7113,4363.14458333034,10720.253468707,9.82908519730812,3.15,,,0.473,2.0299999714,10.0,13.3,,,,20330599.0,2.54130598813685,55.9232917327627,3.317,48.5
Malaysia,MYS,1996,72.119,East Asia & Pacific,Upper middle income,100855393910.486,4837.16897250768,11709.2669990632,10.0027006861844,2.52,,,0.489,2.0099999905,9.7,12.8,,,,20850087.0,2.52310298452386,57.2317705759929,3.297,
Malaysia,MYS,1997,72.296,East Asia & Pacific,Upper middle income,100005323301.867,4678.56390058182,12469.3590062855,7.32274185035924,2.45,,,0.667,,9.3,12.3,,,,21375218.0,2.48740927032502,58.5008138949148,3.227,49.1
Malaysia,MYS,1998,72.385,East Asia & Pacific,Upper middle income,72167498980.8398,3294.30978444095,11398.0987116856,-7.35941518817556,3.2,,,0.686,,8.8,11.6,,,,21906713.0,2.45609059309708,59.7202602034782,3.12,
Malaysia,MYS,1999,72.428,East Asia & Pacific,Upper middle income,79148421052.6316,3527.81581379249,11979.6797136775,6.13761201057692,3.43,,,0.691,,8.1,10.7,,,,22435531.0,2.38527879909653,60.8799480156331,3.068,
Malaysia,MYS,2000,72.732,East Asia & Pacific,Upper middle income,93789736842.1053,4083.52874483605,13027.2733382127,8.85886816969386,3.0,111.8384552,2.51463366,0.68,2.05,7.5,9.9,,,0.62,22967816.0,2.34480241175698,61.9694564490726,2.942,
Malaysia,MYS,2001,73.08,East Asia & Pacific,Upper middle income,92783947368.4211,3943.79943910239,13071.581413998,0.517675319192861,3.53,114.91710663,2.6753974,0.686,2.01,7.1,9.3,,,0.62,23526538.0,2.40351289519482,63.0180877676224,2.807,
Malaysia,MYS,2002,73.469,East Asia & Pacific,Upper middle income,100845526315.789,4184.03163773539,13656.0458901484,5.39098830692797,3.48,121.61391449,2.66876554,0.724,1.96,6.8,8.8,,,0.61,24102477.0,2.41855547054066,64.056368465184,2.658,
Malaysia,MYS,2003,73.727,East Asia & Pacific,Upper middle income,110202368421.053,4465.32194567208,14387.2484913945,5.7884992858875,3.61,142.21202087,2.92417073,0.737,1.92,6.6,8.6,9.62055549025536,,0.62,24679602.0,2.36624571909165,65.0750932867555,2.601,46.4
Malaysia,MYS,2004,74.027,East Asia & Pacific,Upper middle income,124749473684.211,4939.24851854427,15415.8063403821,6.78343772370305,3.54,153.86297607,2.86016941,0.722,1.89,6.5,8.4,,,0.62,25256772.0,2.31172452935085,66.0647889111941,2.493,
Malaysia,MYS,2005,74.37,East Asia & Pacific,Upper middle income,143534405818.501,5555.58179951206,16371.4260816627,5.33213916141486,3.53,162.17677307,2.78692698,0.778,1.88,6.5,8.3,,,0.59,25836071.0,2.26772984873607,67.0159820173565,2.391,
Malaysia,MYS,2006,74.697,East Asia & Pacific,Upper middle income,162692258307.056,6158.40785533236,17426.3611679923,5.5848470671515,3.32,200.54800415,3.10897732,0.83,1.9,6.5,8.3,,,0.55,26417909.0,2.22705351047756,67.9191992840997,2.308,44.8
Malaysia,MYS,2007,74.961,East Asia & Pacific,Upper middle income,193549569477.733,7168.93031942508,18616.8070759823,6.29878592740947,3.31,230.5599823,3.07041144,0.879,1.91,6.5,8.3,,,0.55,26998389.0,2.17350461828888,68.7649673902807,2.252,
Malaysia,MYS,2008,75.151,East Asia & Pacific,Upper middle income,230811614370.384,8371.82156086005,19479.8799583693,4.83176988913097,3.34,263.67819214,3.00692558,0.911,1.93,6.5,8.2,,,0.56,27570059.0,2.09531674831339,69.5438130147565,2.262,45.5
Malaysia,MYS,2009,75.269,East Asia & Pacific,Upper middle income,202257453036.641,7191.43287234626,18922.6459510316,-1.51352871598714,3.62,245.64353943,3.2610569,1.086,1.92,6.5,8.2,,,0.59,28124778.0,1.99206021194285,70.2462628363839,2.223,
Malaysia,MYS,2010,75.376,East Asia & Pacific,Upper middle income,255017638455.59,8899.34505544675,20193.4092938834,7.42484738326097,3.32,285.64263916,3.16474271,1.151,1.91,6.5,8.1,,,0.6,28655776.0,1.87040612656176,70.8625314831025,2.144,
Malaysia,MYS,2011,75.488,East Asia & Pacific,Upper middle income,297951668674.835,10217.1068585031,21324.3594996498,5.29391283414003,3.05,343.45877075,3.31451917,1.255,1.9,6.5,8.1,,12.1,0.62,29162039.0,1.75128008243176,71.4245166681964,2.153,43.6
Malaysia,MYS,2012,75.552,East Asia & Pacific,Upper middle income,314443047642.111,10600.5744240026,22638.5406944009,5.47345419253853,3.04,371.76046753,3.45786357,1.305,1.9,6.5,8.0,,,0.63,29662831.0,1.70269513202166,71.9680127926087,2.117,
Malaysia,MYS,2013,75.464,East Asia & Pacific,Upper middle income,323276235524.415,10713.6407638899,23160.8924510627,4.69372252557893,3.14,381.69210815,3.51276922,1.555,1.91,6.5,8.0,,,0.63,30174265.0,1.70946282045073,72.4882717118078,2.07,41.3
Malaysia,MYS,2014,75.345,East Asia & Pacific,Upper middle income,338066095097.254,11013.3107334403,24306.5212338415,6.00672194558203,2.88,414.4392395,3.71036959,1.484,1.85,6.6,8.1,,,0.63,30696137.0,1.7147407282165,72.9802206910773,2.058,
Malaysia,MYS,2015,75.288,East Asia & Pacific,Upper middle income,301355266964.947,9648.6797937523,24526.3942716012,5.09153242155011,3.1,368.77331543,3.82201481,1.489,1.86,6.7,8.2,,,0.65,31232798.0,1.73319445645586,73.4387869957006,2.008,41.1
Malaysia,MYS,2016,75.371,East Asia & Pacific,Upper middle income,301256033870.334,9476.53409809923,25285.8213541391,4.44978139761541,3.44,350.71160889,3.70085335,1.576,1.88,6.7,8.2,,,0.69,31789685.0,1.76731054757933,73.8588978909614,1.942,
Malaysia,MYS,2017,75.542,East Asia & Pacific,Upper middle income,319109094160.343,9862.54806612235,26415.5960203287,5.81272240983328,3.41,366.36639404,3.71472311,1.787,1.89,6.7,8.2,,,0.73,32355644.0,1.76466064017847,74.2354806421432,1.893,
Malaysia,MYS,2018,75.734,East Asia & Pacific,Upper middle income,358788845712.53,10901.8019954421,27793.5674222948,4.84308697634881,3.3,409.84710693,3.75944281,1.858,1.9,6.8,8.2,,,0.76,32910967.0,1.70174731907235,74.5634625145296,1.838,41.2
Malaysia,MYS,2019,75.9,East Asia & Pacific,Upper middle income,365177721021.516,10920.191763972,28933.928297233,4.41318742129586,3.33,419.32568359,3.83991051,2.021,1.9,6.8,8.2,,,0.76,33440596.0,1.59646653343981,74.8377707734042,1.777,
Malaysia,MYS,2020,76.057,East Asia & Pacific,Upper middle income,337456163961.211,9957.52626697613,27474.7361378236,-5.45684658426701,4.54,406.52005005,4.08254337,2.183,1.93,6.8,8.2,,,0.74,33889558.0,1.33363323143911,75.0511895575672,1.68,
Malaysia,MYS,2021,73.917,East Asia & Pacific,Upper middle income,373784553029.978,10903.1037480772,29822.8491831618,3.31534954399166,4.64,476.94366455,4.37438345,2.268,1.97,6.8,8.2,,,,34282399.0,1.15251304394292,75.5088628191907,1.555,40.7
Malaysia,MYS,2022,75.444,East Asia & Pacific,Upper middle income,407830525989.553,11754.5678336248,34414.4136245222,9.03173723044451,3.93,458.21963501,3.90037823,2.29,1.94,6.9,8.2,,,,34695493.0,1.1977720012836,75.9741357073003,1.55,
Malaysia,MYS,2023,76.657,East Asia & Pacific,Upper middle income,399949418752.657,11386.0395636528,36496.9483630681,3.5370638041057,3.858,450.33853149,3.95760036,2.341,1.96,6.9,8.3,,,,35126298.0,1.23402869169549,76.4434752105739,1.55,
Malaysia,MYS,2024,76.821,East Asia & Pacific,Upper middle income,422227005428.688,11874.4273684245,38835.6013146653,5.10545921024041,3.846,,,,,7.0,8.3,,21.1,,35557673.0,1.22058891015438,76.9170296648992,1.543,
Mali,MLI,1995,48.292,Sub-Saharan Africa,Low income,3373322735.47027,331.193112418678,1154.28545560708,0.728693728467363,1.464,,,0.043,,115.6,213.7,,,,10185365.0,2.1669139807504,17.6234008749003,7.052,
Mali,MLI,1996,48.5,Sub-Saharan Africa,Low income,3743103419.72181,359.662096056414,1223.58249298903,6.36569576896082,1.421,,,0.063,,113.6,209.9,,,,10407278.0,2.15534830365536,17.8491309532752,7.01,
Mali,MLI,1997,49.086,Sub-Saharan Africa,Low income,3414879485.57287,320.751522972854,1266.86064233257,4.12133954313308,1.411,,,,,111.4,205.6,,,,10646495.0,2.27253609178861,18.0945692720314,6.971,
Mali,MLI,1998,49.592,Sub-Saharan Africa,Low income,3894433432.46149,356.64704402466,1332.16384188033,6.65326037352882,1.342,,,,0.2399999946,108.9,200.9,,,,10919573.0,2.53261369818345,18.3643952818488,6.936,
Mali,MLI,1999,50.06,Sub-Saharan Africa,Low income,4091446054.14913,364.415678421892,1375.80601922611,4.70587926200665,1.358,,,,,106.1,195.6,,,,11227415.0,2.78016882660174,18.6591231019948,6.911,
Mali,MLI,2000,50.605,Sub-Saharan Africa,Low income,3521570875.85064,304.652870189314,1356.51736434165,-0.736019992224286,1.412,14.00473022,5.4663372,0.044,,103.1,189.9,,,0.82,11559290.0,2.91308874187569,18.977631037325,6.886,
Mali,MLI,2001,51.3,Sub-Saharan Africa,Low income,4124281593.68874,346.224554248587,1558.71870196727,15.806031742271,1.332,13.15901566,4.51952076,,,99.9,183.9,,,0.82,11912158.0,3.00701165563643,19.3181950112665,6.852,39.9
Mali,MLI,2002,51.995,Sub-Saharan Africa,Low income,4647238256.56563,378.191678628068,1581.11108686368,3.03627540738884,1.36,15.89499378,4.99775982,,,96.8,177.7,,,0.81,12288050.0,3.10676861781848,19.6792980362731,6.819,
Mali,MLI,2003,52.632,Sub-Saharan Africa,Low income,5605613011.29141,441.910358475171,1714.89753904077,9.79712256086644,1.272,18.76944542,5.05061436,,,93.8,171.7,7.08764940500259,,0.8,12684955.0,3.17894001404545,20.0594231247985,6.783,
Mali,MLI,2004,53.253,Sub-Saharan Africa,Low income,6485774930.41503,495.006294675661,1730.0922516309,1.47732490290102,1.413,21.72010231,5.21768713,0.055,,91.0,165.8,,,0.78,13102409.0,3.23794608826987,20.4570532892964,6.741,
Mali,MLI,2005,53.792,Sub-Saharan Africa,Low income,7429066951.56583,548.730382848879,1770.67795433498,2.53837834888921,1.367,23.97353554,5.19517279,0.06,,88.3,160.1,,,0.77,13538647.0,3.27522299158149,20.8706715422205,6.708,
Mali,MLI,2006,54.305,Sub-Saharan Africa,Low income,8212007553.99393,586.985415512593,1831.54924543899,3.68960265255278,1.395,26.93190002,5.4559021,0.057,,85.8,154.6,,,0.78,13990139.0,3.2804387949943,21.2987608960246,6.677,38.9
Mali,MLI,2007,54.756,Sub-Saharan Africa,Low income,9699047442.57905,670.853394978069,1852.36282545809,1.76004607852802,1.372,29.63545799,5.2530427,0.06,,83.4,149.2,,,0.79,14457775.0,3.28796078422057,21.7398043631622,6.647,
Mali,MLI,2008,55.187,Sub-Saharan Africa,Low income,11462490840.2195,767.194838946144,1893.49514519233,3.63871070923719,1.383,33.21391678,5.02688074,0.063,,81.1,144.0,,,0.79,14940782.0,3.2862188900418,22.1922849560871,6.624,
Mali,MLI,2009,55.588,Sub-Saharan Africa,Low income,12155217832.8039,787.48256428259,1944.69828230412,5.45473562683669,1.406,34.64731598,5.21225691,0.116,0.2,78.9,138.9,,,2.12,15435539.0,3.25780569403424,22.6557955217884,6.592,33.0
Mali,MLI,2010,55.993,Sub-Saharan Africa,Low income,12710739159.5014,797.151541141189,2011.67894604398,5.57678859793515,1.375,31.36436844,4.67867136,0.096,0.25,76.7,133.8,,,3.4,15945198.0,3.2485140091385,23.1359461824894,6.579,
Mali,MLI,2011,56.367,Sub-Saharan Africa,Low income,15452791788.9356,938.292902579598,2046.22567063495,2.93537897118415,1.403,31.67968369,4.01485014,0.111,0.24,74.5,128.8,,1.9,4.7,16469049.0,3.23250831038309,23.6379674039304,6.545,
Mali,MLI,2012,56.696,Sub-Saharan Africa,Low income,14795114602.6122,872.506092463946,1990.14805240723,-1.07239924147837,1.462,27.53120613,3.7521801,0.101,0.22,72.4,123.9,,,4.45,16957033.0,2.91998728475051,24.1606168848588,6.523,
Mali,MLI,2013,57.052,Sub-Saharan Africa,Low income,15747192680.9971,901.920957649814,2059.28407643019,3.29068742053545,1.517,30.06661987,3.96408582,0.113,0.22,70.3,119.1,,,4.44,17459615.0,2.92078257453733,24.7033626854883,6.491,
Mali,MLI,2014,57.482,Sub-Saharan Africa,Low income,17081681993.2577,947.915033293219,2184.87660282794,6.50263878386326,1.476,35.7261734,4.48158312,0.097,0.25,68.2,114.4,,,4.45,18020267.0,3.16065691731413,25.2656728660325,6.441,
Mali,MLI,2015,57.852,Sub-Saharan Africa,Low income,15583181170.4105,838.11986940103,2330.24293947692,6.23887890181064,1.404,28.97842216,4.11143351,0.094,0.25,66.1,109.7,,,4.59,18593022.0,3.1289280097663,25.847015486705,6.385,
Mali,MLI,2016,58.286,Sub-Saharan Africa,Low income,16743796799.8329,872.468587171653,2531.80496963482,6.00506308559498,1.367,27.58086205,3.77377558,0.117,0.23,64.0,105.1,,,4.49,19191289.0,3.16701291267986,26.4468586077195,6.319,
Mali,MLI,2017,58.562,Sub-Saharan Africa,Low income,18308362040.0521,924.057531692284,2606.69607954141,5.37554769647939,1.498,28.49467659,3.67425752,0.113,0.22,61.9,100.6,,,4.38,19813011.0,3.18823649379751,27.0646702892896,6.251,
Mali,MLI,2018,58.873,Sub-Saharan Africa,Low income,20368015381.2413,996.379292136901,2684.41122026577,4.86784999935264,1.62,31.16962242,3.73251104,0.12,0.25,59.7,96.2,,,4.35,20442030.0,3.1254232369578,27.6999185916288,6.118,36.0
Mali,MLI,2019,59.217,Sub-Saharan Africa,Low income,20477421884.5414,971.949318638092,2819.86582297259,4.99999911699705,3.29,31.4089489,3.82943797,,,57.6,91.9,,,4.35,21068405.0,3.01814494306617,28.3520715749509,5.892,
Mali,MLI,2020,58.858,Sub-Saharan Africa,Low income,20698560938.7775,953.242943290974,2723.70094784441,-1.16910834857605,3.528,28.20211601,3.50623369,,,55.4,87.6,,,5.32,21713836.0,3.01751361469378,29.0205972994693,5.85,
Mali,MLI,2021,59.116,Sub-Saharan Africa,Low income,22999245262.6719,1027.27345365357,2796.22793795431,3.10094124463507,4.006,30.55883217,3.54318666,,,53.3,83.6,,,,22388630.0,3.06035796580474,29.7049638253978,5.779,35.7
Mali,MLI,2022,60.035,Sub-Saharan Africa,Low income,22539987718.7642,976.914116406452,3013.94334673825,3.70319027585386,2.387,31.0949192,3.72170115,0.191,,51.2,79.7,,,,23072640.0,3.00942592606239,30.4015705681899,5.692,
Mali,MLI,2023,60.439,Sub-Saharan Africa,Low income,24777941860.767,1042.44223444837,3178.41515939915,4.76394100040932,2.947,33.9802475,3.81316996,0.188,,49.3,76.2,,,,23769127.0,2.97400537620334,31.0031889023235,5.614,
Mali,MLI,2024,60.675,Sub-Saharan Africa,Low income,26761281076.7658,1093.2523323649,3321.57614442921,5.01653579205785,2.924,,,,,47.5,73.0,,4.8,,24478595.0,2.94115084753028,31.6075621182225,5.51,
Mexico,MEX,1995,70.703,Latin America & Caribbean,Upper middle income,380157469866.849,4183.87847727479,8932.73040130287,-5.91029962358286,7.095,,,1.668,1.2000000477,30.3,35.1,,,,90862455.0,1.78023269604442,73.2962313883119,3.044,
Mexico,MEX,1996,71.088,Latin America & Caribbean,Upper middle income,432157945024.428,4674.36792733681,9495.71013610154,6.21829715869302,5.465,,,1.664,1.2000000477,28.9,33.4,,,,92452702.0,1.73503044582092,73.6269922663634,2.964,52.0
Mexico,MEX,1997,71.472,Latin America & Caribbean,Upper middle income,523449530464.257,5567.35599516667,10182.087598628,7.19887615284711,4.235,,,1.701,1.1000000238,27.5,31.8,,,,94021207.0,1.68231791926668,73.9513082519844,2.886,
Mexico,MEX,1998,71.792,Latin America & Caribbean,Upper middle income,557461102630.658,5832.69342004468,10755.5944103753,6.18507893082885,3.733,,,1.715,1.1000000238,26.3,30.2,,,,95575245.0,1.63934798033611,74.2716464717421,2.815,53.3
Mexico,MEX,1999,72.203,Latin America & Caribbean,Upper middle income,631249359702.389,6499.97182950425,11030.5214325384,2.75503039300564,2.598,,,1.718,1.1000000238,25.1,28.8,,,,97115707.0,1.5989280275378,74.5904740522037,2.763,
Mexico,MEX,2000,72.562,Latin America & Caribbean,Upper middle income,742061329749.127,7524.0271380091,11704.6853532773,5.02928399378261,2.646,319.34719849,4.24436522,1.631,1.06,24.0,27.4,,14.2,6.16,98625552.0,1.54272528221216,74.9203113970256,2.714,53.4
Mexico,MEX,2001,72.912,Latin America & Caribbean,Upper middle income,796064590549.136,7952.76479510706,11738.8928661183,-0.450845253215945,2.627,364.39672852,4.58201361,1.519,1.08,22.9,26.2,,,6.16,100099099.0,1.48303091731143,75.2907557567987,2.671,
Mexico,MEX,2002,73.106,Latin America & Caribbean,Upper middle income,810666116401.915,7983.03398381759,11761.8865901666,-0.236588001922641,3.003,385.61471558,4.83042812,1.529,1.09,21.9,25.0,15.3465360403061,,6.1,101548624.0,1.43770526775457,75.6840752828994,2.633,50.6
Mexico,MEX,2003,73.308,Latin America & Caribbean,Upper middle income,765549967888.647,7434.07465031562,12065.9368582938,1.18554486709559,3.455,411.83197021,5.53978777,1.58,1.06,21.0,23.9,,,6.09,102978515.0,1.398263627903,76.046170340551,2.579,
Mexico,MEX,2004,73.432,Latin America & Caribbean,Upper middle income,819459227375.022,7849.66759649565,12658.1646665687,3.56544102622887,3.937,446.13604736,5.6835022,1.655,1.07,20.2,23.0,,,6.12,104394131.0,1.3653083154997,76.3274397419019,2.536,50.3
Mexico,MEX,2005,73.627,Latin America & Caribbean,Upper middle income,917571853437.344,8671.75891798441,13260.2388173408,2.11324711473297,3.558,483.97970581,5.58110142,1.768,1.05,19.5,22.1,,,6.19,105811504.0,1.34857895792648,76.4748624380269,2.495,50.9
Mexico,MEX,2006,73.746,Latin America & Caribbean,Upper middle income,1020265057882.01,9512.63575346699,14540.4500497636,4.80501351664901,3.566,514.29864502,5.40647888,1.886,1.02,18.9,21.3,,,5.93,107253666.0,1.35374920696209,76.4982455683657,2.456,49.7
Mexico,MEX,2007,73.796,Latin America & Caribbean,Upper middle income,1102355554880.44,10134.3327129706,15031.5804096687,2.0778639395329,3.628,558.06530762,5.50668049,1.929,1.06,18.4,20.7,,,5.67,108774360.0,1.40789058424163,76.5047326234761,2.421,
Mexico,MEX,2008,73.695,Latin America & Caribbean,Upper middle income,1161553459984.65,10523.7685427665,15680.5761933269,0.943331872912935,3.874,573.11114502,5.44587374,1.957,1.03,17.9,20.0,,,5.4,110374288.0,1.46015632826518,76.5090428271033,2.391,50.8
Mexico,MEX,2009,73.628,Latin America & Caribbean,Upper middle income,943437414950.633,8423.56933148639,15190.8744507263,-6.29525056697287,5.356,492.59887695,5.84786463,1.987,1.02,17.4,19.5,,,5.33,111999721.0,1.4619172053372,76.5143930040295,2.364,
Mexico,MEX,2010,73.718,Latin America & Caribbean,Upper middle income,1105424238651.95,9728.80078307432,15909.1464952239,4.9713345832195,5.303,534.08520508,5.4897337,2.007,1.05,17.0,18.9,,,5.23,113623895.0,1.43974472572946,76.5244441414713,2.34,47.7
Mexico,MEX,2011,73.921,Latin America & Caribbean,Upper middle income,1229013703416.76,10664.4944032313,17266.8129106549,3.44404505297089,5.175,565.31738281,5.30093002,2.109,1.03,16.6,18.4,,15.6,5.05,115243504.0,1.41534883852036,76.5667802279537,2.317,
Mexico,MEX,2012,74.128,Latin America & Caribbean,Upper middle income,1255110424741.85,10744.1335236186,18004.793559665,3.55321076010608,4.892,582.48297119,5.42140484,2.12,1.02,16.2,17.9,,,4.92,116818208.0,1.35716327923769,76.6585199140734,2.294,49.6
Mexico,MEX,2013,74.289,Latin America & Caribbean,Upper middle income,1327436290439.27,11216.800851866,18170.2647920555,0.852101550164704,4.921,625.59765625,5.5773263,2.164,1.02,15.8,17.5,,,4.87,118343573.0,1.29730808025224,76.7955768077952,2.269,
Mexico,MEX,2014,74.404,Latin America & Caribbean,Upper middle income,1364507717689.36,11391.3773503964,18820.799110896,2.50376350783593,4.819,609.82232666,5.35336781,2.237,1.01,15.4,17.0,,,4.98,119784261.0,1.21002702971431,76.9741367091766,2.211,48.9
Mexico,MEX,2015,74.431,Latin America & Caribbean,Upper middle income,1213294467653.78,10021.2386113616,19071.4444186548,2.70232343024026,4.311,553.91259766,5.52738619,2.34,1.0,15.0,16.6,,,5.15,121072306.0,1.06956376155677,77.1903854182753,2.137,
Mexico,MEX,2016,74.376,Latin America & Caribbean,Upper middle income,1112233497452.7,9097.92397674769,20104.5839787472,1.7724932254128,3.853,489.92230225,5.38499022,2.345,1.0,14.7,16.2,,,5.38,122251351.0,0.969124204799117,77.4405087351486,2.086,46.9
Mexico,MEX,2017,74.261,Latin America & Caribbean,Upper middle income,1190721475853.16,9649.27816729586,20488.715079135,1.87172854648381,3.419,512.54974365,5.3117938,2.409,0.99,14.4,15.8,,,5.54,123400057.0,0.935239396499786,77.7206924598541,2.041,
Mexico,MEX,2018,74.301,Latin America & Caribbean,Upper middle income,1256300182983.65,10084.7937570364,20921.4775294879,1.97208211101069,3.275,528.26306152,5.23821402,2.456,0.98,14.0,15.4,,,5.72,124573711.0,0.9466023549862,78.0271223924494,2.03,46.0
Mexico,MEX,2019,74.53,Latin America & Caribbean,Upper middle income,1304106204006.27,10369.5553593527,20964.2774863762,-0.392690513290532,3.477,549.72601318,5.3013463,2.46,0.96,13.7,15.0,,,5.72,125762982.0,0.950144329831411,78.355984332992,2.02,
Mexico,MEX,2020,70.449,Latin America & Caribbean,Upper middle income,1121064767168.8,8841.27074929751,19354.1248682138,-8.35403459379062,4.44,535.11669922,6.05248594,2.425,1.0,13.4,14.6,,,4.79,126799054.0,0.820454117563552,78.677960602824,1.99,44.6
Mexico,MEX,2021,69.75,Latin America & Caribbean,Upper middle income,1316569466833.94,10314.0506733708,20782.5877440905,6.04848347173572,4.019,606.13415527,5.87678003,2.541,1.01,13.1,14.2,,,,127648148.0,0.66740537533078,78.9324007418057,1.97,
Mexico,MEX,2022,73.973,Latin America & Caribbean,Upper middle income,1466934724243.38,11405.7940469896,23135.4931593441,3.70975708309098,3.256,650.97070313,5.70919704,2.588,1.01,12.8,13.8,,,,128613117.0,0.753116988604166,79.199683215791,1.94,43.5
Mexico,MEX,2023,75.069,Latin America & Caribbean,Upper middle income,1794410347718.25,13830.843848864,25188.3182559609,3.1067964131456,2.765,760.98840332,5.50398684,,,12.4,13.4,,,,129739759.0,0.872178517508623,79.4734935748046,1.91,
Mexico,MEX,2024,75.264,Latin America & Caribbean,Upper middle income,1830489311088.89,13988.0423745241,25820.3527960242,1.35057631384696,2.678,,,,,12.1,13.1,,16.4,,130861007.0,0.860515443690537,79.7538805976118,1.892,42.6
Morocco,MAR,1995,64.725,Middle East & North Africa,Lower middle income,39030285468.3841,1466.78820800781,3152.42724609375,-5.40544787197402,14.054,,,,,54.7,65.2,,,,26399429.0,1.52142282241445,51.7589098974736,3.295,
Morocco,MAR,1996,65.226,Middle East & North Africa,Lower middle income,43161571527.6353,1596.83239746094,3551.25610351563,12.3728762700496,13.362,,,,,52.7,62.3,,,,26808107.0,1.53619606424248,52.2102813479572,3.229,
Morocco,MAR,1997,65.616,Middle East & North Africa,Lower middle income,39147844526.0838,1426.30114746094,3502.00805664063,-1.56070234550782,14.025,,,0.46,0.9800000191,50.7,59.6,,,,27213337.0,1.5002842238488,52.6042202331149,3.147,
Morocco,MAR,1998,66.008,Middle East & North Africa,Lower middle income,46497608724.9865,1668.49755859375,3740.35913085938,7.23855267691987,13.359,,,,,48.9,57.1,,,,27621648.0,1.48926290977857,52.9553071144083,3.037,39.4
Morocco,MAR,1999,66.404,Middle East & North Africa,Lower middle income,46266428648.1433,1635.65673828125,3800.6298828125,1.6970614772566,13.94,,,,,47.1,54.7,,,,28027179.0,1.45749048336448,53.2781225532994,2.882,
Morocco,MAR,2000,66.794,Middle East & North Africa,Lower middle income,43017455401.8445,1499.107421875,3930.22314453125,2.58218091499747,13.58,54.63968277,3.69304585,,0.88,45.4,52.4,,,0.46,28423435.0,1.40392630100829,53.58724711125,2.774,40.6
Morocco,MAR,2001,67.2,Middle East & North Africa,Lower middle income,43831480207.6444,1506.24523925781,4268.86962890625,7.72182519577728,12.46,56.55395889,3.81601191,0.483,0.89,43.8,50.2,,,0.46,28814643.0,1.36697144784375,53.8972613497219,2.686,
Morocco,MAR,2002,67.582,Middle East & North Africa,Lower middle income,47077192187.6418,1596.02062988281,4436.4287109375,3.73019737485745,11.59,63.57953644,4.06117535,,0.89,42.1,48.0,,,0.47,29198142.0,1.32213816814169,54.222745830177,2.617,
Morocco,MAR,2003,67.958,Middle East & North Africa,Lower middle income,58029363354.2757,1941.87255859375,4741.0615234375,6.17110214953244,11.92,77.74629211,4.08037519,,0.89,40.4,45.8,7.78973549604416,,0.48,29571415.0,1.27031081599857,54.5782811140771,2.606,
Morocco,MAR,2004,68.272,Middle East & North Africa,Lower middle income,66114145451.0067,2183.55541992188,5024.6943359375,4.57138016516208,10.83,91.17259979,4.23211098,0.534,0.87,38.6,43.6,,,0.48,29953018.0,1.28219021585352,54.9787569660869,2.611,
Morocco,MAR,2005,68.748,Middle East & North Africa,Lower middle income,68852658068.6673,2242.98828125,5274.74169921875,3.19224973015831,11.01,97.19748688,4.37350655,,0.86,36.8,41.4,,,0.48,30358144.0,1.34347301576107,55.4397798676399,2.613,
Morocco,MAR,2006,69.157,Middle East & North Africa,Lower middle income,75883823300.8545,2438.12646484375,5780.6181640625,7.7908200104027,9.67,110.22368622,4.56586647,,0.87,35.0,39.2,,,0.49,30771178.0,1.35136550551358,55.9627589629824,2.611,40.7
Morocco,MAR,2007,69.62,Middle East & North Africa,Lower middle income,86947913286.728,2755.5859375,6057.935546875,3.44106776690418,9.56,131.86448669,4.80759001,0.586,,33.2,36.9,,,0.5,31186468.0,1.34058101398506,56.5303841299064,2.618,
Morocco,MAR,2008,70.051,Middle East & North Africa,Lower middle income,101822906949.063,3183.20043945313,6437.0634765625,5.68453936284732,9.57,153.23677063,4.83789158,,0.87,31.4,34.8,,,0.52,31606767.0,1.33869604527126,57.1254169272616,2.612,
Morocco,MAR,2009,70.454,Middle East & North Africa,Lower middle income,101154952240.881,3119.58862304688,6628.57666015625,3.74576940136258,8.96,165.50694275,5.27312183,0.646,0.85,29.7,32.8,,,0.51,32030778.0,1.33260098178586,57.7306189138977,2.624,
Morocco,MAR,2010,70.821,Middle East & North Africa,Lower middle income,100865329473.44,3067.9853515625,6848.66748046875,3.49955709403216,9.09,168.36595154,5.41861057,,0.84,28.1,30.9,,,0.5,32467016.0,1.35274286216317,58.3287516486646,2.629,
Morocco,MAR,2011,71.263,Middle East & North Africa,Lower middle income,110080631332.375,3301.98876953125,7274.1474609375,5.52464523319847,8.91,179.00019836,5.37019396,,0.83,26.6,29.2,,6.8,0.48,32912588.0,1.36305168989377,58.902576690412,2.595,
Morocco,MAR,2012,71.674,Middle East & North Africa,Lower middle income,106937392311.129,3164.17724609375,7307.6123046875,3.06234368502997,8.99,172.04353333,5.39619017,,0.83,25.2,27.5,,,0.47,33355241.0,1.3359712863904,59.4348555979895,2.543,
Morocco,MAR,2013,72.117,Middle East & North Africa,Lower middle income,115739287305.08,3379.7431640625,7542.0986328125,4.12221286860944,9.23,179.81974792,5.25540543,0.631,0.82,23.8,26.0,,,0.46,33787571.0,1.28781015302784,59.9083499302469,2.478,39.5
Morocco,MAR,2014,72.522,Middle East & North Africa,Lower middle income,119130841411.664,3435.40698242188,7237.27734375,2.7192440802029,9.7,188.6415863,5.41626596,0.913,,22.5,24.5,,,0.43,34204780.0,1.22723874148544,60.3030486171654,2.425,
Morocco,MAR,2015,72.894,Middle East & North Africa,Lower middle income,110413823841.592,3146.24780273438,7799.09228515625,4.34458297635238,9.46,162.85198975,5.10435581,,,21.4,23.1,,,0.41,34607588.0,1.17075639938741,60.6417124737154,2.406,
Morocco,MAR,2016,73.228,Middle East & North Africa,Lower middle income,111572947004.917,3140.85546875,7853.17626953125,0.52118550608968,9.3,162.21507263,5.09203386,,,20.3,21.9,,,0.41,35023457.0,1.19450726277516,60.9657656537179,2.396,
Morocco,MAR,2017,73.608,Middle East & North Africa,Lower middle income,118540573367.844,3296.52661132813,8115.12060546875,5.05789816173446,9.22,166.8500061,4.98920393,0.734,0.72,19.3,20.8,,,0.44,35446392.0,1.20034336418867,61.2761057031842,2.375,
Morocco,MAR,2018,73.946,Middle East & North Africa,Lower middle income,127341147581.818,3501.69799804688,7801.0986328125,3.06564133025955,9.272,175.70518494,4.94516659,,0.71,18.5,19.9,,,0.49,35839760.0,1.1036421008163,61.5695822753314,2.354,
Morocco,MAR,2019,74.245,Middle East & North Africa,Lower middle income,128920266409.458,3508.09765625,8046.22900390625,2.89097476137077,9.191,178.73939514,5.020401,,0.7,17.8,19.1,,,0.49,36210898.0,1.03022315933698,61.8430450233765,2.342,
Morocco,MAR,2020,73.133,Middle East & North Africa,Lower middle income,121353645057.144,3268.0302734375,7704.84912109375,-7.17820744246774,11.189,192.04043579,5.78939486,,0.74,17.1,18.3,,,0.5,36584208.0,1.02565486360782,62.0933436005366,2.32,
Morocco,MAR,2021,73.385,Middle East & North Africa,Lower middle income,142022058447.231,3785.93627929688,8623.265625,8.15473889823681,10.551,209.57344055,5.45314503,0.74,0.72,16.5,17.6,,,,36954442.0,1.00691847923959,62.3173276600289,2.288,
Morocco,MAR,2022,75.161,Middle East & North Africa,Lower middle income,131245312804.483,3463.1376953125,9308.556640625,1.81269242194809,9.413,201.81098938,5.75281,,0.73,15.9,17.0,,,,37329064.0,1.00863622672701,62.5118468550703,2.256,
Morocco,MAR,2023,75.313,Middle East & North Africa,Lower middle income,146036093666.762,3813.72607421875,9902.8056640625,3.65564411017931,8.896,232.24751282,6.06396198,,0.73,15.3,16.3,,,,37712505.0,1.02195181223548,62.673750838878,2.23,
Morocco,MAR,2024,75.493,Middle East & North Africa,Lower middle income,160610994054.734,4153.1943359375,10430.2490234375,3.79336515978963,9.103,,,,,14.7,15.7,,11.9,,38081173.0,0.972827595296714,62.7998124018197,2.208,
Mozambique,MOZ,1995,46.546,Sub-Saharan Africa,Low income,3061646173.73938,191.826096861406,320.599890290553,2.12289380592357,2.758,,,,,136.3,210.6,,,,15960530.0,5.98142746197679,27.6270913060259,6.019,
Mozambique,MOZ,1996,47.121,Sub-Saharan Africa,Low income,4030146134.5706,244.362651012498,349.731938672151,10.6959109797718,2.763,,,,,131.5,202.5,,,,16492480.0,3.2785719951388,28.1699399959342,5.973,53.3
Mozambique,MOZ,1997,47.8,Sub-Saharan Africa,Low income,4873663774.93019,287.532091475389,387.059044304926,11.8149459447588,2.7,,,,,126.0,193.6,,,,16949982.0,2.73622524372659,28.5523811697494,5.933,
Mozambique,MOZ,1998,48.212,Sub-Saharan Africa,Low income,5551118148.73836,320.125121723292,422.267281554492,10.3692324974977,2.64,,,,,119.7,183.9,,,,17340464.0,2.27759580542587,28.8204506770301,5.905,
Mozambique,MOZ,1999,48.837,Sub-Saharan Africa,Low income,6285219691.22462,354.406245723711,468.208668521334,11.816986527255,2.663,,,,,113.3,174.1,,,,17734506.0,2.24695033794385,29.0471155729086,5.875,
Mozambique,MOZ,2000,49.476,Sub-Saharan Africa,Low income,5930685214.61595,327.12623979157,471.967329745379,0.766234955773442,2.832,7.00877714,2.14253044,0.024,,106.9,164.6,,,1.09,18129653.0,2.20366517231952,29.2423697311441,5.83,
Mozambique,MOZ,2001,50.259,Sub-Saharan Africa,Low income,5650154067.10346,304.792138621913,532.627310164548,12.8516820207736,2.838,8.53719139,2.80098224,,,100.8,155.7,,,1.09,18537729.0,2.22591756896921,29.4137097764239,5.755,
Mozambique,MOZ,2002,50.879,Sub-Saharan Africa,Low income,5950769426.60213,313.886661721198,580.04092141489,9.66850534669427,2.902,10.00207806,3.18652654,,,95.2,147.5,,,1.06,18958338.0,2.24357740312433,29.5686323334348,5.667,46.9
Mozambique,MOZ,2003,51.383,Sub-Saharan Africa,Low income,6583526860.58062,339.488737800648,619.98751067723,7.21770086569656,2.857,11.03660774,3.25095367,,,90.0,139.8,,,1.05,19392475.0,2.26412694670583,29.7146340268639,5.6,
Mozambique,MOZ,2004,51.855,Sub-Saharan Africa,Low income,7937255565.35765,400.056973161545,673.345717274031,8.20470494788577,2.953,14.12452602,3.53062654,0.026,,85.1,132.5,,,1.06,19840313.0,2.28307737180822,29.8592114813982,5.551,
Mozambique,MOZ,2005,52.322,Sub-Saharan Africa,Low income,8868504899.94673,436.773856167384,721.411761937554,6.31202378023193,3.035,18.40718079,4.21435642,,,80.5,125.7,7.5,,1.05,20304569.0,2.31300566720779,30.0098613217248,5.5,
Mozambique,MOZ,2006,52.748,Sub-Saharan Africa,Low income,9509835536.93373,457.487647833183,798.387667647138,9.91067756782915,3.037,18.05057144,3.94559026,0.026,0.85,76.0,118.8,,,1.05,20787087.0,2.3486041998682,30.1740801725307,5.452,
Mozambique,MOZ,2007,53.255,Sub-Saharan Africa,Low income,10811456005.9405,507.874923914304,861.987682707446,7.64935393795867,3.082,19.29700851,3.79955554,,0.75,70.1,110.7,,,1.08,21287635.0,2.37944111058302,30.3598131347122,5.466,
Mozambique,MOZ,2008,53.799,Sub-Saharan Africa,Low income,12920340964.6544,592.159111184122,916.155850201632,6.87802942560995,3.112,24.48562622,4.13496828,,0.79,67.4,104.4,,,1.12,21819036.0,2.46564120587285,30.5625357695184,5.598,45.5
Mozambique,MOZ,2009,54.4,Sub-Saharan Africa,Low income,12263894790.0125,547.697144193651,951.485453773408,5.92897187460815,3.207,27.68954468,5.05562353,0.047,0.84,63.9,98.3,,,1.17,22391745.0,2.59095643753164,30.7715592059159,5.681,
Mozambique,MOZ,2010,55.04,Sub-Saharan Africa,Low income,11411894723.864,496.185839392659,1000.24114863211,6.67972935662864,3.259,26.26061249,5.29249668,0.05,0.85,63.6,95.6,,,1.23,22999235.0,2.67685903538336,30.9861779822921,5.66,
Mozambique,MOZ,2011,55.733,Sub-Saharan Africa,Low income,14619279988.716,618.17649286789,1063.65543296311,7.13405842300445,3.295,30.42516136,4.9217639,0.054,0.85,59.8,91.1,,3.1,1.33,23649039.0,2.78615253564474,31.2062230032794,5.599,
Mozambique,MOZ,2012,56.46,Sub-Saharan Africa,Low income,16688114144.0745,685.685748199513,1075.87786085361,7.9945031610722,3.304,35.24672699,5.14035702,0.056,0.86,57.1,86.5,,,1.42,24337846.0,2.87101074780924,31.4315251735105,5.518,
Mozambique,MOZ,2013,57.189,Sub-Saharan Africa,Low income,17198073057.1981,686.505672517351,1113.7525275929,6.57141389665537,3.345,41.5031395,6.04556036,0.058,0.81,56.1,82.9,,,1.51,25051611.0,2.89055494992619,31.6619153976179,5.43,
Mozambique,MOZ,2014,57.965,Sub-Saharan Africa,Low income,17978246586.0662,697.142680444123,1165.82826607505,7.70256844839309,3.377,43.50259018,6.24013042,,0.81,55.1,79.7,,,1.61,25788475.0,2.89895498583923,31.8972245802342,5.304,54.0
Mozambique,MOZ,2015,58.711,Sub-Saharan Africa,Low income,16208985769.615,610.563774706589,1317.88785956822,7.3930936986377,3.426,40.35658646,6.60972881,,0.78,53.8,75.8,,,1.76,26547572.0,2.90106067133475,32.1372836259918,5.245,
Mozambique,MOZ,2016,59.455,Sub-Saharan Africa,Low income,12069051237.1711,441.489734819071,1379.10740028691,4.69699024225795,3.65,31.85357285,7.21501875,,0.79,52.8,73.3,,,1.88,27337105.0,2.93066434696089,32.3819234395234,5.188,
Mozambique,MOZ,2017,60.148,Sub-Saharan Africa,Low income,13264640645.7768,470.93856305196,1282.74965991801,2.63820737310658,3.935,36.75825882,7.80532169,0.077,0.77,51.4,72.0,,,1.97,28166393.0,2.98845927899068,32.6274411492675,5.128,
Mozambique,MOZ,2018,60.79,Sub-Saharan Africa,Low income,15017358952.8452,517.507260258101,1325.58695568953,3.48493202422782,4.21,41.29206467,7.97903347,0.085,0.77,50.3,70.2,,,2.03,29018644.0,2.98089902972538,32.9902559073541,5.07,
Mozambique,MOZ,2019,61.306,Sub-Saharan Africa,Low income,15512759046.672,519.09255091362,1388.79707034446,2.31781394821475,4.462,41.01906586,7.90207434,0.086,0.72,49.2,68.6,,,2.03,29884380.0,2.9397415898529,33.4177241517032,5.016,50.7
Mozambique,MOZ,2020,61.39,Sub-Saharan Africa,Low income,14235420174.1884,462.433876479921,1411.62040229911,-1.21952250011192,5.019,34.92252731,7.55190039,0.084,0.71,48.6,67.6,,,1.89,30783688.0,2.96490034295304,33.9044006416285,4.959,
Mozambique,MOZ,2021,60.268,Sub-Saharan Africa,Low income,16168055475.4449,509.907829475551,1457.23540930922,2.37743572761507,5.413,44.09894943,8.64841366,0.082,0.74,47.1,65.5,,,,31707800.0,2.9577768101764,34.4499259401554,4.905,
Mozambique,MOZ,2022,63.011,Sub-Saharan Africa,Low income,18884232598.8698,578.273222184503,1581.76710168717,4.3693080193804,6.789,47.69813538,8.24868107,0.175,,45.9,63.9,,,,32656246.0,2.9473431712575,35.0536638047945,4.84,49.6
Mozambique,MOZ,2023,63.611,Sub-Saharan Africa,Low income,20927498317.3094,622.191133245967,1680.20873445078,5.50384456650241,6.661,52.96166611,8.50126553,,,44.9,61.7,,,,33635160.0,2.95358093047219,35.7149783148407,4.763,
Mozambique,MOZ,2024,63.797,Sub-Saharan Africa,Low income,22752244245.473,656.976148587772,1708.3035966667,2.14892499135355,6.668,,,,,43.7,59.4,,3.0,,34631766.0,2.91994049442347,36.4332337447237,4.69,
Myanmar,MMR,1995,58.671,East Asia & Pacific,Lower middle income,5289174942.53404,124.14348039051,617.89610140225,6.94805143702995,0.754,,,0.293,,82.3,101.5,,,,42605338.0,1.2997864871869,26.6474237802388,3.127,
Myanmar,MMR,1996,59.169,East Asia & Pacific,Lower middle income,6123556716.81329,141.897267580367,661.218060536978,6.44271534713997,0.753,,,,,80.6,98.8,,,,43154860.0,1.28154909567186,26.823766962455,3.058,
Myanmar,MMR,1997,59.523,East Asia & Pacific,Lower middle income,4722288495.66085,108.039770292032,701.62799014145,5.65158296304853,0.764,,,,,78.9,96.3,,,,43708798.0,1.27543675227322,27.001252468839,2.985,
Myanmar,MMR,1998,59.896,East Asia & Pacific,Lower middle income,6459461639.30243,145.950830383757,741.817471553714,5.86621315328905,0.772,,,,,77.2,93.8,,,,44257793.0,1.24820598731574,27.1792847331724,2.912,
Myanmar,MMR,1999,60.107,East Asia & Pacific,Lower middle income,8486832800.88498,189.490155849067,824.781053973128,10.9451299817104,0.75,,,0.297,,75.6,91.4,,,,44787724.0,1.1902615071828,27.3572681892371,2.851,
Myanmar,MMR,2000,60.357,East Asia & Pacific,Lower middle income,8905066163.58643,196.619580625284,948.748285145052,13.7459305561226,0.712,4.47214985,2.00781965,0.302,,73.9,88.9,,,0.37,45290841.0,1.11707426022512,27.5346072708149,2.813,
Myanmar,MMR,2001,60.64,East Asia & Pacific,Lower middle income,6477790688.22844,141.525660705722,1068.82590522773,11.3439970699605,0.689,4.62700701,2.16208982,,,72.2,86.5,,,0.37,45771139.0,1.05489130356671,27.7107064116875,2.793,
Myanmar,MMR,2002,60.925,East Asia & Pacific,Lower middle income,6777632512.0781,146.598390364449,1203.82630731738,12.0255134340315,0.685,7.0817728,2.59446764,,,70.5,84.1,,,0.52,46232653.0,1.00325836797547,27.8849700456368,2.765,
Myanmar,MMR,2003,61.196,East Asia & Pacific,Lower middle income,10467109977.6717,224.292688912409,1384.52851824933,13.8439968903798,0.686,6.57480383,2.3959713,,0.7,68.7,81.6,1.08625125139952,,0.67,46667192.0,0.93550676889734,28.0568026064444,2.68,
Myanmar,MMR,2004,61.443,East Asia & Pacific,Lower middle income,10567354056.4049,224.508811413327,1600.84105609832,13.5646616163416,0.677,7.01517916,2.33253765,0.378,0.71,66.8,79.1,,,0.68,47068772.0,0.856837524813252,28.2256085278922,2.588,
Myanmar,MMR,2005,61.72,East Asia & Pacific,Lower middle income,11986972418.5103,252.685193060728,1860.45413156103,13.5689500216456,0.672,7.65254498,2.3447094,0.392,0.72,64.7,76.3,,,0.71,47438365.0,0.78215232398828,28.390792243762,2.515,
Myanmar,MMR,2006,62.026,East Asia & Pacific,Lower middle income,14502553709.8303,303.495087119254,2152.86730948266,13.0761013792372,0.676,8.47415161,2.26559186,0.429,0.72,62.6,73.6,,,0.75,47785135.0,0.728331835978341,28.5517581878355,2.471,
Myanmar,MMR,2007,62.367,East Asia & Pacific,Lower middle income,20182477480.5512,419.375780725042,2458.85746429843,11.9914352402146,0.684,9.91384029,2.03606868,0.453,0.74,60.5,70.8,,,0.81,48125043.0,0.708807824555326,28.7079107938945,2.447,
Myanmar,MMR,2008,56.364,East Asia & Pacific,Lower middle income,31862554101.9378,658.442487229705,2748.07921328795,10.2553053929808,0.7,14.70817947,2.12175322,0.49,0.77,71.0,101.7,,,0.9,48390793.0,0.550688224031359,28.8586544957208,2.404,
Myanmar,MMR,2009,63.095,East Asia & Pacific,Lower middle income,36906181380.8127,758.442935789255,3039.79982340763,10.5500090961932,0.712,18.70313454,2.17283702,0.504,0.78,56.0,65.1,,,0.98,48660459.0,0.555720175554536,29.0033937270962,2.369,
Myanmar,MMR,2010,63.479,East Asia & Pacific,Lower middle income,49540813342.4834,1010.53417343401,3348.12889486108,9.6344394520444,0.725,20.23270416,1.96793783,0.539,0.87,53.8,62.4,,,1.1,49024382.0,0.745099607969388,29.1415329218024,2.335,
Myanmar,MMR,2011,63.859,East Asia & Pacific,Lower middle income,59977326085.9908,1213.62898703376,3579.40482970626,5.59148237823661,0.749,27.40522575,1.95077813,0.568,0.88,51.7,59.7,,7.1,1.23,49419820.0,0.803379211413432,29.2724765136213,2.306,
Myanmar,MMR,2012,64.251,East Asia & Pacific,Lower middle income,59937796648.2158,1202.6658960055,3845.15284153671,7.33267044704149,0.768,37.25568008,2.43605232,0.599,0.89,49.5,57.0,,,1.35,49837446.0,0.841507088171189,29.3956289363345,2.276,
Myanmar,MMR,2013,64.617,East Asia & Pacific,Lower middle income,60269732854.827,1199.09561597055,4143.63012731959,8.42600102501767,0.775,37.68575287,3.11112022,,0.91,47.5,54.6,,,1.45,50262658.0,0.849578652965248,29.5103946237239,2.264,
Myanmar,MMR,2014,64.994,East Asia & Pacific,Lower middle income,65531374199.6663,1293.00042298688,4376.38833281274,8.16990745558277,0.763,54.28113556,4.14940882,,0.94,45.8,52.4,5.5,,1.52,50681634.0,0.830118073348831,29.6164342116462,2.252,
Myanmar,MMR,2015,65.288,East Asia & Pacific,Lower middle income,59607290407.6191,1166.73305546337,4458.69054442659,6.99284029026121,0.766,63.62335968,5.19711542,,1.07,44.1,50.5,,,1.62,51089056.0,0.800670952631538,29.7166821191682,2.266,38.1
Myanmar,MMR,2016,65.64,East Asia & Pacific,Lower middle income,63298361996.2153,1229.19713515893,4459.53981427471,5.86247291518572,1.058,59.67910385,4.76220942,0.638,1.07,42.6,48.7,,,1.76,51495696.0,0.792792538685626,29.8129165582094,2.27,
Myanmar,MMR,2017,65.909,East Asia & Pacific,Lower middle income,66053040483.0016,1272.82241830603,4706.43248949598,6.13610824360305,1.356,59.51782608,4.6921258,0.889,1.06,41.1,46.8,,,1.91,51894938.0,0.772302033467657,29.9051727703437,2.252,30.7
Myanmar,MMR,2018,66.232,East Asia & Pacific,Lower middle income,67860515989.517,1298.21310320785,5581.2769545815,6.26886221471075,0.767,60.83261871,4.53514671,0.696,1.06,39.8,45.2,,,2.12,52272247.0,0.72443284342539,29.993574050729,2.228,
Myanmar,MMR,2019,66.457,East Asia & Pacific,Lower middle income,75065106227.6892,1425.98954211903,6101.37245765709,6.57911006765414,0.407,53.72147369,3.814466,0.757,1.05,38.4,43.6,,,2.12,52640713.0,0.702425162747352,30.0782436945232,2.206,
Myanmar,MMR,2020,66.612,East Asia & Pacific,Lower middle income,79006113643.1906,1490.21683548367,5740.99045843992,-9.04834717984643,1.476,66.02284241,4.27808714,,1.07,37.2,42.1,,,1.93,53016522.0,0.711376906349628,30.1593049968842,2.179,
Myanmar,MMR,2021,65.553,East Asia & Pacific,Lower middle income,66345291160.1683,1242.72134419599,5178.44718217164,-12.0163724829177,4.34,96.86240387,5.53530645,,,36.0,40.8,,,,53387102.0,0.696558038955431,30.2368812529698,2.158,
Myanmar,MMR,2022,66.506,East Asia & Pacific,Lower middle income,62253049891.6449,1158.05005034332,5731.02947916374,4.0374934360085,3.063,57.96875763,4.49158478,,,34.9,39.5,,,,53756787.0,0.690074759264932,30.311095757938,2.131,
Myanmar,MMR,2023,66.889,East Asia & Pacific,Lower middle income,66757619000.0,1233.19666209269,5958.26424874022,0.958446625126115,2.977,56.18909836,4.45748425,,,33.8,38.1,,,,54133798.0,0.698879396261223,30.3820718069466,2.115,
Myanmar,MMR,2024,67.095,East Asia & Pacific,Lower middle income,74068349523.8095,1359.05001560107,6006.17514543646,-0.97204641363362,2.887,,,,,32.8,36.9,,6.7,,54500091.0,0.674364862610485,30.4499084074136,2.098,
Nepal,NPL,1995,59.323,South Asia,Lower middle income,4401104417.67068,197.843001330326,1058.20747639756,3.46845189309603,10.473,,,0.04,0.1700000018,80.0,105.3,,,,22245439.0,2.40195786457922,24.1000758705435,4.869,35.2
Nepal,NPL,1996,60.044,South Asia,Lower middle income,4521580381.47139,198.821907435345,1110.22192684656,5.32828417508708,10.446,,,0.04,0.1599999964,76.1,99.5,,,,22741862.0,2.20703682810923,25.2906817030471,4.668,
Nepal,NPL,1997,60.823,South Asia,Lower middle income,4918691916.53516,211.834869589153,1161.98176079821,5.04861254517328,10.512,,,0.04,0.1700000018,72.4,94.0,,,,23219463.0,2.07834822711058,26.5867669012845,4.442,
Nepal,NPL,1998,61.532,South Asia,Lower middle income,4856255044.39064,205.075246306069,1186.9248559648,3.01638947539399,10.526,,,0.04,,68.8,88.7,,,,23680357.0,1.96550365283425,27.9874840142543,4.275,
Nepal,NPL,1999,62.035,South Asia,Lower middle income,5033642384.10596,208.646667913743,1233.66141094208,4.41257328041399,10.549,,,,0.200000003,65.3,83.6,,,,24125199.0,1.86110099800161,29.4919855909549,4.13,
Nepal,NPL,2000,62.642,South Asia,Lower middle income,5494252207.90502,223.830289183078,1316.82940909194,6.19999998192236,10.531,8.34249592,3.13292074,,,62.0,78.7,,,0.2,24546509.0,1.73127486408485,31.0994241803849,3.984,
Nepal,NPL,2001,63.288,South Asia,Lower middle income,6007055042.17687,240.795114544664,1388.47045456877,4.79989214255407,10.502,10.26854038,3.81229901,0.052,0.21,58.8,74.3,,,0.2,24946748.0,1.61738284845393,32.808952331543,3.793,
Nepal,NPL,2002,63.507,South Asia,Lower middle income,6050875806.66403,238.89140296106,1390.4370697205,0.120143177369414,10.593,10.46419716,3.93863344,,0.21,56.0,70.2,,,0.25,25328981.0,1.52057612057996,35.0358944291182,3.604,
Nepal,NPL,2003,64.229,South Asia,Lower middle income,6330473096.54071,246.429706587633,1453.18365784639,3.94503776051116,10.644,11.06888008,3.8560729,,0.2,53.3,66.5,1.98703855276108,,0.31,25688758.0,1.41042300664335,38.045308394296,3.439,43.8
Nepal,NPL,2004,64.744,South Asia,Lower middle income,7273938314.71988,279.587750044428,1542.44947640352,4.68260325152944,10.652,12.92468262,4.04629898,0.207,0.2,51.0,63.1,,,0.31,26016656.0,1.26834840063401,41.6109470808194,3.279,
Nepal,NPL,2005,65.275,South Asia,Lower middle income,8130258377.90964,309.024168339372,1627.83915595165,3.47918104829496,10.59,14.14693356,3.95095325,,0.26,48.8,60.0,,,0.31,26309458.0,1.11915460082368,45.5065633424317,3.115,
Nepal,NPL,2006,65.891,South Asia,Lower middle income,9043715355.8881,340.431796437968,1717.78611780423,3.36461478056277,10.609,13.68047714,3.54402447,,0.26,46.9,57.3,,,0.3,26565425.0,0.968206396130087,49.5059100328759,2.967,
Nepal,NPL,2007,66.169,South Asia,Lower middle income,10325618017.379,385.449767660642,1809.32371239814,3.41156027980276,10.642,17.13900185,3.67297482,,0.26,45.0,54.7,1.7,,0.3,26788492.0,0.83618340426827,53.3827400058951,2.857,
Nepal,NPL,2008,66.442,South Asia,Lower middle income,12545438605.3959,464.817391891529,1942.15299686447,6.10463914373472,10.597,18.86374855,3.81756353,,0.26,43.3,52.4,,,0.31,26990037.0,0.749540559520267,56.9108061152324,2.737,
Nepal,NPL,2009,66.6,South Asia,Lower middle income,12854985464.0764,473.078751198621,2028.95740755659,4.5330787246486,10.582,20.86620903,3.90179515,,0.26,41.7,50.1,,,0.64,27173035.0,0.675732337813135,59.8638612146309,2.63,
Nepal,NPL,2010,66.772,South Asia,Lower middle income,16002656434.4746,585.278491984574,2139.22749377022,4.81641464694573,10.563,29.62231827,4.36131525,,0.25,40.1,47.9,,,0.95,27341952.0,0.619710468212554,62.0156581578338,2.541,32.8
Nepal,NPL,2011,67.123,South Asia,Lower middle income,21573872420.7008,785.518656222132,2247.99742932205,3.42180870116162,10.627,34.14775085,4.45220184,,0.26,38.5,45.8,,3.6,1.24,27464494.0,0.447181720951167,63.139949798584,2.462,
Nepal,NPL,2012,67.364,South Asia,Lower middle income,21703100877.1309,788.202937148377,2465.83469449131,4.67014192446953,10.632,33.64963913,4.49078751,0.506,0.26,36.9,43.7,4.0,,1.26,27534915.0,0.256079255262795,63.6558406194333,2.42,
Nepal,NPL,2013,67.598,South Asia,Lower middle income,22162204924.5726,803.269595420477,2658.02196886933,3.52515317129149,10.666,35.14327621,4.63012981,0.55,0.26,35.4,41.7,,,1.15,27589996.0,0.199840751964584,64.1314570156048,2.36,
Nepal,NPL,2014,67.812,South Asia,Lower middle income,22731612922.1906,821.455224911731,2901.19752086169,6.01148284250441,10.62,41.9739151,5.07549381,,0.27,33.9,39.7,,,1.18,27672370.0,0.298119921280857,64.5640847098488,2.319,
Nepal,NPL,2015,67.374,South Asia,Lower middle income,24360801286.7638,875.543635474862,2957.30559145504,3.97605327162971,10.643,46.49585342,5.46615553,,0.25,32.4,37.8,,,1.22,27823629.0,0.545118124856758,64.9510094249155,2.273,
Nepal,NPL,2016,68.444,South Asia,Lower middle income,24524109483.5293,877.256454696737,2976.12513681451,0.433113719381524,10.714,47.1232872,5.42378998,,0.28,31.0,36.0,,,1.35,27955462.0,0.472697719209503,65.2895168835553,2.226,
Nepal,NPL,2017,68.74,South Asia,Lower middle income,28971588940.364,1034.28374906846,3604.70825949747,8.97727935643466,10.66,49.63085556,4.72174025,0.681,0.29,29.6,34.2,,,1.34,28011258.0,0.199389989212823,65.5768928085184,2.173,
Nepal,NPL,2018,69.036,South Asia,Lower middle income,33111525237.149,1179.19843190389,3956.12461094443,7.62237610397933,10.593,51.16546249,4.52845383,0.749,0.29,28.3,32.6,,,1.36,28079689.0,0.244000280298262,65.8104229225551,2.12,
Nepal,NPL,2019,69.299,South Asia,Lower middle income,34186180699.0255,1203.14294706401,4260.67373190851,6.65705543110468,10.477,53.61107254,4.44524717,0.815,0.29,27.1,31.0,,,1.36,28414064.0,1.18377302604311,65.9873929484157,2.08,
Nepal,NPL,2020,69.106,South Asia,Lower middle income,33433659301.2466,1154.21517578318,4235.57462326905,-2.3696206292072,13.037,59.07941437,5.2080965,0.857,0.28,25.9,29.6,,,1.06,28966574.0,1.92583106605859,66.1050886088505,2.051,
Nepal,NPL,2021,68.385,South Asia,Lower middle income,36924841394.2605,1252.75076731986,4546.22970006289,4.838149614115,12.241,69.1880188,5.53498316,0.884,0.39,24.9,28.3,,,,29475010.0,1.74002411752275,66.144235274522,2.025,
Nepal,NPL,2022,70.087,South Asia,Lower middle income,41182939519.8161,1385.91066002922,5102.18358728663,5.6313145568451,10.661,87.34230042,6.52950287,,0.53,23.9,27.1,,,,29715436.0,0.81238557412485,66.2992968721053,2.002,30.0
Nepal,NPL,2023,70.354,South Asia,Lower middle income,41049329851.0546,1382.38300895424,5399.65505811688,1.98254843461849,10.437,83.96018982,6.15843678,1.011,0.54,23.1,26.1,,,,29694614.0,-0.0700958873206174,66.5432933453944,1.984,
Nepal,NPL,2024,70.636,South Asia,Lower middle income,43298911699.9284,1460.28237984149,5745.64525192255,3.67787459697703,10.5,,,,,22.2,25.1,,7.7,,29651054.0,-0.146800968936231,66.772343163029,1.961,
Netherlands,NLD,1995,77.4046341463415,Europe & Central Asia,High income,452967334614.329,29301.1940492376,23480.2458181734,3.11603593857495,7.157,,,,5.3000001907,5.7,6.9,,,,15459006.0,0.49392737251493,70.6936274148982,1.53,
Netherlands,NLD,1996,77.4356097560976,Europe & Central Asia,High income,451372549019.608,29063.6236532536,24564.1192126848,3.42063535269868,6.421,,,,5.1999998093,5.5,6.7,,,,15530498.0,0.461395747607711,72.423330585432,1.53,
Netherlands,NLD,1997,77.7943902439024,Europe & Central Asia,High income,417506211881.635,26744.9601318097,26061.6297339405,4.24847396941847,5.511,,,,5.1999998093,5.4,6.6,,,,15610650.0,0.514767002117464,75.5542374231759,1.56,
Netherlands,NLD,1998,77.8829268292683,Europe & Central Asia,High income,438612530548.767,27924.281808994,27748.824897953,4.64770326997895,4.394,,,,5.0999999046,5.3,6.4,,,,15707209.0,0.616640530679659,76.75231877333,1.63,
Netherlands,NLD,1999,77.8365853658537,Europe & Central Asia,High income,447778514140.155,28318.7466538357,29316.2634775738,5.04334216651563,3.622,,,2.361,5.0,5.2,6.3,,,,15812088.0,0.665493187073143,77.06074312186,1.65,28.1
Netherlands,NLD,2000,77.9878048780488,Europe & Central Asia,High income,417649282153.726,26225.1697734149,31894.6590915933,4.21970034558892,2.725,2028.18139648,7.70382404,2.423,4.88,5.1,6.2,,,11.14,15925513.0,0.714770362784392,78.4826828427081,1.72,
Netherlands,NLD,2001,78.190243902439,Europe & Central Asia,High income,432536219668.898,26955.7128032278,33259.4535966288,2.32358454925847,2.119,2175.73046875,8.04176903,2.494,4.71,5.0,6.0,,,11.14,16046180.0,0.754840057734904,80.1840578652121,1.71,
Netherlands,NLD,2002,78.2926829268293,Europe & Central Asia,High income,475529972122.746,29446.5330872868,34568.4593268108,0.24582951723049,2.554,2544.81347656,8.61879349,2.553,4.65,4.9,5.9,,,10.91,16148929.0,0.638291666268526,80.8085275226169,1.73,
Netherlands,NLD,2003,78.4926829268293,Europe & Central Asia,High income,582435617081.96,35896.7504630706,34286.3833524783,0.0978549395212411,3.593,3244.35644531,9.01979256,2.594,4.45,4.8,5.7,,,10.81,16225302.0,0.471814398788212,81.3011308878582,1.75,
Netherlands,NLD,2004,79.0951219512195,Europe & Central Asia,High income,661224886143.245,40611.3414353091,35960.7138360683,2.01628331561487,4.646,3689.46435547,9.07156658,2.625,4.46,4.6,5.5,12.9664182662964,,10.73,16281779.0,0.347475412048658,82.250953139759,1.72,29.8
Netherlands,NLD,2005,79.3463414634146,Europe & Central Asia,High income,688133699635.797,42165.396168388,37778.4864360065,2.03401576512488,5.872,3823.48095703,9.05984592,2.684,4.4,4.4,5.3,,,10.75,16319868.0,0.23366314793854,83.5048949725161,1.71,29.0
Netherlands,NLD,2006,79.6975609756098,Europe & Central Asia,High income,737593995289.411,45123.5432406426,41208.0462204734,3.53729585853395,5.007,4080.21972656,9.03575516,2.77,4.36,4.3,5.1,,,10.68,16346101.0,0.160613668857538,84.6532280358545,1.72,30.0
Netherlands,NLD,2007,80.0975609756098,Europe & Central Asia,High income,853499460872.552,52100.7996285947,44203.4002135804,3.88542348324803,4.153,4696.14160156,9.00052166,2.768,4.25,4.1,4.9,,,10.67,16381696.0,0.217521601194242,85.4089231499726,1.72,29.6
Netherlands,NLD,2008,80.2512195121951,Europe & Central Asia,High income,957901566041.406,58246.7026905874,46714.3454301392,2.11674514240192,3.658,5382.44580078,9.21819305,2.844,4.21,4.0,4.7,,,10.51,16445593.0,0.389292461499527,85.6149582464487,1.77,29.3
Netherlands,NLD,2009,80.5487804878049,Europe & Central Asia,High income,878954223140.234,53172.0261581418,44959.169463743,-3.66528147002826,4.352,5282.74316406,9.90839005,2.896,4.17,3.9,4.6,,,10.37,16530388.0,0.514284544827762,86.2223179632671,1.79,27.9
Netherlands,NLD,2010,80.7024390243902,Europe & Central Asia,High income,852464982433.335,51305.7338533973,45301.269581608,1.31935287897116,4.991,5191.69384766,10.09452248,2.936,4.08,3.8,4.4,,,10.2,16615394.0,0.512923100553586,87.3502790247129,1.79,27.8
Netherlands,NLD,2011,81.2048780487805,Europe & Central Asia,High income,913140741332.687,54701.7728030611,47004.1370739062,1.77330320575034,4.977,5562.12109375,10.14537811,3.103,3.94,3.7,4.3,13.8906165957451,5.3,10.17,16693074.0,0.466428782200821,88.0059204972573,1.76,27.8
Netherlands,NLD,2012,81.1048780487805,Europe & Central Asia,High income,845689017065.625,50473.9442002689,47653.3401651371,-0.977826121310997,5.821,5284.64990234,10.45467281,3.223,3.74,3.6,4.2,,,9.99,16754962.0,0.370055034770235,88.5342462391333,1.72,27.6
Netherlands,NLD,2013,81.3048780487805,Europe & Central Asia,High income,883951539006.669,52602.2860520766,49622.0519614799,-0.0302410184270769,7.241,5532.72607422,10.50247383,3.282,3.66,3.6,4.2,,,9.77,16804432.0,0.294820793441482,89.1749992370605,1.68,28.1
Netherlands,NLD,2014,81.7073170731707,Europe & Central Asia,High income,901556501756.467,53457.2234864322,49751.3092860822,1.61255885112396,7.419,5601.88574219,10.45699596,3.392,3.51,3.5,4.1,14.3337488174438,,9.5,16865008.0,0.359828172726548,89.8364787097165,1.71,28.6
Netherlands,NLD,2015,81.509756097561,Europe & Central Asia,High income,775743675302.734,45793.8135434697,50956.6930942185,2.12064007193544,6.872,4676.56201172,10.18857956,3.457,3.46,3.5,4.1,,,9.38,16939923.0,0.443220089035769,90.2787737214621,1.66,28.2
Netherlands,NLD,2016,81.5609756097561,Europe & Central Asia,High income,797163949289.885,46808.5291492503,53162.2791598028,2.42428065449427,6.007,4644.02099609,9.89148426,3.501,3.38,3.5,4.1,,,9.33,17030314.0,0.532178879608489,90.5803239452777,1.66,28.2
Netherlands,NLD,2017,81.7609756097561,Europe & Central Asia,High income,848233537845.884,49513.6817346384,56037.567993606,2.78150834679987,4.837,4934.57519531,9.93712521,3.565,3.24,3.5,4.0,,,9.34,17131296.0,0.591203366164118,91.1219700676602,1.62,28.5
Netherlands,NLD,2018,81.8121951219512,Europe & Central Asia,High income,929733599796.862,53955.0770024266,58819.2609142584,2.25873158164956,3.832,5330.66015625,9.85083961,3.632,3.15,3.5,4.0,,,9.3,17231624.0,0.583933408920832,92.6062472401044,1.59,28.1
Netherlands,NLD,2019,82.1121951219512,Europe & Central Asia,High income,928903005576.469,53554.9007491475,62345.2538465433,2.3001616053659,3.379,5340.61279297,9.93616295,3.713,2.99,3.5,4.0,,,9.3,17344874.0,0.65507157480522,93.8898028856479,1.57,29.2
Netherlands,NLD,2020,81.3585365853659,Europe & Central Asia,High income,932560861701.17,53467.9277413737,62596.6302027524,-3.86799714191608,3.82,5865.90527344,10.94954681,3.805,2.88,3.5,4.0,,,8.71,17441500.0,0.55554079025497,94.2532277765935,1.54,26.0
Netherlands,NLD,2021,81.309756097561,Europe & Central Asia,High income,1054472123449.6,60141.9880911492,68573.5648786447,6.27683593745216,4.209,6718.88964844,11.13498974,3.875,2.92,3.5,4.0,,,,17533044.0,0.523490508168757,94.6294783220315,1.62,25.7
Netherlands,NLD,2022,81.6146341463415,Europe & Central Asia,High income,1046540797548.64,59123.318556487,78630.3599072098,5.00723453395074,3.526,5967.90429688,10.03109169,3.876,2.42,3.4,4.0,,,,17700982.0,0.953278922854537,94.9856177734136,1.49,
Netherlands,NLD,2023,81.8634146341464,Europe & Central Asia,High income,1135475867551.0,63515.6030780019,80391.6029350952,-0.598061017580278,3.535,6371.85595703,9.83150005,,,3.4,3.9,,,,17877117.0,0.990139686700227,95.3221682092129,1.43,
Netherlands,NLD,2024,81.9658536585366,Europe & Central Asia,High income,1213936238063.28,67465.3208126875,85218.3689343246,1.07383137319854,3.7,6845.14208984,10.00551128,,,3.4,3.9,,5.0,,17993485.0,0.648823280021657,95.6396517079336,1.43,
Niger,NER,1995,45.504,Sub-Saharan Africa,Low income,2302537562.24406,237.01998956862,756.545588549405,2.4572441223155,1.494,,,,0.1199999973,129.5,281.8,,,,9714529.0,3.3098246971535,15.7991333007812,7.776,
Niger,NER,1996,46.313,Sub-Saharan Africa,Low income,2405686940.0464,239.494513213973,745.810843987837,0.100530504281409,1.498,,,0.024,0.1199999973,124.6,269.4,,,,10044852.0,3.34376645351566,15.8138437271118,7.78,
Niger,NER,1997,47.097,Sub-Saharan Africa,Low income,2290318910.20658,220.562957209,745.105523924554,1.52747571050666,1.503,,,0.035,0.1800000072,120.1,257.9,,,,10383969.0,3.32029101351841,15.8930797576904,7.802,
Niger,NER,1998,47.807,Sub-Saharan Africa,Low income,2643363518.99272,246.090855923026,801.046939662741,9.97261495642444,1.381,,,0.033,0.1199999973,115.8,247.2,,,,10741413.0,3.38434700775298,15.9723119735718,7.84,
Niger,NER,1999,48.48,Sub-Saharan Africa,Low income,2537789820.69295,228.271656116064,783.183877063699,-0.2195625179166,1.385,,,,,112.1,237.5,,,,11117411.0,3.4405793301062,16.0515403747559,7.84,
Niger,NER,2000,49.172,Sub-Saharan Africa,Low income,2241753192.81158,194.771959898935,764.281885116582,-1.20847774100575,1.427,9.04467964,4.65891504,,,108.3,227.9,,,0.14,11509630.0,3.46716382832898,16.1307678222656,7.829,
Niger,NER,2001,49.872,Sub-Saharan Africa,Low income,2448714703.96617,205.417936120931,809.387186915593,7.26813490213235,1.47,9.68088055,4.72659349,,,104.1,217.4,,,0.14,11920647.0,3.50878624306039,16.2687225341797,7.81,
Niger,NER,2002,50.645,Sub-Saharan Africa,Low income,2782192878.67204,225.294391147438,832.469364391557,4.91847057594622,1.808,10.84433079,4.82717037,0.033,,99.4,205.9,,,0.14,12349144.0,3.53148102432579,16.2687206268311,7.797,
Niger,NER,2003,51.545,Sub-Saharan Africa,Low income,3394084732.49543,265.225363452469,836.978440587105,2.1706103837418,2.145,12.55038452,4.74740648,,,94.4,194.1,,,0.14,12796984.0,3.5622769230714,16.2687225341797,7.789,
Niger,NER,2004,52.402,Sub-Saharan Africa,Low income,3760443737.53797,283.468281798296,832.125196606012,0.363801578722132,2.751,14.06374931,4.97818327,0.022,,89.5,182.4,,,0.14,13265836.0,3.59824904350361,16.2687225341797,7.777,
Niger,NER,2005,53.32,Sub-Saharan Africa,Low income,4383315964.58718,318.643121918273,888.304262536536,7.33186884258517,3.1,18.67140198,5.87749624,,,84.9,171.4,,,0.14,13756192.0,3.62970414217364,16.2687225341797,7.769,44.4
Niger,NER,2006,54.223,Sub-Saharan Africa,Low income,4756361252.37923,333.345078419447,935.17532935967,5.93104997350342,2.528,19.9213028,5.99335575,,,80.8,161.6,,,0.14,14268581.0,3.65709371425878,16.2675724894628,7.744,
Niger,NER,2007,55.063,Sub-Saharan Africa,Low income,5731485051.79069,387.168065883301,954.892280070571,3.14272408386731,2.021,20.96952438,5.43105888,,,77.3,153.1,3.2,,0.15,14803610.0,3.68110827846052,16.2641887037781,7.726,37.3
Niger,NER,2008,55.852,Sub-Saharan Africa,Low income,7297600226.00536,475.044955398162,1010.43184617604,7.73141422777337,1.584,24.86141586,5.24640608,0.019,,74.5,146.0,,,0.15,15361915.0,3.70203244818704,16.2586706998252,7.702,
Niger,NER,2009,56.487,Sub-Saharan Africa,Low income,7352131309.73341,461.131533961487,998.792501514806,1.96260090694645,1.208,24.54927635,5.33850145,0.028,,72.4,140.3,,,0.16,15943675.0,3.71708044318123,16.2511180003032,7.679,
Niger,NER,2010,57.08,Sub-Saharan Africa,Low income,7851192502.30917,474.425692340831,1057.51100253929,8.57816674262253,0.718,23.47736168,4.96100473,,,70.9,136.0,,,0.17,16548835.0,3.72535077368531,16.2416301279116,7.64,
Niger,NER,2011,57.6,Sub-Saharan Africa,Low income,8772950777.79176,510.75956176268,1064.41917390361,2.35775693603874,0.316,24.84123039,4.87323856,,,70.0,132.7,,4.2,0.18,17176283.0,3.72138303234104,16.2303066053496,7.592,31.5
Niger,NER,2012,57.987,Sub-Saharan Africa,Low income,9426912647.59111,528.510104469655,1161.78908289767,10.5489445763446,2.177,22.71487427,4.30732679,0.053,0.44,69.5,130.3,,,0.18,17836769.0,3.77324639644684,16.2141284004355,7.527,
Niger,NER,2013,58.364,Sub-Saharan Africa,Low income,10224897437.8648,552.103334363117,1137.76904129571,5.31513063394726,1.401,24.61338997,4.46636009,0.051,0.32,69.2,128.3,,,0.18,18519898.0,3.75837207594511,16.2162595696064,7.445,
Niger,NER,2014,58.693,Sub-Saharan Africa,Low income,10862943543.5419,565.30989731175,1161.32515723793,6.64213665495603,0.524,25.09494019,4.45377159,0.027,0.29,69.1,126.8,,,0.18,19215909.0,3.6892808045974,16.2450424611665,7.342,34.3
Niger,NER,2015,58.85,Sub-Saharan Africa,Low income,9683867926.44282,485.662574175279,1172.19178758955,4.39264883207291,0.556,25.96905327,5.34745932,0.032,0.26,69.1,125.4,,,0.18,19939498.0,3.69640590007582,16.3035606587493,7.215,
Niger,NER,2016,59.228,Sub-Saharan Africa,Low income,10341025540.2322,499.910520068193,1181.94656963832,4.28137558478143,0.55,22.68474007,4.53239059,0.033,0.3,69.2,124.3,,,0.17,20685753.0,3.67426137513091,16.3898280543236,7.043,
Niger,NER,2017,59.524,Sub-Saharan Africa,Low income,11359273443.3897,529.929418934868,1226.9587833573,5.53198531271451,0.556,29.09627533,5.57609606,0.022,0.18,69.3,123.1,,,0.15,21435446.0,3.56007044831691,16.5036987906896,6.874,
Niger,NER,2018,59.765,Sub-Saharan Africa,Low income,12800907985.9863,576.927536415462,1272.37841849427,6.89458420864513,0.536,30.61364555,5.30310822,0.037,0.24,69.3,121.9,,,0.13,22188069.0,3.45088050525461,16.6449011799221,6.706,37.3
Niger,NER,2019,60.031,Sub-Saharan Africa,Low income,12420836506.7888,541.265819870273,1367.56106521216,6.07881528959186,0.531,31.89424324,5.66642094,0.039,0.29,69.3,120.8,,,0.13,22947757.0,3.36654855482346,16.813146499685,6.537,
Niger,NER,2020,59.89,Sub-Saharan Africa,Low income,13648332189.7307,575.451340306915,1486.34386700631,4.45481803846413,0.591,35.75537109,6.17012262,0.035,0.28,69.1,119.5,,,0.13,23717613.0,3.29977391625444,17.0081420003794,6.369,
Niger,NER,2021,59.542,Sub-Saharan Africa,Low income,14936154253.3242,609.585703670137,1587.84784907329,1.11520063869706,0.806,35.39406204,5.81452751,,,68.7,118.0,,,,24502140.0,3.25425239869281,17.2295936666686,6.2,32.9
Niger,NER,2022,60.398,Sub-Saharan Africa,Low income,15531799640.9005,613.614736429298,1847.58034360869,12.2215497467041,0.403,26.50681686,4.34980488,0.028,,68.0,116.0,,,,25311973.0,3.25170642220024,17.477207007512,6.135,
Niger,NER,2023,61.183,Sub-Saharan Africa,Low income,16949765463.9058,647.930108509567,1902.69710752042,2.63516980401258,0.407,26.01301575,4.04895782,0.038,,66.9,113.5,,,,26159867.0,3.29489175812772,17.7506873295237,6.061,
Niger,NER,2024,61.433,Sub-Saharan Africa,Low income,19729786046.7618,729.856664168989,2044.04904937758,8.32327058280728,0.376,,,,,65.6,110.7,,4.1,,27032412.0,3.28101480132484,18.0497398450803,5.935,
Nigeria,NGA,1995,45.87,Sub-Saharan Africa,Lower middle income,140919776986.364,1271.61617353199,2835.2891223251,-0.0726647640626794,4.152,,,,,104.2,201.0,,,,110819428.0,2.63662927453146,39.1364103583649,6.273,
Nigeria,NGA,1996,45.833,Sub-Saharan Africa,Lower middle income,185730236700.0,1632.72469370276,2930.71333129659,4.19592404666709,4.043,,,,,103.4,198.1,,,,113754779.0,2.61429682326517,39.9503563748504,6.217,51.9
Nigeria,NGA,1997,45.96,Sub-Saharan Africa,Lower middle income,200850397618.182,1720.27540949396,2989.96114457052,2.93709941923106,3.964,,,,,102.1,194.3,,,,116754792.0,2.60308705392213,40.7720171281134,6.138,
Nigeria,NGA,1998,46.148,Sub-Saharan Africa,Lower middle income,218416200672.727,1822.46998452473,3021.60341132036,2.58125410190809,3.922,,,,,100.2,189.4,,,,119846254.0,2.61337639810203,41.6009143497997,6.069,
Nigeria,NGA,1999,46.609,Sub-Saharan Africa,Lower middle income,59145077039.1437,480.669363941805,3002.07703715752,0.584126892882125,3.986,,,,,97.7,183.6,,,,123047320.0,2.63592921799734,42.4365697715547,6.082,
Nigeria,NGA,2000,47.143,Sub-Saharan Africa,Lower middle income,69171451627.2465,547.318298903379,3138.99138893395,5.01593475936546,3.953,17.15887642,3.1973834,0.269,,94.9,177.3,,,7.93,126382494.0,2.67439784501828,43.2785051250243,6.124,
Nigeria,NGA,2001,47.549,Sub-Saharan Africa,Lower middle income,73557840064.489,566.428231812933,3308.50611475795,5.91768464924425,3.9,17.96053314,3.18946862,,,91.8,170.5,,,7.93,129862595.0,2.7163954653619,44.1262421418539,6.128,
Nigeria,NGA,2002,48.02,Sub-Saharan Africa,Lower middle income,95054059302.6995,712.164852077686,3770.17934866678,15.3291557409618,3.669,17.53752899,2.49063969,,,88.6,163.9,,,7.9,133471989.0,2.74147056608815,44.9793025536893,6.116,
Nigeria,NGA,2003,48.618,Sub-Saharan Africa,Lower middle income,104738954264.226,763.388745367223,4014.86695344152,7.34719496793299,3.637,37.91439438,5.05360985,0.255,,85.6,157.4,,,7.92,137202644.0,2.75673506428828,45.8372080921761,6.1,40.1
Nigeria,NGA,2004,49.148,Sub-Saharan Africa,Lower middle income,135764731645.611,962.48104194733,4381.13682820182,9.25055822923169,3.59,42.81798172,4.63368416,,0.5,82.7,151.4,,,7.94,141057045.0,2.77053967849452,46.6994804889599,6.09,
Nigeria,NGA,2005,49.538,Sub-Saharan Africa,Lower middle income,175670569969.346,1211.37703504386,4678.09163232303,6.43851652535925,3.727,52.24337006,4.46591949,0.27,,80.0,145.8,,,7.91,145017253.0,2.76883385211034,47.5656414756863,6.063,
Nigeria,NGA,2006,49.876,Sub-Saharan Africa,Lower middle income,238454997161.48,1599.53891556365,4975.26979308212,6.05942803202491,3.749,63.63072205,4.25775146,0.333,,77.7,140.9,,,7.85,149077334.0,2.76124698861505,48.424271994461,6.053,
Nigeria,NGA,2007,50.381,Sub-Saharan Africa,Lower middle income,278260846800.103,1815.52697545827,5297.9702947077,6.59113036066867,3.794,66.90659332,3.90997243,0.361,,75.6,136.5,,,7.75,153267261.0,2.77180099910734,49.2357987173198,6.027,
Nigeria,NGA,2008,50.748,Sub-Saharan Africa,Lower middle income,339476276257.793,2154.10543545364,5607.00840120254,6.76447277784263,3.792,77.45053101,3.69581532,0.359,,73.8,132.5,,,7.63,157595014.0,2.78453384410814,50.0505212312351,6.024,
Nigeria,NGA,2009,51.08,Sub-Saharan Africa,Lower middle income,295008835380.997,1820.48633854782,5927.46111763326,8.03692510100366,3.763,65.71811676,3.5801971,0.36,,72.3,129.2,,,6.19,162049464.0,2.78730820935027,50.86453484762,5.993,
Nigeria,NGA,2010,51.315,Sub-Saharan Africa,Lower middle income,366990417129.04,2202.25672957344,6301.18372511905,8.00565591623166,3.744,73.008255,3.29653287,,,71.1,126.3,,,5.06,166642886.0,2.795149361277,51.6778188255446,5.948,35.7
Nigeria,NGA,2011,51.49,Sub-Saharan Africa,Lower middle income,414466676831.16,2418.41316975875,6585.36193258467,5.30792420293915,3.77,80.2377243,3.32077932,,,70.0,123.8,,4.8,3.98,171379598.0,2.80278519998649,52.490352424079,5.893,
Nigeria,NGA,2012,51.688,Sub-Saharan Africa,Lower middle income,463971018239.281,2633.19734671361,6670.83826230892,4.23006117492493,3.761,87.89523315,3.35984254,,,69.1,121.6,,,4.28,176200625.0,2.77422930277333,53.302114902293,5.797,35.5
Nigeria,NGA,2013,51.827,Sub-Saharan Africa,Lower middle income,520117180313.906,2872.79083379398,7004.13119541111,6.67133539308232,3.711,97.29588318,3.4206934,0.363,,68.5,119.9,,,4.33,181049443.0,2.71468991073627,54.1130855192568,5.694,
Nigeria,NGA,2014,51.94,Sub-Saharan Africa,Lower middle income,574183763411.508,3088.72131316169,7396.12835518829,6.30971865521856,3.9,102.39888763,3.34840417,,,68.1,118.7,,,4.39,185896915.0,2.64221399374699,54.9232435340404,5.622,
Nigeria,NGA,2015,51.939,Sub-Saharan Africa,Lower middle income,493026682800.63,2585.73360671797,7307.83788174977,2.65269329541779,4.134,92.91207123,3.58194995,,,68.0,117.8,,,4.39,190671878.0,2.53617348598208,55.7325682057138,5.503,35.9
Nigeria,NGA,2016,52.189,Sub-Saharan Africa,Lower middle income,404649125252.16,2070.4127339595,7072.49693358812,-1.61686894903467,4.499,75.52328491,3.64773679,0.428,,68.1,117.4,,,4.35,195443700.0,2.47183239057048,56.541038793347,5.343,
Nigeria,NGA,2017,52.397,Sub-Saharan Africa,Lower middle income,375745731053.427,1876.34027111773,7036.67414358958,0.805886619091581,4.83,70.31814575,3.74762511,,,68.3,117.2,,,4.29,200254579.0,2.43170936923065,57.3486345560101,5.182,
Nigeria,NGA,2018,52.669,Sub-Saharan Africa,Lower middle income,421739251509.08,2057.87944554011,7158.17107558117,1.92275734199798,5.069,63.60244751,3.09069347,0.364,,68.7,117.2,,,4.21,204938755.0,2.31217263003389,58.1553347527729,5.021,35.1
Nigeria,NGA,2019,53.009,Sub-Saharan Africa,Lower middle income,668219992686.575,3189.81286496183,7551.39380361669,2.20842927835211,5.206,67.6254425,2.98547053,0.356,,69.1,117.4,,,4.21,209485641.0,2.1944019229433,58.9611186427056,4.861,
Nigeria,NGA,2020,53.072,Sub-Saharan Africa,Lower middle income,598586817817.392,2797.184580679,7414.77495538401,-6.36889840468527,5.714,67.91384888,3.38063431,,,69.5,117.4,,,3.78,213996181.0,2.13029714344341,59.7659654848781,4.7,
Nigeria,NGA,2021,53.455,Sub-Saharan Africa,Lower middle income,609147716965.348,2787.48779220991,7588.47885587002,1.109252540249,5.404,81.87322235,4.07625723,0.386,,69.9,117.6,,,,218529286.0,2.09618685225463,60.5698545383604,4.636,
Nigeria,NGA,2022,54.079,Sub-Saharan Africa,Lower middle income,646950257575.455,2899.16047469267,8303.64193191685,4.31882949157136,3.827,89.62958527,4.21020174,0.386,,70.2,117.5,,,,223150896.0,2.09281687128387,61.3727650622225,4.552,33.9
Nigeria,NGA,2023,54.462,Sub-Saharan Africa,Lower middle income,487387801877.803,2138.76383718757,8711.68686099289,3.31590368111438,3.074,66.82009125,4.19086456,0.38,,70.1,116.8,,,,227882945.0,2.09838916935738,62.1746763155343,4.482,
Nigeria,NGA,2024,54.635,Sub-Saharan Africa,Lower middle income,252261880140.271,1084.16041805058,9099.86943863676,4.07106650147703,3.045,,,,,69.8,115.6,,3.0,,232679478.0,2.08297776184189,62.9755675573659,4.382,
Pakistan,PAK,1995,60.273,Middle East & North Africa,Lower middle income,60636071684.1918,450.550279346206,2314.90798536126,4.96260914623281,0.611,,,0.518,,101.8,125.0,,,,134582253.0,2.89031173222832,31.9144613917436,5.894,
Pakistan,PAK,1996,60.466,Middle East & North Africa,Lower middle income,63320170084.4076,456.996961832943,2400.63451651363,4.84658128681654,0.6,,,0.536,,99.1,121.5,,,,138557092.0,2.9106898704011,32.1402116675762,5.771,28.7
Pakistan,PAK,1997,60.623,Middle East & North Africa,Lower middle income,62433340468.0228,438.030942680153,2398.01357457051,1.01439601077892,0.611,,,0.551,,96.4,117.9,,,,142531804.0,2.82827034753681,32.3647607033211,5.642,
Pakistan,PAK,1998,61.134,Middle East & North Africa,Lower middle income,62191955814.3478,424.453697798497,2419.0778542501,2.55023429817393,0.62,,,0.564,,93.8,114.5,,,,146522356.0,2.76128567260809,32.5871723893723,5.507,33.1
Pakistan,PAK,1999,61.54,Middle East & North Africa,Lower middle income,62973857068.5113,418.249257055367,2474.81647708232,3.66013273943236,0.625,,,0.579,,91.2,111.1,,,,150565377.0,2.7219371038823,32.8015812487933,5.462,
Pakistan,PAK,2000,61.903,Middle East & North Africa,Lower middle income,99484802344.5277,642.338346499898,2565.19958806219,4.2600880111325,0.614,15.36755657,2.48079324,0.593,0.49,88.8,107.9,,11.8,0.033,154879127.0,2.82475983542412,33.0046884491535,5.352,
Pakistan,PAK,2001,62.241,Middle East & North Africa,Lower middle income,97145618479.9038,609.939506905073,2643.76627509218,3.65135017083765,0.611,13.41587162,2.33959723,0.604,0.5,86.6,105.1,,,0.033,159270907.0,2.79615830892104,33.1988471664032,5.182,28.7
Pakistan,PAK,2002,62.556,Middle East & North Africa,Lower middle income,97923302809.3537,599.937345723927,2687.82993614229,2.59481668445784,0.615,14.98332214,2.42219901,,0.49,84.7,102.5,,,0.031,163222549.0,2.45080308981688,33.3857078542752,5.012,
Pakistan,PAK,2003,62.834,Middle East & North Africa,Lower middle income,112371913740.823,672.44178669894,2821.73137020979,5.40131087314342,0.612,14.34851551,2.10399199,,0.48,83.0,100.1,6.10485747456551,,0.032,167110248.0,2.35391613887513,33.5669209665019,4.894,
Pakistan,PAK,2004,63.097,Middle East & North Africa,Lower middle income,132216048339.413,771.902247348954,3048.35709125252,7.83125556961251,0.598,15.53542328,2.03666282,0.679,0.48,81.4,98.0,,,0.041,171286000.0,2.4680911760913,33.7441369568158,4.685,30.9
Pakistan,PAK,2005,62.416,Middle East & North Africa,Lower middle income,145208562960.767,827.619861189926,3292.6022326683,7.2765744364722,0.583,19.58962631,2.37323904,0.72,0.47,80.0,96.0,,,0.05,175453212.0,2.40377350441569,33.9190062789495,4.595,31.3
Pakistan,PAK,2006,63.624,Middle East & North Africa,Lower middle income,161871385506.36,900.873564984808,3514.8136524316,6.05163767569996,0.582,24.43647003,2.73132491,,0.46,78.6,94.2,,,0.059,179682690.0,2.3820052866049,34.0931793866356,4.589,
Pakistan,PAK,2007,63.807,Middle East & North Africa,Lower middle income,184140869997.46,998.090114197524,3672.18527443486,4.4448143398844,0.398,26.14198685,2.62370729,0.693,0.46,77.3,92.3,,,0.061,184493231.0,2.6420312522935,34.2683067336065,4.554,29.7
Pakistan,PAK,2008,64.002,Middle East & North Africa,Lower middle income,202203748583.854,1067.04324565284,3721.33293548494,2.1204410433083,0.423,24.34272766,2.56806731,0.707,0.44,75.9,90.5,,,0.061,189499113.0,2.67715693120755,34.4460387735948,4.515,
Pakistan,PAK,2009,64.206,Middle East & North Africa,Lower middle income,187337783856.466,963.788066395225,3777.09098632843,3.47255059567348,0.535,23.14643288,2.49995875,0.718,0.43,74.4,88.5,,,0.071,194376534.0,2.5412831091032,34.6280259603331,4.465,
Pakistan,PAK,2010,64.378,Middle East & North Africa,Lower middle income,196709621849.586,987.304571124485,3785.70113518223,1.50171752152883,0.653,23.62846184,2.42967653,0.727,0.42,72.8,86.5,,,0.079,199239047.0,2.47081701538021,34.8159187475539,4.398,28.8
Pakistan,PAK,2011,64.659,Middle East & North Africa,Lower middle income,230586581059.665,1131.73513834324,3879.5977693449,2.68011685421705,0.796,25.02491379,2.23121333,0.748,0.43,71.1,84.3,,7.9,0.085,203746065.0,2.23690940334662,35.0113675889897,4.305,29.7
Pakistan,PAK,2012,64.883,Middle East & North Africa,Lower middle income,250106966104.704,1204.36475491585,4046.59848766311,3.02758391088629,3.667,25.59742928,2.22185278,0.775,0.45,69.3,82.0,,,0.084,207667125.0,1.90619981284679,35.2160229383731,4.204,
Pakistan,PAK,2013,65.129,Middle East & North Africa,Lower middle income,258657231672.412,1225.4340119198,4173.93858568758,4.36686504978387,2.954,28.20998955,2.4164784,0.795,0.47,67.4,79.6,,,0.084,211073978.0,1.62722414834854,35.4315352494366,4.125,29.5
Pakistan,PAK,2014,65.374,Middle East & North Africa,Lower middle income,271390474857.632,1266.61340849959,4312.99070040776,4.11642817161422,1.827,32.11787415,2.48899078,0.818,0.47,65.5,77.2,14.9,,0.089,214264647.0,1.50032405388564,35.6595549759128,4.055,
Pakistan,PAK,2015,65.641,Middle East & North Africa,Lower middle income,299963590534.773,1380.47020838317,4480.26313460985,4.21794209572506,3.566,33.99359894,2.49493265,0.85,0.46,63.6,74.8,,,0.096,217290883.0,1.40250113589189,35.9017325715342,3.988,31.3
Pakistan,PAK,2016,65.943,Middle East & North Africa,Lower middle income,313630000130.435,1424.69161195897,4630.7315068374,6.57383828511043,2.285,36.46934128,2.57026362,0.89,0.49,61.7,72.4,,,0.099,220138869.0,1.30216393815952,36.1597184900333,3.902,
Pakistan,PAK,2017,66.223,Middle East & North Africa,Lower middle income,339205534861.1,1519.23459514248,4789.53646557553,4.43262590683975,3.204,42.07228851,2.7863009,0.932,0.5,59.8,70.1,,,0.1,223273967.0,1.41409990353131,36.4351548223399,3.9,
Pakistan,PAK,2018,66.481,Middle East & North Africa,Lower middle income,356128166704.921,1569.33814626355,4979.3734961655,6.15170261099519,4.083,40.09578323,2.82844949,0.917,0.5,58.1,67.9,,,0.1,226928892.0,1.62371483290292,36.7478511550359,3.855,29.6
Pakistan,PAK,2019,66.729,Middle East & North Africa,Lower middle income,320909472770.669,1390.41690981745,5037.53401559745,2.49763692943365,4.83,36.01374817,2.84736943,1.049,0.5,56.3,65.8,,,0.1,230800899.0,1.69187124669657,37.1091631735769,3.81,
Pakistan,PAK,2020,65.701,Middle East & North Africa,Lower middle income,300425609817.981,1278.39735206896,5048.0213062963,-1.27408744338709,5.994,36.9091301,2.95273018,,0.63,54.6,63.7,,,0.084,235001746.0,1.80375141301202,37.5080192948099,3.765,
Pakistan,PAK,2021,65.773,Middle East & North Africa,Lower middle income,348516647445.148,1455.31922370186,5367.27364714762,6.51388575852702,6.338,42.79639816,2.99015832,1.16,,53.0,61.7,,,,239477801.0,1.8867779716011,37.9333395514173,3.72,
Pakistan,PAK,2022,67.417,Middle East & North Africa,Lower middle income,374890295666.694,1538.3228133171,5919.33605935593,4.7781068690358,5.291,38.76602173,2.90354776,,,51.3,59.7,,,,243700667.0,1.74799739792983,38.3740439760816,3.662,
Pakistan,PAK,2023,67.649,Middle East & North Africa,Lower middle income,336686348609.266,1360.32417758419,6018.94650802152,-0.414935997088406,5.237,30.48608398,2.51988316,,,49.7,57.8,,,,247504495.0,1.54880458608849,38.8191861872791,3.605,
Pakistan,PAK,2024,67.799,Middle East & North Africa,Lower middle income,371747087751.306,1479.47755241191,6263.186935403,3.08176295579301,5.492,,,,,48.2,56.0,,31.4,,251269164.0,1.50959876314033,39.1734368360905,3.547,33.5
Papua New Guinea,PNG,1995,60.929,East Asia & Pacific,Lower middle income,4636057476.42568,998.229967376131,2435.65041187992,-3.31244877829666,2.603,,,,,60.4,77.7,,,,4644278.0,3.59664503111954,14.3541875157278,4.78,
Papua New Guinea,PNG,1996,61.071,East Asia & Pacific,Lower middle income,5155311077.38998,1071.04185150251,2578.19220284877,7.73369579796399,2.728,,,,,59.5,76.5,,,,4813361.0,3.5759668470744,14.0420569362263,4.728,45.8
Papua New Guinea,PNG,1997,61.27,East Asia & Pacific,Lower middle income,4936615298.79367,989.721550965343,2432.07161410419,-3.90438965639359,2.854,,,,,64.3,85.3,,,,4987883.0,3.56159785450897,13.7491727353146,4.679,
Papua New Guinea,PNG,1998,60.435,East Asia & Pacific,Lower middle income,3789443014.61662,733.479860137662,2284.93358055044,-3.76911321783457,2.86,,,0.073,,57.8,74.2,,,,5166390.0,3.51626141886498,13.4991868296818,4.632,
Papua New Guinea,PNG,1999,61.505,East Asia & Pacific,Lower middle income,3477038204.01733,649.994719718763,2279.54654312419,1.85555399408817,2.939,,,,,57.0,73.1,,,,5349333.0,3.47976948021788,13.3157511360166,4.587,
Papua New Guinea,PNG,2000,61.609,East Asia & Pacific,Lower middle income,3521339699.07407,635.957919047725,2195.95783285567,-2.49484199260023,2.92,18.84121323,2.0184176,0.05,,56.2,72.0,,15.5,2.18,5537064.0,3.44925161413658,13.2228772276955,4.525,
Papua New Guinea,PNG,2001,61.647,East Asia & Pacific,Lower middle income,3081024212.42924,537.847459634131,2167.75888615271,-0.121288605564772,2.801,18.19814301,2.3006382,,,55.4,70.8,,,2.18,5728435.0,3.39779731324978,13.1864094716078,4.469,
Papua New Guinea,PNG,2002,61.643,East Asia & Pacific,Lower middle income,2999511040.19764,506.331789534482,2125.38720127139,-0.158900533082658,2.756,20.55322266,2.77562952,,,54.5,69.6,,,2.09,5924003.0,3.35700333077379,13.1530694608835,4.419,
Papua New Guinea,PNG,2003,61.741,East Asia & Pacific,Lower middle income,3536411824.2958,577.467922387259,2141.94088707516,2.16410250222083,2.628,21.9858036,2.4531486,,,53.6,68.4,,,1.92,6123997.0,3.32025850994105,13.1226067833938,4.362,
Papua New Guinea,PNG,2004,61.795,East Asia & Pacific,Lower middle income,3927157866.96465,620.596147680561,2186.54008157373,2.72117574098235,2.526,25.73586273,2.59372902,,,52.6,67.2,,,1.9,6328041.0,3.27757216652727,13.0951673752744,4.283,
Papua New Guinea,PNG,2005,61.868,East Asia & Pacific,Lower middle income,4865892972.27595,744.486489977433,2321.90916247524,6.34479592309654,2.385,27.49723434,2.44874048,,,51.6,65.9,,,1.88,6535905.0,3.23201129836566,13.0708971726612,4.22,
Papua New Guinea,PNG,2006,62.018,East Asia & Pacific,Lower middle income,8354911040.70193,1238.18282926706,2443.80225243748,5.40994409107307,2.285,30.03865242,2.42600322,,,50.6,64.6,,,1.93,6747720.0,3.18938474785493,13.04994211169,4.148,
Papua New Guinea,PNG,2007,62.211,East Asia & Pacific,Lower middle income,9545028944.34579,1370.753415829,2622.37468717097,7.81518922862388,2.169,33.18586731,2.42102122,,,49.5,63.2,6.8,,1.9,6963345.0,3.1455292294859,13.0324481284965,4.076,
Papua New Guinea,PNG,2008,62.511,East Asia & Pacific,Lower middle income,11670892800.5309,1624.79319935188,2583.48094322768,-0.296457845880582,2.168,34.69308472,2.13526058,0.046,,48.4,61.8,,,1.92,7183002.0,3.10574391860633,13.0185611592166,4.015,
Papua New Guinea,PNG,2009,62.772,East Asia & Pacific,Lower middle income,11619456449.266,1568.83193368607,2692.43509264673,6.80042148322096,2.089,36.5436821,2.32937527,,,47.2,60.3,,,1.65,7406438.0,3.06322204516619,13.008427139986,3.941,41.9
Papua New Guinea,PNG,2010,63.056,East Asia & Pacific,Lower middle income,14250786674.7766,1866.86889851208,2911.89203180175,10.1284540720232,2.002,39.3453064,2.10756016,0.049,,46.1,58.9,,,1.4,7633523.0,3.01998467654888,13.0021920069407,3.883,
Papua New Guinea,PNG,2011,63.382,East Asia & Pacific,Lower middle income,17985138065.8549,2288.37591141234,2918.54391777544,1.10754362619616,2.62,52.49456787,2.29397798,,,44.9,57.5,,7.6,1.25,7859346.0,2.9153928127454,13.0000025015364,3.816,
Papua New Guinea,PNG,2012,63.639,East Asia & Pacific,Lower middle income,21295168665.7247,2635.0873631547,3025.85599579616,4.65711959686239,2.634,70.27664948,2.66693544,,,43.8,56.1,,,1.36,8081390.0,2.7860490568137,13.0143796071362,3.746,
Papua New Guinea,PNG,2013,63.927,East Asia & Pacific,Lower middle income,21261338064.8783,2560.77458976327,3109.8953723707,3.82494632800675,2.698,76.75310516,2.99727893,,,42.7,54.7,,,1.56,8302698.0,2.70166347823205,13.0582475733094,3.684,
Papua New Guinea,PNG,2014,64.198,East Asia & Pacific,Lower middle income,23210823987.308,2723.17529825196,3499.54846741228,13.5437706216546,2.54,89.08061218,3.27119064,,,41.6,53.3,,,1.67,8523441.0,2.62396103229344,13.1316404025265,3.625,
Papua New Guinea,PNG,2015,64.473,East Asia & Pacific,Lower middle income,21723437010.0982,2484.5963398603,3669.7387159095,6.57835632304275,2.507,45.18995285,1.81881714,,,43.6,57.3,,,1.73,8743246.0,2.54613840522555,13.2341359836319,3.558,
Papua New Guinea,PNG,2016,64.7,East Asia & Pacific,Lower middle income,20758876952.6232,2316.39479758492,3812.71035088181,5.48957315278187,2.478,53.98646545,2.33063054,,,39.4,50.4,,,1.74,8961718.0,2.46804330802257,13.3653651942392,3.495,
Papua New Guinea,PNG,2017,64.923,East Asia & Pacific,Lower middle income,22742699138.356,2477.76530986323,3923.17197669347,3.53461081750459,2.58,55.24723816,2.22970986,,,38.3,48.9,,,1.76,9178714.0,2.3925157995011,13.5249644881888,3.432,
Papua New Guinea,PNG,2018,65.114,East Asia & Pacific,Lower middle income,24109780708.0268,2566.36833735041,3909.91572972608,-0.279252284959952,2.65,59.04003525,2.30051899,0.064,,37.3,47.5,,,1.7,9394513.0,2.32386877655607,13.7125720532162,3.382,
Papua New Guinea,PNG,2019,65.331,East Asia & Pacific,Lower middle income,24750626029.8777,2575.77274140393,4059.82860203125,4.48051456942582,2.651,59.89566803,2.3253386,0.06,0.17,36.2,46.1,,,1.7,9609010.0,2.25754045467385,13.9278267446947,3.322,
Papua New Guinea,PNG,2020,65.075,East Asia & Pacific,Lower middle income,23848447849.6081,2429.61134585269,3900.18920976888,-3.16743204434815,2.903,55.92817688,2.30193973,,,35.2,44.7,,,1.13,9815746.0,2.12866309675902,14.1703677185729,3.274,
Papua New Guinea,PNG,2021,64.358,East Asia & Pacific,Lower middle income,26113409477.7318,2607.97769973161,3977.44297360749,-0.510612607034361,3.03,61.02529907,2.33994722,0.063,,34.1,43.2,,,,10012896.0,1.98860312209741,14.4398342822353,3.215,
Papua New Guinea,PNG,2022,65.274,East Asia & Pacific,Lower middle income,31653230962.4549,3102.29409730005,4419.49434920144,5.70701964996525,2.689,81.11356354,2.61463141,,,33.1,41.9,,,,10203169.0,1.88244961375761,14.7358658260841,3.165,
Papua New Guinea,PNG,2023,66.134,East Asia & Pacific,Lower middle income,30816328065.6492,2966.06455045333,4672.27238740885,3.81046308333708,2.649,85.15021515,2.87081432,0.061,0.62,32.2,40.6,,,,10389635.0,1.81103162496893,15.0581017891206,3.099,
Papua New Guinea,PNG,2024,66.256,East Asia & Pacific,Lower middle income,30803971189.4102,2912.4914068385,4886.53186994995,3.88795324667848,2.625,,,,,31.3,39.4,,14.1,,10576502.0,1.78260733820852,15.4061816403333,3.072,
Peru,PER,1995,67.22,Latin America & Caribbean,Upper middle income,53312793687.3836,2189.53431515311,4434.67245161066,7.41139504735119,4.708,,,0.98,,44.4,58.1,,,,24348919.0,1.93836467845591,70.8898533910601,3.315,
Peru,PER,1996,67.85,Latin America & Caribbean,Upper middle income,55252414130.3019,2226.91682429265,4555.76959482029,2.79897307912609,4.929,,,,1.4700000286,41.2,53.6,,,,24811171.0,1.88065410074516,71.271133088093,3.203,
Peru,PER,1997,68.324,Latin America & Caribbean,Upper middle income,58147522522.5225,2300.67200774461,4844.09819876824,6.47682442079709,4.762,,,0.932,,38.1,49.3,,,,25274147.0,1.84880202733493,71.6470953159639,3.099,53.3
Peru,PER,1998,68.724,Latin America & Caribbean,Upper middle income,55501467877.381,2156.39377651613,4791.4057012289,-0.391537555833821,5.099,,,,,35.2,45.3,,,,25738095.0,1.81901745317137,72.0206806682894,3.002,55.1
Peru,PER,1999,69.302,Latin America & Caribbean,Upper middle income,50187324567.883,1916.53397367908,4847.39826727857,1.49491064308833,5.011,,,1.138,,32.5,41.7,,,,26186504.0,1.72719734410339,72.3948297386861,2.917,54.8
Peru,PER,2000,69.821,Latin America & Caribbean,Upper middle income,51744749133.213,1945.41338451698,5011.94540701731,2.69437139806912,4.959,83.63842773,4.41482639,,,30.1,38.3,,,6.03,26598331.0,1.56043059120612,72.7724831207703,2.845,49.1
Peru,PER,2001,70.315,Latin America & Caribbean,Upper middle income,52030158775.4055,1929.57273038846,5086.42247810685,0.617892325624297,5.068,89.36621857,4.72161007,,,27.8,35.3,,,6.03,26964601.0,1.3676462262452,73.1565814081586,2.744,51.3
Peru,PER,2002,70.815,Latin America & Caribbean,Upper middle income,54777553515.0809,2007.37019626753,5382.56641262562,5.45352893818767,4.84,97.6605072,4.93902588,,,25.9,32.7,,,5.89,27288217.0,1.19300655774598,73.5500651944675,2.693,53.6
Peru,PER,2003,71.278,Latin America & Caribbean,Upper middle income,58731030121.8671,2129.44114197634,5656.8581611382,4.16502313666112,4.15,97.352211,4.58703804,,,24.2,30.4,,,6.02,27580490.0,1.06536414066423,73.9558750733136,2.661,53.1
Peru,PER,2004,71.447,Latin America & Caribbean,Upper middle income,66768703497.5687,2397.25147277714,6037.52025111104,4.95820320611745,4.71,105.16587067,4.42972279,,,22.7,28.4,,,6.12,27852190.0,0.980296012446146,74.3769516383133,2.673,49.9
Peru,PER,2005,71.988,Latin America & Caribbean,Upper middle income,76060606060.6061,2706.66947297608,6559.54330016358,6.28506032509601,4.87,123.25354004,4.66598511,,,21.3,26.6,,,6.18,28101180.0,0.889996951132914,74.8162354830832,2.643,50.4
Peru,PER,2006,72.337,Latin America & Caribbean,Upper middle income,88643193061.748,3129.55996496982,7213.59606035744,7.5288990440594,4.17,136.14295959,4.409585,,,20.1,25.0,,,6.23,28324491.0,0.791526842084803,75.2766672012397,2.619,50.3
Peru,PER,2007,72.746,Latin America & Caribbean,Upper middle income,102170981144.136,3581.0893081917,7982.05008343802,8.5183877690955,4.08,158.55148315,4.42611313,1.653,,19.1,23.6,,,6.48,28530699.0,0.725382868960412,75.7615250588738,2.583,50.0
Peru,PER,2008,72.743,Latin America & Caribbean,Upper middle income,120550599815.441,4197.58444634142,8820.13901025735,9.1265683014642,4.03,191.42611694,4.53098345,,,18.1,22.3,,,6.66,28719041.0,0.657968680657885,76.2744879116779,2.528,47.5
Peru,PER,2009,72.631,Latin America & Caribbean,Upper middle income,120822986521.479,4181.18755462253,8916.59577544311,1.0958236592427,3.96,209.1973877,4.95976877,0.944,,17.3,21.2,,,7.12,28896811.0,0.617089075143821,76.822147540745,2.48,47.0
Peru,PER,2010,72.886,Latin America & Caribbean,Upper middle income,147527631520.729,5072.11494019615,9713.35863277619,8.33245910749577,3.6,241.43280029,4.70582962,,,16.5,20.2,,,7.54,29086019.0,0.652636898148331,77.4020936833934,2.421,45.5
Peru,PER,2011,73.327,Latin America & Caribbean,Upper middle income,171761737046.585,5861.35793645245,10462.5770434663,6.32719240161117,3.477,264.46487427,4.52216864,,1.55,15.8,19.3,,6.0,8.0,29304086.0,0.746934823460309,78.0118164985462,2.413,44.7
Peru,PER,2012,73.979,Latin America & Caribbean,Upper middle income,192650021648.583,6519.37852981527,10757.1522234351,6.13972470560435,3.238,309.31439209,4.72939587,1.139,1.55,15.2,18.5,,,8.07,29550366.0,0.83691693370644,78.6488061451268,2.356,44.4
Peru,PER,2013,74.591,Latin America & Caribbean,Upper middle income,201175543571.392,6746.80025696601,11290.5547403874,5.85251821084928,3.575,320.96490479,4.71272659,,1.55,14.7,17.8,,,7.91,29817919.0,0.901339196033327,79.3105527820586,2.317,43.9
Peru,PER,2014,75.26,Latin America & Caribbean,Upper middle income,200786250582.943,6667.13410360861,11517.7371710247,2.38215737180541,3.208,332.18841553,4.90967321,,1.6,14.2,17.2,,,7.68,30115826.0,0.994129278893009,79.9945465682649,2.271,43.1
Peru,PER,2015,75.732,Latin America & Caribbean,Upper middle income,189802976285.619,6231.71150338894,11600.3873992867,3.25224477218451,3.272,310.60983276,4.90453625,,1.6,13.8,16.6,,,7.55,30457600.0,1.12847381931302,80.698277662669,2.229,43.4
Peru,PER,2016,75.951,Latin America & Caribbean,Upper middle income,191898104390.379,6217.03599995447,12066.5460683317,3.95331871520767,3.741,311.33517456,4.89353323,1.307,1.64,13.4,16.1,,,7.55,30866494.0,1.33357065112944,81.4192362241943,2.189,43.6
Peru,PER,2017,75.958,Latin America & Caribbean,Upper middle income,211007984080.911,6736.16693725487,12591.8562879234,2.51883544233135,3.691,332.54321289,4.80915499,,1.63,13.1,15.7,,,7.53,31324637.0,1.47336535107465,82.1931650502403,2.152,43.3
Peru,PER,2018,76.018,Latin America & Caribbean,Upper middle income,222597009739.235,6978.49121548627,13078.2323503405,3.969351341365,3.492,362.75994873,5.0835557,1.373,1.61,12.8,15.3,,,7.45,31897584.0,1.81253577188754,82.6854929960921,2.118,42.4
Peru,PER,2019,76.275,Latin America & Caribbean,Upper middle income,228346006003.648,7037.00803692604,13563.5372933551,2.24063176875049,3.379,367.98739624,5.12525272,1.354,1.6,12.5,14.9,,,7.45,32449303.0,1.71486934751345,83.1033003087105,2.086,41.5
Peru,PER,2020,73.832,Latin America & Caribbean,Upper middle income,201409694755.934,6133.32552410183,12563.3038060893,-10.9333065010382,7.179,399.13800049,6.34739399,1.436,1.67,12.2,14.5,,,6.45,32838579.0,1.19250495254373,83.5267437189637,2.056,43.7
Peru,PER,2021,71.596,Latin America & Caribbean,Upper middle income,226406075008.878,6828.53422535638,15285.7706852395,13.4166456126513,5.097,455.3560791,6.67309427,1.673,1.63,11.9,14.1,,,,33155882.0,0.961612354333265,83.9480118272361,2.029,40.1
Peru,PER,2022,76.834,Latin America & Caribbean,Upper middle income,246169867862.821,7353.74598721667,16673.6937563476,2.81819976419922,4.291,445.10473633,6.0974617,1.649,1.59,11.6,13.7,,,,33475438.0,0.959183909355287,84.3663554951194,2.004,40.3
Peru,PER,2023,77.74,Latin America & Caribbean,Upper middle income,268025009709.319,7919.04634828547,17041.5682788302,-0.350699814345759,4.899,445.52667236,5.63786411,1.688,1.56,11.3,13.3,,,,33845617.0,1.09975320783678,84.7810255849745,1.98,40.7
Peru,PER,2024,77.941,Latin America & Caribbean,Upper middle income,291751523018.903,8526.29665719783,17881.8685833242,3.5152749274832,5.199,,,,,11.0,12.9,,6.4,,34217848.0,1.0937871324756,85.1912729600355,1.965,40.1
Philippines,PHL,1995,66.311,East Asia & Pacific,Upper middle income,84644328727.4825,1199.84171414993,2925.96101430374,4.62522511739661,3.68,,,,,30.8,43.0,,,,70546246.0,2.18824211617999,37.3960650120444,4.067,
Philippines,PHL,1996,66.691,East Asia & Pacific,Upper middle income,94648084429.0341,1311.09249403865,3082.30965980454,5.8603478716379,3.607,,,1.23,,29.8,41.3,,,,72190242.0,2.30364180162275,37.713489030079,4.004,
Philippines,PHL,1997,66.994,East Asia & Pacific,Upper middle income,94106317565.0846,1273.27604875636,3221.39171044246,5.18641167406165,3.592,,,1.24,,29.0,39.9,,,,73908810.0,2.35271515939024,38.0456239750098,3.943,46.0
Philippines,PHL,1998,67.212,East Asia & Pacific,Upper middle income,74492416329.9142,982.865943728564,3160.36474767269,-0.514090599541888,3.697,,,,,28.3,38.7,,,,75791024.0,2.51478327457395,38.3932821236964,3.884,
Philippines,PHL,1999,67.503,East Asia & Pacific,Upper middle income,85640171045.1254,1101.43515975318,3228.75116990073,3.34645118398267,3.751,,,,,27.7,37.7,,,,77753257.0,2.55605721072455,38.757275752998,3.825,
Philippines,PHL,2000,67.789,East Asia & Pacific,Upper middle income,83669788376.9213,1050.79273107952,3365.55833526093,4.38250500083399,3.77,32.10300446,3.05512357,1.194,0.99,27.3,36.8,,,5.82,79625397.0,2.37926588939747,39.1384171397742,3.754,47.7
Philippines,PHL,2001,67.829,East Asia & Pacific,Upper middle income,78921234457.5487,969.530611744453,3468.89888325765,3.04923134463486,3.698,27.60987473,2.84775972,1.194,0.98,26.8,36.0,,,5.82,81401488.0,2.20604531885261,39.5375185608843,3.719,
Philippines,PHL,2002,67.886,East Asia & Pacific,Upper middle income,84307345887.543,1014.90879320106,3580.38245467153,3.71625500158383,3.616,26.76997948,2.63767385,1.088,1.03,26.4,35.2,,,5.77,83068889.0,2.02766985591781,39.9553922931877,3.651,
Philippines,PHL,2003,68.049,East Asia & Pacific,Upper middle income,87039092974.2272,1027.2301192843,3761.49624592314,5.08691113513073,3.527,31.60413551,3.07663488,1.201,1.0,25.9,34.4,3.27836349606514,,5.76,84731835.0,1.98211355051959,40.3928506135438,3.591,46.6
Philippines,PHL,2004,68.301,East Asia & Pacific,Upper middle income,95001999685.3314,1099.63013023758,4037.17193795436,6.56922851180626,3.554,33.50411606,3.0468533,1.086,0.95,25.4,33.6,,,5.74,86394504.0,1.94326756715565,40.8507057988121,3.524,
Philippines,PHL,2005,68.423,East Asia & Pacific,Upper middle income,107419977318.166,1220.46018559867,4289.05223688469,4.94250511877678,3.795,45.67607498,3.74253035,1.205,0.98,25.0,32.8,,,5.64,88015962.0,1.85941217176991,41.3297701258519,3.448,
Philippines,PHL,2006,68.172,East Asia & Pacific,Upper middle income,127652926368.069,1426.14649179546,4578.70630900797,5.31641682136939,4.052,53.87452698,3.77762938,1.214,1.03,24.5,32.0,,,5.57,89508986.0,1.68208380821541,41.8308558715226,3.466,47.2
Philippines,PHL,2007,68.549,East Asia & Pacific,Upper middle income,155980408673.403,1712.65543282793,4923.19718551963,6.51929155018938,3.434,64.27903748,3.75318074,1.221,1.02,24.1,31.3,,,5.59,91075184.0,1.73463407300361,42.3470499959497,3.403,
Philippines,PHL,2008,68.643,East Asia & Pacific,Upper middle income,181624626327.361,1959.29233534978,5144.3357817008,4.34448730509183,3.72,75.69056702,3.86315918,1.232,1.52,23.7,30.7,,,5.7,92699095.0,1.76733466433421,43.1547492407016,3.401,
Philippines,PHL,2009,68.631,East Asia & Pacific,Upper middle income,175974755881.372,1864.45043406471,5157.27825093616,1.44832306275669,3.858,77.64539337,4.16451931,1.237,1.02,23.3,30.1,,,5.93,94384250.0,1.801550616238,44.3356772609527,3.376,46.3
Philippines,PHL,2010,68.883,East Asia & Pacific,Upper middle income,208368893151.144,2162.91375885614,5489.23543439664,7.33449996034538,3.605,89.35166931,4.13107872,0.543,1.02,23.0,29.5,,,6.12,96337125.0,2.04795425200975,45.5208176726647,3.315,
Philippines,PHL,2011,69.096,East Asia & Pacific,Upper middle income,234216730291.32,2383.91892522087,5705.43591174904,3.85823282795663,3.592,95.95716095,4.02518559,0.554,1.04,22.7,29.0,2.84842923283577,9.7,6.33,98248614.0,1.96473852483036,46.6833632464759,3.236,
Philippines,PHL,2012,69.237,East Asia & Pacific,Upper middle income,261920540962.63,2614.61644401308,6094.26837338658,6.89695171050985,3.504,109.2149353,4.17709208,0.564,1.01,22.4,28.6,,,6.17,100175512.0,1.94226237851608,47.9182784810426,3.143,46.5
Philippines,PHL,2013,69.283,East Asia & Pacific,Upper middle income,283902828588.718,2781.27957677397,6372.83382112545,6.75053130142255,3.497,118.87432098,4.27408695,0.574,0.95,22.2,28.3,,,6.06,102076336.0,1.87971579705684,49.1313688766206,3.042,
Philippines,PHL,2014,69.311,East Asia & Pacific,Upper middle income,297483555338.044,2866.83803761407,6688.73961232553,6.34798748260867,3.6,106.16293335,3.70313668,0.589,0.92,22.1,28.0,,,5.84,103767130.0,1.64283283802775,50.2392400212368,2.894,
Philippines,PHL,2015,69.45,East Asia & Pacific,Upper middle income,306445871242.322,2909.85818010301,6894.26702217935,6.34830971672761,3.068,113.4342804,3.8982749,0.609,0.93,22.1,27.9,,,5.85,105312992.0,1.47875384302116,51.1549047745227,2.829,44.6
Philippines,PHL,2016,69.49,East Asia & Pacific,Upper middle income,318627003016.731,2985.19564024046,7382.66758431792,7.14945675000752,2.695,118.05981445,3.95484328,0.631,1.03,22.2,27.8,,,5.9,106735719.0,1.34190709540685,51.9114748151175,2.679,
Philippines,PHL,2017,69.966,East Asia & Pacific,Upper middle income,328480736802.76,3038.12124959289,7773.79853599024,6.9309883258402,2.552,120.32259369,3.96042776,0.66,0.98,22.3,27.8,,,6.04,108119693.0,1.28830186666283,52.6010482354344,2.525,
Philippines,PHL,2018,69.761,East Asia & Pacific,Upper middle income,346841896587.313,3168.51036609727,8357.74357934219,6.34148557153473,2.338,125.27716827,3.9538188,0.695,0.94,22.5,27.9,,,6.18,109465287.0,1.23686033319068,53.2088897464754,2.378,42.3
Philippines,PHL,2019,69.68,East Asia & Pacific,Upper middle income,376823402239.136,3400.78949767074,8924.10116402887,6.11852566221303,2.237,141.6925354,4.16646004,0.732,0.98,22.6,28.0,,,6.18,110804683.0,1.21615534645287,53.7157859948017,2.215,
Philippines,PHL,2020,70.097,East Asia & Pacific,Upper middle income,361751145451.597,3227.57910235199,8238.36802037457,-9.51829474045297,2.522,166.61218262,5.16214037,0.752,0.99,22.7,28.0,,,5.66,112081264.0,1.1455140860985,54.1077719895977,2.075,
Philippines,PHL,2021,66.675,East Asia & Pacific,Upper middle income,394087359848.11,3484.38593882819,8857.78995115514,5.71473313185116,3.398,208.192276,5.97500563,0.792,0.97,22.6,27.9,,,,113100950.0,0.905660310915421,54.4504102510776,1.95,40.7
Philippines,PHL,2022,69.472,East Asia & Pacific,Upper middle income,404353369604.631,3548.06930572116,10129.7407504053,7.58098212785563,2.598,182.93432617,5.15588379,,,22.4,27.5,,,,113964338.0,0.760479216015364,54.7902343568327,1.929,
Philippines,PHL,2023,69.833,East Asia & Pacific,Upper middle income,437055627245.138,3804.08274131718,10994.8840414773,5.51894967856043,2.2,194.05484009,5.10122538,,,22.0,27.0,,,,114891199.0,0.810000998681961,55.1242716168851,1.916,39.3
Philippines,PHL,2024,69.946,East Asia & Pacific,Upper middle income,461671157904.74,3985.29464669706,11813.805926453,5.71474526128652,2.202,,,,,21.7,26.5,,7.5,,115843670.0,0.825602488528657,55.4520983215477,1.894,
Poland,POL,1995,71.8926829268293,Europe & Central Asia,High income,142838527115.448,3700.95956775144,7714.57972313137,7.92965956313934,13.695,,,2.331,5.5,12.5,14.4,,,,38594998.0,0.13572103385363,61.5973714804995,1.62,34.6
Poland,POL,1996,72.2463414634146,Europe & Central Asia,High income,160813026223.063,4163.51195431959,8310.2991272644,6.09387747385628,12.684,,,2.368,5.5,11.5,13.2,,,,38624370.0,0.0760741823645528,61.6396786847836,1.59,32.6
Poland,POL,1997,72.6463414634146,Europe & Central Asia,High income,159893964916.817,4137.00831823145,8967.11658173764,6.35890635030509,10.964,,,2.376,5.4000000954,10.4,12.0,,,,38649660.0,0.0654553694247315,61.6758780811754,1.51,
Poland,POL,1998,72.9975609756098,Europe & Central Asia,High income,175282269666.801,4533.5356551781,9520.71471060278,4.62161133761769,9.935,,,2.351,5.3000001907,9.4,10.9,,,,38663481.0,0.0357533013623718,61.7057783335144,1.44,32.3
Poland,POL,1999,73.0439024390244,Europe & Central Asia,High income,170704452714.673,4415.50067547826,10080.6880381935,4.69918479192557,12.29,,,2.286,5.0999999046,8.7,10.0,,,,38660271.0,-0.0083027528251411,61.7291881056396,1.37,32.3
Poland,POL,2000,73.7487804878049,Europe & Central Asia,High income,172953527033.013,4520.64100449111,10721.2034293332,4.65633252988236,14.928,238.00448608,5.26548243,2.223,,8.1,9.3,,,9.65,38258629.0,-1.04433539837844,61.7459160613903,1.37,33.0
Poland,POL,2001,74.2,Europe & Central Asia,High income,191823200371.284,5015.23790036613,11175.2853656421,1.23374464400356,18.435,282.8210144,5.64010143,2.267,,7.6,8.8,,,9.65,38248076.0,-0.0275871247282958,61.7557708646056,1.31,32.8
Poland,POL,2002,74.4975609756098,Europe & Central Asia,High income,199694463255.567,5223.45178967082,11841.2684087721,1.90119437968586,20.211,315.83145142,6.04828405,2.304,,7.3,8.4,,,9.83,38230364.0,-0.0463189372499392,61.7581534555696,1.25,34.1
Poland,POL,2003,74.5975609756098,Europe & Central Asia,High income,218561225998.47,5720.81366178104,12328.9011615853,3.52337117234833,19.899,339.33520508,5.93375778,2.434,6.68,7.0,8.1,,,10.24,38204570.0,-0.067492701646486,61.7281374379602,1.22,34.9
Poland,POL,2004,74.8463414634146,Europe & Central Asia,High income,256268656145.134,6711.72715262967,13413.0543202274,5.09079546409544,18.822,392.00338745,5.84185648,2.291,6.67,6.8,7.8,,,10.54,38182222.0,-0.0585127351273288,61.6555172559989,1.23,38.0
Poland,POL,2005,74.9951219512195,Europe & Central Asia,High income,306999913150.525,8043.92332253757,13935.5573148214,3.26082274679216,17.592,465.70019531,5.79073858,2.14,6.53,6.5,7.6,,,10.71,38165445.0,-0.043948953332248,61.5497010774856,1.24,35.8
Poland,POL,2006,75.1439024390244,Europe & Central Asia,High income,345897630736.173,9068.85528307627,15204.8809890545,6.20210710934373,13.794,524.09747314,5.78148365,2.183,6.48,6.3,7.3,,,11.04,38141267.0,-0.0633705742926632,61.4199688499096,1.27,34.7
Poland,POL,2007,75.2439024390244,Europe & Central Asia,High income,429715132137.503,11272.5293683383,16833.2346946924,6.7604478527626,9.551,660.92468262,5.86390114,2.197,6.44,6.0,7.0,,,11.5,38120560.0,-0.0543050208038707,61.2756005207604,1.31,34.0
Poland,POL,2008,75.5439024390244,Europe & Central Asia,High income,535612030671.888,14048.5604672654,18372.37645483,4.38377069274605,7.069,892.59698486,6.35196781,2.169,6.64,5.8,6.7,,,11.6,38125759.0,0.0136373796827091,61.1258760375274,1.39,33.5
Poland,POL,2009,75.6951219512195,Europe & Central Asia,High income,440891472247.096,11556.3026866026,19300.1669900632,2.61512859291683,8.131,759.60577393,6.57037735,2.179,6.68,5.4,6.3,29.177314043045,,11.49,38151603.0,0.067763227021235,60.9800753477,1.4,33.4
Poland,POL,2010,76.2463414634146,Europe & Central Asia,High income,478111630683.514,12567.7317676382,20990.9122325468,3.16892748258036,9.578,809.19940186,6.43533468,2.184,6.6,5.1,6.0,,,11.3,38042794.0,-0.285609121534849,60.8474783987677,1.41,33.2
Poland,POL,2011,76.6951219512195,Europe & Central Asia,High income,527848543023.469,13867.6669408192,22808.5055268899,5.25546256612796,9.576,866.09466553,6.24533606,2.204,6.6,4.9,5.7,,9.0,11.29,38063255.0,0.0537697088781007,60.7357090652544,1.33,33.2
Poland,POL,2012,76.7463414634146,Europe & Central Asia,High income,498148649702.66,13087.420943321,23728.1456821435,1.51178167644575,10.031,815.1418457,6.22854042,2.223,6.6,4.7,5.4,,,11.48,38063164.0,-0.0002390760032983,60.6341632788866,1.33,33.0
Poland,POL,2013,77.0,Europe & Central Asia,High income,518179836405.36,13621.9023794031,24433.8914344877,0.684240607051805,10.293,878.08837891,6.44993687,2.228,6.57,4.5,5.2,17.5280794501305,,11.52,38040196.0,-0.0603600174744649,60.5333187465323,1.29,33.1
Poland,POL,2014,77.6024390243903,Europe & Central Asia,High income,542134167178.627,14262.2841914116,25459.7392273761,3.92050862390032,8.971,911.29815674,6.39059496,2.292,6.58,4.3,5.0,24.6426910161972,,11.58,38011735.0,-0.0748462292920506,60.4340063344328,1.32,32.8
Poland,POL,2015,77.4512195121951,Europe & Central Asia,High income,480054118583.367,12637.5220324406,26988.1069013509,4.43176700264478,7.475,803.95965576,6.36490345,2.311,6.59,4.2,4.9,,,11.46,37986412.0,-0.0666411009657168,60.3362886805635,1.32,31.8
Poland,POL,2016,77.8512195121951,Europe & Central Asia,High income,473259623976.262,12464.0121044827,28359.6927346266,3.03117767594847,6.141,816.08618164,6.5470438,2.397,6.59,4.1,4.8,,,11.47,37970087.0,-0.04298513087435,60.2402284228997,1.39,31.2
Poland,POL,2017,77.7536585365854,Europe & Central Asia,High income,528356723263.073,13913.3415190124,30170.2818974087,5.15245773325907,4.867,909.57818604,6.53713226,2.36,6.58,4.0,4.6,,,11.5,37974826.0,0.0124800985844923,60.145888199417,1.48,29.7
Poland,POL,2018,77.6024390243903,Europe & Central Asia,High income,594616632477.019,15658.210586693,32345.1066076225,6.2458584723942,3.835,978.73565674,6.25094128,2.341,6.49,3.9,4.5,,,11.63,37974750.0,-0.0002001327828384,60.0533306480907,1.46,30.2
Poland,POL,2019,77.9048780487805,Europe & Central Asia,High income,602683770144.88,15874.5220531254,35882.3655065553,4.58045817256199,3.267,1014.03820801,6.38906956,3.279,6.13,3.8,4.5,,,11.63,37965475.0,-0.0244271070993493,59.9626184068963,1.44,28.8
Poland,POL,2020,76.4,Europe & Central Asia,High income,605914237903.742,16150.9304813473,37089.3004256812,-2.03556882399977,3.155,1025.98486328,6.42739105,3.303,6.15,3.8,4.4,,,11.66,37515748.0,-1.19164026205913,59.8738141138092,1.39,28.5
Poland,POL,2021,75.3512195121951,Europe & Central Asia,High income,689170230665.35,18635.5104895754,41059.5847829682,6.92718266052501,3.268,1183.30236816,6.3654809,3.415,6.22,3.7,4.4,,,,36981559.0,-1.4341408496549,59.8096513205543,1.33,28.5
Poland,POL,2022,77.1560975609756,Europe & Central Asia,High income,695607470875.276,18891.2121169279,46777.5524519162,5.25545697386036,2.811,1219.29125977,6.46619797,3.424,6.04,3.7,4.3,,,,36821749.0,-0.433070695882457,59.8315488048321,1.29,28.9
Poland,POL,2023,78.2585365853659,Europe & Central Asia,High income,812451193396.143,22145.2660647429,48473.0940286419,0.249610834017872,2.743,1577.98168945,7.13848782,4.031,,3.7,4.3,,,,36687353.0,-0.365658526875775,59.8859561370214,1.2,28.5
Poland,POL,2024,78.409756097561,Europe & Central Asia,High income,917767106146.761,25103.565661423,51262.5105756884,3.02841630700273,2.807,2014.12780762,8.06380177,,,3.6,4.2,,8.1,,36559233.0,-0.349832361234927,59.9705468695101,1.14,
Portugal,PRT,1995,75.3121951219512,Europe & Central Asia,High income,118122007430.012,11781.3618502221,14406.3254746951,4.28278017236022,7.064,,,2.929,3.9000000954,7.5,9.8,,,,10026176.0,0.346203938301886,51.008291015927,1.41,
Portugal,PRT,1996,75.2609756097561,Europe & Central Asia,High income,122630089680.27,12185.0914010629,14922.0003851427,3.50424653058748,7.298,,,3.008,4.0,7.0,9.2,,,,10063945.0,0.375996187340096,51.6932632041232,1.44,
Portugal,PRT,1997,75.4121951219512,Europe & Central Asia,High income,117016535162.95,11575.5071124358,15789.4850482915,4.40086766458026,6.571,,,3.049,3.9000000954,6.6,8.6,,,,10108977.0,0.446460604971181,52.3795796967868,1.47,
Portugal,PRT,1998,75.7121951219512,Europe & Central Asia,High income,123946327916.296,12199.206385024,16688.0352409852,4.80796318953165,4.64,,,3.106,3.9000000954,6.3,8.2,10.1418025791645,,,10160196.0,0.505389233382722,53.063097347651,1.47,
Portugal,PRT,1999,75.9634146341463,Europe & Central Asia,High income,127470385557.184,12475.2917701476,17718.1515724418,3.90657779623113,4.579,,,3.127,3.7999999523,5.9,7.7,10.1680770516396,,,10217828.0,0.565630442435222,53.7396730104491,1.5,
Portugal,PRT,2000,76.3146341463415,Europe & Central Asia,High income,118605192877.388,11526.3720667968,18883.1145969452,3.81617714108242,3.806,995.34210205,8.60104179,3.207,3.71,5.5,7.2,10.6629647314548,,12.77,10289898.0,0.702859953319024,54.4051635389142,1.55,
Portugal,PRT,2001,76.8146341463415,Europe & Central Asia,High income,121604107164.997,11734.7649743954,19528.5826120827,1.94367213427915,3.829,1015.54956055,8.62751579,3.258,3.65,5.1,6.6,11.0829018056393,,12.77,10362722.0,0.705230637323876,55.0679833009212,1.45,
Portugal,PRT,2002,77.0658536585366,Europe & Central Asia,High income,134795565549.419,12936.6928204482,20356.647299736,0.770924781247714,4.497,1139.4029541,8.78642941,3.291,3.57,4.7,6.0,,,12.6,10419631.0,0.547667939660689,55.789299869679,1.46,
Portugal,PRT,2003,77.219512195122,Europe & Central Asia,High income,165226175536.793,15797.7821340276,20849.5943833375,-0.930521045062918,6.132,1443.37792969,9.12415695,3.342,3.58,4.3,5.5,15.8775746822357,,12.48,10458821.0,0.375411414855816,56.5865509520713,1.44,38.8
Portugal,PRT,2004,77.6707317073171,Europe & Central Asia,High income,189382122532.169,18064.1580932987,21475.5711021267,1.78873552917291,6.319,1723.74401855,9.5325079,3.417,3.59,3.9,5.0,,,12.31,10483861.0,0.239128989611917,57.4171857647664,1.4,38.9
Portugal,PRT,2005,78.0707317073171,Europe & Central Asia,High income,197253876704.921,18780.12751241,22725.2774946084,0.781847569123585,7.582,1814.35449219,9.65306759,3.502,3.56,3.7,4.7,,,12.18,10503330.0,0.185532266654625,58.2450763389585,1.41,38.5
Portugal,PRT,2006,78.419512195122,Europe & Central Asia,High income,208756449275.848,19839.4540499032,24677.2834629922,1.62503532956156,7.649,1857.64526367,9.35422611,3.572,3.48,3.4,4.4,,,11.95,10522288.0,0.18033244147767,59.0340947058419,1.37,38.1
Portugal,PRT,2007,78.3219512195122,Europe & Central Asia,High income,240496147317.381,22811.0564844365,25738.0214895961,2.50657937751231,7.965,2112.52880859,9.25186634,3.657,3.43,3.3,4.2,,,11.78,10542964.0,0.196304384487306,59.7481128966109,1.35,36.8
Portugal,PRT,2008,78.5243902439025,Europe & Central Asia,High income,263416394624.084,24949.0413566739,26665.8372952939,0.319247344434558,7.553,2391.98120117,9.58307838,3.752,3.39,3.2,4.0,,,11.68,10558177.0,0.144191279853498,60.3510029424595,1.39,36.6
Portugal,PRT,2009,78.7268292682927,Europe & Central Asia,High income,244667762835.543,23151.2154130712,26471.9079607159,-3.12207827545093,9.432,2346.54199219,10.13070393,3.858,3.37,3.1,3.9,,,11.59,10568247.0,0.0953308592370666,60.8066368745822,1.34,34.9
Portugal,PRT,2010,79.0268292682927,Europe & Central Asia,High income,238443864993.217,22551.935098809,27292.0819531528,1.73762453640036,10.771,2259.30371094,10.01858425,3.982,3.37,3.0,3.8,,,11.4,10573100.0,0.0459100367184907,61.0788867241731,1.39,35.8
Portugal,PRT,2011,80.4707317073171,Europe & Central Asia,High income,245426767676.002,23246.5425416481,26803.2336904645,-1.71352745905065,12.715,2255.96923828,9.71847439,4.123,3.37,3.0,3.7,,9.6,10.86,10557560.0,-0.147084878575482,61.1410698395502,1.35,36.3
Portugal,PRT,2012,80.3731707317073,Europe & Central Asia,High income,216536676771.973,20593.4274224109,26476.2182777269,-4.05090267621935,15.509,1976.91479492,9.64000225,4.241,3.41,3.0,3.7,,,10.33,10514844.0,-0.405421787747567,61.1409793914666,1.28,36.0
Portugal,PRT,2013,80.7219512195122,Europe & Central Asia,High income,226677408291.745,21676.4859642714,27966.0874254705,-0.984106574148328,16.237,2027.42089844,9.39476109,4.399,3.39,2.9,3.6,18.4529438614845,,10.12,10457295.0,-0.548815210952228,61.1405315215642,1.21,36.2
Portugal,PRT,2014,81.1219512195122,Europe & Central Asia,High income,230078616299.675,22120.6850127107,28764.5254955042,0.741391420706506,13.88,2056.61474609,9.33570766,4.562,3.32,2.9,3.6,17.8301244974136,,10.29,10401062.0,-0.539190466792077,61.1394537361116,1.24,35.6
Portugal,PRT,2015,81.1243902439025,Europe & Central Asia,High income,199038523119.639,19215.7813014347,29608.0071513956,1.58979803702681,12.405,1787.03759766,9.33309937,4.748,3.36,2.9,3.6,,,10.54,10358076.0,-0.414141101993213,61.137469211538,1.31,35.5
Portugal,PRT,2016,81.1243902439025,Europe & Central Asia,High income,206305431241.638,19980.2808866516,31589.2695609552,2.00414129666575,11.058,1870.31848145,9.39989281,4.93,3.39,2.9,3.6,,,10.55,10325452.0,-0.315459016997883,61.1343011242723,1.37,35.2
Portugal,PRT,2017,81.4243902439025,Europe & Central Asia,High income,220862990767.229,21442.3842768879,32970.8395386562,3.31472008175986,8.878,1991.32263184,9.32668972,5.103,3.38,2.9,3.6,,,10.44,10300300.0,-0.243889410358812,61.1296726507436,1.38,33.8
Portugal,PRT,2018,81.3243902439024,Europe & Central Asia,High income,242092894542.888,23541.1401075289,34896.7993382974,2.94628343449202,6.966,2206.71240234,9.42121029,5.276,3.43,2.9,3.5,,,10.45,10283822.0,-0.160104021146769,61.1233069673808,1.42,33.5
Portugal,PRT,2019,81.6756097560976,Europe & Central Asia,High income,240115970063.019,23343.3628970034,37865.5603564295,2.74568432648596,6.422,2209.50219727,9.50868607,5.422,3.49,2.8,3.5,,,10.45,10286263.0,0.0237334946497115,61.114927250613,1.44,32.8
Portugal,PRT,2020,81.3292682926829,Europe & Central Asia,High income,229618773422.577,22299.4044062173,35966.712796561,-8.20463159324387,6.85,2328.35571289,10.52074051,5.576,3.47,2.8,3.4,,,8.88,10297081.0,0.10511412524675,61.1042566768691,1.42,34.7
Portugal,PRT,2021,81.3780487804878,Europe & Central Asia,High income,256055879091.139,24711.4510062111,38657.6677223429,5.55875672070374,6.712,2764.04296875,11.22031498,5.711,3.49,2.7,3.3,,,,10361831.0,0.626850165433157,61.0951249296597,1.35,34.6
Portugal,PRT,2022,81.6317073170732,Europe & Central Asia,High income,256898677175.024,24620.5197587181,45250.0152469537,6.98584137580278,6.138,2600.56665039,10.5492239,5.851,3.48,2.7,3.3,,,,10434332.0,0.697256448023043,61.1259255772782,1.43,36.3
Portugal,PRT,2023,82.3292682926829,Europe & Central Asia,High income,292323800948.839,27634.6183139773,49800.3476220918,3.09998745904281,6.498,2762.26293945,10.02761173,,,2.7,3.2,,,,10578174.0,1.36912985956796,61.2048652633664,1.45,33.9
Portugal,PRT,2024,82.3829268292683,Europe & Central Asia,High income,313656884870.859,29328.3067415343,52512.5651003677,2.21459232301109,6.5,2971.03930664,10.24061108,,,2.7,3.2,,10.5,,10694681.0,1.09536933248007,61.3281907341332,1.41,
Romania,ROU,1995,69.4560975609756,Europe & Central Asia,High income,37430162102.6125,1650.04922365201,5429.00790633242,6.23351148371351,8.01,,,1.77,7.6399998665,22.0,27.0,,,,22684270.0,-0.20231879638046,53.8985438392597,1.33,31.2
Romania,ROU,1996,69.1048780487805,Europe & Central Asia,High income,36937074278.3004,1633.01064354117,5745.66631355503,3.90770208816159,6.74,,,1.815,7.5599999428,21.7,26.5,,,,22619004.0,-0.288129485530899,53.677523113411,1.3,
Romania,ROU,1997,69.0048780487805,Europe & Central Asia,High income,35575214078.2428,1577.33656023974,5564.37530438768,-4.8490627379703,5.515,,,1.802,7.3800001144,21.3,25.8,,,,22553978.0,-0.287897951541563,53.4454304223393,1.32,30.5
Romania,ROU,1998,69.8073170731708,Europe & Central Asia,High income,41696091973.7076,1852.5549693339,5544.67124560848,-2.02981290571721,5.63,,,1.854,7.3099999428,20.5,24.6,,,,22507344.0,-0.206980241940766,53.2201892003114,1.32,31.1
Romania,ROU,1999,70.5121951219512,Europe & Central Asia,High income,35953156753.739,1599.90622808339,5596.46426586706,-0.376660705758994,6.239,,,1.906,7.3099999428,19.1,22.9,,,,22472040.0,-0.156978616024445,53.0197228815939,1.3,29.4
Romania,ROU,2000,71.1634146341463,Europe & Central Asia,High income,37253739511.1273,1659.92904910528,5850.11618879062,2.4612634592269,6.969,69.89345551,4.20876169,1.961,7.83,18.0,21.4,,,19.05,22442971.0,-0.129440039806255,52.8619549004535,1.31,29.3
Romania,ROU,2001,71.1609756097561,Europe & Central Asia,High income,40395116581.4832,1825.19299373184,6519.88442713201,5.21813625673708,6.561,78.8175354,4.37598133,1.988,7.91,17.3,20.6,,,19.05,22131970.0,-1.39542998635748,52.764808691157,1.27,29.4
Romania,ROU,2002,71.009756097561,Europe & Central Asia,High income,46065502702.5817,2119.85509684554,7162.33309403077,5.70299165043771,8.112,96.57698822,4.57694626,2.104,7.68,17.1,20.2,,,19.4,21730496.0,-1.83065499370162,52.7466427937759,1.27,30.2
Romania,ROU,2003,71.309756097561,Europe & Central Asia,High income,57806384143.166,2679.40626016154,7559.37879427633,2.34114732919521,6.95,143.54553223,5.37136793,2.007,6.79,16.9,19.9,,,19.29,21574326.0,-0.7212622974018,52.8023493819682,1.3,29.9
Romania,ROU,2004,71.5609756097561,Europe & Central Asia,High income,74973656851.8076,3494.99056448955,8989.35842777528,10.4281130180976,7.719,190.7950592,5.47733593,2.25,6.83,16.4,19.3,,,18.69,21451748.0,-0.569786272532879,52.9175295523808,1.33,30.0
Romania,ROU,2005,71.9121951219512,Europe & Central Asia,High income,98454380120.0761,4618.00350802913,9602.12221045768,4.6681480508487,7.174,254.52961731,5.52778196,2.234,6.91,15.5,18.2,,,18.32,21319685.0,-0.61753095660306,53.074507031037,1.4,29.8
Romania,ROU,2006,72.1634146341463,Europe & Central Asia,High income,122023735992.706,5757.53127301178,11554.1030525663,8.02881107599163,7.27,291.00408936,5.07106066,2.231,6.92,14.3,16.7,,,18.09,21193760.0,-0.592402560029107,53.2566380678272,1.42,39.6
Romania,ROU,2007,72.5658536585366,Europe & Central Asia,High income,174588782938.583,8360.33775916596,13702.7269257817,7.23380774362805,6.413,415.06790161,5.02223349,2.309,6.75,12.9,15.2,,,18.34,20882982.0,-1.47722298197717,53.4472789126416,1.45,37.5
Romania,ROU,2008,72.5658536585366,Europe & Central Asia,High income,214315932061.275,10435.1561230787,16782.1218359924,9.30746717077338,5.787,521.31561279,5.02277184,2.426,6.82,11.8,13.9,15.6976744532585,,18.39,20537875.0,-1.66638264306554,53.6297858153706,1.6,36.4
Romania,ROU,2009,73.309756097561,Europe & Central Asia,High income,174110532658.867,8548.4543409242,16640.8096121507,-5.51670615843011,6.859,449.37692261,5.27816248,2.449,6.91,11.1,13.0,,,18.13,20367487.0,-0.833088754778975,53.7875150259042,1.66,35.6
Romania,ROU,2010,73.4585365853659,Europe & Central Asia,High income,170064350671.827,8399.5374234284,17354.7164981302,-3.90581157302972,6.959,472.20751953,5.63882685,2.485,6.59,10.5,12.4,,,17.62,20246871.0,-0.593959183588628,53.9038227941329,1.59,35.5
Romania,ROU,2011,74.409756097561,Europe & Central Asia,High income,192623977894.173,9560.6755277458,18803.8819856631,4.49558909946313,7.177,426.59973145,4.47503996,2.522,6.46,10.0,11.8,,7.7,17.32,20147528.0,-0.491866212866043,53.9608874244169,1.47,35.9
Romania,ROU,2012,74.4121951219512,Europe & Central Asia,High income,179117323107.087,8929.95366231474,19807.4757017991,1.90361696799603,6.794,401.67105103,4.50939083,2.598,6.56,9.5,11.2,,,17.18,20058035.0,-0.445177936198383,53.9563092496073,1.52,36.5
Romania,ROU,2013,75.0634146341463,Europe & Central Asia,High income,189798603751.235,9497.67411615237,19678.1401421845,0.278771877470234,7.096,495.23623657,5.2240696,2.633,6.65,8.9,10.6,,,17.09,19983693.0,-0.371323062878035,53.9101758034365,1.46,36.9
Romania,ROU,2014,74.909756097561,Europe & Central Asia,High income,199722319675.741,10031.7710755404,20633.0192361402,4.11600109267832,6.802,503.34753418,5.0276823,2.69,6.69,8.3,9.9,9.37343537807465,,16.98,19908979.0,-0.374575497762261,53.8267187624053,1.56,36.0
Romania,ROU,2015,74.9121951219512,Europe & Central Asia,High income,177885131240.315,8977.01748158196,21624.5759002018,3.1570360543854,6.812,442.24038696,4.94292021,2.758,6.77,7.7,9.2,,,16.85,19815616.0,-0.470052227864654,53.7071839518893,1.62,35.9
Romania,ROU,2016,75.209756097561,Europe & Central Asia,High income,185290759248.844,9404.54005870715,23905.2650215388,2.85993252302089,5.901,476.24505615,5.08012772,2.83,6.81,7.1,8.5,,,16.82,19702267.0,-0.573660845379617,53.5528171972639,1.69,34.4
Romania,ROU,2017,75.209756097561,Europe & Central Asia,High income,210147385855.419,10727.9822007426,26943.28718432,8.19547826641261,4.927,555.11309814,5.18878555,2.912,6.86,6.6,7.9,,,16.92,19588715.0,-0.578007015146885,53.3648643239046,1.78,36.0
Romania,ROU,2018,75.3585365853659,Europe & Central Asia,High income,241791427223.903,12416.134317959,29382.8866943611,5.39452228185675,4.187,687.15411377,5.51454878,3.028,6.92,6.1,7.3,,,16.99,19473970.0,-0.587493307403584,53.1445711571868,1.76,35.8
Romania,ROU,2019,75.6073170731707,Europe & Central Asia,High income,250080428511.595,12909.6104013244,33425.1219389628,3.96028958497598,3.912,738.5581665,5.69924641,3.165,7.01,5.6,6.8,,,16.99,19371648.0,-0.526814821936341,52.8931835224862,1.77,34.8
Romania,ROU,2020,74.2536585365854,Europe & Central Asia,High income,250624575871.819,13009.1525348396,34193.845654499,-3.59802546034757,5.035,809.58880615,6.20959711,3.307,7.07,5.4,6.5,,,16.8,19265250.0,-0.550759892541776,52.611947245178,1.8,34.6
Romania,ROU,2021,72.809756097561,Europe & Central Asia,High income,285072444957.216,14908.0412813921,37534.0002643549,5.58735072538869,5.59,963.01287842,6.45246983,3.486,7.16,5.3,6.4,,,,19122059.0,-0.746036478523061,52.2321512130811,1.81,33.9
Romania,ROU,2022,75.1536585365854,Europe & Central Asia,High income,295317862855.924,15503.4691366242,41979.4260140907,4.18771305104109,5.614,902.2677002,5.79823256,3.625,7.23,5.4,6.6,,,,19048502.0,-0.385412679960785,52.1634832477272,1.71,32.3
Romania,ROU,2023,76.4048780487805,Europe & Central Asia,High income,347757995758.914,18244.4186876321,45981.6373404846,2.25773416555121,5.589,1050.99755859,5.70901489,,,5.6,6.9,,,,19061062.0,0.0659152146414443,52.1645747011867,1.54,29.8
Romania,ROU,2024,76.4585365853659,Europe & Central Asia,High income,382564217988.866,20080.2096215595,49076.7137157187,0.916003764382594,5.4,,,,,6.0,7.3,,7.5,,19051804.0,-0.0485820204761977,52.1674778928768,1.39,
Russian Federation,RUS,1995,64.6907317073171,Europe & Central Asia,High income,395537185734.854,2665.77978515625,5613.28076171875,-4.1435284052602,9.449,,,4.408,11.8699998856,17.8,22.0,19.5969790220261,,,148375787.0,-0.0216487632128753,72.9352798461914,1.337,
Russian Federation,RUS,1996,65.8541463414634,Europe & Central Asia,High income,391724890744.498,2643.92919921875,5517.85888671875,-3.7550694383594,9.665,,,4.519,11.6300001144,17.5,21.7,21.1268186569214,,,148160129.0,-0.145451546598357,73.0623092651367,1.27,46.1
Russian Federation,RUS,1997,66.6987804878049,Europe & Central Asia,High income,404928954191.876,2737.57202148438,5699.94775390625,1.3999158052963,11.813,,,4.555,11.3400001526,17.2,21.3,,,,147915361.0,-0.165341653753189,73.1156616210938,1.218,38.4
Russian Federation,RUS,1998,67.029756097561,Europe & Central Asia,High income,270955486862.442,1834.86181640625,5465.05615234375,-5.2999616266239,13.261,,,4.605,11.1099996567,16.8,20.8,21.0712045431137,,,147670784.0,-0.165486143348056,73.1912078857422,1.232,38.1
Russian Federation,RUS,1999,65.9821951219512,Europe & Central Asia,High income,195907128350.934,1330.75720214844,5914.326171875,6.39991469144101,13.036,,,4.635,10.8500003815,16.2,20.2,,,,147214776.0,-0.309278191504336,72.96533203125,1.157,37.4
Russian Federation,RUS,2000,65.4836585365854,Europe & Central Asia,High income,259710142196.943,1771.59411621094,6825.3916015625,10.0000668136515,10.581,95.20859528,5.01989794,4.636,10.73,15.6,19.4,21.3540613651276,,13.86,146596869.0,-0.420614990249978,73.1568222045898,1.195,37.1
Russian Federation,RUS,2001,65.3834146341463,Europe & Central Asia,High income,306602070620.5,2100.3525390625,7361.36376953125,5.10005122572568,8.978,117.87785339,5.24284792,4.639,10.66,14.8,18.4,21.3061034679413,,13.86,145976482.0,-0.424090524785415,73.22998046875,1.223,36.9
Russian Federation,RUS,2002,65.1287804878049,Europe & Central Asia,High income,345470494417.863,2377.52954101563,8037.474609375,4.69999190914258,7.875,140.05729675,5.52166557,4.676,10.49,13.9,17.3,22.664774954319,,14.12,145306497.0,-0.460024258081391,73.2929008030615,1.286,37.3
Russian Federation,RUS,2003,65.0275609756098,Europe & Central Asia,High income,430347420184.885,2975.123046875,9254.537109375,7.29995234528189,8.21,163.31135559,5.16368914,4.705,10.34,12.9,16.1,19.9064664542675,,14.33,144648618.0,-0.453780668020263,73.4057388305664,1.319,40.0
Russian Federation,RUS,2004,65.4709756097561,Europe & Central Asia,High income,591016690732.385,4102.36474609375,10226.7666015625,7.19994786954857,7.763,207.61283875,4.7603755,4.74,9.79,12.0,15.0,23.3586207032204,,14.45,144067316.0,-0.402681471328549,73.3065795898438,1.344,40.3
Russian Federation,RUS,2005,65.529756097561,Europe & Central Asia,High income,764015973481.11,5323.455078125,11822.3466796875,6.39996544799469,7.124,270.1439209,4.77177477,4.774,9.64,11.1,13.9,24.1024151444435,,14.5,143518814.0,-0.381452794741516,73.1613922119141,1.294,41.3
Russian Federation,RUS,2006,66.7275609756098,Europe & Central Asia,High income,989932071352.543,6920.19970703125,14912.234375,8.20006825456321,7.055,350.84014893,4.76654387,4.873,9.55,10.2,12.8,20.7261383533478,,14.62,143049637.0,-0.327445270108383,73.2439193725586,1.305,41.0
Russian Federation,RUS,2007,67.5868292682927,Europe & Central Asia,High income,1299703478481.65,9101.2392578125,16648.2421875,8.49997776916511,6.002,459.60296631,4.74792528,4.917,9.39,9.5,12.0,20.5867514014244,,14.65,142805114.0,-0.17108203294568,73.3856048583984,1.416,42.3
Russian Federation,RUS,2008,67.9492682926829,Europe & Central Asia,High income,1660848058303.11,11635.2841796875,20163.609375,5.19996926404957,6.205,606.77508545,4.90364122,4.894,9.12,9.0,11.3,21.4116096496582,,14.46,142742366.0,-0.0439492591634852,73.4822463989258,1.502,41.6
Russian Federation,RUS,2009,68.6846341463415,Europe & Central Asia,High income,1222645900055.7,8562.82421875,19389.94140625,-7.79999391271275,8.301,513.91033936,5.64392471,4.944,8.89,8.6,10.7,21.6501861810684,,14.09,142785348.0,0.030107060167659,73.5288696289062,1.542,39.8
Russian Federation,RUS,2010,68.8412195121951,Europe & Central Asia,High income,1524916715223.95,10674.990234375,20490.126953125,4.49999999920672,7.407,564.30065918,4.97111797,4.973,8.69,8.3,10.4,21.1698085069656,,13.76,142849468.0,0.0448964884428055,73.6696307887624,1.567,39.5
Russian Federation,RUS,2011,69.6839024390244,Europe & Central Asia,High income,2045922753398.04,14305.33203125,22789.54296875,4.30002918604238,6.571,681.04345703,4.79491472,4.22,8.51,8.1,10.2,19.8248912890752,9.7,13.6,143018195.0,0.118045544446964,73.8534851074219,1.582,39.7
Russian Federation,RUS,2012,70.0721951219512,Europe & Central Asia,High income,2208293553878.42,15401.8515625,24273.517578125,4.0240861571798,5.484,755.48553467,4.93637276,4.003,8.33,7.9,9.9,23.7344861030579,,13.32,143378447.0,0.251575708072649,73.97265625,1.691,40.7
Russian Federation,RUS,2013,70.5787804878049,Europe & Central Asia,High income,2292470078346.22,15941.4482421875,26019.7265625,1.75542214916291,5.513,805.52130127,5.08104849,3.987,8.08,7.6,9.5,24.391882121563,,12.84,143805638.0,0.297503474179596,74.0762949770228,1.707,40.9
Russian Federation,RUS,2014,70.7436585365854,Europe & Central Asia,High income,2059241589895.01,14055.47265625,25688.2265625,0.736267221403651,5.212,736.32177734,5.1820941,4.12,7.85,7.1,8.9,25.001448392868,,12.16,144237223.0,0.299667432459938,74.1776476748791,1.75,36.9
Russian Federation,RUS,2015,71.1834146341463,Europe & Central Asia,High income,1363482182197.71,9277.7138671875,23994.013671875,-1.9727192264298,5.615,496.94955444,5.29604626,3.925,7.55,6.6,8.2,,,11.64,144640716.0,0.279352077762368,74.275919065527,1.777,36.5
Russian Federation,RUS,2016,71.6512195121951,Europe & Central Asia,High income,1276786350881.14,8663.158203125,24012.40234375,0.193671130698817,5.591,463.29275513,5.28970337,3.964,7.37,6.0,7.5,,,11.05,145015460.0,0.258751057379474,74.3703138709243,1.762,36.7
Russian Federation,RUS,2017,72.4514634146342,Europe & Central Asia,High income,1574199360089.0,10658.9130859375,25777.904296875,1.82670527549192,5.238,577.06811523,5.35890055,4.058,7.21,5.5,6.9,,,10.72,145293260.0,0.191382528772924,74.460036813029,1.621,35.5
Russian Federation,RUS,2018,72.6621951219512,Europe & Central Asia,High income,1657328773461.31,11211.8876953125,28628.5625,2.80634082046656,4.871,606.11401367,5.35520792,4.097,7.14,5.1,6.4,,,10.42,145398106.0,0.0721356165400605,74.5442926137992,1.579,35.3
Russian Federation,RUS,2019,73.0839024390244,Europe & Central Asia,High income,1693115002708.32,11447.701171875,30963.853515625,2.19807571381982,4.513,650.47058105,5.64849091,4.165,7.03,4.8,6.0,,,10.42,145453291.0,0.037947213753429,74.6222859951926,1.504,35.7
Russian Federation,RUS,2020,71.3387804878049,Europe & Central Asia,High income,1493075894362.14,10108.3271484375,31490.8046875,-2.65365449695453,5.62,814.94451904,8.04076004,3.807,7.05,4.6,5.7,,,10.53,145245148.0,-0.143202031827637,74.6932216791674,1.505,33.7
Russian Federation,RUS,2021,69.900243902439,Europe & Central Asia,High income,1829186719575.1,12425.029296875,38638.4296875,5.866491772979,4.749,881.74395752,7.0299139,5.087,6.99,4.4,5.5,,,,144746762.0,-0.343724409889771,74.7516840220252,1.505,35.1
Russian Federation,RUS,2022,72.5456097560976,Europe & Central Asia,High income,2292495097681.47,15625.6328125,40932.71484375,-1.43537063467896,3.867,1082.82104492,6.8788662,5.111,6.84,4.3,5.4,,,,144236933.0,-0.352843110363082,74.8544893625017,1.416,33.9
Russian Federation,RUS,2023,73.2546341463415,Europe & Central Asia,High income,2046284838151.09,13986.9951171875,44298.67578125,4.06661395813023,3.076,1003.33166504,7.04438496,,6.81,4.2,5.3,,,,143826130.0,-0.285217600763343,74.9805047873279,1.41,33.0
Russian Federation,RUS,2024,73.4404878048781,Europe & Central Asia,High income,2186462268813.08,14961.8974609375,47686.06640625,4.92167966203073,2.43,,,,,4.1,5.2,,5.9,,143669648.0,-0.108858652841079,75.1119136177067,1.418,
Rwanda,RWA,1995,41.518,Sub-Saharan Africa,Low income,1293535193.49248,227.971147849318,507.626495706624,35.224078310176,11.938,,,,,126.5,218.4,,,,5674118.0,-17.9882140556853,8.81556593108499,6.345,
Rwanda,RWA,1996,42.486,Sub-Saharan Africa,Low income,1382334879.40812,206.04911417485,492.923026442821,12.7456957642204,11.507,,,,,129.0,222.3,,,,6708764.0,16.7499598547072,10.2985679583814,6.289,
Rwanda,RWA,1997,41.978,Sub-Saharan Africa,Low income,1851558197.31088,238.749371368214,493.837338047103,13.8497524852284,11.087,,,,,128.5,221.4,,,,7755238.0,14.4953754701447,11.8344861701004,6.235,
Rwanda,RWA,1998,43.099,Sub-Saharan Africa,Low income,1989343546.17594,246.154673288384,521.667804160771,8.85866949472509,11.255,,,,,124.4,213.9,,,,8081681.0,4.12314094141164,13.3253915215227,6.171,
Rwanda,RWA,1999,45.749,Sub-Saharan Africa,Low income,2157108262.84452,264.74368682977,547.585999610784,4.35188831823314,11.569,,,,,117.1,200.6,,,,8147912.0,0.816180266067736,14.6733549679289,6.059,
Rwanda,RWA,2000,47.798,Sub-Saharan Africa,Low income,2068836754.37431,251.86926386091,601.988411078673,8.37089593573039,11.699,9.00399399,3.57583427,,,108.1,184.2,,,1.43,8213931.0,0.806991709703052,15.7804474645996,5.967,48.5
Rwanda,RWA,2001,49.49,Sub-Saharan Africa,Low income,1966600715.49841,237.308846200901,661.874033959057,8.48456034086699,11.732,7.86746025,3.31599975,,,98.4,166.5,,,1.43,8287094.0,0.886774966312804,16.5487399668155,5.893,
Rwanda,RWA,2002,51.262,Sub-Saharan Africa,Low income,1966003468.49117,234.043016755733,750.588737505889,13.1920736288433,11.432,7.32393837,3.12787294,0.019,,88.7,149.1,,,1.42,8400180.0,1.35537693210796,16.8778847116752,5.816,
Rwanda,RWA,2003,53.529,Sub-Saharan Africa,Low income,2138237278.73822,249.012274982252,765.257036695526,2.2023875095978,11.658,17.25927353,6.92888737,,,79.5,132.7,,,1.37,8586875.0,2.19817405049677,16.8947432312369,5.737,
Rwanda,RWA,2004,55.52,Sub-Saharan Africa,Low income,2376496067.01198,269.540446333402,822.338460724358,7.44766737037035,11.699,20.23413277,7.50856972,0.049,,71.1,117.5,,,1.38,8816844.0,2.6429108159401,16.9020099536792,5.64,
Rwanda,RWA,2005,56.968,Sub-Saharan Africa,Low income,2933819766.17656,324.016863847189,903.307274927141,9.37789916585375,11.842,25.02086639,7.71997023,0.024,,64.0,104.5,,,1.4,9054528.0,2.66009812240039,16.9072114459454,5.5,52.0
Rwanda,RWA,2006,58.342,Sub-Saharan Africa,Low income,3274207945.36553,352.093916578347,990.317534460501,9.22707576994632,11.586,27.1564312,7.60511971,,,58.1,93.4,,,1.4,9299246.0,2.66683575241351,16.9110139245047,5.335,
Rwanda,RWA,2007,59.504,Sub-Saharan Africa,Low income,4017977506.55904,420.733580702508,1066.05134610916,7.63329819042882,11.58,33.50738907,7.86262226,,,53.2,84.1,,,1.32,9549933.0,2.66008171576066,16.9140836058266,5.141,
Rwanda,RWA,2008,60.641,Sub-Saharan Africa,Low income,5120655375.24365,522.288339420679,1176.53444212607,11.161247324054,11.517,39.94568634,7.55971909,0.052,0.6,49.1,76.0,,,1.25,9804269.0,2.62837643087324,16.9170867063804,4.922,
Rwanda,RWA,2009,61.813,Sub-Saharan Africa,Low income,5603399014.71331,556.97399621739,1225.73184078359,6.24825750704265,11.625,43.99641418,7.79951382,0.055,0.75,45.7,69.1,,,1.26,10060432.0,2.57922030255665,16.9206894426355,4.707,
Rwanda,RWA,2010,62.804,Sub-Saharan Africa,Low income,6052276077.6354,586.599950359877,1298.43875468652,7.33465645016436,11.637,47.96871567,8.08185482,0.055,0.74,42.6,63.3,,,1.25,10317553.0,2.52365134392041,16.9255580310614,4.522,47.2
Rwanda,RWA,2011,63.476,Sub-Saharan Africa,Low income,6802676033.65947,643.356138618166,1396.03088897569,7.95838869909085,11.756,51.64939499,7.93233776,0.0129,0.72,39.3,58.1,,3.1,1.26,10573733.0,2.45262873450153,16.9323586881273,4.332,
Rwanda,RWA,2012,64.189,Sub-Saharan Africa,Low income,7556673275.95438,697.760143509565,1435.88685799239,8.64150815708138,11.671,57.26393127,8.1021471,,0.71,37.4,54.2,2.7,,1.25,10829901.0,2.39380128171382,16.9410248882148,4.201,
Rwanda,RWA,2013,64.651,Sub-Saharan Africa,Low income,7714276919.73722,695.397140963607,1491.80370844135,4.71984856950924,11.768,47.75388718,6.77388763,0.1,0.77,35.9,51.4,,,1.3,11093340.0,2.40340085493768,17.0742206053612,4.136,45.1
Rwanda,RWA,2014,65.088,Sub-Saharan Africa,Low income,8129984483.78727,715.36808783393,1655.37851110949,5.66845354233575,11.837,50.63835144,6.98448992,0.089,0.71,34.7,49.2,,,1.36,11364757.0,2.41721473954366,17.5020716539756,4.117,
Rwanda,RWA,2015,65.419,Sub-Saharan Africa,Low income,8447064078.84373,725.691418696952,1760.5877311941,8.87036752872743,11.831,48.81296921,6.65061283,0.11,0.74,33.9,47.3,,,1.37,11640022.0,2.39322566941773,18.1953149858416,4.108,
Rwanda,RWA,2016,65.733,Sub-Saharan Africa,Low income,8596812240.52305,721.258515833094,1845.25585689833,5.65874584202778,11.788,43.54212189,5.968925,0.12,0.73,33.2,45.8,,,1.36,11919183.0,2.36997866838859,19.1213951786548,4.106,43.7
Rwanda,RWA,2017,66.14,Sub-Saharan Africa,Low income,9164345443.2575,751.049039527547,1949.12266322999,4.70393439751061,11.875,40.76682663,5.37623835,0.135,0.72,32.7,44.7,,,1.34,12202060.0,2.34556709244995,20.2477568101111,4.084,
Rwanda,RWA,2018,66.354,Sub-Saharan Africa,Low income,9650161136.17648,772.754982959354,2128.1982397276,8.07084254621641,10.759,42.11674881,5.45722818,0.132,0.73,32.2,43.7,,,1.88,12487996.0,2.31630729613291,21.5418444579064,4.047,
Rwanda,RWA,2019,66.691,Sub-Saharan Africa,Low income,10519272170.3346,823.355304065304,2374.40565682007,9.28613387454543,11.236,39.81322098,4.91471481,0.117,0.73,31.7,42.7,,,1.88,12776103.0,2.28086099658628,22.9711026997362,3.985,
Rwanda,RWA,2020,66.953,Sub-Saharan Africa,Low income,10487146253.4025,802.638686936204,2355.13640819609,-2.77710485515125,11.829,45.15266418,5.79862261,0.116,0.74,31.3,41.6,,,2.87,13065837.0,2.24244883430144,24.5029761132966,3.913,
Rwanda,RWA,2021,66.85,Sub-Saharan Africa,Low income,11252894909.5043,842.581492947672,2776.39276387923,8.41140448646523,15.775,51.64677429,6.23147202,0.121,0.74,30.9,40.6,,,,13355260.0,2.1909353521865,26.1049092762833,3.841,
Rwanda,RWA,2022,67.528,Sub-Saharan Africa,Low income,13747404814.2677,1007.05989322914,3195.28136566525,9.82497394651698,15.084,57.83102036,5.92842579,0.09,0.73,30.5,39.7,,,,13651030.0,2.19046619232976,27.7806702737761,3.778,
Rwanda,RWA,2023,67.785,Sub-Saharan Africa,Low income,14806501437.282,1061.05788154076,3518.91850615405,8.55964292914153,12.352,52.65630722,5.12708998,,0.75,30.1,38.8,,,,13954471.0,2.1984982050137,28.8555310645477,3.698,39.4
Rwanda,RWA,2024,68.017,Sub-Saharan Africa,Low income,15111064181.9687,1059.93709298801,3784.9629495071,7.22717103344534,11.331,,,,,29.4,37.7,,2.1,,14256567.0,2.14176839550509,29.8849714294083,3.645,
Saudi Arabia,SAU,1995,70.944,Middle East & North Africa,High income,143343124165.554,10786.4008952769,48052.4091089165,0.311708028499027,6.365,,,,,27.7,30.3,,,,13289245.0,4.1420652625708,78.9202387655061,4.986,
Saudi Arabia,SAU,1996,71.288,Middle East & North Africa,High income,158662483311.081,11471.5045960191,48569.1633133876,3.30468254228352,5.804,,,,,25.8,28.3,,,,13831009.0,3.99580388744035,79.164642592198,4.812,
Saudi Arabia,SAU,1997,71.624,Middle East & North Africa,High income,165963684913.218,11545.3455998551,48795.6726125304,2.64731939948642,5.283,,,1.66,2.2999999523,24.1,26.5,,,,14374943.0,3.85735211036338,79.3866214749866,4.656,
Saudi Arabia,SAU,1998,71.957,Middle East & North Africa,High income,146775466666.667,9836.05729768574,48867.2501401676,2.80381183998992,4.752,,,,,22.5,24.8,,,,14922185.0,3.73624103162125,79.5914231760733,4.524,
Saudi Arabia,SAU,1999,72.29,Middle East & North Africa,High income,161717066666.667,10452.1899400479,47494.665349031,-0.633393640920247,4.346,,,,,21.1,23.3,,,,15472075.0,3.61877543912069,79.7842954576591,4.354,
Saudi Arabia,SAU,2000,72.607,Middle East & North Africa,High income,189514933333.333,11714.5623675159,48643.6072160729,4.71813422138024,4.57,493.36984253,4.2115941,0.924,,19.8,21.9,,,0.0,16177722.0,4.45983244526442,79.9704860819453,4.206,
Saudi Arabia,SAU,2001,72.951,Middle East & North Africa,High income,184137600000.0,10805.311325122,47380.8031558677,0.344593196175438,4.618,482.10446167,4.46173573,0.849,,18.6,20.6,,,0.0,17041397.0,5.20103909905512,80.155242811133,3.964,
Saudi Arabia,SAU,2002,73.296,Middle East & North Africa,High income,189605866666.667,10586.0543471363,45466.0257663413,-0.688390130317757,5.265,449.84130859,4.2493763,,2.63,17.5,19.4,,,0.0,17910910.0,4.97645227766539,80.3438134074234,3.709,
Saudi Arabia,SAU,2003,73.657,Middle East & North Africa,High income,215807733333.333,11487.220410693,48078.1186113645,8.76873381743964,5.563,457.08770752,3.97909737,,2.62,16.4,18.4,,,0.0,18786767.0,4.77427146298185,80.5414456330177,3.465,
Saudi Arabia,SAU,2004,74.027,Middle East & North Africa,High income,258742133333.333,13154.4978989446,51225.3258206545,8.63100545880309,5.822,471.45797729,3.58400965,,2.6,15.4,17.3,,,0.0,19669480.0,4.59154568390222,80.7542316538166,3.264,
Saudi Arabia,SAU,2005,74.4,Middle East & North Africa,High income,328459608764.111,15975.7473782258,53548.1964921135,5.94489623934835,6.051,545.73571777,3.4186728,,2.59,14.5,16.3,,,0.0,20559890.0,4.42738945238289,80.9775503092999,3.161,
Saudi Arabia,SAU,2006,74.762,Middle East & North Africa,High income,376900133511.348,17563.6145370639,54638.7588928274,3.31348473625901,6.254,634.81872559,3.61922002,,2.49,13.6,15.4,,,0.0,21459144.0,4.28087578648729,81.2008588083072,3.176,
Saudi Arabia,SAU,2007,75.066,Middle East & North Africa,High income,415964509673.115,18596.1502627898,55029.8712115157,2.21365396372528,5.734,662.00793457,3.56229162,,2.39,12.7,14.5,,,0.0,22368313.0,4.14945109151013,81.4230015549063,3.185,
Saudi Arabia,SAU,2008,75.301,Middle East & North Africa,High income,519796800000.0,22320.4888964331,57236.0519548093,6.2379875365458,5.085,663.14331055,2.97100711,1.971,2.31,11.9,13.7,,,0.0,23287877.0,4.02875655811595,81.6441431042994,3.074,
Saudi Arabia,SAU,2009,75.447,Middle East & North Africa,High income,429097866666.667,17718.3911648365,54787.3552120273,-1.06671711240203,5.377,760.19476318,4.29042768,1.937,2.31,11.1,12.9,,,0.0,24217654.0,3.91489465968371,81.8644480116889,2.95,
Saudi Arabia,SAU,2010,75.616,Middle East & North Africa,High income,528207466666.667,22028.3901426586,58828.7265329884,5.0395150823517,5.55,765.91680908,3.64786148,2.244,2.31,10.4,12.1,,,0.0,23978487.0,-0.992481797243179,82.0791668544465,2.81,
Saudi Arabia,SAU,2011,75.808,Middle East & North Africa,High income,680660800000.0,27126.7498747702,64125.2177225838,11.758820686671,5.77,954.38873291,3.68218255,2.27,2.25,9.7,11.4,,19.6,0.0,25091867.0,4.53867163626294,82.2543876159947,2.8,
Saudi Arabia,SAU,2012,76.09,Middle East & North Africa,High income,751921333333.333,28733.4375513452,65033.6161818077,5.76157382270968,5.622,1093.15588379,3.98779845,2.273,2.26,9.0,10.8,,,0.0,26168861.0,4.20264227505544,82.4311918025358,2.78,
Saudi Arabia,SAU,2013,76.517,Middle East & North Africa,High income,769755733333.333,27865.465604962,62202.8859202572,2.94563789152025,5.6,1189.67932129,4.42293596,2.426,2.31,8.4,10.1,,,0.0,27624004.0,5.41149124124804,82.6071884619102,2.67,
Saudi Arabia,SAU,2014,77.116,Middle East & North Africa,High income,787153066666.667,27805.4850319422,62578.0708415156,4.02467158380668,5.877,1363.59155273,5.15800905,2.371,2.34,7.8,9.6,,,0.0,28309273.0,2.45043139330282,82.7822571294871,2.68,
Saudi Arabia,SAU,2015,77.776,Middle East & North Africa,High income,693414400000.0,23256.1549553531,53930.8273872622,4.65512316652699,5.6,1309.27148438,5.8620224,2.444,2.32,7.3,9.0,,,0.0,29816382.0,5.18685551856216,82.9562773406163,2.63,
Saudi Arabia,SAU,2016,78.354,Middle East & North Africa,High income,689279466666.667,22267.7217050387,49937.0668103808,1.70404739202878,5.6,1353.21813965,6.24142838,2.466,2.31,6.8,8.5,,,0.0,30954198.0,3.74506540506437,83.129128630626,2.65,
Saudi Arabia,SAU,2017,78.721,Middle East & North Africa,High income,741266133333.333,23929.2907135982,53120.4572456269,1.18210705878283,5.89,1400.90356445,6.03126049,2.676,2.37,6.4,8.0,,,0.0,30977355.0,0.0747825622238132,83.300690534822,2.67,
Saudi Arabia,SAU,2018,78.75,Middle East & North Africa,High income,886564800000.0,29360.0658968566,59377.8025368768,3.2269508901591,6.029,1488.9753418,5.34063101,2.899,2.48,6.0,7.6,,,0.0,30196281.0,-2.5537682578428,83.4708425884849,2.67,
Saudi Arabia,SAU,2019,78.313,Middle East & North Africa,High income,888890133333.333,29566.7933827436,59560.2537904546,1.65158925617395,5.636,1504.55249023,5.46743011,2.633,2.53,5.7,7.2,,,0.0,30063799.0,-0.439701419074031,83.6394643268678,2.49,
Saudi Arabia,SAU,2020,77.596,Middle East & North Africa,High income,767951200000.0,24338.8307301067,47518.4877485153,-3.80478901996312,7.66,1574.70068359,6.64630127,3.076,2.54,5.4,6.9,,,0.0,31552510.0,4.833138517103,83.8064352851942,2.27,
Saudi Arabia,SAU,2021,77.089,Middle East & North Africa,High income,982661066666.667,31920.7653655643,62690.4966645929,6.51959698325419,6.621,1654.74353027,5.93033648,3.2,2.46,5.2,6.7,,,,30784383.0,-2.46456261487283,83.9716349986538,2.17,
Saudi Arabia,SAU,2022,77.31,Middle East & North Africa,High income,1239075200000.0,38510.2276211037,71956.6694296826,12.0005874752929,5.589,1830.89074707,5.31400585,3.482,2.44,5.0,6.4,,,,32175224.0,4.41891994509507,84.1349430023993,2.14,
Saudi Arabia,SAU,2023,78.732,Middle East & North Africa,High income,1218584800000.0,36156.8562500172,71623.785419098,0.542592439393161,4.008,1825.2545166,5.68722248,3.406,2.41,4.8,6.2,,,,33702731.0,4.63821572656175,84.2962388315415,2.28,
Saudi Arabia,SAU,2024,78.982,Middle East & North Africa,High income,1254140800000.0,35527.786181866,71936.2510663399,2.64893068308965,3.518,,,,,4.7,6.0,,23.1,,35300280.0,4.63120232685885,84.4554020211443,2.308,
Senegal,SEN,1995,57.336,Sub-Saharan Africa,Lower middle income,6326342633.4034,714.994396357297,1656.26724965623,5.46858485819628,2.846,,,0.075,,75.7,137.0,,,,8848101.0,2.56448010712284,39.808479397638,5.819,
Senegal,SEN,1996,57.129,Sub-Saharan Africa,Lower middle income,6559712165.96508,723.469950081149,1679.11494140861,2.01997720854131,2.831,,,0.093,0.4499999881,76.6,137.8,,,,9067014.0,2.44401329997373,39.9664704533115,5.723,
Senegal,SEN,1997,57.107,Sub-Saharan Africa,Lower middle income,6041478725.90443,650.776321407448,1719.04799844857,3.04560103485423,2.759,,,0.093,,77.2,137.9,,,,9283495.0,2.35950995516652,40.1278066029348,5.639,
Senegal,SEN,1998,57.076,Sub-Saharan Africa,Lower middle income,6505607909.05324,684.588105785786,1798.39199946491,5.89847931769205,2.751,,,0.095,0.400000006,77.1,136.7,,,,9502952.0,2.33643949046346,40.2959748402772,5.581,
Senegal,SEN,1999,57.315,Sub-Saharan Africa,Lower middle income,6592834932.80876,677.516338727268,1893.0328370532,6.28330825030987,2.655,,,,,76.1,133.8,,,,9730887.0,2.37025662196919,40.474462159108,5.573,
Senegal,SEN,2000,57.615,Sub-Saharan Africa,Lower middle income,6013185003.97525,603.233162455158,1963.27509871911,3.88721095816793,2.638,21.41570663,3.55015373,,,74.0,128.9,,,0.47,9968260.0,2.41009917724256,40.6667555531967,5.498,
Senegal,SEN,2001,58.158,Sub-Saharan Africa,Lower middle income,6507824829.26254,637.213530563724,2043.85289542503,4.31085146618369,2.674,23.45893669,3.68148756,,,70.6,121.7,,,0.47,10212942.0,2.42496943712898,40.8763420163126,5.397,41.2
Senegal,SEN,2002,58.912,Sub-Saharan Africa,Lower middle income,7006402319.75856,669.430447319209,2026.77782442673,0.0686965747419066,2.82,26.46221161,3.95294404,,,66.4,113.2,,,0.5,10466214.0,2.44966153599012,41.1081471561292,5.301,
Senegal,SEN,2003,59.474,Sub-Saharan Africa,Lower middle income,8768721563.18211,817.888034221442,2130.50797472927,5.59395094456143,2.781,35.14493942,4.29703569,,,61.9,104.2,6.0800351202488,,0.49,10721176.0,2.40684962152091,41.35893934855,5.246,
Senegal,SEN,2004,60.308,Sub-Saharan Africa,Lower middle income,10076816666.6196,918.102079522155,2236.29400951581,4.64329393683312,2.775,41.94406128,4.56856203,0.054,,57.5,95.5,,,0.47,10975704.0,2.34632515714346,41.6248193895895,5.192,
Senegal,SEN,2005,60.98,Sub-Saharan Africa,Lower middle income,11009033437.939,979.846101520171,2350.20037040523,4.31023852639633,2.679,36.00606155,3.67466521,,,53.5,87.6,,,0.47,11235472.0,2.33918136359556,41.9057599695838,5.133,39.2
Senegal,SEN,2006,61.801,Sub-Saharan Africa,Lower middle income,11697918243.0035,1017.20196747987,2422.09761800252,2.33077098330239,2.755,38.28113556,3.76337624,,,50.1,80.8,,,0.47,11500094.0,2.32792929230269,42.2046413043069,5.064,
Senegal,SEN,2007,62.653,Sub-Saharan Africa,Lower middle income,13994218412.9619,1188.93877808175,2499.31582871726,2.82711920133374,2.8,40.60185623,3.41496587,,,47.3,75.0,,,0.48,11770344.0,2.32279384441662,42.524343609533,5.018,
Senegal,SEN,2008,63.201,Sub-Saharan Africa,Lower middle income,16853989627.548,1398.79218010021,2580.71949171112,3.70316906391386,2.816,49.05390167,3.50687575,0.062,,44.9,70.1,,,0.46,12048959.0,2.3395118470328,42.867747101036,5.024,
Senegal,SEN,2009,63.751,Sub-Saharan Africa,Lower middle income,16145867494.9405,1308.69404336205,2605.72280253317,2.75210448455053,2.807,50.27443314,3.841573,,,43.1,66.1,,,0.43,12337389.0,2.36561415953051,43.23773199459,5.025,
Senegal,SEN,2010,64.221,Sub-Saharan Africa,Lower middle income,16121315909.0758,1275.88357492357,2662.50486617778,3.39088925336209,2.795,51.38805008,4.02764368,,,41.5,62.8,,,0.41,12635413.0,2.38690195279185,43.6371785059692,5.055,
Senegal,SEN,2011,64.799,Sub-Saharan Africa,Lower middle income,17814283639.3119,1374.67591873844,2684.94989722318,1.33409107961258,2.853,57.93114853,4.21416712,,,40.3,60.0,,3.2,0.4,12958897.0,2.52791519909846,44.0689668509475,5.099,40.3
Senegal,SEN,2012,65.229,Sub-Saharan Africa,Lower middle income,17660870411.5235,1326.83798848379,2764.26130708482,4.00299555090457,3.896,56.61458969,4.26688004,,,39.3,57.6,,,0.38,13310495.0,2.67702425205872,44.5359772452989,5.129,
Senegal,SEN,2013,65.638,Sub-Saharan Africa,Lower middle income,18918667724.8817,1379.83196553924,2768.76818711984,2.41238527605579,5.012,60.51578903,4.38573599,0.3179,,38.5,55.5,,,0.37,13710849.0,2.96345954605318,45.0398750539456,5.049,
Senegal,SEN,2014,66.001,Sub-Saharan Africa,Lower middle income,19797253440.2679,1398.89137601382,2853.80456250635,6.22407443790986,5.849,61.40605545,4.38962269,,,37.8,53.7,,,0.36,14152102.0,3.16757470346908,45.6020905341588,4.884,
Senegal,SEN,2015,66.451,Sub-Saharan Africa,Lower middle income,17774766696.1759,1218.00613555438,2994.28032714875,6.36704365066983,6.757,53.32304382,4.37789631,0.2074,0.68,37.3,52.2,6.4,,0.37,14593331.0,3.07014792428801,46.2747669629858,4.751,
Senegal,SEN,2016,66.724,Sub-Saharan Africa,Lower middle income,19040312333.1864,1266.43957151587,3101.12348494108,6.35606857208136,4.455,53.90053558,4.25606871,0.077,0.72,36.8,50.8,,,0.39,15034521.0,2.97843134010735,47.0553579909929,4.648,
Senegal,SEN,2017,67.059,Sub-Saharan Africa,Lower middle income,20965069572.7168,1354.77007193387,3229.51026655477,7.40748618589598,4.078,56.49185944,4.16359377,0.069,,36.3,49.4,,,0.4,15475002.0,2.88769908740551,47.9338349639053,4.489,
Senegal,SEN,2018,67.379,Sub-Saharan Africa,Lower middle income,23116701556.1381,1452.55612562445,3380.21596529445,6.20924103388887,3.453,64.37467957,4.43182087,,,35.7,47.9,,,0.41,15914498.0,2.8004569855314,48.9001692274485,4.294,38.3
Senegal,SEN,2019,67.668,Sub-Saharan Africa,Lower middle income,23403995992.1354,1431.18128932159,3647.95137357242,4.6136280976221,2.863,64.33670807,4.49531031,0.088,0.71,34.8,46.2,,,0.41,16352922.0,2.71760793051867,49.9443321273477,4.1,
Senegal,SEN,2020,67.496,Sub-Saharan Africa,Lower middle income,24530513037.7518,1461.08720350553,3752.91947490817,1.34207377285524,3.432,75.16521454,5.15119171,0.082,,33.7,44.2,,,0.38,16789219.0,2.63303572524896,51.0562950093282,4.003,
Senegal,SEN,2021,66.868,Sub-Saharan Africa,Lower middle income,27520784129.7508,1598.10676952274,4173.67741399617,6.5440010991951,3.436,71.12162781,4.44256258,0.099,,32.5,42.2,,,,17220867.0,2.53848919398481,52.2260292191155,3.936,36.2
Senegal,SEN,2022,67.788,Sub-Saharan Africa,Lower middle income,27783332222.6759,1574.0281059306,4529.50264399113,3.85043193752725,2.837,63.44842529,4.0444808,0.124,,31.2,40.1,,,,17651103.0,2.46764281803509,53.4435061024348,3.864,
Senegal,SEN,2023,68.683,Sub-Saharan Africa,Lower middle income,30696331295.7826,1698.03387300843,4781.55234083159,4.25743083300657,2.784,73.22670746,4.32314825,0.109,,30.0,38.2,,,,18077573.0,2.38738348832592,54.6992276190794,3.818,
Senegal,SEN,2024,68.924,Sub-Saharan Africa,Lower middle income,32169996051.8502,1738.73223822106,5097.24318834766,6.46220577412338,2.788,,,,,28.9,36.5,,3.8,,18501984.0,2.32058603495657,55.2368169057304,3.765,
Sierra Leone,SLE,1995,42.579,Sub-Saharan Africa,Low income,870740291.519248,208.351997250955,1187.47720182577,-7.99975272721831,4.317,,,,,132.9,245.9,,,,4179179.0,0.145445271515241,34.5015825546266,6.555,
Sierra Leone,SLE,1996,43.528,Sub-Saharan Africa,Low income,941709422.502965,224.258711163044,1224.55526216186,1.75382062624389,4.313,,,0.073,,131.6,242.2,,,,4199210.0,0.478159659694952,34.6993438070346,6.552,
Sierra Leone,SLE,1997,43.649,Sub-Saharan Africa,Low income,850232760.017239,199.880001395777,1157.43929308049,-5.87708084575527,4.363,,,,,130.0,237.9,,,,4253716.0,1.28965414945358,34.8989639771697,6.531,
Sierra Leone,SLE,1998,42.714,Sub-Saharan Africa,Low income,672368187.114756,156.51811883387,1179.67308823416,1.78501237019348,4.242,,,,,128.0,233.1,,,,4295785.0,0.984135554562289,35.1028239380579,6.495,
Sierra Leone,SLE,1999,41.962,Sub-Saharan Africa,Low income,669386623.951402,155.020833269007,1166.642303114,-1.97928670052485,4.288,,,,,125.9,228.2,,,,4318043.0,0.516798095780814,35.3133045627252,6.423,
Sierra Leone,SLE,2000,44.834,Sub-Saharan Africa,Low income,635866403.776065,143.743743239644,1242.07432040629,6.65273028404766,4.137,17.66835022,5.29086494,,,123.4,222.8,,,0.22,4423611.0,2.41540405213567,35.5327867241975,6.355,
Sierra Leone,SLE,2001,45.448,Sub-Saharan Africa,Low income,1681473893.76655,358.315716051546,1121.24260100391,-6.34545563328469,4.235,19.32042122,5.22183514,,,120.8,217.3,,,0.22,4692716.0,5.90551884410875,35.763651295501,6.305,
Sierra Leone,SLE,2002,46.174,Sub-Saharan Africa,Low income,1933863910.73227,388.995111216836,1359.91725648363,26.5241350674409,3.909,22.29375267,5.55388832,,,118.2,211.6,,,0.24,4971435.0,5.76970115082171,36.0082791496616,6.23,
Sierra Leone,SLE,2003,46.784,Sub-Saharan Africa,Low income,2142618045.93129,413.817607346927,1457.8016785639,9.48363126885343,3.879,21.7804718,5.06219816,,,115.4,205.7,,,0.26,5177687.0,4.06499006251213,36.2690511597053,6.087,40.2
Sierra Leone,SLE,2004,47.485,Sub-Saharan Africa,Low income,2237350687.46606,417.749983329227,1541.0057132264,6.47884588417347,3.42,23.03477859,5.23798943,0.031,,112.4,199.6,,,0.24,5355717.0,3.38061570413438,36.5491283814755,5.919,
Sierra Leone,SLE,2005,48.306,Sub-Saharan Africa,Low income,2545275312.60512,462.633324427945,1614.50361923846,4.3534998069981,3.734,26.04933357,5.23005009,,,109.3,193.2,,,0.22,5501712.0,2.68947280362006,36.8485519672439,5.807,
Sierra Leone,SLE,2006,49.547,Sub-Saharan Africa,Low income,3263697466.73514,580.26796974773,1697.69680422256,4.28311062264335,3.89,29.63347244,5.29913139,,0.4,105.9,186.5,,,0.22,5624466.0,2.2066693720303,37.1703805343647,5.737,
Sierra Leone,SLE,2007,50.024,Sub-Saharan Africa,Low income,3632957611.35152,631.889926264998,1769.77972118057,3.74975804751641,4.022,31.90766907,5.31662989,,,102.3,179.6,,,0.25,5749352.0,2.19611425557566,37.5122859420526,5.643,
Sierra Leone,SLE,2008,50.693,Sub-Saharan Africa,Low income,4157895298.19572,705.359014080005,1824.2449836112,3.68605969932123,4.132,37.23431396,5.60332584,0.0155,,98.6,172.4,,,0.28,5894722.0,2.49702214618885,37.8725951588418,5.563,
Sierra Leone,SLE,2009,51.312,Sub-Saharan Africa,Low income,3953403098.37107,652.845806767943,1814.07086919171,1.53080323958716,4.268,39.29960632,6.27075481,,,94.7,165.2,7.8,,0.29,6055646.0,2.69336857329164,38.2496351532666,5.448,
Sierra Leone,SLE,2010,51.927,Sub-Saharan Africa,Low income,4262805966.78755,685.039673490948,1900.38515200493,6.35566595800495,4.34,37.84529114,5.64204741,0.022,,90.8,157.9,,,0.31,6222714.0,2.72150859888002,38.6417328938613,5.327,
Sierra Leone,SLE,2011,52.594,Sub-Saharan Africa,Low income,4861632884.67985,761.146365577281,2042.70009101399,8.10065518714917,4.388,49.6336174,6.60636759,0.026,,87.0,150.8,,3.2,0.35,6387251.0,2.60978263924562,39.0472153491602,5.209,34.0
Sierra Leone,SLE,2012,53.159,Sub-Saharan Africa,Low income,6141666509.36295,937.504428180231,2317.1913997528,10.578331663387,4.378,51.99141312,5.92764187,,,83.4,144.1,,,0.41,6551080.0,2.53259491687101,39.4644094876975,5.064,
Sierra Leone,SLE,2013,54.051,Sub-Saharan Africa,Low income,7502762862.72657,1117.47183075115,2700.73807805259,14.6633238075229,4.376,84.93772125,8.45845032,,,80.1,137.9,,,0.41,6714051.0,2.45725730456865,39.8916422780075,4.873,
Sierra Leone,SLE,2014,54.281,Sub-Saharan Africa,Low income,7686138790.90872,1117.7586465721,2762.04553745948,-7.81501512457241,4.678,143.60603333,15.11886978,,,77.8,135.9,,,0.38,6876385.0,2.38905832119365,40.3272406886245,4.703,
Sierra Leone,SLE,2015,55.454,Sub-Saharan Africa,Low income,6788352974.78329,964.575980888989,2560.04985807593,-4.36333262093788,4.483,118.66024017,12.3831234,,,76.9,136.8,,,0.31,7037655.0,2.31819402812025,40.7669565187099,4.548,
Sierra Leone,SLE,2016,56.937,Sub-Saharan Africa,Low income,6084297211.10217,844.416411175476,2634.9252433025,6.43743652764257,4.182,84.22316742,10.05438519,,,71.3,121.8,,,0.27,7205328.0,2.35457342669593,41.229411538771,4.466,
Sierra Leone,SLE,2017,57.761,Sub-Saharan Africa,Low income,5749846528.48046,779.186007841728,2501.4531554482,3.20786087715987,3.656,47.37737274,6.00532055,,,68.7,117.0,,,0.25,7379299.0,2.38578952940087,41.7106682105058,4.389,
Sierra Leone,SLE,2018,59.059,Sub-Saharan Africa,Low income,6390514688.52816,845.914540460932,2640.47566787646,2.8938564123677,3.192,44.82733536,5.29927444,0.075,,66.3,112.4,,,0.26,7554563.0,2.34731039123252,42.2011025267803,4.294,35.7
Sierra Leone,SLE,2019,59.593,Sub-Saharan Africa,Low income,6523577590.38319,843.71251730417,2704.05835704649,5.50270937378153,3.204,48.13619995,5.7052846,0.033,,64.0,108.3,,,0.26,7731991.0,2.32146457882717,42.7018444914441,4.192,
Sierra Leone,SLE,2020,59.694,Sub-Saharan Africa,Low income,6688307705.64217,845.277558236182,2719.0728691734,-1.2533490322766,3.509,47.8861618,5.66489744,0.073,,61.9,104.4,,,0.29,7912558.0,2.30847202655897,43.2129659123546,4.08,
Sierra Leone,SLE,2021,60.26,Sub-Saharan Africa,Low income,7166931483.2953,885.396401613729,2849.38865839009,5.8968527047094,3.551,44.90049362,5.07244635,,,59.9,100.6,,,,8094602.0,2.27463021517533,43.7345385973699,3.978,
Sierra Leone,SLE,2022,61.275,Sub-Saharan Africa,Low income,7121125277.18159,860.371067874555,3143.46625292281,5.3135546141915,3.137,41.31875229,4.80377436,0.134,,58.1,97.1,,,,8276807.0,2.22598462352813,44.2666343543487,3.876,
Sierra Leone,SLE,2023,61.786,Sub-Saharan Africa,Low income,6415852766.09227,758.329137301888,3371.09351712436,5.7100218981806,3.092,35.76205063,4.71883011,,,56.3,93.8,,,,8460512.0,2.19524258771884,44.809324991151,3.791,
Sierra Leone,SLE,2024,61.964,Sub-Saharan Africa,Low income,6971127234.07241,806.654650274255,3527.42124292431,4.29322334404611,3.103,,,,,54.6,90.5,,4.8,,8642022.0,2.1226891332086,45.3626823156371,3.703,
"Somalia, Fed. Rep.",SOM,1995,50.65,Sub-Saharan Africa,Low income,1534756134.55022,210.673254610492,389.431736663372,3.99059641877655,19.585,,,,,103.9,173.2,,,,7285007.0,3.60874173050947,31.0655148002693,7.581,
"Somalia, Fed. Rep.",SOM,1996,50.524,Sub-Saharan Africa,Low income,1792234297.39194,237.241440951671,413.185281169134,8.04601505009022,19.463,,,,,103.9,173.2,,,,7554474.0,3.63215700093217,31.4324409964838,7.621,
"Somalia, Fed. Rep.",SOM,1997,50.278,Sub-Saharan Africa,Low income,2191749013.58124,280.112724233259,410.594586010614,1.18049184621003,18.899,,,0.04,0.400000006,103.9,173.2,,,,7824525.0,3.51230611737778,31.8140050754292,7.662,
"Somalia, Fed. Rep.",SOM,1998,50.755,Sub-Saharan Africa,Low income,2962047564.41651,363.200013489992,424.600856337189,6.58649325372474,18.825,,,,,103.9,173.2,,,,8155417.0,4.14193373307933,32.2115159455126,7.656,
"Somalia, Fed. Rep.",SOM,1999,50.611,Sub-Saharan Africa,Low income,3045751527.66005,358.658780828071,443.803186897386,7.31829550386784,18.847,,,,,103.9,173.2,,,,8492059.0,4.04491224932546,32.6262825151413,7.657,
"Somalia, Fed. Rep.",SOM,2000,50.747,Sub-Saharan Africa,Low income,3412797450.20112,386.119274401275,467.060922100889,7.11031431133236,18.678,,,,0.42,103.9,173.2,,,0.0,8838713.0,4.00097862828906,33.0596136927225,7.645,
"Somalia, Fed. Rep.",SOM,2001,50.829,Sub-Saharan Africa,Low income,2252847464.68608,244.914842538455,491.527329985726,7.1103143114324,18.665,,,,0.42,103.9,173.2,,,0.0,9198493.0,3.98983884745091,33.5128183866634,7.636,
"Somalia, Fed. Rep.",SOM,2002,50.82,Sub-Saharan Africa,Low income,2192684134.59273,229.598918310039,517.475206094119,7.63026729331047,18.658,,,,0.42,103.9,173.2,,,0.0,9550063.0,3.75080850397474,33.9872055053711,7.626,
"Somalia, Fed. Rep.",SOM,2003,50.721,Sub-Saharan Africa,Low income,2836724351.5616,286.273025198975,547.37415477371,7.63026729332455,18.648,,,,0.42,103.9,173.2,,,0.0,9909157.0,3.69115278037828,34.4719665654476,7.603,
"Somalia, Fed. Rep.",SOM,2004,50.685,Sub-Saharan Africa,Low income,3859592813.10255,375.410326225387,580.284955543477,7.11031431125608,18.653,,,,0.42,103.9,173.2,,,0.0,10280998.0,3.68380578936556,34.9620706047618,7.568,
"Somalia, Fed. Rep.",SOM,2005,50.894,Sub-Saharan Africa,Low income,4683246454.10048,439.979907805478,619.158298415337,7.1103143113146,18.671,,,,,103.9,173.2,,,0.0,10644228.0,3.47204363776718,35.4674928136211,7.527,
"Somalia, Fed. Rep.",SOM,2006,50.915,Sub-Saharan Africa,Low income,5026743282.04251,457.996662206659,659.137580508196,6.48637073273908,18.705,,,0.027,,103.5,172.6,,,0.0,10975502.0,3.06479248294565,35.9982083823331,7.49,
"Somalia, Fed. Rep.",SOM,2007,50.885,Sub-Saharan Africa,Low income,5430713728.89074,479.635628065289,700.174057935812,6.69435192552552,18.687,,,,,102.5,170.5,,,0.0,11322582.0,3.11334404047468,36.5641925012053,7.457,
"Somalia, Fed. Rep.",SOM,2008,51.456,Sub-Saharan Africa,Low income,5913620292.90573,507.03744334738,739.20946930934,6.69435192582009,18.714,,,,,100.5,166.7,,,0.0,11663084.0,2.96295013077131,37.1754203605454,7.415,
"Somalia, Fed. Rep.",SOM,2009,52.101,Sub-Saharan Africa,Low income,2948594552.44952,246.513251675105,773.780862200912,6.69435192556188,18.724,,,,,98.4,162.4,,,0.0,11961201.0,2.52395215945852,37.8418671506609,7.376,
"Somalia, Fed. Rep.",SOM,2010,48.9,Sub-Saharan Africa,Low income,2687807003.73935,219.202453852397,815.131435968091,6.69435192550543,18.741,,,,,112.5,186.7,,,0.0,12261756.0,2.48169887268086,38.5735080618592,7.322,
"Somalia, Fed. Rep.",SOM,2011,32.453,Sub-Saharan Africa,Low income,2906000096.93249,235.325945610434,881.38311305094,6.69435192567755,18.761,,,,0.87,217.6,363.1,,4.3,0.0,12348830.0,0.707617147612372,39.380318284448,7.268,
"Somalia, Fed. Rep.",SOM,2012,49.138,Sub-Saharan Africa,Low income,4364670159.99578,350.261946720512,1002.9322657147,6.69435192556698,18.771,,,,,112.2,185.4,,,0.0,12461160.0,0.905528519522503,40.2722730087349,7.211,
"Somalia, Fed. Rep.",SOM,2013,54.016,Sub-Saharan Africa,Low income,5062881600.00104,393.398703952979,944.404567280324,10.9592986164311,18.655,12.88169384,3.36953735,,0.87,88.4,143.2,,,0.0,12869594.0,3.22508679396084,41.2593474250273,7.14,
"Somalia, Fed. Rep.",SOM,2014,54.442,Sub-Saharan Africa,Low income,5728399719.99958,429.431656725102,1127.71922200338,8.97800590574617,18.595,13.15052128,3.02053761,0.048,0.87,86.0,138.6,,,0.0,13339491.0,3.58614089585868,42.3515167236328,7.061,
"Somalia, Fed. Rep.",SOM,2015,55.056,Sub-Saharan Africa,Low income,6152149099.99942,445.583080073396,1341.38999678728,10.4621881235147,18.495,14.11613941,2.94074512,,0.87,83.7,134.3,,,0.0,13806963.0,3.44441462928404,43.8618107408479,6.975,
"Somalia, Fed. Rep.",SOM,2016,55.283,Sub-Saharan Africa,Low income,6613743069.99912,460.928490585175,1468.50438474605,7.03487260042162,18.611,11.76618958,2.2842648,,0.87,81.5,130.2,,,0.0,14348740.0,3.8489103342184,45.942842729174,6.878,
"Somalia, Fed. Rep.",SOM,2017,52.19,Sub-Saharan Africa,Low income,7621501710.0012,510.939952317726,1596.81409178022,14.7357956045195,18.455,13.51753426,2.44348097,,0.87,96.5,156.4,,,0.0,14916629.0,3.88144974373944,48.3639630032265,6.766,
"Somalia, Fed. Rep.",SOM,2018,54.767,Sub-Saharan Africa,Low income,7873000000.0,509.497273804534,1551.52773977473,2.05431507261069,18.7,12.7819252,2.50873256,,0.87,85.1,136.4,,,0.0,15452487.0,3.52933303532182,50.9506215336872,6.662,
"Somalia, Fed. Rep.",SOM,2019,57.249,Sub-Saharan Africa,Low income,8656000000.0,539.954816211694,1548.27250940098,2.80033312513012,18.828,12.99074364,2.40617251,,0.87,75.0,118.4,,,0.0,16030971.0,3.67525774477084,51.6421170703225,6.56,
"Somalia, Fed. Rep.",SOM,2020,57.095,Sub-Saharan Africa,Low income,8628000000.0,518.16113333875,1454.26711848855,-2.76455696202532,19.414,12.79912567,2.47010517,,,72.9,114.7,,,0.0,16651191.0,3.79592066888979,52.286318011754,6.453,
"Somalia, Fed. Rep.",SOM,2021,55.703,Sub-Saharan Africa,Low income,9483000000.0,549.056994756254,1392.31782053371,3.44719850031242,19.662,15.01879692,2.73509169,,,70.9,111.0,,,,17271431.0,3.65720037777736,52.9060649733324,6.353,
"Somalia, Fed. Rep.",SOM,2022,53.931,Sub-Saharan Africa,Low income,10203000000.0,573.141165798229,1486.23689665021,2.71821202053759,19.112,16.31684875,2.8469162,,,89.2,143.1,,,,17801897.0,3.0251275475745,53.5010115886789,6.255,
"Somalia, Fed. Rep.",SOM,2023,58.816,Sub-Saharan Africa,Low income,10958000000.0,596.885985135589,1556.89233845758,4.17524257571303,18.96,22.37065506,3.74413586,,,67.3,104.3,,,,18358615.0,3.07939219638342,54.0714435506882,6.132,
"Somalia, Fed. Rep.",SOM,2024,58.967,Sub-Saharan Africa,Low income,11967000000.0,629.538899449007,1604.29116285918,4.11139335779471,18.949,,,,,65.4,101.1,,5.8,,19009151.0,3.48215481810475,54.6176465524521,6.013,
South Africa,ZAF,1995,61.603,Sub-Saharan Africa,Upper middle income,171735933897.331,3855.6340871567,6875.18838614394,3.10000000054411,22.705,,,,,46.0,59.2,,,,44541554.0,1.21388535311637,53.2962166180026,3.172,
South Africa,ZAF,1996,61.079,Sub-Saharan Africa,Upper middle income,163234925380.563,3617.55336002932,7208.00603134873,4.29999999726792,22.5,,,0.593,,45.5,60.9,,,,45123018.0,1.29699420436442,53.5749191516739,2.991,
South Africa,ZAF,1997,60.538,Sub-Saharan Africa,Upper middle income,168978057327.73,3700.23554789867,7433.35785895886,2.60000000146347,22.549,,,,,45.3,62.9,,,,45666838.0,1.19798957270412,54.0040163031993,2.734,
South Africa,ZAF,1998,59.912,Sub-Saharan Africa,Upper middle income,152982984557.233,3309.60933087472,7463.44455106603,0.50000000034143,22.739,,,,,45.4,65.8,,,,46223880.0,1.2124158688717,54.6562438276427,2.63,
South Africa,ZAF,1999,59.19,Sub-Saharan Africa,Upper middle income,151516957078.536,3242.36830483958,7666.71616232741,2.39999999746338,22.884,,,,,46.0,68.7,,,,46730335.0,1.08969778624124,55.4408521794673,2.559,
South Africa,ZAF,2000,58.368,Sub-Saharan Africa,Upper middle income,151752757215.309,3217.84693448467,8095.29428839778,4.20000000067826,22.788,236.08114624,7.3366189,,,46.5,71.4,,,8.96,47159719.0,0.914659168313889,56.2589954883628,2.413,57.8
South Africa,ZAF,2001,57.161,Sub-Saharan Africa,Upper middle income,135429905922.526,2847.15191945908,8428.31681714008,2.70000000019104,22.652,202.81065369,7.12327909,,,47.2,74.5,,,8.96,47566800.0,0.859492168208101,57.0014339378269,2.373,
South Africa,ZAF,2002,55.58,Sub-Saharan Africa,Upper middle income,129087556612.449,2688.23676032806,8792.35588555626,3.70037440406668,22.579,179.5135498,6.67774487,,2.99,47.6,77.0,28.4836083650589,,8.79,48019415.0,0.947036940076663,57.6723587528482,2.324,
South Africa,ZAF,2003,54.245,Sub-Saharan Africa,Upper middle income,197018965308.697,4062.21755993786,9138.82823848323,2.94907546754213,22.679,286.01998901,7.04098177,,,48.3,79.2,,,8.72,48500348.0,0.996556488051653,58.3724341232066,2.358,
South Africa,ZAF,2004,53.963,Sub-Saharan Africa,Upper middle income,255806908594.573,5221.46333731721,9713.65348476407,4.55455990721774,22.567,362.28662109,6.938416,0.711,2.78,48.7,80.7,,,8.7,48991421.0,1.00742279739678,59.0977390950102,2.436,
South Africa,ZAF,2005,53.914,Sub-Saharan Africa,Upper middle income,288867217196.534,5836.87663325127,10440.6275146273,5.27705197295467,22.472,400.5355835,6.86216164,,,47.7,79.8,,,8.75,49490033.0,1.01260946155511,59.8241758378997,2.512,65.0
South Africa,ZAF,2006,54.22,Sub-Saharan Africa,Upper middle income,303858675363.643,6077.38293388876,11250.1795559368,5.60380645895889,22.304,417.91174316,6.87650871,,,46.0,76.9,,,8.81,49998277.0,1.02172490694402,60.5276465215157,2.548,
South Africa,ZAF,2007,54.948,Sub-Saharan Africa,Upper middle income,333077117253.684,6591.85535960564,12046.6051067457,5.36047405394162,22.26,455.17498779,6.90510845,0.679,2.34,44.0,71.2,,,8.83,50528584.0,1.05506511201209,61.1840533154988,2.545,
South Africa,ZAF,2008,55.982,Sub-Saharan Africa,Upper middle income,316131258616.309,6184.75474328399,12525.2630295392,3.1910438863288,22.407,442.10626221,7.14832258,0.679,2.32,41.0,63.7,,,8.78,51114599.0,1.15309551684298,61.7692983894896,2.679,62.5
South Africa,ZAF,2009,57.413,Sub-Saharan Africa,Upper middle income,329754060647.129,6374.70560042992,12261.4115912534,-1.53808913525583,23.523,487.62774658,7.64941454,0.69,,38.2,56.9,,,8.67,51728516.0,1.19390450655684,62.2592839131287,2.501,
South Africa,ZAF,2010,58.886,Sub-Saharan Africa,Upper middle income,417363822801.713,7973.47195771517,12637.2912221888,3.03973288127956,24.683,621.41906738,7.79358244,0.705,2.25,36.0,50.3,,,8.68,52344051.0,1.1829095702162,62.6299120560569,2.445,60.9
South Africa,ZAF,2011,60.602,Sub-Saharan Africa,Upper middle income,458199494830.834,8646.05571071635,13143.1933361097,3.16855627858818,24.639,686.87243652,7.94434404,0.709,,34.5,45.6,,7.0,8.79,52995205.0,1.23631458705301,62.850627754452,2.436,
South Africa,ZAF,2012,61.737,Sub-Saharan Africa,Upper middle income,434400545085.811,8076.97678479741,12986.7976675307,2.39623238465745,24.727,646.49920654,8.00428867,0.715,,33.3,43.1,,,8.9,53782567.0,1.47479434391075,62.9616560303263,2.447,
South Africa,ZAF,2013,62.388,Sub-Saharan Africa,Upper middle income,400886013595.573,7331.65467384919,13369.4382039605,2.48546800826588,24.561,593.80157471,8.10322285,0.729,,32.1,41.4,,,8.92,54678791.0,1.65265199501405,63.0524024097034,2.428,
South Africa,ZAF,2014,63.184,Sub-Saharan Africa,Upper middle income,381198869776.106,6856.73137092522,13358.9417186608,1.41382645223793,24.89,539.30780029,7.87136555,0.74,,30.7,39.7,,,8.93,55594838.0,1.66144540694123,63.1352327065742,2.424,59.6
South Africa,ZAF,2015,64.053,Sub-Saharan Africa,Upper middle income,346709790458.563,6112.27382485974,13397.5234813346,1.32186223678229,25.149,491.90652466,8.05304241,0.763,,29.3,38.2,,,8.88,56723537.0,2.00988840160514,63.2096349937231,2.359,
South Africa,ZAF,2016,64.749,Sub-Saharan Africa,Upper middle income,323585509674.481,5651.20585165749,13519.3235102376,0.664552307858116,26.536,456.56936646,8.07959366,0.753,,28.0,36.8,,,8.8,57259551.0,0.940521897823675,63.2750973439347,2.261,
South Africa,ZAF,2017,65.422,Sub-Saharan Africa,Upper middle income,381448814653.456,6618.33508255701,13738.4385854596,1.15794695181735,27.035,527.52026367,7.97711372,0.775,,26.8,35.7,,,8.72,57635162.0,0.653837462693277,63.3311078299936,2.283,
South Africa,ZAF,2018,65.726,Sub-Saharan Africa,Upper middle income,405260723892.517,6914.1780318076,13347.3634826038,1.55678384721676,26.906,558.80145264,8.0819664,0.742,,25.8,34.9,,,8.77,58613001.0,1.68236992028419,63.3771545246841,2.27,
South Africa,ZAF,2019,66.071,Sub-Saharan Africa,Upper middle income,389330032224.269,6533.71121032856,13361.4851289112,0.25993557687633,28.468,538.80438232,8.24652863,0.779,,25.1,34.3,,,8.77,59587885.0,1.64957495527878,63.4127255007908,2.264,
South Africa,ZAF,2020,65.15,Sub-Saharan Africa,Upper middle income,337974655408.055,5580.60383075189,12671.0862436851,-6.1689177146757,29.217,503.46759033,9.02174091,,,24.5,33.9,,,7.13,60562381.0,1.62216431400652,63.4373088310982,2.257,
South Africa,ZAF,2021,62.01,Sub-Saharan Africa,Upper middle income,419986284375.368,6828.75624590017,13681.9548144813,4.85864865060148,34.007,592.9465332,8.6645031,0.781,,24.3,34.0,,,,61502603.0,1.54055743832642,63.4503925883909,2.248,
South Africa,ZAF,2022,65.454,Sub-Saharan Africa,Upper middle income,407596043067.885,6534.24867783397,14746.7103701698,2.05813661692193,33.268,570.48028564,8.74512291,0.794,,24.3,34.3,,,,62378410.0,1.41397227960081,63.4766699210327,2.227,54.1
South Africa,ZAF,2023,66.139,Sub-Saharan Africa,Upper middle income,381440724491.232,6034.27208964673,15212.2609596178,0.80610455095804,32.098,536.58843994,8.90966797,,,24.3,34.8,,,,63212384.0,1.32810094082844,63.5823705163545,2.216,
South Africa,ZAF,2024,66.312,Sub-Saharan Africa,Upper middle income,401144998373.585,6267.186814093,15478.6456794969,0.534843531905139,32.279,,,,,24.2,35.1,,7.2,,64007187.0,1.24951426055192,63.6917984858172,2.205,
South Sudan,SSD,1995,31.51,Sub-Saharan Africa,Low income,,,,,12.334,,,,,146.8,268.0,,,,5225836.0,3.00404641411754,14.741959594823,7.337,
South Sudan,SSD,1996,32.124,Sub-Saharan Africa,Low income,,,,,12.314,,,,,143.7,259.7,,,,5356925.0,2.4775331375234,15.0253277804679,7.321,
South Sudan,SSD,1997,33.068,Sub-Saharan Africa,Low income,,,,,12.068,,,,,140.3,250.9,,,,5509136.0,2.80176886344108,15.299558729894,7.199,
South Sudan,SSD,1998,19.048,Sub-Saharan Africa,Low income,,,,,12.095,,,,,238.8,430.8,,,,5620068.0,1.99359584146431,15.5621950281887,7.078,
South Sudan,SSD,1999,44.537,Sub-Saharan Africa,Low income,,,,,12.138,,,,,122.4,189.0,,,,5771628.0,2.66104262937174,15.8107792604388,6.937,
South Sudan,SSD,2000,47.591,Sub-Saharan Africa,Low income,,,,,12.309,,,,,118.2,180.1,,,,6032267.0,4.41687038815206,16.0428540117317,6.803,
South Sudan,SSD,2001,48.55,Sub-Saharan Africa,Low income,,,,,12.278,,,,,113.6,171.1,,,,6308391.0,4.47577583092792,16.2559618671544,6.654,
South Sudan,SSD,2002,49.394,Sub-Saharan Africa,Low income,,,,,12.235,,,,,109.0,162.2,,,,6596806.0,4.47049405409342,16.447645411794,6.515,
South Sudan,SSD,2003,52.324,Sub-Saharan Africa,Low income,,,,,12.234,,,,,104.5,153.7,,,,6903127.0,4.53889048481808,16.6154472307377,6.353,
South Sudan,SSD,2004,53.052,Sub-Saharan Africa,Low income,,,,,12.256,,,,,100.2,145.8,,,,7233041.0,4.66850589649025,16.7569099090725,6.19,
South Sudan,SSD,2005,53.965,Sub-Saharan Africa,Low income,,,,,12.266,,,,,96.2,138.4,,,,7590143.0,4.81908754947047,16.8695760318857,6.022,
South Sudan,SSD,2006,54.653,Sub-Saharan Africa,Low income,,,,,12.268,,,,,92.3,131.5,,,,7976526.0,4.96525465188372,16.9509881842643,5.853,
South Sudan,SSD,2007,55.425,Sub-Saharan Africa,Low income,,,,,12.266,,,,,88.6,124.9,,,,8388788.0,5.03930740277703,16.9986889512954,5.704,
South Sudan,SSD,2008,56.28,Sub-Saharan Africa,Low income,14586253383.0632,1654.21153546555,2887.37415922692,,12.298,,,,,85.0,118.7,,,,8817647.0,4.98590020248472,17.0301141193955,5.569,
South Sudan,SSD,2009,56.848,Sub-Saharan Africa,Low income,12231264525.0671,1323.22068747862,2911.04297301702,5.04164187983342,12.438,,,,,81.5,112.7,,,,9243556.0,4.71716057220357,17.2937284639317,5.446,46.3
South Sudan,SSD,2010,57.485,Sub-Saharan Africa,Low income,14602072410.9506,1498.27034985194,2948.05001484216,5.49341639529945,12.473,,,,,78.2,107.2,,,,9745953.0,5.29254618151503,17.535620199576,5.318,
South Sudan,SSD,2011,57.674,Sub-Saharan Africa,Low income,14907308932.7534,1448.98435006408,2718.04847850752,-4.64031673600859,12.585,,,,,75.3,102.3,,,,10288109.0,5.41366403885379,17.7817678106789,5.193,
South Sudan,SSD,2012,58.241,Sub-Saharan Africa,Low income,11931472169.4915,1109.26050083408,1417.38566439045,-46.0821223743007,12.803,,,,,73.2,98.9,,,,10756240.0,4.44972889782953,18.0321885447664,5.061,
South Sudan,SSD,2013,58.285,Sub-Saharan Africa,Low income,18426469016.9492,1650.18943353528,1916.8535588619,13.1297311406943,12.665,,,,,72.2,97.2,,,,11166275.0,3.74120236356755,18.2868996493633,4.939,
South Sudan,SSD,2014,45.625,Sub-Saharan Africa,Low income,13962212847.4576,1242.73450181032,1372.75618491146,3.37364847715736,12.561,,,,,118.2,182.6,,,,11235073.0,0.614232824755906,18.5459183719929,4.818,
South Sudan,SSD,2015,39.757,Sub-Saharan Africa,Low income,11997800760.2242,1080.14718624765,1154.88686304107,-10.7933646271143,12.464,,,,,151.3,240.8,,,,11107561.0,-1.14143555707987,18.8092619601773,4.695,
South Sudan,SSD,2016,36.72,Sub-Saharan Africa,Low income,,,,,12.854,,,,,169.8,272.9,,,,10830102.0,-2.52965683465808,19.0769476614377,4.579,44.0
South Sudan,SSD,2017,35.351,Sub-Saharan Africa,Low income,,,,,12.983,28.05690956,22.11322403,,,181.5,292.0,,,,10259154.0,-5.41590990485178,19.3489927232944,4.483,
South Sudan,SSD,2018,51.905,Sub-Saharan Africa,Low income,,,,,12.853,31.12328529,11.69539356,0.041,,92.9,133.7,,,,10122977.0,-1.33625896422837,19.6254143932663,4.37,
South Sudan,SSD,2019,58.129,Sub-Saharan Africa,Low income,,,,,12.656,35.18021774,9.06570053,0.033,,71.9,96.7,,,,10423384.0,2.92439531185626,19.9062299188719,4.26,
South Sudan,SSD,2020,57.648,Sub-Saharan Africa,Low income,,,,,14.246,47.40253067,9.35116673,0.043,,71.9,96.7,,,,10698467.0,2.60487164966918,20.1914565476286,4.16,
South Sudan,SSD,2021,57.047,Sub-Saharan Africa,Low income,,,,,13.95,34.78803635,6.30117083,,,71.9,96.7,,,,10865780.0,1.55179411079181,20.4811115270532,4.047,
South Sudan,SSD,2022,57.203,Sub-Saharan Africa,Low income,,,,,12.475,48.03352737,6.57254314,0.041,,71.9,96.7,,,,11021177.0,1.42002025455897,20.7752121046616,3.964,
South Sudan,SSD,2023,57.617,Sub-Saharan Africa,Low income,,,,,12.374,72.75582886,11.61002254,,,71.9,96.7,,,,11483374.0,4.10816463205266,21.0737755279692,3.864,
South Sudan,SSD,2024,57.738,Sub-Saharan Africa,Low income,,,,,,,,,,71.9,96.7,,4.6,,11943408.0,3.92792442239756,21.3768190444906,3.785,
Spain,ESP,1995,77.9807317073171,Europe & Central Asia,High income,614170002668.802,15460.9110266653,16275.8548504628,2.75749400293542,22.675,,,4.282,4.3000001907,5.5,6.9,,,,39724050.0,0.441365749537872,75.588297274636,1.16,35.7
Spain,ESP,1996,78.1204878048781,Europe & Central Asia,High income,642251412058.321,16100.6215831114,16971.2538144573,2.60741117110229,22.142,,,2.724,4.3000001907,5.2,6.5,,,,39889852.0,0.416515798212804,75.6972244638181,1.14,36.5
Spain,ESP,1997,78.6041463414634,Europe & Central Asia,High income,589739772727.273,14722.3717633536,17903.398842181,3.58729972356299,20.698,,,2.842,4.1999998093,4.9,6.1,,,,40057389.0,0.41911951720212,75.804258976453,1.15,35.3
Spain,ESP,1998,78.6658536585366,Europe & Central Asia,High income,618731484575.12,15382.3348573373,19082.8420038702,4.30197745333581,18.673,,,2.895,4.1999998093,4.7,5.8,12.6016184687614,,,40223509.0,0.413847481113965,75.9145056905294,1.13,34.6
Spain,ESP,1999,78.7170731707317,Europe & Central Asia,High income,634394904386.874,15707.9473068138,19938.1786773173,4.40886545305924,15.475,,,3.019,4.0999999046,4.5,5.6,12.2911669313908,,,40386875.0,0.405323025522848,76.0330694840356,1.17,33.8
Spain,ESP,2000,78.9658536585366,Europe & Central Asia,High income,598102854756.08,14743.2671031455,21582.2067955558,5.20064125553942,13.785,1005.28399658,6.80217838,3.101,3.61,4.4,5.4,12.293353676796,,11.67,40567864.0,0.447137014535835,76.1650552349602,1.22,34.1
Spain,ESP,2001,79.3682926829268,Europe & Central Asia,High income,627798682378.741,15368.2337984435,22952.3641099695,3.91908880808811,10.348,1045.05065918,6.76929569,3.106,3.55,4.2,5.3,13.9773041009903,,11.67,40850412.0,0.694068084334464,76.3156889510385,1.23,
Spain,ESP,2002,79.5682926829268,Europe & Central Asia,High income,708938227243.923,17111.0685058941,24377.8417076394,2.75545611564098,11.146,1174.5793457,6.79878616,3.105,3.5,4.1,5.1,15.9331649541855,,11.48,41431558.0,1.41259540475782,76.4934217249538,1.25,
Spain,ESP,2003,79.619512195122,Europe & Central Asia,High income,907963217057.645,21522.0170990262,25057.3469945838,2.9392895953076,11.283,1648.05712891,7.59223175,3.2,3.41,4.1,5.0,,,11.25,42187645.0,1.80845446818345,76.709335590859,1.3,31.8
Spain,ESP,2004,79.8707317073171,Europe & Central Asia,High income,1069829382514.67,24925.0267844576,26159.7864720491,3.1145314799161,11.09,1932.21398926,7.68447876,3.419,3.37,3.9,4.9,,,11.71,42921895.0,1.7254663034483,76.9549627547133,1.31,33.3
Spain,ESP,2005,80.1707317073171,Europe & Central Asia,High income,1154667551775.88,26450.9530130382,27629.7077024966,3.5512255846125,9.146,2074.33081055,7.77807474,3.521,3.32,3.8,4.7,,,11.95,43653155.0,1.68934904712031,77.2206801920294,1.33,32.4
Spain,ESP,2006,80.8219512195122,Europe & Central Asia,High income,1261846683275.29,28421.686527407,30748.7396326091,4.04343515605099,8.452,2256.68066406,7.87072468,3.601,3.27,3.7,4.5,,,11.86,44397319.0,1.69035255626114,77.4968648783202,1.36,33.5
Spain,ESP,2007,80.8731707317073,Europe & Central Asia,High income,1476746276854.51,32652.015594702,32536.1882684038,3.53350013165972,8.232,2625.55664063,7.96241188,3.538,3.23,3.6,4.4,,,11.32,45226803.0,1.85108130845179,77.7738937890987,1.38,34.1
Spain,ESP,2008,81.1756097560976,Europe & Central Asia,High income,1636115447612.5,35603.248328071,33349.942580613,0.767165748290694,11.254,3019.7578125,8.4290638,3.523,3.18,3.4,4.2,,,10.73,45954106.0,1.59533049906372,78.0421438998777,1.45,34.2
Spain,ESP,2009,81.4756097560976,Europe & Central Asia,High income,1496587590847.66,32279.8208476151,32218.2880170155,-3.76813306940053,17.857,2962.48266602,9.1530304,3.577,3.14,3.3,4.0,,,10.01,46362946.0,0.88573598057307,78.2919921861701,1.38,34.9
Spain,ESP,2010,81.6268292682927,Europe & Central Asia,High income,1427989078916.67,30658.7422282912,31804.6746571689,0.0941223116369514,19.86,2816.84350586,9.16992569,3.737,3.09,3.2,3.8,,,9.49,46576897.0,0.460408305051304,78.5138156234888,1.37,35.2
Spain,ESP,2011,82.4756097560976,Europe & Central Asia,High income,1487568659241.25,31824.6219134777,32015.5752000401,-0.639920636520344,21.39,2938.18041992,9.21749687,3.814,3.03,3.0,3.7,,6.3,9.0,46742697.0,0.355338396471428,78.695397956495,1.34,35.7
Spain,ESP,2012,82.4268292682927,Europe & Central Asia,High income,1330994811670.31,28456.4438151477,31869.7839822219,-2.86511368637748,24.789,2620.84204102,9.2189045,3.804,2.98,2.9,3.6,15.0122657418251,,8.88,46773055.0,0.0649259625617232,78.8455680301618,1.32,35.4
Spain,ESP,2013,83.0780487804878,Europe & Central Asia,High income,1362186923157.65,29228.846559842,32613.6891811474,-1.42732224757626,26.094,2664.48339844,9.13714981,3.791,2.95,2.9,3.5,,,8.59,46604197.0,-0.361668780017733,78.9858086902112,1.27,36.2
Spain,ESP,2014,83.2292682926829,Europe & Central Asia,High income,1380244561361.96,29707.765509467,33760.9555646369,1.52048593647231,24.441,2716.5793457,9.1512289,3.781,2.95,2.8,3.4,19.9705839157104,,9.19,46460733.0,-0.308309722343882,79.1196713833488,1.32,36.1
Spain,ESP,2015,82.8317073170732,Europe & Central Asia,High income,1206164777553.12,25982.4416197775,35228.6333036223,4.06086672473866,22.057,2383.85302734,9.17553329,3.826,2.96,2.7,3.3,,,9.94,46422303.0,-0.0827492378541321,79.2454892743023,1.33,36.2
Spain,ESP,2016,83.3292682926829,Europe & Central Asia,High income,1243015667917.12,26755.6061149398,37612.7188681342,2.91515598595787,19.635,2378.13598633,8.88084984,3.803,2.95,2.7,3.3,,,10.93,46458139.0,0.0771658726133905,79.3615955277997,1.33,35.8
Spain,ESP,2017,83.2829268292683,Europe & Central Asia,High income,1321754088818.83,28381.3425596906,39825.2498116292,2.89604207865007,17.224,2564.55834961,9.0217495,3.854,2.96,2.7,3.2,,,10.93,46571232.0,0.243134086570712,79.4663233085683,1.31,34.7
Spain,ESP,2018,83.4317073170732,Europe & Central Asia,High income,1431642809327.06,30602.4212881113,41015.1565755187,2.39541124478878,15.255,2784.16308594,9.07122517,3.996,2.95,2.7,3.2,,,10.91,46782011.0,0.451573724507016,79.5580057813361,1.26,34.7
Spain,ESP,2019,83.8317073170732,Europe & Central Asia,High income,1403496387686.27,29786.5245689007,44042.757577336,1.96117850841711,14.104,2756.62109375,9.21539497,4.376,2.93,2.6,3.2,,,10.91,47118501.0,0.716697775475724,79.6349761108307,1.23,34.3
Spain,ESP,2020,82.2317073170732,Europe & Central Asia,High income,1289783836971.21,27233.9426461608,39327.8479269599,-10.9400706350371,15.532,2942.41943359,10.79479218,4.546,2.94,2.6,3.2,,,9.16,47359424.0,0.510010189620998,79.6955674617799,1.18,34.9
Spain,ESP,2021,83.1780487804878,Europe & Central Asia,High income,1461244901852.69,30799.4775937775,44251.6658222621,6.68314420473001,14.914,3188.8515625,10.34419918,4.457,2.94,2.6,3.2,,,,47443821.0,0.178046695121711,79.7846242983598,1.18,33.9
Spain,ESP,2022,83.1341463414634,Europe & Central Asia,High income,1448850658406.62,30319.4987196616,51482.523634807,6.37031712129601,13.033,2948.61474609,9.6799593,4.294,2.94,2.6,3.2,,,,47786102.0,0.718854879160094,79.9548794567814,1.16,33.6
Spain,ESP,2023,83.9341463414634,Europe & Central Asia,High income,1619481980719.64,33493.2225409111,55661.317481747,2.46085796805582,12.179,3106.62011719,9.2206583,,2.91,2.6,3.2,,,,48352528.0,1.17836618688432,80.128491001856,1.12,33.4
Spain,ESP,2024,83.8878048780488,Europe & Central Asia,High income,1725671652742.19,35326.7683069278,58063.7350840487,3.45525405630191,11.4,,,,,2.6,3.2,,9.7,,48848840.0,1.02121260938381,80.315199821207,1.1,
Sri Lanka,LKA,1995,69.746,South Asia,Upper middle income,13029697560.9756,741.838255293455,3454.27501141435,5.5000852341585,12.27,,,0.23,,16.3,20.5,,,,17564068.0,1.65501088509534,15.8652068539762,2.353,35.4
Sri Lanka,LKA,1996,69.841,South Asia,Upper middle income,13897738375.2488,776.192371057587,3581.65276582188,3.79996720568178,11.35,,,0.286,,15.6,19.5,,,,17905018.0,1.92257845082404,15.5065242809941,2.285,
Sri Lanka,LKA,1997,69.934,South Asia,Upper middle income,15091913883.7091,827.035756058631,3803.88359599546,6.40539969571286,10.6,,,0.308,,14.9,18.6,,,,18248200.0,1.89854362715713,15.1948401614719,2.215,
Sri Lanka,LKA,1998,70.134,South Asia,Upper middle income,15760736956.1852,847.533577843861,3952.04104416954,4.69842304772052,9.17,,,0.346,,14.1,17.6,,,,18596003.0,1.88802201260991,14.9379455930521,2.136,
Sri Lanka,LKA,1999,70.427,South Asia,Upper middle income,15711933513.2831,829.356379527539,4103.38045077839,4.30054049813373,8.88,,,0.369,2.2000000477,13.5,16.9,,,,18944731.0,1.85791802193191,14.7436316733772,2.142,
Sri Lanka,LKA,2000,71.179,South Asia,Upper middle income,16595882818.6857,860.199884304769,4367.80358967496,6.00003315828934,7.74,42.54893112,4.10818672,0.413,2.96,13.0,16.3,,,1.88,19293054.0,1.82192893868799,14.6196895000898,2.213,
Sri Lanka,LKA,2001,71.804,South Asia,Upper middle income,15749753804.8344,803.544026627385,4328.19141115153,-1.54540813366026,7.9,39.87185287,4.05662823,0.428,3.02,12.7,15.8,,,1.88,19600362.0,1.58029006941291,14.5739539539707,2.283,
Sri Lanka,LKA,2002,72.271,South Asia,Upper middle income,16536535647.0834,834.936014905338,4522.32769629678,3.96467568513113,8.76,41.24043274,4.03715754,,2.9,12.4,15.5,,,1.96,19805752.0,1.04243651089033,14.6107836754127,2.31,40.2
Sri Lanka,LKA,2003,72.442,South Asia,Upper middle income,18881765437.2151,946.382255128072,4849.860234461,5.9402690780223,8.22,40.82443619,3.64646697,,3.09,12.1,15.2,3.15569080412388,,1.87,19951521.0,0.733298046863635,14.7256630416211,2.301,
Sri Lanka,LKA,2004,68.022,South Asia,Upper middle income,20662525941.2985,1028.62068132555,5215.8802444029,5.44506127885352,8.38,49.14835358,4.03912592,0.522,2.86,16.8,29.0,,,1.98,20087605.0,0.679757715006083,14.9130061059922,2.271,
Sri Lanka,LKA,2005,73.073,South Asia,Upper middle income,24405791044.7761,1207.21994764165,5678.74647772829,6.24174804376447,7.67,55.40001297,3.87908745,0.504,3.05,11.2,14.0,,,2.06,20216524.0,0.639733163202014,15.167273918248,2.263,
Sri Lanka,LKA,2006,72.825,South Asia,Upper middle income,28267410542.5164,1388.89739119932,6260.67990157292,7.66829190107919,6.5,63.2890892,3.85019565,0.505,3.29,10.7,13.3,,,2.33,20352411.0,0.669909171598541,15.4829275281105,2.292,39.7
Sri Lanka,LKA,2007,72.983,South Asia,Upper middle income,32350238760.4239,1578.63451125392,6820.39309993594,6.79682611892866,5.97,71.38779449,3.82258177,0.538,3.35,10.1,12.6,,,2.37,20492545.0,0.686177993870037,15.8544279853018,2.295,
Sri Lanka,LKA,2008,72.556,South Asia,Upper middle income,40713826215.0093,1973.58476901287,7316.58626483833,5.95008814473897,5.22,90.00082397,3.85482955,0.605,3.29,9.7,12.0,,,2.4,20629378.0,0.665501489405385,16.2762363395441,2.232,
Sri Lanka,LKA,2009,70.298,South Asia,Upper middle income,42066224093.0065,2026.65939950702,7575.57988731185,3.53891205317842,5.85,97.26274872,4.05676842,0.662,3.41,13.3,21.5,,,2.41,20756435.0,0.614014271918797,16.7428136405592,2.179,36.1
Sri Lanka,LKA,2010,74.463,South Asia,Upper middle income,58636049581.1712,2808.36245207687,8233.62663784454,8.01596737040464,4.784,105.07371521,3.7414515,0.703,3.47,9.1,11.2,,,2.6,20879089.0,0.589181271319281,17.2486209380693,2.134,
Sri Lanka,LKA,2011,74.74,South Asia,Upper middle income,67753285882.299,3224.95745082305,9075.54549583927,8.66948301160571,4.118,115.51642609,3.5819521,0.718,3.52,8.9,10.8,,7.5,2.89,21009048.0,0.620507027958285,17.7881192817964,2.144,
Sri Lanka,LKA,2012,75.187,South Asia,Upper middle income,70447216891.3366,3327.77612404326,10249.1670637487,8.6321813769906,3.88,110.03600311,3.30659294,0.742,3.59,8.5,10.3,,,3.01,21169458.0,0.760628047767682,18.2617686748284,2.173,38.7
Sri Lanka,LKA,2013,75.546,South Asia,Upper middle income,76976204074.978,3739.43182292825,11252.6311492148,4.0517463303875,4.186,133.15968323,3.69365358,0.772,3.66,8.1,9.8,,,2.93,20585000.0,-2.79968273298027,18.4323136480916,2.178,
Sri Lanka,LKA,2014,75.757,South Asia,Upper middle income,82531125461.843,3972.04377042271,11720.5978109851,6.37797889684965,4.157,132.82194519,3.46786141,0.807,3.72,7.7,9.2,,,2.86,20778000.0,0.933207942647201,18.6153877203724,2.134,
Sri Lanka,LKA,2015,75.99,South Asia,Upper middle income,85090300895.6546,4057.71582716521,12227.171484965,4.20595547501601,4.519,144.29077148,3.6826396,0.83,3.71,7.4,8.7,5.9,,2.86,20970000.0,0.91981102654886,18.796256612131,2.09,
Sri Lanka,LKA,2016,76.136,South Asia,Upper middle income,88000210878.1236,4149.19189391879,13078.5605089011,5.05362488993089,4.242,145.32496643,3.61788416,0.856,3.72,7.0,8.3,,,2.91,21209000.0,1.13327749793807,18.9747679368162,2.062,39.3
Sri Lanka,LKA,2017,76.239,South Asia,Upper middle income,94369350439.4732,4398.88828786059,13610.4723136277,6.46068127080994,4.046,142.32518005,3.33093429,0.887,3.77,6.7,7.9,,,2.86,21453000.0,1.14388758411593,19.1507693078088,2.044,
Sri Lanka,LKA,2018,76.485,South Asia,Upper middle income,94450015982.806,4358.56095905888,14178.0225361835,2.31008425504933,4.318,154.64622498,3.6418879,0.958,3.81,6.5,7.6,,,2.83,21670000.0,1.0064319813899,19.3241083384127,2.033,
Sri Lanka,LKA,2019,76.698,South Asia,Upper middle income,88998706177.9986,4081.94772178134,14112.9525042604,-0.220483886824823,4.67,147.01193237,3.70119572,1.098,3.86,6.2,7.2,,,2.83,21803000.0,0.611875945764341,19.4946326418437,2.022,37.7
Sri Lanka,LKA,2020,76.928,South Asia,Upper middle income,84335574372.2997,3847.60136741182,12940.9043296014,-4.62451503712715,5.364,159.71383667,4.27431631,1.167,3.87,6.0,6.9,,,2.91,21919000.0,0.530626559530355,19.6621898312161,2.007,
Sri Lanka,LKA,2021,76.278,South Asia,Upper middle income,88556699052.2008,3996.96240531688,14316.1352225567,4.2074764950026,4.981,202.75497437,5.19427729,1.144,3.98,5.8,6.6,,,,22156000.0,1.07544995696428,19.8266275195269,1.995,
Sri Lanka,LKA,2022,77.3,South Asia,Upper middle income,74143020303.663,3342.63650438046,14191.4051912109,-7.34919311146656,4.528,130.09327698,3.98300457,,3.94,5.5,6.3,,,,22181000.0,0.112772639779474,19.9877933196367,1.984,
Sri Lanka,LKA,2023,77.483,South Asia,Upper middle income,84080307355.5983,3815.41531767474,14512.1432202455,-2.0289296690344,4.528,134.23654175,3.68313766,1.136,3.93,5.3,6.1,,,,22037000.0,-0.651320770103285,20.1455348442463,1.974,
Sri Lanka,LKA,2024,77.672,South Asia,Upper middle income,99616111265.7633,4545.36006870612,15701.0907191253,4.99241614398109,4.239,,,,,5.2,5.9,,10.2,,21916000.0,-0.550589519145017,20.2996997058686,1.952,
Sudan,SDN,1995,57.447,Sub-Saharan Africa,Low income,13830363899.9163,462.585235595703,1902.43005371094,5.99709226051246,15.627,,,,,78.8,117.8,,,,24672143.0,2.57914709353572,32.1100625013715,5.856,
Sudan,SDN,1996,57.638,Sub-Saharan Africa,Low income,9018300724.66086,294.826965332031,2005.60961914063,5.9191237633176,15.605,,,0.09,,77.4,114.9,,,,25231528.0,2.24195302329294,32.1664651904255,5.792,
Sudan,SDN,1997,58.058,Sub-Saharan Africa,Low income,11681175864.3383,373.09375,2358.26098632813,18.3126571850273,15.324,,,,,75.8,111.8,,,,25799821.0,2.22732302778578,32.2179601401085,5.717,
Sudan,SDN,1998,58.308,Sub-Saharan Africa,Low income,11250221536.7484,350.702880859375,2427.79565429688,4.30850425525036,15.352,,,,,96.7,148.3,,,,26458999.0,2.52287733643727,32.2646062997555,5.646,
Sudan,SDN,1999,58.607,Sub-Saharan Africa,Low income,10682028339.6898,324.659606933594,2475.06665039063,3.10409561549652,15.399,,,,,72.3,105.3,,,,27130613.0,2.50663940455787,32.3064626187016,5.622,
Sudan,SDN,2000,58.946,Sub-Saharan Africa,Low income,12257299147.2936,362.116882324219,2616.46459960938,6.34586743997545,15.595,13.99440289,3.60664487,0.158,0.81,70.5,102.0,,,0.0,27816745.0,2.49754561643296,32.3435880462815,5.596,
Sudan,SDN,2001,59.264,Sub-Saharan Africa,Low income,15716361792.1926,451.293304443359,2769.4228515625,6.50036053396883,15.56,15.18372345,3.36456871,,0.74,68.6,98.6,,,0.0,28516770.0,2.48541577821616,32.3760415318304,5.562,
Sudan,SDN,2002,59.308,Sub-Saharan Africa,Low income,18137128388.3606,506.262634277344,2898.138671875,6.0064715363132,15.514,16.70709991,3.30010891,,0.73,66.7,95.2,,,0.0,29228727.0,2.46596917532427,32.4038820246832,5.531,
Sudan,SDN,2003,58.319,Sub-Saharan Africa,Low income,21355298459.5955,580.320251464844,3058.10375976563,6.28880816146516,15.515,22.58504868,3.89187932,,0.73,64.8,91.9,,,0.0,29896035.0,2.25738358789851,32.4271684741748,5.489,
Sudan,SDN,2004,56.773,Sub-Saharan Africa,Low income,26646007250.7319,705.113342285156,3215.236328125,5.14088851762675,15.538,29.30404472,4.15593481,0.247,0.71,67.8,101.1,,,0.0,30556637.0,2.18560495236388,32.4459598296403,5.455,
Sudan,SDN,2005,57.226,Sub-Saharan Africa,Low income,35182711987.974,905.543640136719,3407.35180664063,5.64351551343631,15.545,37.07490158,4.09418154,,0.72,66.4,98.8,22.9,,0.0,31262444.0,2.28355924873297,32.4603150404146,5.397,
Sudan,SDN,2006,60.4,Sub-Saharan Africa,Low income,45263831634.1497,1132.474609375,3637.32666015625,6.5314117467792,15.542,55.32660294,4.88544321,0.346,0.73,59.7,83.0,,,0.0,31992435.0,2.30819636827177,32.4702930558327,5.332,
Sudan,SDN,2007,61.442,Sub-Saharan Africa,Low income,59440139774.8128,1444.37219238281,3836.48901367188,5.73527423664484,15.534,81.79016876,5.66269159,0.346,0.73,58.2,80.4,,,0.0,32764135.0,2.38350034195252,32.4759528252296,5.27,
Sudan,SDN,2008,61.261,Sub-Saharan Africa,Low income,64833083257.1431,1527.58239746094,3937.52685546875,3.84674473121058,15.566,82.84276581,5.42313576,0.322,0.73,56.8,77.9,,,0.0,33623980.0,2.59050308685206,32.4816230749746,5.212,
Sudan,SDN,2009,62.676,Sub-Saharan Africa,Low income,51621044076.9231,1178.22180175781,3731.61474609375,-2.76770436599138,13.0,80.00441742,6.39496326,,0.73,55.5,75.5,,,0.0,34569113.0,2.77210926299041,32.5774622972843,5.173,35.4
Sudan,SDN,2010,62.979,Sub-Saharan Africa,Low income,58962978034.4828,1305.63598632813,3805.62744140625,3.85824195230107,15.168,73.60398865,5.05810165,,0.72,54.3,73.4,,,0.045,35414399.0,2.41578933319134,32.7174026591513,5.141,
Sudan,SDN,2011,63.181,Sub-Saharan Africa,Low income,55018567210.5263,1332.6572265625,4112.21875,-3.21353209253371,17.44,80.37197876,5.61579561,,0.84,53.1,71.3,,8.6,0.046,36140806.0,2.0304098222439,32.9059760141986,5.087,
Sudan,SDN,2012,63.427,Sub-Saharan Africa,Low income,37632919966.6667,1019.22210693359,3710.376953125,-17.0046884048945,16.973,75.40776825,5.68827009,,0.82,51.9,69.3,,,0.046,36923178.0,2.14168968629865,33.1425561614901,5.031,
Sudan,SDN,2013,63.443,Sub-Saharan Africa,Low income,43024018082.1918,1138.62780761719,3724.9599609375,1.95514463302422,16.273,97.4931488,6.96487474,,0.82,50.8,67.3,,,0.18,37785849.0,2.30951835174238,33.4264777958103,4.965,
Sudan,SDN,2014,63.99,Sub-Saharan Africa,Low income,49516748617.9775,1275.43835449219,4260.57177734375,4.66137954229873,15.41,88.78498077,5.67619705,,0.8,49.7,65.4,,,0.19,38823318.0,2.70863780408064,33.7624582408117,4.912,34.2
Sudan,SDN,2015,64.375,Sub-Saharan Africa,Low income,51726758676.7677,1292.37963867188,4217.01025390625,1.91017689052751,14.39,93.69657135,5.81112576,0.396,0.67,48.4,63.5,,,0.19,40024431.0,3.04689971719172,34.0914394628597,4.898,
Sudan,SDN,2016,64.677,Sub-Saharan Africa,Low income,42630376000.0,1033.21594238281,4470.35498046875,3.46764218409288,13.656,89.39633942,5.68438482,,0.67,47.2,61.6,,,0.002,41259892.0,3.04008474256183,34.1881958841213,4.829,
Sudan,SDN,2017,65.146,Sub-Saharan Africa,Low income,41283617976.1905,966.505676269531,4252.42138671875,0.70925628476644,13.0,67.75476837,5.91767406,0.25,0.74,45.9,59.7,,,0.002,42714306.0,3.46430091592296,34.2872225663509,4.761,
Sudan,SDN,2018,65.501,Sub-Saharan Africa,Low income,32333780383.2924,731.027465820313,4199.25048828125,-2.6809305497999,12.347,33.88366699,4.46172857,,0.66,44.6,57.8,,,0.005,44230596.0,3.48828675547566,34.382054222005,4.681,
Sudan,SDN,2019,65.803,Sub-Saharan Africa,Low income,32338079165.2893,709.975280761719,3914.2255859375,-2.17825104530091,11.697,31.79406929,4.59967566,,0.66,43.4,56.1,,,0.005,45548175.0,2.93537902352139,34.4727685824236,4.617,
Sudan,SDN,2020,65.124,Sub-Saharan Africa,Low income,27034593750.0,577.795227050781,3348.57836914063,-3.62980082410752,11.995,22.91861534,3.04323435,,0.66,42.2,54.3,,,0.01,46789231.0,2.6882512565735,34.5594433789246,4.542,
Sudan,SDN,2021,64.46,Sub-Saharan Africa,Low income,34229513774.9936,712.122009277344,3248.9755859375,-1.8685204827207,11.087,21.69141006,2.9669323,,0.66,41.0,52.7,,,,48066924.0,2.6941220236505,34.6421563427994,4.457,
Sudan,SDN,2022,65.695,Sub-Saharan Africa,Low income,51666875363.0963,1046.24084472656,3354.84643554688,-0.957816591119183,7.53,25.75139618,3.79416442,,,39.8,51.0,,,,49383346.0,2.70189520043666,34.7209852053086,4.384,
Sudan,SDN,2023,66.331,Sub-Saharan Africa,Low income,39898289820.7951,797.283447265625,2422.6533203125,-29.4332716274387,,21.0830822,2.85165739,,,44.0,63.1,,,,50042791.0,1.32652175747925,34.7960076976764,4.323,
Sudan,SDN,2024,66.521,Sub-Saharan Africa,Low income,49672435513.1126,984.607666015625,2118.88891601563,-13.9643378424022,,,,,,42.9,61.6,,19.0,,50448963.0,0.808373216038761,34.8673015510839,4.264,
Sweden,SWE,1995,78.7404878048781,Europe & Central Asia,High income,267050453506.792,30254.0273028727,23083.8821849136,4.09438992772475,8.897,,,2.817,4.9000000954,4.0,4.8,,,,8826939.0,0.524703941553734,83.9000015258789,1.73,25.2
Sweden,SWE,1996,78.9590243902439,Europe & Central Asia,High income,291949597375.485,33022.2444768661,23951.5346983014,1.70471985374236,9.547,,,2.838,4.4000000954,3.8,4.6,,,,8840998.0,0.159147080582875,83.9365712484942,1.6,
Sweden,SWE,1997,79.1975609756098,Europe & Central Asia,High income,268249616890.856,30324.1845796306,24816.6202142152,3.06499186399252,10.359,,,2.854,5.2,3.6,4.4,,,,8846062.0,0.0572622034229794,83.96246905017,1.52,
Sweden,SWE,1998,79.3390243902439,Europe & Central Asia,High income,270887306758.576,30605.3669074811,25896.8499240244,4.24583179417877,8.941,,,2.919,3.7999999523,3.5,4.2,,,,8850974.0,0.0555121222123307,83.9840819295031,1.5,
Sweden,SWE,1999,79.4414634146342,Europe & Central Asia,High income,274318357862.122,30968.8710702052,27496.233607761,4.20111929805536,7.607,,,2.966,3.7000000477,3.4,4.2,7.98593908548355,,,8857874.0,0.0779271508703018,84.00779688509,1.5,
Sweden,SWE,2000,79.6439024390244,Europe & Central Asia,High income,262903560280.282,29632.5890811623,29636.0533379047,4.63112136551369,5.466,2173.1940918,7.32495546,3.026,3.58,3.4,4.1,9.72026810050011,,9.37,8872109.0,0.160575484575313,84.0400009155273,1.54,27.0
Sweden,SWE,2001,79.7951219512195,Europe & Central Asia,High income,242497797484.776,27259.3174300217,29945.8508575628,1.36080642694121,4.73,2154.63354492,7.89248943,3.121,3.27,3.3,4.0,9.87372696399689,,9.37,8895960.0,0.268470527954234,84.0827152824223,1.57,26.5
Sweden,SWE,2002,79.8463414634146,Europe & Central Asia,High income,267371907446.776,29957.7776664916,30987.1008568293,2.27772867861897,4.965,2456.70068359,8.18597412,3.212,3.13,3.3,4.0,,,9.57,8924958.0,0.325438067703728,84.1342508376823,1.65,26.2
Sweden,SWE,2003,80.0951219512195,Europe & Central Asia,High income,334072443515.576,37292.2419727801,31787.3765638123,1.88102769675844,5.555,3107.48876953,8.31654263,3.283,3.05,3.2,3.9,11.4140756428242,,9.54,8958229.0,0.372092942799084,84.1954289653543,1.71,25.3
Sweden,SWE,2004,80.4975609756098,Europe & Central Asia,High income,384545442175.019,42758.0048564929,33804.7015981309,4.17958419343711,6.693,3488.65771484,8.1428194,3.373,3.01,3.1,3.7,,,9.39,8993531.0,0.393298991357658,84.2670710494849,1.75,26.1
Sweden,SWE,2005,80.5463414634146,Europe & Central Asia,High income,391688455928.597,43378.4077394363,34198.2228928173,2.79313782840156,7.81,3546.78686523,8.15987301,3.454,2.93,3.0,3.6,,,9.31,9029572.0,0.399942762807279,84.3499984741211,1.77,26.8
Sweden,SWE,2006,80.7487804878049,Europe & Central Asia,High income,422528394459.353,46531.3762240485,37671.4935238976,4.67607488877992,7.066,3755.67529297,8.0421772,3.543,2.89,2.8,3.5,,,9.39,9080505.0,0.562483906481893,84.4553200620359,1.85,26.4
Sweden,SWE,2007,80.9,Europe & Central Asia,High income,490047789548.441,53568.3057787832,40812.608451608,3.22486814096095,6.161,4295.55224609,7.9882226,3.625,2.86,2.7,3.3,,,9.48,9148092.0,0.741552514625445,84.5906875454778,1.88,27.1
Sweden,SWE,2008,81.1,Europe & Central Asia,High income,514614100832.941,55817.1759726485,41906.5013377768,-0.923113250067971,6.235,4609.91845703,8.22603607,3.681,2.81,2.6,3.2,,,9.61,9219637.0,0.779033290770134,84.7517366727063,1.91,28.1
Sweden,SWE,2009,81.3512195121951,Europe & Central Asia,High income,434311714442.499,46707.6425044751,40093.8358794687,-4.25561384207619,8.351,4118.41650391,8.77742958,3.749,2.76,2.6,3.1,,,9.72,9298515.0,0.851904412936677,84.9341031919813,1.94,27.3
Sweden,SWE,2010,81.4512195121951,Europe & Central Asia,High income,492750897239.447,52542.5759090299,41951.2525597117,5.75076477579255,8.61,4391.1171875,8.32384682,3.808,2.73,2.5,3.1,,,9.79,9378126.0,0.852524628765313,85.1334228515625,1.98,27.7
Sweden,SWE,2011,81.8024390243903,Europe & Central Asia,High income,570538581144.45,60379.4814599322,44332.3063486431,3.16388567406926,7.804,6363.61474609,10.50179005,3.888,2.7,2.5,3.0,13.9705881476402,4.2,9.72,9449213.0,0.755150133665177,85.3600748880524,1.9,27.6
Sweden,SWE,2012,81.7048780487805,Europe & Central Asia,High income,549739674655.127,57749.5615420853,45206.780102677,-0.414397702454409,7.976,6280.82519531,10.834198,3.967,2.66,2.4,3.0,,,9.66,9519374.0,0.739763272434863,85.6250668883122,1.91,27.6
Sweden,SWE,2013,81.9560975609756,Europe & Central Asia,High income,584125353119.18,60843.9888799369,46098.0140634307,1.13766671801426,8.052,6716.21484375,10.9872179,4.043,2.59,2.4,2.9,,,9.6,9600379.0,0.847348652246305,85.9249771259894,1.89,28.8
Sweden,SWE,2014,82.2536585365854,Europe & Central Asia,High income,577727767303.596,59583.4584491714,46841.2010746944,2.29577238758284,7.954,6632.23681641,11.07212639,4.109,2.54,2.4,2.9,17.563608288765,,9.54,9696110.0,0.992219728591882,86.2563838747314,1.88,28.4
Sweden,SWE,2015,82.2048780487805,Europe & Central Asia,High income,501602351911.6,51188.1652120493,48762.7456496975,4.38824673608589,7.432,5626.04833984,10.93069172,4.174,2.44,2.3,2.9,,,9.45,9799186.0,1.05745468551674,86.6158654081858,1.85,29.2
Sweden,SWE,2016,82.3073170731707,Europe & Central Asia,High income,513058312950.939,51703.5088332851,50176.3328538836,2.13117914731151,6.99,5719.45996094,10.95692444,4.233,2.34,2.3,2.8,,,9.35,9923085.0,1.25645398510305,87.0,1.85,29.6
Sweden,SWE,2017,82.409756097561,Europe & Central Asia,High income,535172356784.769,53210.2233318965,51386.5907915775,1.88282184966646,6.718,5871.52294922,10.94730949,4.269,2.21,2.3,2.8,,,9.33,10057698.0,1.34744505956262,87.237373786911,1.78,28.8
Sweden,SWE,2018,82.5585365853659,Europe & Central Asia,High income,549649344043.182,54018.4554391861,52962.1832555021,1.7702553546772,6.365,6042.13525391,11.09132671,4.322,2.13,2.2,2.7,,,9.3,10175214.0,1.16164515996039,87.4737430925296,1.76,30.0
Sweden,SWE,2019,83.109756097561,Europe & Central Asia,High income,530894124494.418,51648.9892820514,56909.753155728,2.60823012869524,6.833,5688.04492188,10.93444347,4.288,2.07,2.2,2.6,,,9.3,10278887.0,1.01372226345511,87.7088420242759,1.71,29.3
Sweden,SWE,2020,82.3560975609756,Europe & Central Asia,High income,544265668451.678,52568.5726980146,57396.2588780383,-1.93379704032216,8.291,6030.53271484,11.42458725,4.322,2.05,2.1,2.6,,,9.57,10353442.0,0.722703912882934,87.9424046895699,1.67,28.9
Sweden,SWE,2021,83.0560975609756,Europe & Central Asia,High income,631693331300.776,60647.5416365347,62190.8526983825,5.2258643028773,8.803,6894.20166016,11.23013592,4.408,2.0,2.1,2.5,,,,10415811.0,0.600591532839468,88.1741651958315,1.67,29.8
Sweden,SWE,2022,83.0585365853659,Europe & Central Asia,High income,575071237640.921,54836.8907235124,66517.6358713011,1.25543620445816,7.417,6022.39257813,10.85505676,,1.9,2.0,2.5,,,,10486941.0,0.68058286829853,88.4038576504809,1.53,31.6
Sweden,SWE,2023,83.309756097561,Europe & Central Asia,High income,578990915246.07,54950.2834725622,68457.9015289277,-0.204061304891439,7.611,6206.23046875,11.152915,,,2.0,2.4,,,,10536632.0,0.472717863265105,88.631216160938,1.45,29.3
Sweden,SWE,2024,84.0634146341463,Europe & Central Asia,High income,604827393488.582,57222.7100565003,71221.9379308266,1.01779633304398,8.4,6484.76464844,11.21510124,,,2.0,2.4,,5.8,,10569709.0,0.313432129983607,88.8559748346228,1.43,
Switzerland,CHE,1995,78.4170731707317,Europe & Central Asia,High income,358152520084.567,50868.9734516769,31285.8705223753,4.09438994746239,3.094,,,3.164,,5.2,6.4,,,,7040687.0,0.668242326234317,71.5294706058473,1.48,
Switzerland,CHE,1996,78.8960975609756,Europe & Central Asia,High income,345373647249.191,48837.8072568268,31985.7788020437,0.560166924751584,3.684,,,3.584,,5.0,6.2,,,,7071850.0,0.441636406706345,72.0359167090865,1.5,
Switzerland,CHE,1997,79.079512195122,Europe & Central Asia,High income,298868250534.004,42159.9962722039,33180.9874177073,2.09761680316545,4.127,,,3.265,,4.9,6.0,,,,7088906.0,0.240891210155647,72.4834259015645,1.48,
Switzerland,CHE,1998,79.3243902439025,Europe & Central Asia,High income,306907741067.733,43165.639648677,34242.4359147407,2.77611373648112,3.568,,,3.33,,4.8,5.8,,,,7110001.0,0.297135765740057,72.8556433017258,1.47,
Switzerland,CHE,1999,79.580487804878,Europe & Central Asia,High income,301911268140.061,42260.8690492557,35213.5621242264,1.68007571116809,3.053,,,3.363,,4.7,5.7,,,,7143991.0,0.476919931285641,73.1362140280151,1.48,
Switzerland,CHE,2000,79.6804878048781,Europe & Central Asia,High income,282327351965.893,39298.0968042444,37104.1035652432,3.63321673470911,2.658,3550.12597656,9.13442421,3.51,6.29,4.7,5.6,,,12.48,7184250.0,0.561954617400164,73.302430524727,1.5,33.4
Switzerland,CHE,2001,80.1804878048781,Europe & Central Asia,High income,290160142213.795,40133.6101965261,38295.0788030095,1.59219781357001,2.49,3751.75244141,9.46040058,3.514,6.04,4.6,5.5,,,12.48,7229854.0,0.632771238018431,73.3762992611964,1.38,
Switzerland,CHE,2002,80.3853658536585,Europe & Central Asia,High income,313930961760.554,43094.2492848494,39284.2837213213,0.380410134195273,2.924,4198.36376953,9.88000107,3.561,5.95,4.5,5.4,,,12.33,7284753.0,0.756469145838096,73.4195324136588,1.39,31.7
Switzerland,CHE,2003,80.5365853658537,Europe & Central Asia,High income,366563952624.935,49947.3910175152,39217.5580054547,-0.284222357857615,4.117,5005.11816406,10.13696766,3.658,5.83,4.5,5.3,,,12.12,7339001.0,0.74191960337232,73.4518762174754,1.39,
Switzerland,CHE,2004,81.0878048780488,Europe & Central Asia,High income,409012909529.554,55349.6164595028,40683.8614431803,2.58692895529093,4.316,5593.4765625,10.22576523,3.696,5.67,4.4,5.2,,,11.88,7389625.0,0.687425960233006,73.4761317507392,1.42,31.6
Switzerland,CHE,2005,81.2365853658537,Europe & Central Asia,High income,424511048024.414,57080.0704338193,42142.9474311978,2.95208487460334,4.437,5661.17431641,10.05823421,3.74,5.54,4.3,5.1,,,11.66,7437115.0,0.640601540243491,73.4951000915434,1.42,
Switzerland,CHE,2006,81.490243902439,Europe & Central Asia,High income,448364681767.427,59910.293405504,46980.7361703296,4.13432251467916,3.995,5657.28222656,9.5802002,3.79,5.4,4.2,4.9,,,11.61,7483934.0,0.627558473346134,73.5115823179813,1.44,33.9
Switzerland,CHE,2007,81.7414634146342,Europe & Central Asia,High income,498993845384.872,66082.1233977532,51786.0095983917,3.98319384807056,3.641,6124.81445313,9.41693783,3.788,5.36,4.1,4.8,,,11.63,7551117.0,0.893690977823134,73.5283795081459,1.46,34.3
Switzerland,CHE,2008,81.9926829268293,Europe & Central Asia,High income,574703945157.419,75147.5376709155,54514.1506081639,2.53159615417233,3.35,7075.70751953,9.53167725,3.82,5.22,4.0,4.7,,,11.59,7647675.0,1.27061807385776,73.5482927401305,1.48,33.8
Switzerland,CHE,2009,82.0439024390244,Europe & Central Asia,High income,563659557945.042,72788.2049524379,53874.2782377773,-1.93490944903913,4.109,7263.62695313,10.1415062,3.836,5.11,4.0,4.6,,,11.43,7743831.0,1.24948463127384,73.5741230920283,1.5,32.9
Switzerland,CHE,2010,82.2463414634147,Europe & Central Asia,High income,609999593541.9,77956.1262043942,55445.6775606878,3.26063082122047,4.808,7645.25732422,9.9907856,3.808,5.19,3.9,4.6,,,11.32,7824909.0,1.0415580576588,73.6086716419323,1.52,32.6
Switzerland,CHE,2011,82.6951219512195,Europe & Central Asia,High income,727231637101.778,91910.3964565203,58404.5879736888,1.40766067483813,4.409,9139.43066406,10.10393143,3.832,5.05,3.9,4.5,10.8677335083485,5.9,11.21,7912398.0,1.11187894263206,73.65058748615,1.52,31.7
Switzerland,CHE,2012,82.6975609756098,Europe & Central Asia,High income,697882536676.898,87269.5594780124,60433.500996161,1.12413575027705,4.491,8868.98144531,10.33511066,3.915,4.97,3.8,4.4,,,11.1,7996861.0,1.06181932886789,73.7522629583622,1.52,31.6
Switzerland,CHE,2013,82.7975609756098,Europe & Central Asia,High income,718748402259.576,88851.2374497983,62748.9298592904,1.83612392927999,4.747,9247.28417969,10.59444523,4.039,4.85,3.8,4.4,,,10.96,8089346.0,1.14987975781229,74.1121384785551,1.52,32.5
Switzerland,CHE,2014,83.1975609756098,Europe & Central Asia,High income,741168119616.628,90511.6484558843,64694.0744212256,2.54342347675991,4.826,9469.6640625,10.6751194,4.125,4.73,3.8,4.3,,,10.87,8188649.0,1.22010397343287,74.7402679059582,1.54,32.5
Switzerland,CHE,2015,82.8975609756098,Europe & Central Asia,High income,706199008878.656,85265.06205193,66418.7989292294,1.45450336491099,4.801,9200.10058594,10.97983074,4.196,4.73,3.7,4.3,,,10.69,8282396.0,1.13833715247736,75.6044960143169,1.54,32.3
Switzerland,CHE,2016,83.6024390243903,Europe & Central Asia,High income,698607778794.566,83432.4111596314,68399.5779033573,1.91159094214852,4.918,9201.47460938,11.20248795,4.25,4.69,3.7,4.2,,,10.53,8373338.0,1.09203117387253,76.6726675773771,1.54,33.0
Switzerland,CHE,2017,83.5512195121951,Europe & Central Asia,High income,706660443624.485,83610.248611484,69317.5993921633,1.42034612231261,4.797,9354.22070313,11.37471581,4.297,4.65,3.6,4.1,,,10.36,8451840.0,0.933155888738653,77.9126273688843,1.52,32.7
Switzerland,CHE,2018,83.7536585365854,Europe & Central Asia,High income,740766531453.991,87002.3382293532,72169.4717767024,3.32743256101493,4.713,9541.07421875,11.19891071,4.338,4.63,3.6,4.1,,,10.4,8514329.0,0.736633975172522,79.2922201625844,1.52,33.1
Switzerland,CHE,2019,83.9048780487805,Europe & Central Asia,High income,736384764156.877,85872.9702303454,75267.0079269626,1.11532187197474,4.394,9609.80273438,11.42588997,4.349,4.59,3.5,4.0,,,10.4,8575280.0,0.713313668444329,80.7792907322229,1.48,34.0
Switzerland,CHE,2020,83.0,Europe & Central Asia,High income,756096180222.082,87529.7016394892,74384.6631232325,-2.2552579425106,4.817,10294.578125,11.98960876,4.388,4.48,3.5,4.0,,,10.07,8638167.0,0.730676195047382,82.3416838515457,1.46,33.7
Switzerland,CHE,2021,83.7512195121951,Europe & Central Asia,High income,840710023481.35,96582.8687080693,83524.9832880195,6.17622836050151,5.013,11197.76464844,11.95855618,4.435,4.43,3.5,4.0,,,,8704546.0,0.765501039496593,84.2006477608879,1.52,33.8
Switzerland,CHE,2022,83.6048780487805,Europe & Central Asia,High income,858479038993.75,97809.095567203,94629.7224204886,3.53430286842426,4.122,10930.13964844,11.59911823,4.477,4.41,3.5,3.9,,,,8777088.0,0.829927183900371,84.9206266284521,1.39,33.8
Switzerland,CHE,2023,84.1560975609756,Europe & Central Asia,High income,928435275851.707,104449.75451772,93939.7784980038,0.825560934124624,4.043,11783.66992188,11.69096088,,4.38,3.4,3.9,,,,8888822.0,1.26498425447772,85.1854212679815,1.33,
Switzerland,CHE,2024,84.4073170731707,Europe & Central Asia,High income,969919786394.884,107702.065940312,97467.7447151829,1.39033363875791,4.343,,,,,3.4,3.9,,5.3,,9005582.0,1.30500749907811,85.4615370020764,1.29,
Syrian Arab Republic,SYR,1995,70.209,Middle East & North Africa,Low income,11396706586.8263,779.699100153744,,7.02658954303115,7.2,,,,,25.7,29.2,,,,14616801.0,2.83254019010482,50.0454433199127,4.697,
Syrian Arab Republic,SYR,1996,70.156,Middle East & North Africa,Low income,13789560878.2435,918.195857362788,,9.82556940470964,7.221,,,,1.5,24.6,27.8,,,,15018104.0,2.70847861472762,50.3656541639413,4.536,35.2
Syrian Arab Republic,SYR,1997,70.158,Middle East & North Africa,Low income,14505233463.035,940.826589804978,,5.0238045081104,7.31,,,1.276,,23.5,26.5,,,,15417542.0,2.62495453798521,50.7142395730045,4.371,
Syrian Arab Republic,SYR,1998,70.237,Middle East & North Africa,Low income,15200846153.8462,960.837504927725,,6.78530452433867,7.376,,,1.32,1.5,22.5,25.2,,,,15820413.0,2.57951161365654,51.085856389276,4.25,
Syrian Arab Republic,SYR,1999,70.507,Middle East & North Africa,Low income,15873875968.9922,978.17453169496,,-3.55344987109004,7.6,,,1.318,1.3999999762,21.6,24.1,,,,16228061.0,2.54408360788724,51.4751614549293,4.144,
Syrian Arab Republic,SYR,2000,70.856,Middle East & North Africa,Low income,18937031609.7969,1138.18722723683,,0.675642589410501,9.587,53.69049835,4.57202911,1.347,1.4,20.8,23.1,,,1.29,16637888.0,2.49405999884142,51.876811612138,4.068,
Syrian Arab Republic,SYR,2001,71.296,Middle East & North Africa,Low income,20078599626.0129,1177.53806921268,,3.79340343988601,11.63,57.71026993,4.71458244,,1.4,20.1,22.2,,,1.29,17051338.0,2.45461714631082,52.2854637030759,3.976,
Syrian Arab Republic,SYR,2002,71.742,Middle East & North Africa,Low income,20786986579.9105,1189.98119453595,,7.85855098148016,10.94,62.74715805,4.96416759,1.435,1.38,19.4,21.4,,,1.26,17468332.0,2.41609659016013,52.6957745699164,3.865,
Syrian Arab Republic,SYR,2003,72.188,Middle East & North Africa,Low income,21828144686.0394,1220.179077256,,0.590781711933914,10.28,59.87030792,5.13501024,1.368,1.49,18.9,20.8,,,1.21,17889296.0,2.38129035278314,53.1024010548332,3.763,37.5
Syrian Arab Republic,SYR,2004,72.494,Middle East & North Africa,Low income,25086910447.9968,1368.11263904001,,6.9025333036284,9.513,60.20412827,4.49753141,1.412,1.49,18.5,20.2,,,1.16,18336875.0,2.47115145720736,53.5,3.679,
Syrian Arab Republic,SYR,2005,72.797,Middle East & North Africa,Low income,28858937499.1801,1533.90017615946,,6.21550444795768,8.81,62.29284668,4.12713289,1.501,1.28,18.1,19.8,,,1.11,18814091.0,2.56920506363659,53.8227202374695,3.605,
Syrian Arab Republic,SYR,2006,73.04,Middle East & North Africa,Low income,33751812958.6391,1718.78469956591,,5.04600280095076,8.17,64.00552368,3.79620314,,1.47,17.8,19.4,,,1.06,19637022.0,4.28105517398245,54.059770380523,3.562,40.1
Syrian Arab Republic,SYR,2007,73.256,Middle East & North Africa,Low income,40465331020.308,1937.61199094087,,5.6747382107833,8.42,72.10467529,3.73920178,1.417,1.47,17.6,19.1,,,1.04,20884125.0,6.15726388722661,54.2883969431774,3.538,
Syrian Arab Republic,SYR,2008,73.368,Middle East & North Africa,Low income,52557913397.4638,2429.1247629459,,4.47662154277957,10.94,82.92500305,3.41378117,1.419,1.54,17.5,18.9,,,1.05,21636564.0,3.53953603606328,54.5858464394493,3.481,
Syrian Arab Republic,SYR,2009,73.496,Middle East & North Africa,Low income,54111721043.8087,2462.20127278738,,5.91229460524147,8.14,88.00678253,3.57431221,1.362,1.51,17.5,18.8,,,1.06,21976969.0,1.561038004306,55.0293653833552,3.415,40.4
Syrian Arab Republic,SYR,2010,73.542,Middle East & North Africa,Low income,61390833272.6687,2730.61487784917,,5.19150915015936,8.61,91.5537796,3.35286307,1.388,1.54,17.5,18.8,,,0.99,22482421.0,2.27386735787712,55.6962002889119,3.355,
Syrian Arab Republic,SYR,2011,72.259,Middle East & North Africa,Low income,67539433544.3077,2952.14372909443,,2.8502205980333,8.626,78.28834534,2.6616261,,1.55,18.7,21.6,,9.9,0.74,22878098.0,1.74463187292712,58.4817704183521,3.285,
Syrian Arab Republic,SYR,2012,66.206,Middle East & North Africa,Low income,43190318032.5627,1897.66115018696,,-26.338904668983,13.8,66.27796173,3.22060776,,1.53,23.8,34.2,,,0.46,22759763.0,-0.518583748688814,65.0896662830335,3.221,
Syrian Arab Republic,SYR,2013,65.146,Middle East & North Africa,Low income,21361254634.9336,985.892669221634,,-26.3002577493205,14.5,47.07229233,3.77518535,,1.52,25.0,36.9,,,0.27,21666917.0,-4.92076611917059,73.0620491886137,3.165,
Syrian Arab Republic,SYR,2014,65.492,Middle East & North Africa,Low income,21502061466.067,1060.59105887433,,-10.3103412087823,14.782,48.91549683,4.23171377,1.432,1.5,24.6,35.5,,,0.28,20273659.0,-6.64640777600442,76.0,3.117,
Syrian Arab Republic,SYR,2015,63.265,Middle East & North Africa,Low income,16466861435.0236,847.731545352582,,-4.17969204561759,14.244,38.17871475,3.67464328,,1.47,25.5,37.1,,,0.29,19424618.0,-4.27812265662123,75.7529067188542,3.067,
Syrian Arab Republic,SYR,2016,65.19,Middle East & North Africa,Low income,12597854088.3602,656.349017520952,,-6.40568496867387,13.798,27.40652657,3.89073515,1.172,1.46,23.7,32.2,,,0.25,19193834.0,-1.19521490586433,75.15400963398,3.012,
Syrian Arab Republic,SYR,2017,65.651,Middle East & North Africa,Low income,16369842725.4718,851.501972646386,3265.07016871603,-0.723346297115341,13.603,35.57104874,3.91299295,1.468,1.4,24.2,32.9,,,0.22,19224668.0,0.160516443980316,74.5395596323392,2.972,
Syrian Arab Republic,SYR,2018,67.371,Middle East & North Africa,Low income,21497779247.9835,1098.06667935023,3455.89168825346,1.39323324059961,13.505,46.24067307,3.93852568,1.5,1.26,24.2,32.5,,,0.2,19577845.0,1.82043236963093,74.0612602381775,2.932,
Syrian Arab Republic,SYR,2019,70.97,Middle East & North Africa,Low income,22583046644.6891,1109.53933821464,3502.17536117799,1.22072818348491,13.369,55.2208252,3.96978569,1.517,1.26,21.1,24.6,,,0.2,20353534.0,3.88559879868016,73.8248788261986,2.878,
Syrian Arab Republic,SYR,2020,71.944,Middle East & North Africa,Low income,12501503673.2425,593.911771822527,3878.42802993832,0.954914586675713,15.179,37.03173065,3.67009115,1.5,1.39,20.0,21.9,,,0.092,21049429.0,3.36188761247899,73.4125031102512,2.837,
Syrian Arab Republic,SYR,2021,72.418,Middle East & North Africa,Low income,14892885528.1402,688.566109726934,4765.52911357702,1.7896919997567,14.887,53.4726181,3.50403309,1.521,1.43,19.3,20.5,,,,21628839.0,2.71541292038855,73.0125007629395,2.798,
Syrian Arab Republic,SYR,2022,72.79,Middle East & North Africa,Low income,23737634644.3994,1056.78264718197,4905.15252202552,-0.20247264200475,13.245,53.26486588,3.3840971,,,19.1,20.7,,,,22462173.0,3.78051313340953,72.6124992370605,2.746,26.4
Syrian Arab Republic,SYR,2023,72.12,Middle East & North Africa,Low income,,,,,13.27,33.34017944,2.70998812,,,18.6,20.1,,,,23594623.0,4.91861526815481,72.1673803143204,2.712,
Syrian Arab Republic,SYR,2024,72.56,Middle East & North Africa,Low income,,,,,13.359,,,,,17.7,18.4,,19.0,,24672760.0,4.46809539676654,72.0761345758254,2.7,
Tajikistan,TJK,1995,61.389,Europe & Central Asia,Lower middle income,1231561860.39946,207.034457343036,1005.61413212515,-12.416322231899,3.45,,,2.035,8.1999998093,83.5,107.6,,,,5948584.0,2.09310346198551,28.4243889333252,4.664,
Tajikistan,TJK,1996,60.806,Europe & Central Asia,Lower middle income,1043654822.33503,172.035088688368,836.429096820847,-16.6999984353389,4.05,,,1.972,7.4699997902,80.4,103.4,,,,6066523.0,1.96324157737844,27.769317170259,3.94,
Tajikistan,TJK,1997,61.928,Europe & Central Asia,Lower middle income,921518032.909326,150.088550171239,854.823520852903,1.68067413588066,4.15,,,1.918,7.2199997902,76.3,98.0,,,,6139829.0,1.20112677928097,27.2166948515698,4.06,
Tajikistan,TJK,1998,62.404,Europe & Central Asia,Lower middle income,1320199581.52261,213.749145581577,904.966780596463,5.31286765940042,4.65,,,2.032,6.9099998474,71.6,91.7,,,,6176397.0,0.593820013625566,26.8051784145572,4.07,
Tajikistan,TJK,1999,63.114,Europe & Central Asia,Lower middle income,1086612290.27171,175.023764735625,946.825049293702,3.69955071665851,4.45,,,2.088,6.8000001907,66.5,85.0,,,,6208370.0,0.516328987572414,26.5734242965209,3.85,29.5
Tajikistan,TJK,2000,63.542,Europe & Central Asia,Lower middle income,860541842.263697,136.925716400723,1036.12988864456,8.32432449473859,4.15,5.90626955,4.26492405,2.148,6.44,61.5,78.4,,,0.9,6284735.0,1.22252956506886,26.5355104669232,3.49,
Tajikistan,TJK,2001,64.197,Europe & Central Asia,Lower middle income,1080772551.29433,168.676285365186,1138.74372893427,9.58083617842951,3.75,7.56599855,4.57802534,2.095,6.3,56.5,71.8,,,0.9,6407377.0,1.93263055464193,26.5345041786379,3.49,
Tajikistan,TJK,2002,64.898,Europe & Central Asia,Lower middle income,1221106220.2868,186.951638285222,1256.95258172217,10.8000037591665,3.95,8.21969986,4.43647242,2.008,6.19,51.7,65.6,,,0.89,6531669.0,1.92125173999603,26.5336513960096,3.47,
Tajikistan,TJK,2003,65.874,Europe & Central Asia,Lower middle income,1555318261.4172,233.58124845289,1395.64684231545,10.9999990780572,3.85,10.97546482,4.70218658,1.906,6.04,47.3,59.8,,,0.86,6658575.0,1.92429974773697,26.5331204386766,3.42,32.7
Tajikistan,TJK,2004,66.604,Europe & Central Asia,Lower middle income,2076176869.41089,305.745158587502,1550.07202045109,10.2999989410117,3.45,14.6509676,4.79911184,1.914,5.97,43.3,54.6,,,0.82,6790547.0,1.96260002776105,26.5327772632159,3.507,33.6
Tajikistan,TJK,2005,66.531,Europe & Central Asia,Lower middle income,2312352020.6689,333.927150941684,1672.73374994938,6.69999851655409,3.45,17.38472557,5.21024704,1.917,5.86,40.0,50.3,,,0.76,6924720.0,1.95661200705717,26.5324878262051,3.398,
Tajikistan,TJK,2006,66.997,Europe & Central Asia,Lower middle income,2830213848.6203,401.018403316427,1810.2912569837,7.00000321108996,3.65,20.04485893,5.03254795,1.88,5.72,37.2,46.6,,,0.7,7057566.0,1.90026148122724,26.5321180842215,3.341,
Tajikistan,TJK,2007,67.405,Europe & Central Asia,Lower middle income,3719524540.86193,516.997210618914,1966.22189882683,7.80000011872161,2.874,28.58950996,5.54050112,1.861,5.4,34.9,43.6,,,0.64,7194477.0,1.92134154744809,26.5315339938424,3.367,32.2
Tajikistan,TJK,2008,67.924,Europe & Central Asia,Lower middle income,5161299725.27673,703.327375898643,2120.01845697449,7.89999827154939,4.942,41.35135651,5.91206694,1.895,5.27,33.1,41.2,,,0.64,7338403.0,1.98075956919701,26.5306015116451,3.388,
Tajikistan,TJK,2009,68.248,Europe & Central Asia,Lower middle income,4979472364.4534,664.795655734657,2171.36091640667,3.90000114826496,7.028,38.9187851,5.85579777,1.616,5.16,31.6,39.3,,,0.65,7490230.0,2.04782606461211,26.529186594207,3.43,30.8
Tajikistan,TJK,2010,68.37,Europe & Central Asia,Lower middle income,5642221099.17704,737.338883219356,2291.07823624245,6.49999908585235,7.037,42.28567886,5.73543453,1.67,4.99,30.4,37.6,,,0.69,7652141.0,2.13859732955825,26.5274312963978,3.457,
Tajikistan,TJK,2011,68.698,Europe & Central Asia,Lower middle income,6522756255.012,833.601978202852,2455.97278263399,7.40000059956711,7.04,48.8431282,5.85971785,1.693,4.88,29.3,36.2,9.29830893874168,6.3,0.72,7824785.0,2.23107820470165,26.4792213439941,3.456,
Tajikistan,TJK,2012,69.13,Europe & Central Asia,Lower middle income,7633036903.07634,952.452819695469,2679.0692960897,7.49999946321525,7.022,56.97117615,5.98185873,1.697,4.76,28.4,35.0,,,0.76,8014084.0,2.39042338057157,26.4102249145508,3.421,
Tajikistan,TJK,2013,69.579,Europe & Central Asia,Lower middle income,8448411318.25417,1028.19704279396,2918.56048007357,7.39999974700379,7.019,67.62356567,6.53226423,1.677,4.7,27.6,34.0,,,0.8,8216724.0,2.49710956677516,26.4883155822754,3.433,
Tajikistan,TJK,2014,69.697,Europe & Central Asia,Lower middle income,9112605459.32845,1081.54402932039,3151.72452793203,6.70000069016253,7.024,73.06859589,6.6654973,1.727,4.59,26.9,33.0,,,0.86,8425552.0,2.50974038960922,26.5633735656738,3.459,
Tajikistan,TJK,2015,69.665,Europe & Central Asia,Lower middle income,8271431485.07484,956.916310930656,2975.47097476092,6.01930331771186,7.033,62.75804901,6.90735912,1.747,4.52,26.3,32.2,,,0.89,8643840.0,2.55779351442662,26.478832244873,3.459,34.0
Tajikistan,TJK,2016,69.982,Europe & Central Asia,Lower middle income,6992416096.89018,788.710481734485,2913.85679547445,6.89999999999999,7.036,54.9213562,6.96349716,1.754,4.49,25.8,31.5,,,0.91,8865631.0,2.53351872618566,26.3718509674072,3.384,
Tajikistan,TJK,2017,70.524,Europe & Central Asia,Lower middle income,7536402852.85802,829.45714764957,3017.00314887354,7.10000041864309,7.035,56.85092545,6.85399008,1.785,4.41,25.5,31.0,,,0.89,9085946.0,2.45467083241302,26.2731513977051,3.29,
Tajikistan,TJK,2018,70.737,Europe & Central Asia,Lower middle income,7764999999.45362,834.288404578801,3069.10385079592,7.5999988895536,7.028,58.51539993,7.01381588,1.934,4.34,25.3,30.7,,,0.87,9307333.0,2.40737599740749,26.2338752746582,3.294,
Tajikistan,TJK,2019,70.962,Europe & Central Asia,Lower middle income,8300813599.3084,871.022372934846,3459.97365083434,7.40000016310556,7.026,60.51568222,6.9476676,1.933,4.26,25.0,30.4,,,0.87,9529966.0,2.36385658944468,26.1300735473633,3.281,
Tajikistan,TJK,2020,68.605,Europe & Central Asia,Lower middle income,8133963550.65742,834.311715460625,3653.95976759112,4.40000111553493,7.576,74.17329407,8.8903532,1.995,4.26,24.9,30.1,,,0.74,9749310.0,2.27553632959872,26.1925442328719,3.211,
Tajikistan,TJK,2021,69.594,Europe & Central Asia,Lower middle income,8937805347.13963,896.748053372182,3985.91247611219,9.39999955037523,7.687,75.10315704,8.37504482,1.949,4.22,24.7,29.8,,,,9966908.0,2.20738922074721,26.1991525151375,3.17,32.4
Tajikistan,TJK,2022,71.562,Europe & Central Asia,Lower middle income,10713525200.3998,1052.17949484894,4513.4597158968,8.00000033846364,7.051,78.61326599,7.62917423,1.939,4.22,24.4,29.4,,,,10182222.0,2.13728529423458,26.1957126615618,3.127,39.5
Tajikistan,TJK,2023,71.79,Europe & Central Asia,Lower middle income,12244169292.7998,1178.47990060249,4967.6740543988,8.29999921651935,7.037,85.14702606,7.43789911,1.87,4.04,24.0,28.8,,,,10389799.0,2.01812009749216,26.1890127571429,3.072,38.0
Tajikistan,TJK,2024,71.927,Europe & Central Asia,Lower middle income,14425113699.7925,1362.02559981695,5413.83109811464,8.39999980983981,7.041,,,,,23.5,28.1,,8.0,,10590927.0,1.91732317936133,26.1788063651548,3.036,36.1
Tanzania,TZA,1995,51.005,Sub-Saharan Africa,Lower middle income,7631431840.49992,258.418334960938,981.404174804688,3.56991186849247,3.672,,,0.041,,101.1,156.0,,,,30383497.0,3.14652813346473,20.5123885728178,5.822,
Tanzania,TZA,1996,51.132,Sub-Saharan Africa,Lower middle income,9433528150.36609,313.658386230469,1025.87158203125,4.54436680394173,3.475,,,,,99.3,152.3,,,,30945762.0,1.83364600544135,20.8213839786497,5.826,
Tanzania,TZA,1997,51.246,Sub-Saharan Africa,Lower middle income,11158197941.9152,363.597686767578,1058.78796386719,3.52527818941036,3.342,,,,,96.8,147.7,,,,31578089.0,2.02274347919653,21.1392073338172,5.836,
Tanzania,TZA,1998,51.807,Sub-Saharan Africa,Lower middle income,12172790056.3733,386.378448486328,1081.615234375,3.70851159859504,3.283,,,,,93.7,142.1,,,,32420458.0,2.63261492761807,21.4707357691933,5.811,
Tanzania,TZA,1999,52.399,Sub-Saharan Africa,Lower middle income,12704334195.8151,392.621765136719,1119.95593261719,4.86386375362282,3.219,,,,,89.8,135.5,,,,33300330.0,2.67776635574134,21.8208464156511,5.747,
Tanzania,TZA,2000,53.244,Sub-Saharan Africa,Lower middle income,13371767081.7428,401.698150634766,1163.64367675781,4.52078463603256,3.129,12.33031845,3.41529942,,,85.2,128.0,,,11.43,34260139.0,2.84152432501121,22.1944164040635,5.67,37.3
Tanzania,TZA,2001,54.124,Sub-Saharan Africa,Lower middle income,13563990022.3641,396.638732910156,1228.52233886719,6.07080828734129,2.994,15.1739912,4.23551702,,,80.3,120.3,,,11.43,35198299.0,2.70152074754623,22.5963228653037,5.617,
Tanzania,TZA,2002,54.94,Sub-Saharan Africa,Lower middle income,14129651895.6911,402.649047851563,1302.05554199219,7.09319498355502,3.023,17.0355854,4.68907642,0.023,,75.3,112.4,,,10.3,36121304.0,2.58850722069614,23.0306918214565,5.57,
Tanzania,TZA,2003,55.929,Sub-Saharan Africa,Lower middle income,15211487708.7684,422.18359375,1379.45776367188,6.67278983053497,3.053,20.39437675,5.34231472,,,70.6,105.0,,,10.07,37089555.0,2.64525638066994,23.5202087261949,5.578,
Tanzania,TZA,2004,56.836,Sub-Saharan Africa,Lower middle income,16673062473.3981,450.385284423828,1482.162109375,7.50381465859829,3.105,23.4493866,5.7373414,,,66.3,98.3,,,10.34,38109668.0,2.71326096371365,24.0832469119457,5.597,
Tanzania,TZA,2005,57.675,Sub-Saharan Africa,Lower middle income,18395383647.4975,483.334869384766,1598.03747558594,7.47631925974784,3.193,27.71374512,6.32282543,,,62.3,92.2,,,11.53,39182076.0,2.77513941065557,24.7061884538741,5.579,
Tanzania,TZA,2006,58.512,Sub-Saharan Africa,Lower middle income,18619859795.2852,475.746734619141,1706.54846191406,6.53222138847813,3.299,35.59762955,7.598279,,,58.9,86.7,,,11.95,40294902.0,2.80055623798532,25.3741033202009,5.511,
Tanzania,TZA,2007,59.26,Sub-Saharan Africa,Lower middle income,21860434823.4808,543.198303222656,1820.00134277344,6.76853520293716,3.023,36.23610306,6.88427973,,,55.5,81.3,,,11.63,41435512.0,2.79133312179469,26.0720614791471,5.403,40.3
Tanzania,TZA,2008,59.896,Sub-Saharan Africa,Lower middle income,27947821397.9272,675.977233886719,1908.37353515625,5.68641685905224,2.775,36.26182556,5.55704737,,,53.0,76.6,,,11.68,42570728.0,2.70285900109119,26.7851328989335,5.324,
Tanzania,TZA,2009,60.494,Sub-Saharan Africa,Lower middle income,29400573553.6075,693.823547363281,1972.16784667969,5.26910524873463,2.5,33.9993782,5.06306362,,0.63,50.3,72.0,,,11.51,43633982.0,2.46693695085578,27.498387547781,5.26,
Tanzania,TZA,2010,61.127,Sub-Saharan Africa,Lower middle income,32012892919.37,736.530151367188,2069.40185546875,6.33652342666889,3.03,37.18493271,5.22392178,,0.74,48.3,68.2,,,11.92,44758488.0,2.54448522649017,28.1968953939105,5.225,
Tanzania,TZA,2011,61.618,Sub-Saharan Africa,Lower middle income,34657140096.4836,775.392761230469,2211.466796875,7.67215543486064,3.47,37.75179672,5.0559845,,0.76,46.4,64.6,,2.8,11.8,46029367.0,2.79985031213535,28.865726405543,5.141,37.8
Tanzania,TZA,2012,62.286,Sub-Saharan Africa,Lower middle income,39650394362.9287,861.969909667969,2083.48486328125,4.50015356010131,3.223,41.99654007,5.01779366,0.031,,44.8,61.7,8.7,,11.59,47374260.0,2.8799437394168,29.4878764597911,5.137,
Tanzania,TZA,2013,62.788,Sub-Saharan Africa,Lower middle income,45648857242.315,963.05712890625,2176.21655273438,6.78158560065316,2.93,43.46931839,4.64643383,,1.01,43.5,59.0,,,11.62,48824128.0,3.01455736724095,30.0725108782502,5.156,
Tanzania,TZA,2014,63.364,Sub-Saharan Africa,Lower middle income,49986726460.6805,1022.74841308594,2221.1796875,6.73246186832483,2.125,39.85456848,4.01492071,0.06,0.68,42.1,56.3,,,11.7,50351512.0,3.08040316049107,30.6443077170742,5.122,
Tanzania,TZA,2015,63.928,Sub-Saharan Africa,Lower middle income,47413919817.124,939.127319335938,2317.27978515625,6.16062877406682,2.009,33.27184296,3.64969945,,,40.8,54.3,,,11.65,52020962.0,3.26181042317192,31.2061566592472,5.025,
Tanzania,TZA,2016,64.404,Sub-Saharan Africa,Lower middle income,49774409374.4538,953.0107421875,2434.69995117188,6.86711619644551,1.931,36.65267563,3.96350336,,0.46,39.3,52.0,,,11.21,53824013.0,3.40729531415315,31.7577303242916,5.006,
Tanzania,TZA,2017,64.963,Sub-Saharan Africa,Lower middle income,53274884532.7886,986.674011230469,2472.4931640625,6.72726996832438,1.854,39.03767014,4.02325726,,,37.5,49.8,,,10.65,55652890.0,3.3414302210835,32.2987013317296,4.988,
Tanzania,TZA,2018,65.488,Sub-Saharan Africa,Lower middle income,57003712892.0858,1023.10626220703,2727.88012695313,5.50267599384966,1.792,41.27171326,4.32775831,0.05,0.44,35.9,47.6,,,10.36,57437145.0,3.15572113764533,32.8287423010834,4.932,40.5
Tanzania,TZA,2019,66.007,Sub-Saharan Africa,Lower middle income,61026731925.9213,1063.32250976563,2981.87451171875,5.79999999996723,1.735,39.97783661,4.02347755,,0.62,34.5,45.6,,,10.36,59174891.0,2.98060939385811,33.3475258518752,4.866,
Tanzania,TZA,2020,66.771,Sub-Saharan Africa,Lower middle income,66068737786.0639,1117.41528320313,3290.60986328125,1.99196460647855,1.792,31.7036171,3.05028677,,0.64,33.2,43.8,,,10.95,60972798.0,2.99305168844906,33.8547246036273,4.801,
Tanzania,TZA,2021,66.131,Sub-Saharan Africa,Lower middle income,70655628147.8986,1159.85656738281,3493.0830078125,4.32138429480482,1.876,37.53121185,3.46963334,,0.64,32.1,41.7,,,,62830412.0,3.00113934816488,34.3500111758619,4.734,
Tanzania,TZA,2022,66.879,Sub-Saharan Africa,Lower middle income,75749121846.9703,1207.52062988281,3799.26000976563,4.56600576430955,1.573,35.93323135,3.13497496,0.134,0.84,30.9,40.1,,,,64711821.0,2.95046658393064,34.8234736377147,4.671,
Tanzania,TZA,2023,66.995,Sub-Saharan Africa,Lower middle income,79030935638.1317,1224.00219726563,4021.82885742188,5.06952353203394,1.565,36.25619888,3.05201221,,,29.7,38.5,,,,66617606.0,2.90250073555304,35.4748019434954,4.606,
Tanzania,TZA,2024,67.212,Sub-Saharan Africa,Lower middle income,79235713444.9777,1192.60668945313,4226.92626953125,5.5263138305945,1.557,,,,,28.7,37.0,,9.8,,68560157.0,2.87426672866542,36.1684458862992,4.541,
Thailand,THA,1995,69.757,East Asia & Pacific,Upper middle income,169278916592.843,2864.36515719866,6900.73895670856,8.12031534625378,1.1,,,0.24,1.9900000095,23.5,28.0,,,,59098232.0,1.42705987153545,24.1089855182854,1.888,
Thailand,THA,1996,69.94,East Asia & Pacific,Upper middle income,183035237429.281,3054.65690806473,7322.41464645667,5.65194446499471,1.071,,,,,22.4,26.6,,,,59920064.0,1.38103987322343,25.6410878617897,1.865,42.9
Thailand,THA,1997,70.362,East Asia & Pacific,Upper middle income,150180456565.728,2473.14096982086,7147.61289942825,-2.75357515314082,0.873,,,0.273,,21.3,25.2,,,,60724584.0,1.33372170098054,27.1975244444636,1.845,
Thailand,THA,1998,70.703,East Asia & Pacific,Upper middle income,113675596787.738,1847.70379269771,6589.55842658284,-7.63403528600102,3.404,,,0.292,,20.2,24.0,,,,61522630.0,1.30564502997303,28.7216489344742,1.815,41.5
Thailand,THA,1999,70.979,East Asia & Pacific,Upper middle income,126669211778.94,2033.24490520569,6901.27189247314,4.57230775115542,2.968,,,0.291,2.2000000477,19.2,22.8,,,,62299043.0,1.25409899110086,30.1568149999886,1.768,43.1
Thailand,THA,2000,71.205,East Asia & Pacific,Upper middle income,126392224253.794,2005.97694514234,7289.10499407007,4.45524704335014,2.389,62.21043015,3.10125351,,2.16,18.3,21.7,,,8.61,63007815.0,1.13127017975852,31.4626212652205,1.734,42.8
Thailand,THA,2001,71.52,East Asia & Pacific,Upper middle income,120296476180.402,1889.93432467144,7632.01609422989,3.44424900968372,2.6,57.19389343,3.02623773,0.298,2.16,17.4,20.7,,,8.61,63651141.0,1.01584846841136,32.7428054763889,1.711,
Thailand,THA,2002,71.775,East Asia & Pacific,Upper middle income,134300904400.022,2089.75183111554,8148.43702891814,6.14903605210036,1.82,69.68746185,3.334723,0.295,2.09,16.6,19.7,,,8.92,64266437.0,0.962026884907362,34.0732781018222,1.688,41.9
Thailand,THA,2003,72.101,East Asia & Pacific,Upper middle income,152280615245.887,2347.54001286066,8824.06945002031,7.18924330340971,1.54,76.13368225,3.24312782,,2.08,15.9,18.9,,,9.07,64868166.0,0.931947504633534,35.4270354382579,1.673,
Thailand,THA,2004,72.1,East Asia & Pacific,Upper middle income,172895685154.658,2641.56268717857,9545.3381381686,6.28934214285795,1.51,82.91682434,3.13893151,0.289,2.04,15.2,18.0,,,9.28,65452047.0,0.896077275303913,36.785516284484,1.665,42.5
Thailand,THA,2005,72.894,East Asia & Pacific,Upper middle income,189318408468.595,2867.70383436062,10169.0453610801,4.18763842884337,1.35,90.61147308,3.15972233,,2.01,14.5,17.2,,,9.36,66017420.0,0.860087894461849,38.1301594392881,1.644,
Thailand,THA,2006,73.341,East Asia & Pacific,Upper middle income,221758296021.621,3331.32043511773,10912.4427926958,4.96781089246107,1.22,103.26116943,3.09970832,0.284,2.02,13.9,16.5,,,9.34,66567687.0,0.83006330336846,39.4424037014582,1.631,41.8
Thailand,THA,2007,73.779,East Asia & Pacific,Upper middle income,262942621455.053,3918.52817434581,11723.0995583744,5.43515169050809,1.18,125.10979462,3.19277525,0.292,2.07,13.4,15.9,,,8.66,67102394.0,0.800044180541195,40.7036878697821,1.616,39.8
Thailand,THA,2008,74.221,East Asia & Pacific,Upper middle income,291382982430.951,4309.13509292986,12062.1598747558,1.72569884866334,1.18,149.06762695,3.45933938,0.311,1.86,12.9,15.2,,,7.98,67619830.0,0.768156179389423,41.8954507430475,1.587,40.3
Thailand,THA,2009,74.669,East Asia & Pacific,Upper middle income,281710630187.319,4135.43986952819,11964.0529468916,-0.690618232300579,1.49,149.67800903,3.61939645,0.333,1.73,12.4,14.7,,,7.41,68121080.0,0.73854268159594,42.9991311200422,1.565,39.6
Thailand,THA,2010,75.012,East Asia & Pacific,Upper middle income,341104766329.17,4973.86288823778,12932.263344023,7.51339053261624,0.622,168.61891174,3.39009809,0.383,1.96,11.9,14.1,,,7.57,68579447.0,0.670617338343587,44.0018736622496,1.562,39.4
Thailand,THA,2011,75.302,East Asia & Pacific,Upper middle income,370818739623.622,5373.6232832898,13227.454108915,0.840132083053334,0.66,191.74464417,3.56825495,,2.09,11.5,13.6,,7.5,7.87,69007208.0,0.621807948253872,44.8048723557374,1.571,37.5
Thailand,THA,2012,75.59,East Asia & Pacific,Upper middle income,397558325278.579,5725.52802835463,14616.6497925392,7.24279620249642,0.58,201.70690918,3.5229404,,2.12,11.1,13.1,,,8.08,69436098.0,0.619591346751357,45.373565813715,1.563,39.3
Thailand,THA,2013,75.96,East Asia & Pacific,Upper middle income,420333654592.547,6018.08244729255,15215.9492506383,2.68749556320556,0.249,207.81243896,3.45313334,,2.17,10.8,12.7,,,8.16,69845114.0,0.587325698680648,45.8321343847773,1.526,37.8
Thailand,THA,2014,76.279,East Asia & Pacific,Upper middle income,407339040197.651,5801.1978916205,15365.3175402829,0.984468863619426,0.576,213.74395752,3.68448091,,2.14,10.4,12.3,,,8.1,70216367.0,0.530129864137193,46.3138799467897,1.484,37.0
Thailand,THA,2015,76.563,East Asia & Pacific,Upper middle income,401296238228.084,5688.85335397884,15791.1714762207,3.13404724911635,0.597,219.15092468,3.8522861,0.453,2.13,10.1,11.9,,,8.16,70540795.0,0.460976294059414,46.9521043776171,1.451,36.0
Thailand,THA,2016,76.769,East Asia & Pacific,Upper middle income,413366349747.508,5833.57715617098,16671.2506902144,3.43515771692182,0.688,229.7849884,3.93900609,0.433,2.0,9.8,11.5,,,8.28,70859841.0,0.451266062797186,47.8801095551247,1.4,36.7
Thailand,THA,2017,76.989,East Asia & Pacific,Upper middle income,456356813536.764,6413.09182530343,17573.339815536,4.1776810321001,0.83,247.08152771,3.85276842,0.788,2.12,9.5,11.1,,,7.95,71160187.0,0.422963510133952,49.2311973571777,1.363,36.4
Thailand,THA,2018,77.19,East Asia & Pacific,Upper middle income,506754208404.485,7099.77650081458,18876.2208766741,4.22287028746071,0.765,274.71221924,3.87040329,0.518,2.1,9.2,10.8,,,7.85,71376079.0,0.302929452489855,54.5843734741211,1.323,36.4
Thailand,THA,2019,77.197,East Asia & Pacific,Upper middle income,543976691793.886,7605.69657797759,19963.3918407099,2.11455779628278,0.716,288.31097412,3.78911877,0.548,2.21,8.9,10.4,,,7.85,71522271.0,0.204609851692418,55.9266166687012,1.285,34.9
Thailand,THA,2020,77.331,East Asia & Pacific,Upper middle income,500274927778.532,6983.03412836245,19156.5820127644,-6.09306312966953,1.099,304.3817749,4.35724688,0.509,2.32,8.7,10.1,,,7.99,71641484.0,0.166540794566251,57.2358779907227,1.259,35.0
Thailand,THA,2021,77.606,East Asia & Pacific,Upper middle income,506049783824.94,7055.18760721422,20236.9760408784,1.55858232076893,1.215,363.72845459,5.15399981,0.541,2.34,8.4,9.8,,,,71727332.0,0.119758274714782,58.5087776184082,1.234,34.9
Thailand,THA,2022,75.291,East Asia & Pacific,Upper middle income,495691837308.033,6910.00995211206,22245.6387597542,2.63784213566305,0.94,369.97647095,5.35471153,,2.39,8.2,9.5,,,,71735329.0,0.0111485454856964,59.742374420166,1.221,34.3
Thailand,THA,2023,76.412,East Asia & Pacific,Upper middle income,517013369475.121,7210.54130832685,23598.3745068685,2.24883437970568,0.733,326.50482178,4.53787661,,2.39,7.9,9.2,,,,71702435.0,-0.0458651887192549,60.9341926574707,1.212,33.5
Thailand,THA,2024,76.564,East Asia & Pacific,Upper middle income,529385520941.539,7386.63615126055,24909.2266037939,2.94859986593323,0.781,,,,,7.7,9.0,,10.2,,71668011.0,-0.0480210554154485,61.8689338391321,1.204,33.3
Tunisia,TUN,1995,70.785,Middle East & North Africa,Lower middle income,18030876599.3444,1968.16600944373,4686.17039735806,2.35166985086541,16.348,,,0.651,,31.1,42.0,,,,9161258.0,1.57112483149253,61.623411363114,2.67,41.7
Tunisia,TUN,1996,71.247,Middle East & North Africa,Lower middle income,19587161806.7655,2107.40815649257,5039.71097998497,7.14608096782061,16.061,,,0.665,2.0,29.7,39.2,,,,9294432.0,1.44320056827616,62.0784646432836,2.488,
Tunisia,TUN,1997,71.67,Middle East & North Africa,Lower middle income,20746210353.845,2202.06090620956,5332.77991049767,5.44094350107467,15.94,,,0.686,1.7000000477,28.2,36.5,,,,9421270.0,1.35543878502605,62.5006240305309,2.338,
Tunisia,TUN,1998,72.067,Middle East & North Africa,Lower middle income,21802893587.126,2285.01933541864,5579.3872564719,4.78376247825665,15.473,,,0.715,,26.7,33.8,,,,9541667.0,1.26983091069473,62.8945821796079,2.197,
Tunisia,TUN,1999,72.344,Middle East & North Africa,Lower middle income,22943202174.9668,2376.06566791596,5929.90090196931,6.05463447898158,15.21,,,0.74,,25.3,31.4,,,,9655963.0,1.19074438326818,63.2650317452664,2.082,
Tunisia,TUN,2000,72.604,Middle East & North Africa,Lower middle income,21473528160.7782,2199.04465936314,6278.98680859219,4.7099729138049,14.94,111.01378632,4.81271935,0.762,1.71,23.9,29.2,,,1.63,9764935.0,1.12222559070037,63.6166653822584,2.025,40.8
Tunisia,TUN,2001,72.822,Middle East & North Africa,Lower middle income,22065832448.8623,2235.71981624751,6593.38196547532,3.79627166202512,14.4,114.00454712,4.86132765,0.787,,22.7,27.2,,,1.63,9869677.0,1.06692195988269,63.9541757453358,1.975,
Tunisia,TUN,2002,73.07,Middle East & North Africa,Lower middle income,23141616604.5242,2320.7723805785,6715.1107842827,1.32255714828946,14.55,124.64620972,5.12036419,0.799,1.67,21.6,25.5,,,1.62,9971515.0,1.02654008179225,64.2822554892505,1.941,
Tunisia,TUN,2003,73.304,Middle East & North Africa,Lower middle income,27453902261.4629,2725.8643148859,7098.4235615744,4.70239953285241,14.51,148.93447876,5.20888519,0.813,1.67,20.5,24.0,7.93024972081184,,1.63,10071632.0,0.999023084325491,64.6055972687544,1.956,
Tunisia,TUN,2004,73.519,Middle East & North Africa,Lower middle income,31183885241.4396,3067.41936376975,7671.84535971287,6.23579072222647,14.23,167.27586365,5.19890785,1.311,1.72,19.7,22.7,,,1.66,10166163.0,0.934209359397325,64.9272741461338,1.95,
Tunisia,TUN,2005,73.712,Middle East & North Africa,Lower middle income,32272186694.8043,3146.8260743927,8116.95489931216,3.4865455430439,12.872,169.84550476,5.14555788,0.919,1.72,18.9,21.6,,,1.71,10255472.0,0.874656405933051,65.2340901739004,1.953,37.7
Tunisia,TUN,2006,73.888,Middle East & North Africa,Lower middle income,34376664600.5898,3322.56933570096,8728.65712554879,5.24409983246916,12.51,178.82592773,5.13109922,,1.74,18.2,20.7,,,1.68,10346410.0,0.8828182844401,65.5209809651521,1.952,
Tunisia,TUN,2007,74.039,Middle East & North Africa,Lower middle income,38915353866.757,3726.91672935667,9479.35063896638,6.70952097453554,12.365,202.32022095,5.17542839,1.011,1.72,17.7,20.0,,,1.69,10441702.0,0.916799634880203,65.8000030517578,1.957,
Tunisia,TUN,2008,74.192,Middle East & North Africa,Lower middle income,44859439902.2191,4255.05008019523,9975.02232090707,4.23778147502819,12.444,230.50152588,5.1644063,1.094,1.78,17.2,19.4,,,1.68,10542635.0,0.961991588143559,66.0676053984361,1.975,
Tunisia,TUN,2009,74.32,Middle East & North Africa,Lower middle income,43455740497.3061,4080.09032448781,10237.0889995528,3.04345012371552,13.29,231.3591156,5.40595293,,1.8,16.9,19.0,,,1.7,10650681.0,1.01963219046734,66.3362197875977,2.004,
Tunisia,TUN,2010,74.438,Middle East & North Africa,Lower middle income,46206091937.9628,4291.86120891575,10555.0887029771,2.97113275066512,13.049,240.75447083,5.60950756,1.207,1.82,16.7,18.7,,,1.66,10765980.0,1.07673286637757,66.6280059814453,2.075,38.5
Tunisia,TUN,2011,74.471,Middle East & North Africa,Lower middle income,48123325825.0739,4420.64772206537,10435.9956675373,-2.04663389535644,18.334,270.67507935,6.12299299,,1.8,16.5,18.5,,9.5,1.66,10886035.0,1.10896127086771,66.9191886197857,2.189,
Tunisia,TUN,2012,74.599,Middle East & North Africa,Lower middle income,47311401812.6733,4297.26782454273,10614.531301194,4.21667711535632,17.63,270.29055786,6.28984737,,1.79,16.4,18.4,,,1.72,11009647.0,1.12911133130148,67.2098922729492,2.277,
Tunisia,TUN,2013,74.674,Middle East & North Africa,Lower middle income,48685446413.953,4369.79345826358,10671.569727457,2.42993096446429,15.934,284.64538574,6.51394987,,1.81,16.3,18.3,,,1.84,11141361.0,1.18925109300243,67.4999542236328,2.31,
Tunisia,TUN,2014,74.784,Middle East & North Africa,Lower middle income,50271812920.612,4458.97895464547,10946.8935757638,3.09032803070775,14.259,287.60955811,6.45006084,1.253,1.79,16.1,18.3,,,1.95,11274288.0,1.18603354474404,67.7524643379101,2.316,
Tunisia,TUN,2015,74.875,Middle East & North Africa,Lower middle income,45779494041.9295,4014.94773686432,10782.5438382441,0.967834205635981,15.159,249.46418762,6.21339941,1.285,1.8,16.0,18.2,,,2.03,11402264.0,1.12871973379756,67.8807907104492,2.306,32.8
Tunisia,TUN,2016,75.007,Middle East & North Africa,Lower middle income,44360072680.4476,3847.80354448809,10993.6638464522,1.117231963992,15.557,240.40258789,6.24778175,1.258,1.79,15.8,18.1,,,2.04,11528674.0,1.10253911569433,68.0623356528248,2.275,
Tunisia,TUN,2017,75.177,Middle East & North Africa,Lower middle income,42163530590.9462,3619.03247319953,11288.7800135085,2.25261437620587,15.33,223.85903931,6.18557453,1.278,1.81,15.5,17.9,,,2.02,11650498.0,1.05116025482594,68.2877807617188,2.205,
Tunisia,TUN,2018,75.37,Middle East & North Africa,Lower middle income,42686504459.801,3628.10366464236,11841.4061980603,2.60696965356362,15.459,215.418396,5.9375186,,1.82,15.1,17.5,,,2.01,11765514.0,0.982378425356264,68.5485240272509,2.133,
Tunisia,TUN,2019,75.599,Middle East & North Africa,Lower middle income,41905642418.825,3528.87213306798,12494.7905733455,1.55009304966742,17.153,212.60031128,6.02461243,1.299,1.82,14.4,16.9,,,2.01,11875081.0,0.926946081730267,68.8206382576031,2.1,
Tunisia,TUN,2020,75.004,Middle East & North Africa,Lower middle income,42491780918.361,3548.65363663803,11918.066205483,-8.97512622934723,17.651,250.40145874,7.05612612,1.315,2.42,13.5,16.0,,,1.71,11974057.0,0.830022185577052,69.1043166438476,2.0,
Tunisia,TUN,2021,72.893,Middle East & North Africa,Lower middle income,47073234359.1819,3906.93926319391,12444.3264026887,4.73603648206102,16.632,285.25247192,7.34183979,1.315,2.46,12.5,15.0,,,,12048622.0,0.620790374510459,69.3997523770568,1.8,33.7
Tunisia,TUN,2022,76.05,Middle East & North Africa,Lower middle income,44929920092.7955,3707.29283414381,13616.380720945,2.75228761004381,15.3,276.46380615,7.51270723,,,11.5,13.9,,,,12119334.0,0.585173208533683,69.707138648303,1.847,
Tunisia,TUN,2023,76.508,Middle East & North Africa,Lower middle income,48205328303.3398,3951.11683376921,14052.1687041992,0.184015548469745,15.106,317.70983887,7.98537874,,1.82,10.5,12.9,,,,12200431.0,0.666925034776371,70.0266686486584,1.832,
Tunisia,TUN,2024,76.711,Middle East & North Africa,Lower middle income,51412122479.8468,4187.64079392362,14542.0966234293,1.61444564976986,15.341,,,,,9.7,12.1,,16.0,,12277109.0,0.626519256572759,70.3585355691955,1.818,
Turkiye,TUR,1995,69.734,Europe & Central Asia,Upper middle income,234699627004.035,3845.98997887841,9955.36167250187,7.878266878218,7.644,,,1.112,2.5,44.1,53.4,,,,61024503.0,1.63671354378767,55.0652399803539,2.835,
Turkiye,TUR,1996,70.245,Europe & Central Asia,Upper middle income,250366965174.129,4041.36210281686,10620.7089998646,7.15779847930847,6.629,,,1.116,2.5,41.2,49.8,,,,61951134.0,1.5070440949697,55.7904438860013,2.779,
Turkiye,TUR,1997,70.668,Europe & Central Asia,Upper middle income,263817553748.395,4197.37636165642,11511.0257361123,7.3578623747848,6.841,,,1.138,2.5,38.3,46.4,,,,62852966.0,1.44522126567333,56.5266669756207,2.744,
Turkiye,TUR,1998,71.144,Europe & Central Asia,Upper middle income,276035372654.608,4331.02761275037,8762.13670285264,1.90857064345151,6.888,,,1.178,2.5,35.6,43.1,,,,63734383.0,1.39260558297453,57.2901857314518,2.707,
Turkiye,TUR,1999,70.752,Europe & Central Asia,Upper middle income,256673939247.773,3973.77763854116,8470.46812817135,-3.05277055759434,7.687,,,1.233,2.5999999046,33.1,40.1,,,,64591923.0,1.33651905329422,58.0972766357343,2.63,
Turkiye,TUR,2000,71.931,Europe & Central Asia,Upper middle income,274748463178.502,4199.3798635759,9323.82110032551,6.98528697817062,6.495,192.8344574,4.59957218,1.303,,30.7,37.2,,,2.46,65425961.0,1.28297648712556,58.9706120006403,2.487,
Turkiye,TUR,2001,72.271,Europe & Central Asia,Upper middle income,202195080239.036,3052.2256706793,9015.01426747987,-5.45940838563062,8.381,148.86210632,4.88784933,1.356,,28.5,34.5,,,2.46,66245128.0,1.2442785656482,59.8722461417316,2.392,
Turkiye,TUR,2002,72.605,Europe & Central Asia,Upper middle income,240778008473.845,3591.08628982587,9154.45153457514,6.43550883793114,10.358,181.39144897,5.06227875,1.371,2.45,26.4,32.0,,,2.41,67048795.0,1.20587153637377,60.7385342729423,2.268,41.4
Turkiye,TUR,2003,72.906,Europe & Central Asia,Upper middle income,315392899922.379,4649.63668068586,9475.23842234984,5.79909321038525,10.542,232.5562439,5.01427698,1.393,2.44,24.4,29.6,13.1246656179428,,2.34,67831730.0,1.16094416683032,61.5845060653258,2.202,42.2
Turkiye,TUR,2004,73.223,Europe & Central Asia,Upper middle income,410156784495.948,5979.6054216148,10760.7760827021,9.92540551918624,10.838,292.65307617,4.9096446,1.416,2.43,22.5,27.4,,,2.19,68592617.0,1.11548254617054,62.4388481173262,2.197,41.3
Turkiye,TUR,2005,73.51,Europe & Central Asia,Upper middle income,508314210212.544,7331.85429430255,11803.3604424476,9.11157745861635,10.636,357.40197754,4.89389706,1.455,2.47,20.9,25.3,,,2.06,69329557.0,1.06864181704433,63.3302470273874,2.197,42.6
Turkiye,TUR,2006,73.804,Europe & Central Asia,Upper middle income,559668118237.002,7990.08251407245,13558.2183381713,7.06762607623939,10.227,409.25881958,5.14591694,1.492,2.49,19.3,23.5,,,1.95,70045349.0,1.02715519431982,64.2873893939536,2.193,39.6
Turkiye,TUR,2007,74.129,Europe & Central Asia,Upper middle income,685228481017.03,9766.91734545294,14951.6862376319,5.10818513903604,10.285,504.37646484,5.23760796,1.532,2.52,17.9,21.8,,,1.99,70158112.0,0.160856263475951,65.3389618154687,2.16,38.4
Turkiye,TUR,2008,74.38,Europe & Central Asia,Upper middle income,775415944332.866,10913.4079047769,16141.6888074925,0.920118221365883,10.965,561.73529053,5.21761751,1.581,2.56,16.7,20.3,,,2.03,71051678.0,1.26560336535681,66.513650890377,2.15,39.0
Turkiye,TUR,2009,74.679,Europe & Central Asia,Upper middle income,653894449921.288,9076.92472236977,15551.64150166,-4.88269401706633,14.026,492.30032349,5.49438715,1.637,2.6,15.5,18.9,,,2.1,72039206.0,1.3803027157145,67.8401432171223,2.1,39.0
Turkiye,TUR,2010,74.964,Europe & Central Asia,Upper middle income,782545664268.333,10698.9699409757,17468.1996643291,8.54219848467686,11.879,531.82861328,5.02053452,1.683,2.73,14.5,17.6,,,2.12,73142150.0,1.51943093763293,69.3471253941487,2.08,38.8
Turkiye,TUR,2011,74.823,Europe & Central Asia,Upper middle income,844192507380.795,11373.6355760885,19717.2438317111,10.9799625273598,9.789,525.89105225,4.6530509,1.698,2.62,13.6,16.6,15.559895336628,7.9,2.14,74223629.0,1.46777416449143,71.0028723528334,2.05,40.0
Turkiye,TUR,2012,75.552,Europe & Central Asia,Upper middle income,885327622479.052,11776.7593362033,20739.2725488506,4.80762696633448,9.21,520.44274902,4.44444656,1.726,2.66,12.8,15.6,,,2.08,75175827.0,1.27471801981307,73.7788680234324,2.11,40.2
Turkiye,TUR,2013,76.171,Europe & Central Asia,Upper middle income,962167643588.925,12635.5570016068,22475.2909778388,8.48825689298511,9.713,547.95465088,4.37099934,1.751,2.64,12.1,14.7,,,2.03,76147624.0,1.28441474668,78.5218368384696,2.11,40.2
Turkiye,TUR,2014,76.452,Europe & Central Asia,Upper middle income,942343431928.654,12209.3862327674,24192.537613837,4.60079447270559,9.901,520.40753174,4.32517862,1.738,2.65,11.5,14.0,,,1.95,77181884.0,1.3490889002021,83.6024850744433,2.19,41.2
Turkiye,TUR,2015,76.539,Europe & Central Asia,Upper middle income,865460050683.656,11064.6494504662,25896.983315375,5.80557386628684,10.304,444.70803833,4.11690426,1.765,2.62,11.0,13.3,,,1.9,78218479.0,1.33411577030414,87.2167107972537,2.16,42.9
Turkiye,TUR,2016,76.595,Europe & Central Asia,Upper middle income,870818016909.84,10984.3643169061,26730.7599731835,3.32366508200445,10.899,456.3659668,4.28469229,1.774,2.67,10.5,12.7,,,1.84,79277962.0,1.34542593504869,88.1020958581776,2.11,41.9
Turkiye,TUR,2017,77.037,Europe & Central Asia,Upper middle income,863874522365.276,10756.3877677883,28353.5406410966,7.82585730002594,10.919,432.13754272,4.17974997,1.805,2.72,10.1,12.2,30.0,,1.84,80312698.0,1.29675571220462,88.0320472717286,2.08,43.5
Turkiye,TUR,2018,77.454,Europe & Central Asia,Upper middle income,788356985773.667,9684.11819884721,28640.3401839802,3.46815306092219,10.956,380.27835083,4.12101603,1.814,2.75,9.7,11.7,,,1.82,81407204.0,1.35360298648434,88.1655749576173,2.0,42.4
Turkiye,TUR,2019,77.737,Europe & Central Asia,Upper middle income,775853144222.613,9395.23378001368,29016.4555653445,1.30162365464503,13.73,388.67486572,4.35954332,1.884,2.78,9.4,11.3,,,1.82,82579440.0,1.42969688109789,88.6618152857124,1.89,43.8
Turkiye,TUR,2020,76.525,Europe & Central Asia,Upper middle income,733628247119.077,8798.11791709313,29209.3308866883,1.80306247087255,13.148,386.2593689,4.61640215,1.989,2.92,9.1,10.9,,,1.69,83384680.0,0.970386031353162,88.9303114965222,1.77,43.0
Turkiye,TUR,2021,75.722,Europe & Central Asia,Upper middle income,839938668172.134,9981.76398411336,32105.5474400506,11.811094450607,11.969,431.33978271,4.56065559,2.118,2.94,8.8,10.6,,,,84147318.0,0.910444902564511,89.1762048153239,1.71,44.4
Turkiye,TUR,2022,77.591,Europe & Central Asia,Upper middle income,926097476913.818,10897.8397861365,39919.1608756567,5.44122511322401,10.465,385.87997437,3.70338893,2.236,3.01,8.5,10.2,,,,84979913.0,0.984586244469359,89.0381164550781,1.63,44.5
Turkiye,TUR,2023,77.156,Europe & Central Asia,Upper middle income,1141242864657.45,13375.0947282864,43196.3381254367,5.04512369812289,9.388,547.8145752,4.27524424,,3.05,9.8,13.8,,,,85325965.0,0.406389351118662,89.0218446796121,1.51,43.7
Turkiye,TUR,2024,77.421,Europe & Central Asia,Upper middle income,1359123768774.12,15892.7157287241,45122.9317187258,3.3276230893799,8.8,,,,,8.0,9.6,,16.5,,85518661.0,0.225580501096507,89.3443122873887,1.48,
Uganda,UGA,1995,47.706,Sub-Saharan Africa,Low income,5755818842.49246,278.520835668767,896.672380899733,11.5232438119529,3.193,,,,,98.1,162.7,,,,20665667.0,2.73161443108009,10.7273719125031,6.871,
Uganda,UGA,1996,47.759,Sub-Saharan Africa,Low income,6044585326.938,284.698259285733,969.380449321444,9.07211457909349,3.169,,,,,97.3,160.3,,,,21231550.0,2.70145587024081,10.8839298766407,6.835,39.0
Uganda,UGA,1997,48.026,Sub-Saharan Africa,Low income,6269333313.17108,286.846637912964,1006.77500926479,5.10000186476283,3.209,,,,,96.4,157.7,,,,21856046.0,2.8989305129642,11.0460796171733,6.856,
Uganda,UGA,1998,48.263,Sub-Saharan Africa,Low income,6584815846.52754,292.453037058835,1036.73431782345,4.90526548451564,3.424,,,,,94.8,154.2,,,,22515806.0,2.97399633980632,11.2213607656387,6.837,
Uganda,UGA,1999,48.977,Sub-Saharan Africa,Low income,5998563257.94659,257.921949601357,1099.86476363087,8.05394837724197,3.46,,,,,92.4,149.6,,,,23257281.0,3.24006928294857,11.4173129535746,6.825,43.0
Uganda,UGA,2000,49.64,Sub-Saharan Africa,Low income,6193246837.09687,258.050338731086,1124.20958228537,3.141907338187,3.531,16.42602158,5.0827775,,,89.3,143.9,,,17.79,24000150.0,3.14418360294887,11.6414758125187,6.788,
Uganda,UGA,2001,50.576,Sub-Saharan Africa,Low income,5840503868.51573,236.021188853993,1172.68317456591,5.18366112490236,3.522,15.99579906,5.05208397,,,85.5,137.2,,,17.79,24745676.0,3.05906863525199,11.9013889740088,6.757,
Uganda,UGA,2002,51.443,Sub-Saharan Africa,Low income,6178563591.12051,241.984688408335,1254.98203504038,8.73268576440127,3.5,15.74441719,4.77136898,0.047,,81.2,129.9,,,17.58,25532870.0,3.13158750187579,12.202793574555,6.735,45.2
Uganda,UGA,2003,52.414,Sub-Saharan Africa,Low income,6606884275.23087,250.71543664681,1320.23991630021,6.47325867166543,3.6,14.23364067,4.2991581,,,76.6,122.1,,,17.34,26352124.0,3.15822372497188,12.5904136719317,6.671,
Uganda,UGA,2004,53.699,Sub-Saharan Africa,Low income,7939487547.77384,292.38185796262,1405.24288439992,6.80723334361883,2.699,18.60707474,4.70022202,0.081,,71.9,114.2,,,17.22,27154515.0,2.99944519470383,13.1221118400615,6.612,
Uganda,UGA,2005,54.926,Sub-Saharan Africa,Low income,9239221763.05793,330.405402707025,1496.50947834835,6.33256511623156,1.9,25.86819267,5.80516291,0.12,,67.3,106.5,,,17.16,27963289.0,2.93492118829227,13.7907239496723,6.525,42.9
Uganda,UGA,2006,56.118,Sub-Saharan Africa,Low income,9977647682.96954,346.518255310647,1659.72529097731,10.7847443857453,2.264,31.60310555,6.463305,,,63.0,99.2,,,17.08,28794003.0,2.92745935131587,14.5851520274647,6.429,
Uganda,UGA,2007,57.248,Sub-Saharan Africa,Low income,11902564494.8833,401.389130865581,1794.5351887397,8.41242596551071,2.667,36.10126495,6.11309004,,,58.9,92.5,,,16.07,29653430.0,2.94106654284048,15.494298100139,6.326,
Uganda,UGA,2008,58.253,Sub-Saharan Africa,Low income,14440404132.2047,472.842681495852,1930.70869511004,8.70875190154499,3.035,40.04308701,5.45474958,,,55.3,86.4,,,15.01,30539553.0,2.9444861420196,16.5070641943955,6.202,
Uganda,UGA,2009,59.157,Sub-Saharan Africa,Low income,25127805566.6584,798.947089938247,2014.60879444121,6.80151734860395,3.6,44.3670578,5.78845549,,0.4,52.7,81.2,,,14.11,31451151.0,2.94129171098808,17.6123523369348,6.124,44.2
Uganda,UGA,2010,59.959,Sub-Saharan Africa,Low income,26673441430.7857,823.488144282,2091.55963138496,5.63761163749757,3.623,51.88574982,6.80890226,,0.5,49.9,76.0,,,14.0,32390802.0,2.9438913354304,18.7990645544572,6.019,
Uganda,UGA,2011,60.791,Sub-Saharan Africa,Low income,27871725241.4723,835.620060555838,2267.72270357093,9.3916554927176,3.523,55.2076683,6.6959095,,,47.0,70.9,,2.8,13.92,33354543.0,2.93194913680129,20.0561028736631,5.885,
Uganda,UGA,2012,61.579,Sub-Saharan Africa,Low income,27305915910.7877,795.222867553127,2031.94669538814,3.83745560605229,3.551,55.03918457,6.10853958,0.098,,44.4,66.5,,,13.65,34337438.0,2.90422608403173,21.372369321253,5.729,41.0
Uganda,UGA,2013,62.353,Sub-Saharan Africa,Low income,28915786516.6123,818.285427416713,2044.88182485845,3.58690582623025,1.91,52.906353,5.78252411,,,42.9,62.8,,,13.47,35337042.0,2.86955163863091,22.7367659239271,5.563,
Uganda,UGA,2014,63.057,Sub-Saharan Africa,Low income,32612397257.4458,896.054795546394,2134.00916281741,5.10630732539796,2.357,50.957798,5.33653069,,,41.6,60.2,4.6,,13.38,36395539.0,2.95144499872136,24.1938503391826,5.408,
Uganda,UGA,2015,63.831,Sub-Saharan Africa,Low income,32387183730.1002,862.934610355811,2189.96485919003,5.18785986002466,2.681,40.09843445,4.99643135,0.097,,40.3,57.9,,,13.28,37531446.0,3.07329293941893,24.9777856560427,5.251,
Uganda,UGA,2016,64.494,Sub-Saharan Africa,Low income,29203988696.2626,752.696571725656,2165.29759404413,4.78100029254482,3.002,39.08125305,5.01553297,,,39.1,55.6,,,12.89,38799152.0,3.32192491389275,25.6953567134098,5.112,42.8
Uganda,UGA,2017,65.174,Sub-Saharan Africa,Low income,30744473841.424,765.218332297361,2157.95747503369,3.13140551723596,3.428,31.43818092,3.99852037,0.172,,38.1,54.0,,,12.58,40177388.0,3.49059590870242,26.4139260579546,4.987,
Uganda,UGA,2018,65.775,Sub-Saharan Africa,Low income,32927025619.6795,792.16570022814,2312.05752813495,6.30392378262997,3.249,32.9515686,4.02153397,,,37.3,52.7,,,12.21,41565831.0,3.39741097582772,27.1280475018884,4.867,
Uganda,UGA,2019,66.354,Sub-Saharan Africa,Low income,35353061003.4359,822.171150036357,2441.37445233821,6.43874503276439,3.057,33.36559677,3.79341364,,,36.9,51.6,,,12.21,42999637.0,3.39132142318772,27.8369781799403,4.744,42.7
Uganda,UGA,2020,66.41,Sub-Saharan Africa,Low income,37600368241.6657,845.766463890124,2532.21950102069,2.95130642218098,3.819,44.73381805,5.23865509,0.158,,36.6,50.9,,,11.3,44457152.0,3.33341751069644,28.5399752271502,4.621,
Uganda,UGA,2021,66.45,Sub-Saharan Africa,Low income,40529788748.6737,882.791717542504,2684.92035939744,3.53658034070898,3.416,51.03484726,5.47374916,,,36.4,50.2,,,,45910930.0,3.21773661761443,29.2362957789022,4.51,
Uganda,UGA,2022,67.675,Sub-Saharan Africa,Low income,45565333210.9108,963.067314117178,2918.71512173871,4.58802192181773,2.885,44.47286224,4.45071125,0.191,,36.5,50.0,,,,47312719.0,3.00759449042677,29.9251969709665,4.388,
Uganda,UGA,2023,68.252,Sub-Saharan Africa,Low income,48768955863.3175,1002.30913917142,3100.19016956104,5.33697295511469,2.754,45.21318436,4.23600149,,,36.2,49.4,,,,48656601.0,2.80083228962433,30.6059359395495,4.283,
Uganda,UGA,2024,68.487,Sub-Saharan Africa,Low income,53911907079.0485,1077.91278438613,3278.02086557843,6.05558075875589,2.74,,,,,35.9,48.7,,2.2,,50015092.0,2.75373170025335,31.2777698213557,4.165,
Ukraine,UKR,1995,67.114,Europe & Central Asia,Upper middle income,48213856468.5718,933.191772460938,4124.29541015625,-12.2000000007385,5.62,,,4.407,11.8900003433,19.4,20.1,,,,51665539.0,-0.791314942324349,67.8409658081403,1.399,39.2
Ukraine,UKR,1996,67.097,Europe & Central Asia,Upper middle income,44558831005.0621,869.846069335938,3812.24560546875,-10.0,7.65,,,2.992,10.8400001526,19.4,20.1,,,,51226109.0,-0.854165873072084,67.7194202781316,1.333,35.2
Ukraine,UKR,1997,67.658,Europe & Central Asia,Upper middle income,50151531591.7317,987.489807128906,3794.17846679688,-2.99999999842365,8.93,,,2.97,9.3699998856,19.2,19.9,,,,50786885.0,-0.861119151410882,67.6298703351538,1.271,
Ukraine,UKR,1998,67.993,Europe & Central Asia,Upper middle income,41882523345.1804,831.336791992188,3794.33911132813,-1.90000000214164,11.32,,,2.99,9.0399999619,18.8,19.5,,,,50379731.0,-0.804922047186478,67.5546753434196,1.206,
Ukraine,UKR,1999,68.004,Europe & Central Asia,Upper middle income,31580639553.8298,631.910461425781,3871.32641601563,-0.200000000106499,11.864,,,2.986,8.9499998093,18.3,18.9,,,,49976446.0,-0.803711705470069,67.4811633424084,1.127,28.9
Ukraine,UKR,2000,67.786,Europe & Central Asia,Upper middle income,32375083934.8241,653.294311523438,4228.1162109375,5.90000000024899,11.707,34.62232971,5.30685186,2.986,8.76,17.6,18.2,,,10.58,49556660.0,-0.843515300409476,67.403857296906,1.108,
Ukraine,UKR,2001,67.675,Europe & Central Asia,Upper middle income,39309580983.2282,800.49072265625,4746.85791015625,8.80000000367222,11.061,44.14328766,5.72534418,2.984,8.74,16.8,17.4,,,10.58,49106855.0,-0.911802334090355,67.2749805493459,1.092,
Ukraine,UKR,2002,67.699,Europe & Central Asia,Upper middle income,43956163612.0433,903.011901855469,5122.84130859375,5.33964720719075,10.136,52.11910248,5.99220037,2.976,8.77,16.1,16.6,15.0203332304954,,10.52,48677281.0,-0.878622609109747,67.2672733350904,1.127,29.0
Ukraine,UKR,2003,67.638,Europe & Central Asia,Upper middle income,52010355753.0461,1076.48156738281,5764.01123046875,9.51660986436364,9.057,67.87039948,6.54574108,2.964,8.69,15.3,15.8,,,10.24,48315136.0,-0.746752569088852,67.419679868405,1.173,28.7
Ukraine,UKR,2004,67.472,Europe & Central Asia,Upper middle income,67220154164.3166,1401.01806640625,6663.46728515625,11.7953525281136,8.59,83.23918915,6.16856956,2.968,8.6,14.7,15.1,,,10.12,47979507.0,-0.697090406399135,67.5970968423685,1.215,28.9
Ukraine,UKR,2005,67.517,Europe & Central Asia,Upper middle income,89238865118.5263,1875.33508300781,7142.10693359375,3.07123039245209,7.18,114.63265228,6.3461585,2.974,8.56,14.1,14.5,,,10.28,47585556.0,-0.824471243376951,67.8136046317755,1.221,29.0
Ukraine,UKR,2006,67.49,Europe & Central Asia,Upper middle income,111884752475.248,2366.494140625,7971.1962890625,7.57142076322967,6.81,146.27377319,6.4171896,3.04,8.61,13.6,14.0,,,10.74,47278694.0,-0.646951976746368,68.0293347798948,1.297,29.8
Ukraine,UKR,2007,67.715,Europe & Central Asia,Upper middle income,148733861386.139,3160.32763671875,8900.4443359375,8.21584445165715,6.351,183.18217468,6.01776791,3.043,8.59,13.1,13.4,,,11.48,47062798.0,-0.457691249751745,68.2102322372037,1.343,27.0
Ukraine,UKR,2008,68.262,Europe & Central Asia,Upper middle income,188110390659.515,4017.806640625,9323.72265625,2.24349159628288,6.363,212.75292969,5.49754429,3.074,8.61,12.5,12.9,,,11.92,46819175.0,-0.518999631278387,68.3752085755346,1.444,26.6
Ukraine,UKR,2009,69.159,Europe & Central Asia,Upper middle income,121552153444.124,2607.08764648438,7994.61572265625,-15.1364679101502,8.84,165.98542786,6.60991716,3.442,9.25,12.0,12.3,,,11.83,46623731.0,-0.418318079718443,68.5251442249547,1.47,25.3
Ukraine,UKR,2010,70.188,Europe & Central Asia,Upper middle income,141209170427.233,3039.63232421875,8453.2998046875,4.09200436668087,8.1,199.49559021,6.81387615,3.433,9.23,11.4,11.7,,,11.66,46456003.0,-0.360396778842802,68.637397133357,1.436,24.8
Ukraine,UKR,2011,70.711,Europe & Central Asia,Upper middle income,169333835201.554,3656.69799804688,9126.6083984375,5.44528081048476,7.851,240.17747498,6.81669855,3.432,8.9,10.9,11.2,,2.9,11.53,46307853.0,-0.319413470604977,68.7234299826222,1.464,24.6
Ukraine,UKR,2012,71.09,Europe & Central Asia,Upper middle income,182591753827.949,3951.34228515625,9552.314453125,0.152314967200653,7.529,270.76205444,7.11789227,3.434,8.75,10.4,10.7,,,11.78,46210056.0,-0.211412120058561,68.8241983107739,1.528,24.7
Ukraine,UKR,2013,71.474,Europe & Central Asia,Upper middle income,190498811460.028,4129.89697265625,10903.8251953125,0.045439094492707,7.17,275.94143677,6.94358015,3.433,8.63,10.0,10.2,,,11.42,46126770.0,-0.180396113217713,68.9326288082226,1.515,24.6
Ukraine,UKR,2014,71.803,Europe & Central Asia,Upper middle income,133503871861.723,3054.908203125,10493.7451171875,-10.0788949840953,9.27,208.94400024,7.19506168,2.936,7.31,9.6,9.8,,,10.65,45972380.0,-0.335269423483557,69.0554339301313,1.466,24.0
Ukraine,UKR,2015,72.686,Europe & Central Asia,Upper middle income,91030967789.0717,2094.47387695313,9921.833984375,-9.7729872128676,9.14,154.75454712,7.78352833,,7.27,9.2,9.5,,,9.73,45784896.0,-0.40865263025121,69.1587317201337,1.387,25.5
Ukraine,UKR,2016,73.389,Europe & Central Asia,Upper middle income,93355869403.9223,2158.46118164063,10864.6572265625,2.44098194492067,9.35,154.5546875,7.55205393,,6.91,8.9,9.1,,,8.93,45616832.0,-0.36774838525265,69.2102241609089,1.391,25.0
Ukraine,UKR,2017,73.993,Europe & Central Asia,Upper middle income,112090505081.739,2604.28759765625,11536.0810546875,2.35997228099491,9.5,183.69506836,7.44610357,,6.8,8.7,8.9,,,8.71,45436041.0,-0.397112648136029,69.2633108489282,1.3,26.0
Ukraine,UKR,2018,73.569,Europe & Central Asia,Upper middle income,130891088293.55,3059.0517578125,12554.8486328125,3.48836234022659,8.799,217.73760986,7.52051353,,6.68,8.5,8.7,,,8.7,45208907.0,-0.501151978990809,69.3157992777909,1.233,26.1
Ukraine,UKR,2019,73.92,Europe & Central Asia,Upper middle income,153883047509.577,3619.86157226563,14217.486328125,3.19950386354134,8.194,242.81388855,7.09389353,,6.56,8.3,8.5,,,8.7,44957458.0,-0.557746010589576,69.3527648708735,1.218,26.6
Ukraine,UKR,2020,73.283,Europe & Central Asia,Upper middle income,156617722013.342,3709.76928710938,15541.02734375,-3.75281793983162,9.475,265.07846069,7.56217051,,6.15,8.2,8.4,,,9.24,44680014.0,-0.619037730087783,69.3839100516745,1.208,25.6
Ukraine,UKR,2021,71.631,Europe & Central Asia,Upper middle income,199765859570.935,4775.94580078125,17846.408203125,3.44562065945944,9.834,369.90487671,8.2027483,,5.53,8.0,8.2,,,,44298640.0,-0.857231073467664,69.4027032653896,1.148,
Ukraine,UKR,2022,72.658,Europe & Central Asia,Upper middle income,161989520721.19,4199.6708984375,14767.73046875,-28.7585842155085,,,,,6.14,8.0,8.5,,,,41048766.0,-7.61932022603164,69.42345912103,0.897,
Ukraine,UKR,2023,73.422,Europe & Central Asia,Upper middle income,181221517868.744,5139.59814453125,17679.904296875,5.53473354963334,,,,3.531,,7.8,8.0,,,,37732836.0,-8.42300777431605,69.4754455027606,0.977,
Ukraine,UKR,2024,74.692,Europe & Central Asia,Upper middle income,190833835445.1,5391.62255859375,18636.13671875,3.24811808426423,,,,,,7.6,7.9,,6.0,,37860221.0,0.33702862573394,69.5315643200148,0.988,
United Arab Emirates,ARE,1995,71.392,Middle East & North Africa,High income,65743604965.7557,27003.1753753727,93702.2612671301,6.68766930139498,1.8,,,,,9.5,12.1,,,,2434662.0,4.4717655242434,78.2578079598212,3.278,
United Arab Emirates,ARE,1996,71.82,Middle East & North Africa,High income,73571217376.7336,28323.1586889615,94619.6235761181,5.79855087420329,1.836,,,,2.6400001049,9.2,11.8,,,,2597564.0,6.47661448989632,78.2689693716933,3.06,
United Arab Emirates,ARE,1997,72.559,Middle East & North Africa,High income,78838886862.1575,27982.752550093,96008.7770509465,8.19026264308846,1.906,,,,,9.0,11.5,,,,2817410.0,8.12439404457886,78.3820753836003,2.825,
United Arab Emirates,ARE,1998,73.66,Middle East & North Africa,High income,75674384204.7668,24889.4426807231,90229.4274519779,0.292226494694063,2.068,,,,,8.8,11.2,,,,3040421.0,7.61779694622865,78.5955507596055,2.765,
United Arab Emirates,ARE,1999,74.982,Middle East & North Africa,High income,84445399334.7235,25855.8379155488,87657.9286958823,2.90205341564509,2.195,,,,,8.6,11.0,,,,3266009.0,7.15727575370797,78.9002662187301,2.793,
United Arab Emirates,ARE,2000,76.347,Middle East & North Africa,High income,104337463730.167,29865.5285002232,92899.4574892966,10.852837927302,2.25,706.03112793,2.39504457,1.616,1.97,8.5,10.7,,,1.76,3493575.0,6.73568170124179,79.287092479995,2.733,
United Arab Emirates,ARE,2001,77.621,Middle East & North Africa,High income,103311631797.329,27745.1684523079,90370.1960117401,1.39892161061073,2.443,689.29278564,2.48436403,1.759,1.98,8.3,10.5,,,1.76,3723590.0,6.37626894621745,79.7469002624215,2.622,
United Arab Emirates,ARE,2002,78.721,Middle East & North Africa,High income,109816091078.603,27753.5810466782,88466.4539663538,2.43337487237925,2.659,754.26220703,2.71770859,1.761,1.95,8.2,10.3,,,1.76,3956826.0,6.07539320463732,80.2705602850306,2.541,
United Arab Emirates,ARE,2003,79.6,Middle East & North Africa,High income,124346476180.46,29659.5710296993,92635.8207708156,8.80057809996346,2.903,784.89343262,2.64634395,1.838,1.95,8.0,10.2,17.9927989840508,,1.76,4192457.0,5.78447695225097,80.8489432668434,2.491,
United Arab Emirates,ARE,2004,80.272,Middle East & North Africa,High income,147824249957.985,33376.6880534412,98661.409213788,9.56652626277928,2.965,821.74920654,2.46225643,1.762,1.76,7.9,10.0,,,1.78,4428967.0,5.48794157690806,81.4729199268812,2.385,
United Arab Emirates,ARE,2005,80.779,Middle East & North Africa,High income,180617467954.23,38719.3138285388,101301.379290923,4.85513657996815,3.12,898.36480713,2.3202107,1.494,1.31,7.7,9.8,,,1.77,4664790.0,5.18764431874288,82.2122832763517,2.232,
United Arab Emirates,ARE,2006,81.155,Middle East & North Africa,High income,222116532963.026,44342.603055045,106813.979370437,9.83727922860218,2.964,1031.14904785,2.3254137,1.407,,7.6,9.6,,,1.78,5009100.0,7.12134410320015,82.5588968646829,1.958,
United Arab Emirates,ARE,2007,81.438,Middle East & North Africa,High income,257916148767.436,45854.7352436978,100813.140247761,3.18441281459761,2.934,1176.49328613,2.56602693,1.541,1.48,7.4,9.4,,,1.86,5624635.0,11.5899798855336,82.758608500318,1.792,
United Arab Emirates,ARE,2008,81.591,Middle East & North Africa,High income,315474615741.223,50054.1700685968,94628.1996900371,3.19181235452885,2.818,1465.82446289,2.92857623,1.845,1.4,7.3,9.2,,,1.91,6302664.0,11.3816344065238,82.9658963549658,1.516,
United Arab Emirates,ARE,2009,81.679,Middle East & North Africa,High income,253547358746.804,37803.0663737818,84780.2609702593,-5.2429219073683,2.932,1531.02209473,4.05000162,1.792,1.37,7.1,9.0,,,1.96,6707058.0,6.2188003600278,83.1701992996163,1.582,
United Arab Emirates,ARE,2010,81.886,Middle East & North Africa,High income,307736348527.33,44795.2846234991,85120.1372214041,1.60285004336325,2.798,1619.98864746,3.74433136,1.749,1.27,7.0,8.8,,,1.96,6869838.0,2.39801204084647,83.3714299144178,1.565,
United Arab Emirates,ARE,2011,81.898,Middle East & North Africa,High income,368881033962.57,51921.8890746408,89665.3752336557,6.73651167897515,2.587,1787.59997559,3.56666398,1.786,1.26,6.8,8.6,,18.8,1.99,7104538.0,3.35932096341285,83.5695007795347,1.539,
United Arab Emirates,ARE,2012,81.913,Middle East & North Africa,High income,392793559050.783,53141.6251661086,89198.0332724859,4.68325642918792,2.323,1711.38525391,3.33596373,1.801,1.29,6.7,8.4,,,2.04,7391448.0,3.95899214220379,83.7643244751488,1.532,
United Arab Emirates,ARE,2013,81.95,Middle East & North Africa,High income,409632574702.715,53247.2278745159,87526.3039873404,4.9184505919085,2.125,1789.68579102,3.50222182,2.045,1.25,6.5,8.2,,,2.13,7693031.0,3.99911978796443,83.9558135814626,1.527,32.5
United Arab Emirates,ARE,2014,81.99,Middle East & North Africa,High income,424935834104.193,52725.2307981936,87477.7258300501,4.63291785879667,1.999,1776.7310791,3.53405499,2.232,1.29,6.3,7.9,,,2.25,8059440.0,4.65292210905658,84.1438806787019,1.483,
United Arab Emirates,ARE,2015,82.076,Middle East & North Africa,High income,381973135513.065,44910.3458860776,73986.0815808827,7.08766622657654,1.793,1479.49743652,3.46609354,2.361,1.43,6.1,7.6,,,2.37,8505237.0,5.38380162241984,84.3284383471193,1.417,
United Arab Emirates,ARE,2016,82.195,Middle East & North Africa,High income,381717208620.964,42721.1136110991,69987.0059667469,5.65790147196586,1.64,1592.91906738,3.89580107,2.458,1.39,5.8,7.3,,,2.43,8935095.0,4.93046894788046,84.5093991669984,1.366,
United Arab Emirates,ARE,2017,82.388,Middle East & North Africa,High income,403365056078.846,43733.6242018215,70281.8969423807,-1.06137114472548,2.462,1695.203125,4.00854969,2.502,1.46,5.6,7.0,,,2.43,9223225.0,3.17379785893425,84.686675718659,1.35,
United Arab Emirates,ARE,2018,82.449,Middle East & North Africa,High income,440560003161.236,47135.3478795605,77446.2084020359,1.53720634021511,2.236,1872.58422852,4.09854221,2.605,1.6,5.3,6.7,,,2.37,9346701.0,1.32986873264335,84.8601805824625,1.288,26.4
United Arab Emirates,ARE,2019,82.596,Middle East & North Africa,High income,433926218686.108,45938.6084572227,79816.3029999451,1.27129120536284,2.331,1962.46728516,4.40291262,2.71,1.83,5.0,6.3,,,2.37,9445785.0,1.0545163442516,85.0298263388195,1.247,
United Arab Emirates,ARE,2020,81.936,Middle East & North Africa,High income,357161776271.328,37991.738387966,66790.6630877602,-8.69343363776639,4.294,2154.41113281,5.82477045,2.83,1.91,4.7,5.9,,,2.08,9401038.0,-0.474850154644905,85.1955255681984,1.289,
United Arab Emirates,ARE,2021,79.083,Middle East & North Africa,High income,422441282436.237,44118.4936214315,68580.1312912676,4.55280140106356,3.105,2249.96313477,5.30494308,2.786,1.88,4.4,5.6,,,,9575152.0,1.83513009029147,85.3571908511355,1.162,
United Arab Emirates,ARE,2022,80.487,Middle East & North Africa,High income,511403404642.173,50759.7590190204,75059.7702106115,7.51452414254605,2.872,2240.9050293,4.56536388,2.915,1.87,4.2,5.3,,,,10074977.0,5.08834153373914,85.5147347682487,1.148,
United Arab Emirates,ARE,2023,82.909,Middle East & North Africa,High income,522622268401.125,49850.6945082084,78019.5228244288,4.30113648499413,2.151,2401.52026367,4.97095108,2.992,,4.0,5.0,,,,10483751.0,3.97717097504667,85.6680699002526,1.2,
United Arab Emirates,ARE,2024,83.069,Middle East & North Africa,High income,552324919095.872,50273.5126243239,79343.7793099888,3.99181200361831,2.16,,,,,3.8,4.8,,20.7,,10986400.0,4.68316095317394,85.8171088279791,1.213,
United Kingdom,GBR,1995,76.8365853658537,Europe & Central Asia,High income,1349094208616.06,23252.6157127423,20668.9772485069,3.53339096338078,8.694,,,1.751,4.8000001907,6.1,7.2,,,,58019030.0,0.264547416858702,78.6591002712985,1.71,35.5
United Kingdom,GBR,1996,77.0878048780488,Europe & Central Asia,High income,1425287051482.06,24503.3829602903,22033.8089084654,2.61491606949487,8.189,,,1.791,4.5999999046,5.9,7.0,,,,58166950.0,0.254626384215086,78.8961449050823,1.73,35.3
United Kingdom,GBR,1997,77.2109756097561,Europe & Central Asia,High income,1569317288801.57,26910.1381529902,23194.826665622,4.8799853038024,7.072,,,1.848,4.5999999046,5.8,6.9,,,,58316954.0,0.257553323280351,79.1448635770901,1.72,35.7
United Kingdom,GBR,1998,77.190243902439,Europe & Central Asia,High income,1660821464060.95,28396.3523548013,23791.3244071553,3.24631482881618,6.198,,,1.893,4.4000000954,5.7,6.8,,,,58487141.0,0.291406085432392,79.391563988228,1.71,36.6
United Kingdom,GBR,1999,77.390243902439,Europe & Central Asia,High income,1693458987218.9,28858.0065333126,24575.1817439893,2.94445869854798,6.042,,,1.907,4.1999998093,5.6,6.7,,,,58682466.0,0.333405882184416,79.6225538394017,1.68,36.8
United Kingdom,GBR,2000,77.7414634146342,Europe & Central Asia,High income,1671597821152.97,28383.8761094996,26632.0974155252,4.52438074810904,5.558,2020.96813965,7.14559078,1.987,4.07,5.5,6.5,,,12.28,58892514.0,0.357300887421605,79.8241408315172,1.64,38.9
United Kingdom,GBR,2001,77.9926829268293,Europe & Central Asia,High income,1656171009068.66,28013.8729635508,28019.8826980002,2.39102229602824,4.696,2074.59936523,7.43276882,2.036,4.03,5.5,6.4,,,12.28,59119673.0,0.384975969564228,79.9838301298823,1.63,37.1
United Kingdom,GBR,2002,78.1439024390244,Europe & Central Asia,High income,1790536570743.41,30158.7017807858,29167.3527717844,1.70902736258567,5.037,2364.04736328,7.85946798,2.107,3.97,5.4,6.3,,,12.42,59370479.0,0.423337079636281,80.1146062677742,1.63,35.1
United Kingdom,GBR,2003,78.4463414634146,Europe & Central Asia,High income,2061227755102.04,34556.7726095905,30414.0991932703,3.21851612669614,4.807,2773.99414063,8.05214596,2.194,3.94,5.3,6.2,,,12.5,59647577.0,0.465641113602993,80.2331593332802,1.7,34.9
United Kingdom,GBR,2004,78.7463414634146,Europe & Central Asia,High income,2429774807762.72,40504.4118103928,32160.3776803379,2.32601853325993,4.594,3361.65625,8.32219028,2.324,3.85,5.2,6.1,18.2857140898704,,12.51,59987905.0,0.568943113421317,80.3423284929998,1.75,34.8
United Kingdom,GBR,2005,79.0487804878049,Europe & Central Asia,High income,2551361818181.82,42240.2462987547,32831.4184106349,2.7906547174688,4.884,3528.16162109,8.38108349,2.4,3.71,5.1,6.0,,,12.38,60401206.0,0.68661130607346,80.4455938127627,1.76,35.5
United Kingdom,GBR,2006,79.2487804878049,Europe & Central Asia,High income,2719558417663.29,44695.161023424,34869.9759075432,2.18982132415704,5.472,3802.56347656,8.53970814,2.45,3.53,5.0,5.9,,,12.19,60846820.0,0.73504867842129,80.5464353583991,1.82,35.9
United Kingdom,GBR,2007,79.4487804878049,Europe & Central Asia,High income,3104699879951.98,50629.0799172887,35685.103775701,2.93091133582351,5.399,4415.51220703,8.76035309,2.481,3.38,4.9,5.8,,,11.94,61322463.0,0.778666112441256,80.6483331957387,1.86,34.4
United Kingdom,GBR,2008,79.6,Europe & Central Asia,High income,2945251838235.29,47652.4030691881,36943.4797790457,-0.0494116727402769,5.748,4280.36083984,9.03295708,2.559,3.32,4.8,5.6,,,11.61,61806995.0,0.787032622318939,80.7547673906116,1.91,35.4
United Kingdom,GBR,2009,80.0512195121951,Europe & Central Asia,High income,2429358155475.93,39009.3715547821,35281.4337962093,-4.58740819226323,7.683,3813.02758789,9.83944035,2.642,3.25,4.6,5.4,,,11.25,62276270.0,0.756390859593407,80.8692180088478,1.89,35.1
United Kingdom,GBR,2010,80.4024390243902,Europe & Central Asia,High income,2496740681057.14,39778.3220528565,36648.8219451957,2.26054460931586,7.973,3876.33911133,9.78799534,2.645,2.92,4.4,5.2,,,10.95,62766365.0,0.783888646646516,80.995165116277,1.92,33.7
United Kingdom,GBR,2011,80.9512195121951,Europe & Central Asia,High income,2675590034128.66,42295.9273835322,37389.0527405588,0.851437739020326,8.195,4123.70019531,9.79682636,2.682,2.87,4.3,5.0,16.7348936200142,5.2,10.79,63258810.0,0.781506562236639,81.1359685592627,1.91,33.2
United Kingdom,GBR,2012,80.9048780487805,Europe & Central Asia,High income,2719715961539.83,42688.3263728372,38515.4032867327,1.52826034721852,8.279,4204.08300781,9.89332199,2.69,2.8,4.1,4.8,,,10.57,63711000.0,0.712282568284022,81.2905667759508,1.92,33.1
United Kingdom,GBR,2013,81.0048780487805,Europe & Central Asia,High income,2796908333283.39,43607.6636827371,40121.0839005273,1.71846961308464,7.752,4340.16992188,9.99087143,2.702,2.75,4.0,4.6,34.2013657093048,,10.44,64138000.0,0.66797798607405,81.4573768694887,1.83,32.7
United Kingdom,GBR,2014,81.3048780487805,Europe & Central Asia,High income,3085362169410.29,47746.9810645521,41545.5712797638,3.16017351468152,6.398,4733.37060547,9.97686195,2.738,2.72,3.9,4.5,,,10.44,64619000.0,0.747147320248681,81.6355750750722,1.81,33.1
United Kingdom,GBR,2015,80.9560975609756,Europe & Central Asia,High income,2945579890258.46,45256.040227057,42772.4983791214,2.14040560033371,5.552,4470.09228516,9.94044876,2.767,2.6,3.9,4.5,,,10.52,65087000.0,0.72163513014287,81.8243772295647,1.8,33.3
United Kingdom,GBR,2016,81.1560975609756,Europe & Central Asia,High income,2706807606538.73,41258.5374285695,44376.0697257123,2.20652020635357,4.909,4043.35253906,9.87085724,2.773,2.56,3.8,4.4,,,10.64,65606000.0,0.794231868922694,82.0229991698295,1.79,33.1
United Kingdom,GBR,2017,81.2560975609756,Europe & Central Asia,High income,2699118387873.1,40918.0520870944,46440.8214149807,3.02322219840339,4.501,3938.65234375,9.70468903,2.802,2.53,3.8,4.4,,,10.77,65964000.0,0.544198348436919,82.23065673273,1.74,32.6
United Kingdom,GBR,2018,81.2560975609756,Europe & Central Asia,High income,2897028009916.05,43704.3162296687,47636.0128366551,1.55133095078786,4.145,4233.62988281,9.79496574,2.828,2.48,3.8,4.4,,,10.82,66287000.0,0.48846608680317,82.4465657551295,1.68,33.7
United Kingdom,GBR,2019,81.3691219512195,Europe & Central Asia,High income,2875710080015.3,43160.6843971799,50493.9441896153,1.25629899760824,3.657,4260.03222656,9.97954082,2.932,2.44,3.8,4.4,,,10.82,66628000.0,0.513111008030604,82.6699420738913,1.632,32.8
United Kingdom,GBR,2020,80.331756097561,Europe & Central Asia,High income,2724001478304.59,40815.1255364787,48719.8339897935,-10.047896637362,4.472,4865.97802734,12.10388088,3.028,2.42,3.9,4.4,,,10.73,66740000.0,0.167956370836665,82.9000015258789,1.571,32.7
United Kingdom,GBR,2021,80.6473170731707,Europe & Central Asia,High income,3194559188925.93,47695.6491523474,51840.4424245515,8.5431118453255,4.864,5645.40136719,12.08347321,3.16,2.41,3.9,4.4,,,,66978000.0,0.355973393742215,82.9886431523641,1.583,32.4
United Kingdom,GBR,2022,81.0112195121951,Europe & Central Asia,High income,3181244350465.41,47034.7795621476,60266.7467325014,5.14970388522993,3.768,5111.81738281,11.09679794,3.143,2.42,4.0,4.5,,,,67636000.0,0.977617841553254,83.0753982997505,1.56,
United Kingdom,GBR,2023,81.2380975609756,Europe & Central Asia,High income,3420796653789.08,49919.6896621586,60786.7193353069,0.271650048355255,4.025,5407.17041016,10.99128914,3.301,,4.1,4.6,,,,68526000.0,1.30728496203423,83.1601932891335,1.56,
United Kingdom,GBR,2024,81.3868536585366,Europe & Central Asia,High income,3695539513534.15,53341.3131094262,62839.4679324927,1.08027716858781,4.361,5860.23925781,11.133358,,,4.1,4.7,,7.4,,69281000.0,1.09574630336216,83.2429544416085,1.551,
United States,USA,1995,75.6219512195122,North America,High income,7639749000000.0,28690.8757013347,28690.8757013347,2.68443073970295,5.65,,,2.411,4.0999999046,7.9,9.5,,,,266278000.0,1.19078709090209,77.1977052961919,1.978,39.9
United States,USA,1996,76.0268292682927,North America,High income,8073122000000.0,29967.7127181749,29967.7127181749,3.77277269047364,5.451,,,,3.9000000954,7.7,9.2,,,,269394000.0,1.16341161998189,77.6523401060025,1.976,40.3
United States,USA,1997,76.4292682926829,North America,High income,8577552000000.0,31459.1299691554,31459.1299691554,4.44712793442667,5.0,,,,3.7999999523,7.5,8.9,,,,272657000.0,1.20396029701272,78.0855804195199,1.971,40.5
United States,USA,1998,76.5804878048781,North America,High income,9062817000000.0,32853.6725949234,32853.6725949234,4.48313335499124,4.511,,,,3.7000000477,7.3,8.7,,,,275854000.0,1.16571452642589,78.4785364495296,1.999,40.0
United States,USA,1999,76.5829268292683,North America,High income,9631172000000.0,34515.3813073394,34515.3813073394,4.78842504836746,4.219,,,,3.5999999046,7.2,8.6,,,,279040000.0,1.14834004729055,78.812318408817,2.0075,40.0
United States,USA,2000,76.6365853658537,North America,High income,10250952000000.0,36329.9702595751,36329.9702595751,4.07758575997799,3.992,4548.5546875,12.49002075,2.596,3.49,7.1,8.4,,,9.05,282162411.0,1.11276899679534,79.0740897861327,2.056,40.1
United States,USA,2001,76.8365853658537,North America,High income,10581929000000.0,37133.6203973517,37133.6203973517,0.955538337599847,4.731,4901.67529297,13.16817093,,3.47,7.0,8.3,,,9.05,284968955.0,0.989741382223669,79.3086223667912,2.0305,40.6
United States,USA,2002,76.9365853658537,North America,High income,10929108000000.0,37997.7424300242,37997.7424300242,1.70044733078285,5.783,5327.93701172,13.99535275,,3.4,7.0,8.2,,,9.11,287625193.0,0.927797485710314,79.5461039768657,2.0205,40.4
United States,USA,2003,77.0365853658537,North America,High income,11456450000000.0,39490.3023903176,39490.3023903176,2.79560596378604,5.989,5732.24365234,14.50557518,,3.33,6.9,8.1,,,9.17,290107933.0,0.859481712840946,79.7773350255284,2.0475,40.8
United States,USA,2004,77.4878048780488,North America,High income,12217196000000.0,41724.6411982614,41724.6411982614,3.84777169267127,5.529,6071.84423828,14.55123138,2.711,3.26,6.8,8.1,,,9.24,292805298.0,0.925483968943482,79.9960936968363,2.0515,40.5
United States,USA,2005,77.4878048780488,North America,High income,13039197000000.0,44123.3996470026,44123.3996470026,3.48354993710312,5.084,6428.60205078,14.57946205,,3.2,6.8,8.0,,,9.3,295516599.0,0.921713167161207,80.1961581748464,2.057,41.3
United States,USA,2006,77.6878048780488,North America,High income,13815583000000.0,46301.9876485519,46301.9876485519,2.78453963674239,4.623,6802.47509766,14.70878792,,3.17,6.7,7.9,,,9.37,298379912.0,0.964253917136075,80.3713066436159,2.108,41.7
United States,USA,2007,77.9878048780488,North America,High income,14474228000000.0,48050.227412195,48050.227412195,2.0038583039496,4.622,7153.73144531,14.91832542,,3.13,6.6,7.7,,,9.43,301231207.0,0.951055242772428,80.5153172872016,2.12,41.1
United States,USA,2008,78.0390243902439,North America,High income,14769862000000.0,48570.0594269601,48570.0594269601,0.113587247501258,5.784,7364.93847656,15.20723629,,3.12,6.5,7.6,,,9.44,304093966.0,0.945865287282592,80.6219682896606,2.072,41.1
United States,USA,2009,78.390243902439,North America,High income,14478067000000.0,47194.9500893872,47194.9500893872,-2.5765002366652,9.254,7614.82421875,16.20067596,,3.07,6.4,7.5,,,9.37,306771529.0,0.876651298802912,80.6850378350499,2.002,40.9
United States,USA,2010,78.5414634146342,North America,High income,15048971000000.0,48642.6312088213,48642.6312088213,2.69519258673525,9.633,7836.08837891,16.19722366,,3.03,6.2,7.3,,,9.34,309378227.0,0.846129865832117,80.6997744673366,1.931,40.2
United States,USA,2011,78.6414634146341,North America,High income,15599732000000.0,50024.8812320773,50024.8812320773,1.56440685205419,8.949,8015.78076172,16.14000511,,2.94,6.1,7.2,,9.4,9.39,311839461.0,0.79239433316435,80.6957554256024,1.8945,41.2
United States,USA,2012,78.7414634146342,North America,High income,16253970000000.0,51708.3940614082,51708.3940614082,2.28911339009767,8.069,8262.29296875,16.11975479,,2.9,6.0,7.0,29.7931879758835,,9.47,314339099.0,0.79838290137163,80.6837493386238,1.8805,41.2
United States,USA,2013,78.7414634146342,North America,High income,16880683000000.0,53297.3862901595,53297.3862901595,2.11783009443471,7.375,8412.25195313,15.95227051,,2.86,5.9,6.9,,,9.5,316726282.0,0.756560083436754,80.660889281215,1.8575,40.9
United States,USA,2014,78.8414634146341,North America,High income,17608138000000.0,55153.3940182967,55153.3940182967,2.52381981757846,6.168,8796.33886719,16.1415844,,2.79,5.8,6.8,,,9.47,319257560.0,0.796023797809134,80.6242231779766,1.8625,41.7
United States,USA,2015,78.690243902439,North America,High income,18295019000000.0,56849.4697923159,56849.4697923159,2.94555045227337,5.28,9200.93164063,16.40155411,,2.75,5.8,6.8,,,9.49,321815121.0,0.797904713382564,80.5707989535091,1.8435,41.5
United States,USA,2016,78.5390243902439,North America,High income,18804913000000.0,57976.628204291,57976.628204291,1.81945147909089,4.869,9535.60058594,16.69203949,,2.72,5.7,6.7,,,9.51,324353340.0,0.785625485688815,80.4976645324131,1.8205,41.3
United States,USA,2017,78.5390243902439,North America,High income,19612102000000.0,60047.7190728307,60047.7190728307,2.45762230126449,4.355,9822.60644531,16.63827515,,2.8,5.6,6.6,,,9.55,326608609.0,0.692906252591617,80.4018678392891,1.7655,41.4
United States,USA,2018,78.6390243902439,North America,High income,20656516000000.0,62875.6661382728,62875.6661382728,2.96650506701943,3.896,10180.48242188,16.51312637,2.548,2.76,5.6,6.5,,,9.57,328529577.0,0.586433075122573,80.2804567987377,1.7295,41.8
United States,USA,2019,78.7878048780488,North America,High income,21539982000000.0,65227.9565911038,65227.9565911038,2.58382533052225,3.669,10550.22070313,16.54486084,3.482,2.72,5.5,6.5,,,9.57,330226227.0,0.515108555014533,80.1304793353594,1.706,41.9
United States,USA,2020,76.9804878048781,North America,High income,21375281000000.0,64465.2971415748,64465.2971415748,-2.081375977796,8.055,11648.49511719,18.51597404,3.518,2.71,5.5,6.5,,,9.9,331578104.0,0.408543376643957,79.997451762548,1.6415,40.0
United States,USA,2021,76.3292682926829,North America,High income,23725645000000.0,71441.2319805947,71441.231980595,6.15202247867526,5.349,12080.07324219,17.35207748,3.575,2.7,5.5,6.5,,,,332100166.0,0.157323851413364,80.0074765140272,1.664,39.7
United States,USA,2022,77.4341463414634,North America,High income,26054614000000.0,78008.6895811877,78008.6895811877,2.52421385073222,3.65,12586.19628906,16.52875137,3.681,2.68,5.5,6.5,,,,333996304.0,0.569329881519084,80.0324978239707,1.6565,41.7
United States,USA,2023,78.3853658536585,North America,High income,27811517000000.0,82586.7847707894,82586.7847707891,2.93436322440155,3.638,13473.19335938,16.69414902,,,5.5,6.5,,,,336755052.0,0.822589035790284,80.071561119178,1.6165,41.8
United States,USA,2024,78.890243902439,North America,High income,29298013000000.0,86169.6641581917,86169.6641581914,2.79318715363841,4.022,,,,,5.5,6.5,,13.7,,340003797.0,0.960096778979565,80.1247798047184,1.6265,41.8
Uzbekistan,UZB,1995,64.67,Europe & Central Asia,Lower middle income,13350461264.9969,582.54213674034,2426.27829401238,-0.90000000546128,7.8,,,3.238,8.3000001907,60.5,68.5,,,,22917589.0,2.00222286057627,43.4782464742032,3.566,
Uzbekistan,UZB,1996,64.78,Europe & Central Asia,Lower middle income,13948892215.5689,597.33228695111,2465.95852753394,1.700000003062,10.7,,,3.14,7.9299998283,60.1,67.6,,,,23351981.0,1.87771255752777,44.2710582086815,3.393,
Uzbekistan,UZB,1997,65.028,Europe & Central Asia,Lower middle income,14744603773.5849,620.59129581366,2593.72036581923,5.19999999656406,10.9,,,3.089,6.4800000191,59.3,66.6,,,,23758960.0,1.72779025760169,45.1051737362168,3.186,
Uzbekistan,UZB,1998,65.169,Europe & Central Asia,Lower middle income,14988971210.8383,621.048904301242,2693.03826446644,4.30000000106274,13.3,,,3.062,5.5500001907,58.2,65.0,,,,24134929.0,1.57004048296478,45.9623687995325,2.985,44.1
Uzbekistan,UZB,1999,65.307,Europe & Central Asia,Lower middle income,17078465982.0282,697.763539790812,2808.89100203149,4.30000000179402,13.3,,,,5.3899998665,56.7,63.0,,,,24476008.0,1.40332451286924,46.8244191413524,2.831,
Uzbekistan,UZB,2000,65.456,Europe & Central Asia,Lower middle income,13760513969.314,555.149231099186,2945.25009889847,3.83500000014025,12.301,35.72119904,5.13293362,2.961,5.59,54.8,60.7,,,3.54,24787054.0,1.26281282930164,47.6731005044,2.696,35.9
Uzbekistan,UZB,2001,65.853,Europe & Central Asia,Lower middle income,11401421329.1974,454.415812256778,3099.05298246121,4.16383824998903,11.279,30.46290398,5.23737431,2.911,5.58,52.6,58.0,,,3.54,25090283.0,1.21591389648504,48.4901886313987,2.61,
Uzbekistan,UZB,2002,66.376,Europe & Central Asia,Lower middle income,9687788512.80184,381.409296889283,3232.36809797609,3.97348819235708,10.256,24.50708961,5.14164925,2.849,5.79,50.0,55.0,,,3.7,25399980.0,1.2267746913706,49.2574592650723,2.575,33.0
Uzbekistan,UZB,2003,66.852,Europe & Central Asia,Lower middle income,10134453435.4603,394.164028897235,3394.10539314526,4.23262738154382,9.22,25.61911011,5.1882515,2.786,5.71,47.3,51.9,,,3.85,25711259.0,1.21806027288929,49.9566881481443,2.503,35.2
Uzbekistan,UZB,2004,67.203,Europe & Central Asia,Lower middle income,12030023547.8807,462.171492867885,3699.2358348945,7.4490006055965,8.152,28.02430153,4.84063768,2.726,5.49,44.4,48.6,,,4.06,26029350.0,1.22957581560979,50.5696510233382,2.496,
Uzbekistan,UZB,2005,67.481,Europe & Central Asia,Lower middle income,14307509838.8053,542.835808692209,4029.66165860946,6.95000719569107,7.092,32.51261139,4.781991,2.677,5.4,41.4,45.2,,,4.34,26356975.0,1.25081983337066,51.0781236333777,2.438,
Uzbekistan,UZB,2006,67.905,Europe & Central Asia,Lower middle income,17330833852.919,649.118167003925,4406.27075917245,7.45141847621767,6.035,37.97257233,4.75141335,2.662,5.38,38.5,41.9,,,4.67,26699043.0,1.28947762259063,51.4638817209862,2.461,
Uzbekistan,UZB,2007,68.483,Europe & Central Asia,Lower middle income,22311393927.8817,824.028192334768,4885.3859152798,9.47300530544537,4.99,46.89629364,4.54267979,2.645,5.13,35.7,38.6,,,3.8,27076008.0,1.40203000437259,51.7087010288873,2.573,
Uzbekistan,UZB,2008,69.035,Europe & Central Asia,Lower middle income,29549438883.8338,1074.72928796701,5346.43179238495,9.02916101784781,4.89,61.29156876,4.70447445,2.617,5.0,32.9,35.5,,,2.83,27494774.0,1.53479281387558,51.7943572998047,2.635,
Uzbekistan,UZB,2009,69.517,Europe & Central Asia,Lower middle income,33689223673.2577,1205.7993547038,5720.01501794187,8.05093332733964,5.04,71.95819092,4.79649639,2.582,5.0,30.2,32.6,,,1.75,27939328.0,1.60393517508693,51.6105041503906,2.559,
Uzbekistan,UZB,2010,69.836,Europe & Central Asia,Lower middle income,55544226552.8467,1956.78127255673,6131.45344264834,7.5971679610016,5.36,92.87456512,5.29938841,2.555,4.92,27.8,29.8,,,1.79,28385506.0,1.58433607799586,51.3321647644043,2.442,
Uzbekistan,UZB,2011,70.143,Europe & Central Asia,Lower middle income,67404618404.5392,2338.55462817306,6663.84139781911,8.12793681625645,4.96,109.86156464,5.26245499,2.517,4.85,25.5,27.3,8.8386669754982,6.4,1.85,28823196.0,1.5301816854096,51.3395500183105,2.354,
Uzbekistan,UZB,2012,70.411,Europe & Central Asia,Lower middle income,75318846931.3239,2573.95586785056,6880.85389531695,7.35682138899483,4.87,127.94210052,5.54822111,2.461,4.73,23.4,25.0,,,1.92,29261903.0,1.51059514364954,51.3359680175781,2.337,
Uzbekistan,UZB,2013,70.692,Europe & Central Asia,Lower middle income,82674178351.6216,2781.38869470315,7244.68983612169,7.9217749261021,4.86,140.71011353,5.71896601,2.421,4.51,21.6,23.0,,,2.18,29724065.0,1.56705560068108,51.1276969909668,2.445,
Uzbekistan,UZB,2014,70.973,Europe & Central Asia,Lower middle income,91303765114.0144,3021.00331668049,7464.82465708014,7.71373911707978,5.09,118.44307709,4.43092394,2.39,4.33,20.0,21.3,20.2,,2.39,30222994.0,1.66460383205049,50.8868713378906,2.546,
Uzbekistan,UZB,2015,71.33,Europe & Central Asia,Lower middle income,97564568986.8161,3172.89899391083,7696.35949962497,7.94477659311639,5.15,132.60565186,4.73596573,2.363,4.22,18.6,19.7,,,2.55,30749346.0,1.72657003352444,50.6597328186035,2.583,
Uzbekistan,UZB,2016,71.58,Europe & Central Asia,Lower middle income,97871364319.3985,3128.42307170099,7861.78630407401,6.71108022628,5.16,129.82177734,4.71504498,2.298,4.22,17.4,18.4,,,2.64,31284568.0,1.7256215086876,50.6572189331055,2.564,
Uzbekistan,UZB,2017,71.737,Europe & Central Asia,Lower middle income,72276404057.649,2271.4730109511,8106.62280505191,4.70027401956061,5.83,93.4151535,4.30888557,2.27,4.26,16.4,17.3,,,2.59,31819178.0,1.69442489458676,50.6787376403809,2.57,
Uzbekistan,UZB,2018,71.999,Europe & Central Asia,Lower middle income,61318332402.7908,1894.09088741408,8491.93421125471,5.72368380757618,5.392,82.53038788,4.55261564,2.329,4.74,15.6,16.4,,,2.6,32373490.0,1.72706882389247,50.5814971923828,2.713,
Uzbekistan,UZB,2019,72.093,Europe & Central Asia,Lower middle income,70170662562.6111,2128.66067138334,8909.36758868309,6.79331098484522,4.936,98.6240387,4.83520985,2.322,4.65,14.9,15.7,,,2.6,32964701.0,1.80974442927918,50.5920104980469,2.869,
Uzbekistan,UZB,2020,71.461,Europe & Central Asia,Lower middle income,70127127133.2164,2087.96374711792,8920.32011703083,1.62162281640448,5.293,120.29019165,6.08597755,2.31,4.77,14.4,15.1,,,2.1,33586372.0,1.86830671569358,50.7670402526855,3.062,
Uzbekistan,UZB,2021,71.681,Europe & Central Asia,Lower middle income,81170051810.5825,2370.36480555669,9705.60054565692,8.20448512353877,5.364,156.44789124,6.92742586,2.805,4.83,13.9,14.6,,,,34243696.0,1.9382099918182,50.9269905090332,3.273,32.9
Uzbekistan,UZB,2022,72.147,Europe & Central Asia,Lower middle income,94286355836.1594,2698.60262953369,10809.1380396181,6.08592335737373,4.456,170.64073181,6.61703825,,4.78,13.5,14.1,,,,34938955.0,2.00999064709715,50.9847412109375,3.396,31.2
Uzbekistan,UZB,2023,72.388,Europe & Central Asia,Lower middle income,107526539716.318,3015.97705069457,11678.6257366395,6.31603004201926,4.434,192.11869812,6.74312878,,4.89,13.1,13.7,,,,35652307.0,2.02114614047908,50.9964841114568,3.5,34.5
Uzbekistan,UZB,2024,72.528,Europe & Central Asia,Lower middle income,121356065241.228,3337.45492058664,12518.4323028403,6.67618796188361,4.439,,,,,12.8,13.4,,7.5,,36361859.0,1.97065383660565,50.9986686706543,3.486,34.6
"Venezuela, RB",VEN,1995,71.714,Latin America & Caribbean,Lower middle income,77389487770.0883,3486.98350635919,13922.738942617,3.94736842105263,10.24,,,1.94,,21.5,26.3,,,,22193821.0,2.13415920641198,86.352867491272,3.082,47.2
"Venezuela, RB",VEN,1996,71.92,Latin America & Caribbean,Lower middle income,70543211119.099,3112.825848106,13849.5125756398,-0.25316455696202,11.77,,,,1.4700000286,20.8,25.5,,,,22662113.0,2.08805824636671,86.8229097584563,3.022,
"Venezuela, RB",VEN,1997,72.56,Latin America & Caribbean,Lower middle income,85837678559.8324,3710.82688355096,14678.1311204617,6.34517766497463,11.16,,,,,19.9,24.5,,,,23131685.0,2.05088234370289,87.2585953115854,2.967,
"Venezuela, RB",VEN,1998,72.446,Latin America & Caribbean,Lower middle income,91336763255.0597,3869.98258848894,14617.1654286226,0.477326968973756,11.15,,,,,19.1,23.4,,,,23601337.0,2.01000402655574,87.6459206250794,2.912,48.0
"Venezuela, RB",VEN,1999,72.088,Latin America & Caribbean,Lower middle income,97972842461.5131,4070.90619189484,13674.166384985,-5.93824228028504,14.53,,,,,18.2,22.4,,,,24066593.0,1.95213333149154,87.9708821733583,2.856,47.7
"Venezuela, RB",VEN,2000,72.388,Latin America & Caribbean,Lower middle income,117146466002.661,4776.2816763938,14206.6844795327,3.53535353535352,13.99,,,,,17.5,21.5,,,8.17,24526708.0,1.89379499634952,88.219476430842,2.79,
"Venezuela, RB",VEN,2001,71.019,Latin America & Caribbean,Lower middle income,122911036746.729,4920.39313600453,14750.0472712043,3.41463414634147,13.04,,,1.922,,17.0,20.9,,,8.17,24979922.0,1.83097359469052,88.372774123042,2.779,47.2
"Venezuela, RB",VEN,2002,72.823,Latin America & Caribbean,Lower middle income,92893587733.6549,3652.09896501865,13427.1367101259,-8.72641509433961,16.17,,,,,16.6,20.3,,,7.71,25435671.0,1.80801767033013,88.4553810951083,2.739,48.9
"Venezuela, RB",VEN,2003,72.056,Latin America & Caribbean,Lower middle income,83620628582.1082,3229.50557082079,12407.8709074939,-7.75193798449614,16.78,,,,,16.2,19.8,,,7.54,25892703.0,1.78086326604433,88.522274342774,2.703,47.9
"Venezuela, RB",VEN,2004,72.752,Latin America & Caribbean,Lower middle income,112451400424.964,4269.08970872392,14805.1768287538,18.2072829131653,15.07,,,,,15.7,19.2,,,7.88,26340838.0,1.71593189812023,88.5835546444319,2.639,47.3
"Venezuela, RB",VEN,2005,73.075,Latin America & Caribbean,Lower middle income,145513489651.872,5432.4854184654,16545.7702112834,10.1895734597156,10.663,,,,,15.3,18.5,,,8.43,26785804.0,1.67515351433713,88.638673298371,2.629,49.3
"Venezuela, RB",VEN,2006,72.972,Latin America & Caribbean,Lower middle income,183477522123.894,6739.38065342218,18441.1209978979,9.89247311827957,8.606,,,,,14.8,17.9,,,8.83,27224686.0,1.62520895526481,88.6870816028803,2.595,44.7
"Venezuela, RB",VEN,2007,73.348,Latin America & Caribbean,Lower middle income,230364012575.687,8331.62096991844,20292.172795134,8.80626223091976,7.279,,,,,14.5,17.4,,,8.95,27649363.0,1.54785544927575,88.7282308562487,2.524,
"Venezuela, RB",VEN,2008,72.578,Latin America & Caribbean,Lower middle income,315953388510.678,11262.4514256759,21448.2900980433,5.21582733812949,6.245,,,,,14.4,17.2,,,8.74,28053696.0,1.45176982660994,88.7615723567652,2.475,
"Venezuela, RB",VEN,2009,72.785,Latin America & Caribbean,Lower middle income,329787628928.472,11596.6021921731,20633.6838183279,-3.07692307692308,6.097,,,,,14.4,17.1,,,8.25,28438298.0,1.36163698615317,88.7865574027187,2.422,
"Venezuela, RB",VEN,2010,73.092,Latin America & Caribbean,Lower middle income,393192354510.653,13646.3046622664,20285.5889051122,-1.5873015873016,7.112,,,,,14.5,17.2,,,7.75,28813101.0,1.30934216855774,88.8026372923982,2.396,
"Venezuela, RB",VEN,2011,73.09,Latin America & Caribbean,Lower middle income,316482190800.364,10843.9229703167,21282.6399697602,4.12186379928315,6.902,,,,0.94,14.8,17.4,,10.2,7.44,29185212.0,1.28319630933634,88.8079278904659,2.398,
"Venezuela, RB",VEN,2012,73.086,Latin America & Caribbean,Lower middle income,371846610182.327,12582.0125686037,,5.67986230636832,6.601,,,,,15.1,17.6,,,7.26,29553826.0,1.25510683013417,88.8401868543141,2.379,
"Venezuela, RB",VEN,2013,73.076,Latin America & Caribbean,Lower middle income,258512396297.714,8642.37380007027,,1.30293159609121,7.54,,,,,15.4,17.9,,,7.17,29912198.0,1.20531461336652,88.8786817039721,2.334,
"Venezuela, RB",VEN,2014,72.837,Latin America & Caribbean,Lower middle income,214838755021.964,7101.15006382986,,-3.85852090032154,6.821,,,,0.79,15.8,18.3,,,6.97,30254079.0,1.13646612916995,88.9163913525251,2.296,
"Venezuela, RB",VEN,2015,73.004,Latin America & Caribbean,Lower middle income,125249941853.534,4096.61989137473,,-6.18729096989966,6.139,,,,0.75,16.5,19.1,,,6.05,30573972.0,1.0518040406043,88.9539804079292,2.253,
"Venezuela, RB",VEN,2016,72.002,Latin America & Caribbean,Lower middle income,112948035494.959,3671.23004093383,,-17.1122994652406,5.319,,,,0.88,21.2,24.2,,,4.95,30765720.0,0.62520243689416,88.9914428378712,2.217,
"Venezuela, RB",VEN,2017,71.903,Latin America & Caribbean,Lower middle income,115892475742.789,3791.63262049576,,-15.6989247311828,5.045,,,1.664,0.91,21.2,24.2,,,3.72,30565323.0,-0.653495206896492,89.0287726100378,2.183,
"Venezuela, RB",VEN,2018,72.641,Latin America & Caribbean,Lower middle income,101987075928.918,3421.51341607593,,-19.6428571428571,5.468,164.68154907,2.41691327,,1.09,21.2,24.2,,,3.02,29807592.0,-2.51030049026678,89.0659636921159,2.151,
"Venezuela, RB",VEN,2019,72.766,Latin America & Caribbean,Lower middle income,73014157107.594,2523.11527549578,,-27.6190476190476,5.89,112.72974396,2.18563724,,0.93,21.2,24.2,,,3.02,28938098.0,-2.96041293052007,89.1030100517924,2.131,
"Venezuela, RB",VEN,2020,72.369,Latin America & Caribbean,Lower middle income,42837965906.8675,1506.04169391285,,-29.8245614035088,7.53,153.21711731,4.11615133,,0.99,21.2,24.2,,,1.99,28444077.0,-1.72190477685565,89.1399056567545,2.116,
"Venezuela, RB",VEN,2021,71.536,Latin America & Caribbean,Lower middle income,56615026262.6535,2004.93572921136,,0.625000000000014,7.027,162.43952942,4.1022191,,,21.2,24.2,,,,28237826.0,-0.727752243229035,89.1766444746891,2.105,
"Venezuela, RB",VEN,2022,72.566,Latin America & Caribbean,Lower middle income,89013251020.9831,3155.04190923584,,8.07453416149069,5.646,208.66654968,4.55045986,,,21.2,24.2,,,,28213017.0,-0.087895947265923,89.2132204732836,2.088,
"Venezuela, RB",VEN,2023,72.514,Latin America & Caribbean,Lower middle income,102377501185.925,3617.47038396528,,4.02298850574712,5.407,185.99124146,3.77611423,,,21.2,24.2,,,,28300854.0,0.310851368612458,89.249627620225,2.079,
"Venezuela, RB",VEN,2024,72.673,Latin America & Caribbean,Lower middle income,120566112397.063,4244.45723136019,,5.52486187845305,5.321,,,,,21.2,24.2,,8.6,,28405543.0,0.369232130679939,89.285859883201,2.077,
Viet Nam,VNM,1995,70.871,East Asia & Pacific,Upper middle income,20736164458.9505,287.802661028593,1841.35026844508,9.54048017491264,1.955,,,,,28.8,39.4,,,,72049940.0,1.67325494682511,21.4538464600183,2.7,
Viet Nam,VNM,1996,71.296,East Asia & Pacific,Upper middle income,24657470574.7501,337.051231790277,2019.18249088469,9.34001749939179,1.93,,,,,27.2,37.2,,,,73156447.0,1.52407678637018,22.072511130796,2.468,
Viet Nam,VNM,1997,71.67,East Asia & Pacific,Upper middle income,26843700441.5482,361.643884085566,2189.41027727818,8.1520841433542,2.87,,,0.569,1.6699999571,25.7,35.2,,,,74226889.0,1.45262124184775,22.6883281488073,2.274,35.4
Viet Nam,VNM,1998,72.283,East Asia & Pacific,Upper middle income,27209602050.0452,361.350928411167,2308.28163591081,5.76445545848843,2.29,,,0.48,,24.4,33.4,,,,75299660.0,1.43491495510774,23.2768490668943,2.098,
Viet Nam,VNM,1999,72.575,East Asia & Pacific,Upper middle income,28683659006.7752,375.994455900496,2420.93500037036,4.77358688344989,2.33,,,0.515,,23.2,31.8,,,,76287452.0,1.30328491482511,23.8212278892522,1.999,
Viet Nam,VNM,2000,72.746,East Asia & Pacific,Upper middle income,31172518403.3162,404.029784055118,2614.11840357473,6.78731640463151,2.26,21.0719223,4.10752726,,1.43,22.1,30.3,,,3.28,77154011.0,1.12950984166849,24.3672526919772,2.028,
Viet Nam,VNM,2001,72.984,East Asia & Pacific,Upper middle income,32685198808.5549,419.205677580901,2808.83181910521,6.19289331233377,2.76,25.55491257,4.80107498,0.543,1.44,21.2,29.0,,,3.28,77969361.0,1.05123747397877,24.9489362725143,2.023,
Viet Nam,VNM,2002,73.138,East Asia & Pacific,Upper middle income,35064105500.8344,445.132861817313,3001.87038760559,6.32082099160833,2.12,21.87733841,3.87075853,0.571,1.45,20.3,27.9,0.224476493895054,,3.5,78772224.0,1.02445055878013,25.5540925665659,2.006,37.0
Viet Nam,VNM,2003,73.236,East Asia & Pacific,Upper middle income,39552513231.9169,497.117089249256,3239.77125907541,6.89906349055258,2.25,24.88381386,3.94229889,,1.47,19.6,26.9,,,3.92,79563777.0,0.999847904782733,26.1745407830283,1.999,
Viet Nam,VNM,2004,73.062,East Asia & Pacific,Upper middle income,45427854693.2554,565.452284586212,3543.09915523223,7.53641060890386,2.14,31.97719193,4.08791971,,1.55,19.0,26.1,,,4.35,80338971.0,0.969589431962946,26.8021001307977,1.968,36.8
Viet Nam,VNM,2005,73.198,East Asia & Pacific,Upper middle income,57633255738.1992,710.746759994861,3893.66509419393,7.54724772895918,2.078,38.96974945,4.31821251,0.635,1.57,18.5,25.4,,,4.81,81088313.0,0.928402391177897,27.4285898187702,1.887,
Viet Nam,VNM,2006,73.293,East Asia & Pacific,Upper middle income,66371664817.0436,807.756645117054,4237.40088097171,6.97795481056711,2.046,46.86905289,4.56979847,0.643,1.6,18.0,24.8,,,5.2,82167897.0,1.32258336381927,28.0458290558422,1.873,35.8
Viet Nam,VNM,2007,73.385,East Asia & Pacific,Upper middle income,77414425532.2452,925.640338348717,4580.79431119247,7.12950448605439,2.026,54.40701294,4.62917614,0.655,1.71,17.6,24.3,,,5.73,83633375.0,1.76779845772365,28.6456370509099,1.911,
Viet Nam,VNM,2008,73.455,East Asia & Pacific,Upper middle income,99130304099.1274,1163.83195772873,4844.06704734456,5.66177120891362,1.889,64.433815,4.36028337,0.673,1.78,17.3,23.8,,,6.24,85175788.0,1.82745521345807,29.2198330128693,1.933,35.6
Viet Nam,VNM,2009,73.525,East Asia & Pacific,Upper middle income,106014659565.214,1226.16976051536,5060.73212272276,5.39789754014181,1.737,69.82720184,4.48502922,0.703,1.9,17.0,23.4,,,6.83,86460018.0,1.49648723830416,29.7581347355675,1.92,
Viet Nam,VNM,2010,73.611,East Asia & Pacific,Upper middle income,147201173196.979,1683.16182443979,5389.21956976062,6.42324482239482,1.114,85.36088562,5.07146072,0.714,2.02,16.7,23.1,,,7.37,87455152.0,1.14440259659988,30.2504027258526,1.906,39.3
Viet Nam,VNM,2011,73.713,East Asia & Pacific,Upper middle income,172595049183.925,1950.92504174913,5786.12348870721,6.41316889681683,0.999,97.05238342,4.97468519,,2.21,16.4,22.8,,3.2,7.81,88468314.0,1.15183406119192,30.6996041680996,1.927,
Viet Nam,VNM,2012,73.762,East Asia & Pacific,Upper middle income,195590661129.249,2185.11767654291,6376.79765706172,5.5045447041189,1.027,109.29483795,5.00178242,0.824,2.27,16.2,22.5,,,8.09,89510356.0,1.1709874078049,31.1222779403029,1.967,35.6
Viet Nam,VNM,2013,73.821,East Asia & Pacific,Upper middle income,213708811665.34,2359.51736472828,6758.40433634749,5.55351081026072,1.316,104.10972595,4.41233158,,2.3,16.0,22.3,,,8.28,90573104.0,1.1802975549343,31.5334201724543,1.98,
Viet Nam,VNM,2014,73.886,East Asia & Pacific,Upper middle income,233451469642.519,2546.38464459903,7296.8794808738,6.42224312118567,1.256,119.44549561,4.69078779,0.783,2.42,15.7,22.0,,,8.53,91679578.0,1.21423463554626,31.9480269945454,2.09,34.8
Viet Nam,VNM,2015,73.955,East Asia & Pacific,Upper middle income,239258328381.741,2577.56885340113,7671.5819778084,6.98715430598611,1.848,121.43981171,4.71140909,0.795,2.51,15.5,21.6,1.7,,8.85,92823254.0,1.23975403093124,32.3810945365679,2.1,
Viet Nam,VNM,2016,73.984,East Asia & Pacific,Upper middle income,257096001177.982,2735.0604380416,8374.50684516118,6.69000892660424,1.848,133.1960144,4.86994743,0.825,2.47,15.2,21.3,,,9.17,94000117.0,1.25988366517733,32.8476189285136,2.0,35.3
Viet Nam,VNM,2017,74.026,East Asia & Pacific,Upper middle income,281353605986.903,2956.10992127753,9169.73192052855,6.94019037359206,1.874,147.51425171,4.99014759,,2.52,14.9,20.9,,,9.31,95176977.0,1.24420473643635,33.3625963003742,1.985,
Viet Nam,VNM,2018,74.1,East Asia & Pacific,Upper middle income,310106478394.659,3222.31003125366,10009.9714756006,7.46500685572751,1.161,161.97871399,5.02678823,0.881,,14.5,20.5,,,9.34,96237319.0,1.10791395242199,33.9410227821412,1.88,35.7
Viet Nam,VNM,2019,74.211,East Asia & Pacific,Upper middle income,334365270496.667,3440.90025375434,11029.2732083963,7.35926270105006,1.681,171.15296936,4.97407484,0.99,,14.1,20.0,,,9.34,97173776.0,0.968366698803348,34.6239134999511,1.943,
Viet Nam,VNM,2020,75.383,East Asia & Pacific,Upper middle income,346615738537.796,3534.03953482647,11609.3177276423,2.86541320912272,2.103,153.10160828,4.33219814,0.856,,13.7,19.5,,,8.04,98079191.0,0.927434295850725,35.5706676299742,1.957,36.8
Viet Nam,VNM,2021,74.145,East Asia & Pacific,Upper middle income,366474752771.009,3704.1935590038,12048.9019935536,2.55372852648131,2.383,168.09350586,4.53792429,1.107,,13.3,18.9,,,,98935098.0,0.868883560805873,36.6540656426603,1.942,
Viet Nam,VNM,2022,74.502,East Asia & Pacific,Upper middle income,413445230668.578,4147.69777213621,13902.9499867089,8.53750041218142,1.57,188.22650146,4.53809595,,,12.9,18.4,,,,99680655.0,0.750756665157789,37.5478515625,1.927,36.1
Viet Nam,VNM,2023,74.588,East Asia & Pacific,Upper middle income,433805036898.465,4322.82572261566,15033.899969483,4.97865959483225,1.645,197.19210815,4.56109476,,,12.4,17.8,,,,100352192.0,0.671429250652247,38.1298904418945,1.913,
Viet Nam,VNM,2024,74.736,East Asia & Pacific,Upper middle income,476324572783.807,4716.6599379632,16387.9087954113,7.03955197123018,1.602,,,,,12.0,17.3,,3.4,,100987686.0,0.631267006487247,38.4900703430176,1.895,
"Yemen, Rep.",YEM,1995,60.532,Middle East & North Africa,Low income,12796345679.0123,764.414656090937,2201.15021968637,5.66937132228433,8.988,,,0.247,,87.9,110.5,,,,16740058.0,3.59372988740852,23.7984859251509,7.525,
"Yemen, Rep.",YEM,1996,60.884,Middle East & North Africa,Low income,6496163615.66086,375.214994663363,2267.70062244636,4.63496731668951,9.585,,,0.23,0.6899999976,86.3,107.9,,,,17313177.0,3.36633580657249,24.3989541605814,7.004,
"Yemen, Rep.",YEM,1997,61.34,Middle East & North Africa,Low income,6838298530.54911,382.584928722421,2351.32028909276,5.23111204040379,10.223,,,0.213,,84.4,105.0,,,,17873936.0,3.18756744567655,24.9808729368956,6.82,
"Yemen, Rep.",YEM,1998,61.788,Middle East & North Africa,Low income,6322175565.94651,342.73940747773,2442.39799788332,6.00669459871877,10.828,,,,0.6000000238,82.0,101.5,,,,18446013.0,3.15046872402234,25.5432575968119,6.639,35.0
"Yemen, Rep.",YEM,1999,62.275,Middle East & North Africa,Low income,7639325295.88287,401.448141660801,2491.67257115003,3.77553049612634,11.46,,,,,79.1,97.4,,,,19029420.0,3.11379530781424,26.0851234830484,6.489,
"Yemen, Rep.",YEM,2000,62.761,Middle East & North Africa,Low income,9679316770.18633,493.235182634814,2623.64018982578,6.1819155928913,11.557,22.91244888,4.66606569,,,75.8,92.9,,,0.12,19624141.0,3.07742893586094,26.6054859383233,6.317,
"Yemen, Rep.",YEM,2001,63.286,Middle East & North Africa,Low income,9852990692.98714,487.141257946318,2701.8726370981,3.80364587188127,11.724,24.09247589,4.94514799,,,72.2,88.2,,,0.12,20226147.0,3.02156813167324,27.1033603053549,6.143,
"Yemen, Rep.",YEM,2002,63.807,Middle East & North Africa,Low income,10693430511.4664,513.241486570603,2768.48728884363,3.9352315052778,11.839,24.80142403,4.83237982,,,68.7,83.5,,,0.11,20835086.0,2.96622192090819,27.5777619268614,5.971,
"Yemen, Rep.",YEM,2003,64.407,Middle East & North Africa,Low income,11777532662.0499,548.905883049973,2844.12977505441,3.74739818489111,12.014,31.60428619,5.75758314,,,65.2,79.0,,,0.093,21456379.0,2.93835979043048,28.0277061455611,5.839,
"Yemen, Rep.",YEM,2004,64.881,Middle East & North Africa,Low income,13867634371.4773,627.632023395762,2948.84642051971,3.972696401183,12.131,34.62483978,5.5144043,0.305,,61.9,74.7,,,0.075,22095167.0,2.93369063852526,28.4506523754813,5.712,
"Yemen, Rep.",YEM,2005,65.356,Middle East & North Africa,Low income,16731566717.1888,734.159908450927,3113.44691087129,5.59174807563268,12.213,38.27000809,5.20585251,,,58.8,70.6,,,0.072,22790085.0,3.09666761314071,28.8523786558834,5.563,34.7
"Yemen, Rep.",YEM,2006,65.8,Middle East & North Africa,Low income,19063143369.858,809.713127624703,3205.30827065749,3.17040935922364,12.349,44.81512451,5.52930164,,0.61,55.9,66.9,,,0.067,23543083.0,3.25064888639941,29.2379493450977,5.412,
"Yemen, Rep.",YEM,2007,66.23,Middle East & North Africa,Low income,21650528674.0933,890.305768114988,3293.63344193597,3.33842795605096,12.486,51.83703613,5.82077599,,0.6,53.2,63.4,,,0.067,24318082.0,3.23881270357261,29.6091538946366,5.261,
"Yemen, Rep.",YEM,2008,66.609,Middle East & North Africa,Low income,26910855807.288,1071.63583282105,3369.54629158511,3.64756947012633,12.656,61.74676514,5.76191616,0.275,0.59,50.8,60.2,,,0.062,25111941.0,3.21232812061682,29.9646637170333,5.113,
"Yemen, Rep.",YEM,2009,66.905,Middle East & North Africa,Low income,25130278212.5575,969.243509864478,3410.6102953791,3.86622951587742,12.762,58.02085114,5.98619986,0.275,0.61,48.6,57.5,,,0.06,25927724.0,3.1969350857355,30.3031502248211,5.004,
"Yemen, Rep.",YEM,2010,67.223,Middle East & North Africa,Low income,30906749533.221,1155.20305261418,3603.03505652422,7.70128607527964,12.777,59.60072327,5.15932894,,0.6,46.7,55.0,,,0.058,26754387.0,3.13856389755931,30.6232848305331,4.81,
"Yemen, Rep.",YEM,2011,67.412,Middle East & North Africa,Low income,32726417878.391,1186.47500581215,3113.38292725279,-12.7148969035133,13.311,56.58930588,4.7695322,,0.59,45.2,53.1,,9.6,0.062,27582897.0,3.04974468373417,30.9237389467026,4.63,
"Yemen, Rep.",YEM,2012,67.569,Middle East & North Africa,Low income,35401331609.5916,1245.05068272078,3004.92091434025,2.39299021364694,13.473,64.67756653,5.19593525,,0.57,44.0,51.6,,,0.056,28433647.0,3.03772906888376,31.2031839858628,4.633,
"Yemen, Rep.",YEM,2013,67.961,Middle East & North Africa,Low income,40415233436.1767,1378.75002954928,3164.32154223615,4.82351908493912,13.673,68.39746857,4.96083164,,0.55,42.6,49.6,,,0.055,29312952.0,3.04562687085895,31.4427187944215,4.623,
"Yemen, Rep.",YEM,2014,68.003,Middle East & North Africa,Low income,43228585321.3272,1430.16420964026,,-0.188690241954504,13.467,83.48936462,5.8377471,0.27,0.54,41.8,48.7,,,0.048,30226309.0,3.06832379522527,31.8626162180918,4.62,36.7
"Yemen, Rep.",YEM,2015,66.761,Middle East & North Africa,Low income,42444490073.8555,1362.1738120601,,-27.9945462502541,17.9,88.40743256,6.49017286,,,41.6,49.3,,,0.04,31159379.0,3.04025873247851,32.3883178702702,4.617,
"Yemen, Rep.",YEM,2016,67.105,Middle East & North Africa,Low income,31317825274.1507,975.359417003225,,-9.37512379736752,18.42,75.22454071,7.71249437,,,40.7,47.9,,,0.031,32109010.0,3.00213847021681,32.9512008005236,4.613,
"Yemen, Rep.",YEM,2017,67.12,Middle East & North Africa,Low income,26842229044.5848,811.165970405745,,-5.07179568062152,18.611,87.29970551,8.14723873,,,40.1,47.5,,,0.027,33090921.0,3.01222786189552,33.5586912522175,4.61,
"Yemen, Rep.",YEM,2018,65.915,Middle East & North Africa,Low income,21606160663.0318,633.887202451545,,0.752447592962554,17.593,143.68727112,9.08948231,,,39.7,47.3,,,0.028,34085182.0,2.96037896642737,34.2106045810864,4.607,
"Yemen, Rep.",YEM,2019,66.567,Middle East & North Africa,Low income,,,,,17.213,80.94759369,10.97374439,,,39.0,46.1,,,0.028,35111408.0,2.96633475184571,34.9067561732024,4.603,
"Yemen, Rep.",YEM,2020,66.435,Middle East & North Africa,Low income,,,,,17.963,65.17704773,11.6478138,0.176,,37.6,43.4,,,0.044,36134863.0,2.87320414785733,35.7025604580302,4.6,
"Yemen, Rep.",YEM,2021,66.019,Middle East & North Africa,Low income,,,,,18.312,49.30105209,9.44125366,0.174,0.41,36.9,42.6,,,,37140230.0,2.74426152997255,36.0704951256305,4.597,
"Yemen, Rep.",YEM,2022,67.952,Middle East & North Africa,Low income,,,,,17.224,54.29036331,8.81763458,0.165,0.48,36.0,41.1,,,,38222876.0,2.87334358526139,36.3226310308295,4.593,
"Yemen, Rep.",YEM,2023,69.295,Middle East & North Africa,Low income,,,,,16.944,47.78109741,9.69559193,0.098,0.46,34.9,39.5,,,,39390799.0,3.00980765711571,36.5707979836506,4.59,
"Yemen, Rep.",YEM,2024,69.439,Middle East & North Africa,Low income,,,,,16.97,,,,,33.8,38.1,,5.5,,40583164.0,2.98210396880689,36.8077517596594,4.499,
Zambia,ZMB,1995,46.051,Sub-Saharan Africa,Lower middle income,3806983413.16416,433.312782642118,1501.3910624395,2.89766889341698,16.834,,,0.069,,98.5,172.2,,,,8785763.0,2.41336000162319,38.4031143188477,6.232,
Zambia,ZMB,1996,45.757,Sub-Saharan Africa,Lower middle income,3597220962.00017,399.511304742449,1584.58166341712,6.21854648894293,15.3,,,,,96.9,168.7,,,,9004053.0,2.45422388426954,37.9842763417749,6.182,48.3
Zambia,ZMB,1997,45.743,Sub-Saharan Africa,Lower middle income,4303288479.7086,465.871942164799,1631.17313844918,3.81400749718355,13.273,,,,,95.6,165.6,,,,9237063.0,2.55491686835174,37.3758882162063,6.124,
Zambia,ZMB,1998,45.709,Sub-Saharan Africa,Lower middle income,3537741941.89367,373.084763057408,1600.62825148568,-0.38574614579035,12.0,,,,,94.5,162.5,,,,9482408.0,2.62143144676206,36.7233466797411,6.067,49.1
Zambia,ZMB,1999,45.924,Sub-Saharan Africa,Lower middle income,3404284890.5306,349.515723095687,1653.83649530752,4.6501897463741,12.498,,,,,92.5,158.1,,,,9740005.0,2.68033385502673,36.1720484699782,5.998,
Zambia,ZMB,2000,46.577,Sub-Saharan Africa,Lower middle income,3600632111.41414,359.429500988221,1708.51552609985,3.89732294341896,12.93,14.80953312,4.12029076,,,89.3,151.8,,,3.56,10017631.0,2.8105009556372,35.8735460960387,5.921,
Zambia,ZMB,2001,47.408,Sub-Saharan Africa,Lower middle income,4094441301.21423,396.548952993504,1785.06711386848,5.31686827418419,13.404,18.94953918,4.77853632,,,84.6,143.2,,,3.56,10325185.0,3.02394158044151,35.8846482932758,5.848,
Zambia,ZMB,2002,48.461,Sub-Saharan Africa,Lower middle income,4193850445.42632,393.864625518616,1837.0658516814,4.50601428032604,14.131,23.19246864,5.88845205,,,78.7,132.9,,,3.45,10647949.0,3.07812350873629,36.0706035730014,5.774,42.1
Zambia,ZMB,2003,49.616,Sub-Saharan Africa,Lower middle income,4901869764.05957,446.290104839041,1942.21520870224,6.94497398221223,14.704,26.75762367,5.99553585,,,72.3,122.1,6.94039091467857,,3.37,10983595.0,3.10355045228564,36.3858560115875,5.71,
Zambia,ZMB,2004,50.54,Sub-Saharan Africa,Lower middle income,6221110219.45542,548.685974566277,2067.93728458142,7.03239511515218,15.332,29.99057961,5.46587515,0.132,,65.8,111.7,,,3.28,11338198.0,3.17745831747123,36.8035881130253,5.698,54.3
Zambia,ZMB,2005,51.615,Sub-Saharan Africa,Lower middle income,8331870169.14977,710.982068171696,2212.81202551776,7.23559900655543,15.9,44.99598694,6.33088684,0.055,,60.2,102.7,,,3.33,11718819.0,3.30186320062968,37.2969823813059,5.697,
Zambia,ZMB,2006,52.693,Sub-Saharan Africa,Lower middle income,12756858899.2812,1051.71714895686,2377.99239779581,7.90369444480079,13.229,58.68175507,5.5774231,0.054,,56.4,94.8,,,3.16,12129553.0,3.44488603404196,37.8392213204204,5.679,54.6
Zambia,ZMB,2007,53.73,Sub-Saharan Africa,Lower middle income,14056957976.2648,1118.73162626953,2554.68937618521,8.35243624447406,10.559,51.02414322,4.55994081,,,54.3,89.1,,,3.12,12565085.0,3.52770643018252,38.4034874343601,5.613,
Zambia,ZMB,2008,54.835,Sub-Saharan Africa,Lower middle income,17910858637.9048,1375.50211006997,2708.00819659546,7.77389581542363,7.93,61.82287216,4.49370766,0.061,1.9,52.1,84.2,,,3.04,13021324.0,3.56663855229215,38.9629632271162,5.53,
Zambia,ZMB,2009,55.886,Sub-Saharan Africa,Lower middle income,15328342303.9575,1136.24168316848,2872.46418369152,9.2203484058663,10.583,59.38909531,5.22568512,0.059,,50.2,78.4,,,3.22,13490389.0,3.53891846603377,39.4908312026796,5.453,
Zambia,ZMB,2010,56.896,Sub-Saharan Africa,Lower middle income,20265559483.8548,1451.10616017155,3097.66400489119,10.2982233241213,13.19,59.98767853,4.13426876,0.06,2.0,48.6,74.3,,,3.31,13965594.0,3.46192274224024,39.9558857709992,5.359,52.0
Zambia,ZMB,2011,57.843,Sub-Saharan Africa,Lower middle income,23459515275.5776,1624.86817763443,3228.48714255039,5.56925219263019,10.548,64.3181076,3.95913363,,,47.4,71.8,,4.8,3.34,14437796.0,3.32527568350911,40.3684491825881,5.256,
Zambia,ZMB,2012,58.704,Sub-Saharan Africa,Lower middle income,25503060420.026,1710.05061343728,3323.63312219856,7.59738104901994,7.85,69.17604828,4.04541731,,,46.1,69.2,,,3.39,14913629.0,3.24260026203654,40.7698556821596,5.136,
Zambia,ZMB,2013,59.445,Sub-Saharan Africa,Lower middle income,28037239462.7142,1820.71854827391,3477.28178777683,5.05753695047252,7.272,83.29361725,4.57390451,,,44.5,66.0,,,3.57,15398997.0,3.20268845716982,41.1682266235825,5.014,
Zambia,ZMB,2014,60.109,Sub-Saharan Africa,Lower middle income,27141023558.0829,1707.48573136694,3441.31497643775,4.69328316376705,6.576,65.39261627,3.82924223,,,43.0,62.6,,,3.67,15895315.0,3.17220342906789,41.5634741658525,4.89,
Zambia,ZMB,2015,60.728,Sub-Saharan Africa,Lower middle income,21251216798.7762,1295.87788680068,3337.47306887696,2.92037511217961,5.951,57.38765335,4.42974281,,,42.4,60.2,,,3.73,16399089.0,3.12013727876838,41.9555104679652,4.775,55.8
Zambia,ZMB,2016,61.129,Sub-Saharan Africa,Lower middle income,20958412538.3093,1239.08527877713,3313.35121570029,3.75510031678988,5.244,55.39532089,4.46923161,0.09,,40.6,57.1,,,3.75,16914423.0,3.09409054089327,42.3442476889162,4.669,
Zambia,ZMB,2017,61.564,Sub-Saharan Africa,Lower middle income,25873601260.8353,1483.46577328065,3391.62768492775,3.52586277149926,4.529,70.93283844,4.78156233,,,38.8,55.2,,,3.83,17441320.0,3.06754137743233,42.7295979877011,4.567,
Zambia,ZMB,2018,62.138,Sub-Saharan Africa,Lower middle income,26311507273.6735,1463.89997855593,3442.27307196302,4.03449389667165,5.032,69.82767487,4.76996708,0.224,,37.7,54.7,,,3.85,17973569.0,3.0060186177754,43.1114735233156,4.492,
Zambia,ZMB,2019,62.914,Sub-Saharan Africa,Lower middle income,23308667781.2258,1258.98619844462,3361.39750299612,1.44130602603785,5.538,85.02349854,6.75330257,0.237,,36.1,53.5,,,3.85,18513839.0,2.96162166175699,43.4897864547552,4.418,
Zambia,ZMB,2020,63.361,Sub-Saharan Africa,Lower middle income,18137764930.651,951.644316655957,3157.30009311643,-2.78505506545167,6.032,60.01779938,6.3067441,0.253,,35.7,52.5,,,3.62,19059395.0,2.9041649369132,43.8644489410157,4.323,
Zambia,ZMB,2021,62.363,Sub-Saharan Africa,Lower middle income,22096416932.0089,1127.16077872857,3503.03491418372,6.23492204726448,5.197,74.83802795,6.63951397,0.295,,35.6,50.4,,,,19603607.0,2.81534240626742,44.2353731410926,4.246,
Zambia,ZMB,2022,65.279,Sub-Saharan Africa,Lower middle income,29163782140.4858,1447.12310138035,3840.115825721,5.21122360356247,5.993,75.40128326,5.21042967,0.324,,35.4,49.5,,,,20152938.0,2.76365042984169,44.5988511178469,4.175,51.5
Zambia,ZMB,2023,66.349,Sub-Saharan Africa,Lower middle income,27577956471.244,1330.72780576709,4080.35544205923,5.36794285493059,5.861,79.55635071,5.97841072,,,35.0,49.1,,,,20723965.0,2.79406758723844,45.0285853521585,4.101,
Zambia,ZMB,2024,66.528,Sub-Saharan Africa,Lower middle income,25303185342.2511,1187.10943350064,4221.01397093025,3.82004825518591,5.898,,,,,34.6,48.4,,10.3,,21314956.0,2.81182258530958,45.4703838491279,4.036,
Zimbabwe,ZWE,1995,51.144,Sub-Saharan Africa,Lower middle income,7115000000.0,648.315259628165,3051.16830425344,0.158034828064515,5.566,,,0.149,,58.7,104.2,,,,10974599.0,0.928715708662254,31.429986132892,4.153,
Zimbabwe,ZWE,1996,48.981,Sub-Saharan Africa,Lower middle income,8557500000.0,766.913775859535,3372.46971418025,10.3607384594087,6.151,,,,,63.1,108.1,,,,11158360.0,1.66055720411375,31.6769076006021,4.11,
Zimbabwe,ZWE,1997,48.536,Sub-Saharan Africa,Lower middle income,8534000000.0,750.583100340929,3457.06927970844,2.68054632259202,6.93,,,,,62.2,100.7,,,,11369827.0,1.8774099417919,31.8999718540415,4.075,
Zimbabwe,ZWE,1998,47.551,Sub-Saharan Africa,Lower middle income,6405250000.0,552.448328691252,3527.15454582409,2.88529516415583,6.381,,,,,59.6,97.1,,,,11594297.0,1.95502471203748,32.0964924488698,4.067,
Zimbabwe,ZWE,1999,46.379,Sub-Saharan Africa,Lower middle income,6861500000.0,582.299355588147,3490.85723076024,-0.817895267295725,6.0,,,,,59.0,99.7,,,,11783458.0,1.61833442459082,32.2637829407466,4.056,
Zimbabwe,ZWE,2000,46.034,Sub-Saharan Africa,Lower middle income,6693250000.0,562.833757496076,3429.12057140382,-3.05911780575599,5.685,,,0.126,,58.3,99.4,,,3.03,11892055.0,0.917384654947152,32.3991568853313,4.009,
Zimbabwe,ZWE,2001,44.525,Sub-Saharan Africa,Lower middle income,6780750000.0,566.388746448872,3533.08605906319,1.43951727721958,5.313,,,,,58.3,96.3,,,3.03,11971901.0,0.669179057812887,32.4999278382836,3.983,
Zimbabwe,ZWE,2002,45.938,Sub-Saharan Africa,Lower middle income,6345250000.0,524.936478570323,3237.57082654515,-8.89401285792752,5.005,,,,,58.7,93.8,,,2.92,12087653.0,0.962219774230462,32.5631884166934,3.925,
Zimbabwe,ZWE,2003,45.373,Sub-Saharan Africa,Lower middle income,5730500000.0,468.471932927213,2707.98957171289,-16.9950733355763,4.738,,,,,59.5,91.9,9.91822257637978,,2.86,12232323.0,1.18973560223894,32.6003372313948,3.862,
Zimbabwe,ZWE,2004,46.043,Sub-Saharan Africa,Lower middle income,5808500000.0,469.719298949304,2591.02005433814,-5.80753964196205,4.39,,,0.169,,61.7,91.2,,,2.71,12365896.0,1.08604865181957,32.6278168233873,3.776,
Zimbabwe,ZWE,2005,46.57,Sub-Saharan Africa,Lower middle income,5758250000.0,461.271387547912,2495.92081734217,-5.71112541241364,4.632,,,0.121,,64.5,91.6,,,2.75,12483432.0,0.945996419158278,32.6482709722903,3.693,
Zimbabwe,ZWE,2006,47.056,Sub-Saharan Africa,Lower middle income,5446750000.0,431.034994414964,2453.75642371135,-3.46140290336963,4.767,,,,,65.9,87.6,,,2.74,12636445.0,1.21827740248004,32.6640794641194,3.635,
Zimbabwe,ZWE,2007,47.576,Sub-Saharan Africa,Lower middle income,5294750000.0,413.521244592925,2396.3783504529,-3.653250914872,5.008,,,0.0544,,68.8,90.6,,,2.59,12804058.0,1.3177052771271,32.67762208489,3.677,
Zimbabwe,ZWE,2008,48.456,Sub-Saharan Africa,Lower middle income,4418000000.0,340.917447588572,1986.90882452926,-17.6689987958491,5.401,,,0.0596,,69.8,91.1,,,2.63,12959149.0,1.20398732561507,32.6912786206175,3.783,
Zimbabwe,ZWE,2009,49.75,Sub-Saharan Africa,Lower middle income,9670750000.0,735.821693871697,2232.85257291912,13.2720546167979,5.476,,,0.115,1.81,69.8,89.8,,,2.86,13142790.0,1.40712940970909,32.7074288573175,3.95,
Zimbabwe,ZWE,2010,51.925,Sub-Saharan Africa,Lower middle income,12047750000.0,902.010759067388,2661.36483247516,19.6754077019323,5.469,94.44809723,10.47575283,0.121,1.78,67.4,85.2,,,3.31,13356548.0,1.61334322032425,32.7284525810054,4.04,
Zimbabwe,ZWE,2011,53.911,Sub-Saharan Africa,Lower middle income,14109000000.0,1037.77565157218,3047.31708873749,14.1939156801139,5.368,83.82868195,8.081707,0.078,1.75,64.2,77.2,,9.8,3.75,13595424.0,1.7726514046574,32.7567295776968,4.126,43.2
Zimbabwe,ZWE,2012,55.386,Sub-Saharan Africa,Lower middle income,17123500000.0,1239.22709745709,3472.48572001016,16.6654290410337,5.057,85.69155121,6.91838741,0.077,1.86,58.8,68.0,,,3.98,13817887.0,1.62306467591426,32.7931752128328,4.134,
Zimbabwe,ZWE,2013,56.842,Sub-Saharan Africa,Lower middle income,19100750000.0,1362.99498323368,3783.94633704647,1.98948554025198,4.948,96.86148834,7.11022186,0.08,,56.6,62.6,,,4.07,14013808.0,1.40792169753746,32.9019343169941,4.111,
Zimbabwe,ZWE,2014,58.106,Sub-Saharan Africa,Lower middle income,19505500000.0,1372.91526173161,3903.42797706084,2.37698561663417,4.774,111.61201477,8.1335125,0.119,1.95,54.7,59.8,,,3.92,14207359.0,1.37169405347957,33.1628075970801,4.011,
Zimbabwe,ZWE,2015,58.989,Sub-Saharan Africa,Lower middle income,19973250000.0,1387.12632595026,4045.89864738798,1.77985356392176,5.399,103.31652832,7.45204067,0.174,,54.7,59.2,,,3.75,14399013.0,1.3399592762046,33.5612641766874,3.911,
Zimbabwe,ZWE,2016,59.76,Sub-Saharan Africa,Lower middle income,20559250000.0,1408.13945253431,4275.4493505094,0.75579405855224,5.896,102.15909576,7.25845575,0.172,,54.3,57.5,,,3.56,14600294.0,1.38820029316449,34.0799460726314,3.828,
Zimbabwe,ZWE,2017,60.263,Sub-Saharan Africa,Lower middle income,51035657370.5179,3445.44941020134,10756.4454416985,4.73441117758482,6.35,91.87199402,6.17448902,0.179,,54.2,56.7,,,3.52,14812482.0,1.44285382068925,34.7014953017273,3.768,44.3
Zimbabwe,ZWE,2018,60.906,Sub-Saharan Africa,Lower middle income,34141666666.6667,2270.89531874302,3992.890718675,5.00992154297603,6.788,114.76815033,4.67327976,0.201,,54.4,56.3,,,3.63,15034452.0,1.48741637841697,35.4085538807905,3.744,
Zimbabwe,ZWE,2019,61.06,Sub-Saharan Africa,Lower middle income,33360632553.3556,2184.52155388801,4165.92242720214,-6.33244976028571,7.373,55.10725403,3.23268151,0.123,,55.8,58.6,,,3.63,15271368.0,1.56353351552455,36.1837638266364,3.748,50.3
Zimbabwe,ZWE,2020,61.53,Sub-Saharan Africa,Lower middle income,31979753644.6558,2059.63704025274,4178.509676231,-7.81695060188729,8.617,51.14250565,2.95440102,0.128,,57.8,61.7,,,2.67,15526888.0,1.65935280874134,37.0097671560802,3.754,
Zimbabwe,ZWE,2021,60.135,Sub-Saharan Africa,Lower middle income,41287852523.5016,2613.6167414057,4827.10960165994,8.46801676808001,9.54,60.89874268,2.67111874,0.136,,59.8,62.4,,,,15797210.0,1.72601114303872,37.8692058859373,3.765,
Zimbabwe,ZWE,2022,62.36,Sub-Saharan Africa,Lower middle income,40757585308.5016,2536.40197087505,5395.02452868174,6.13926327570213,10.087,68.90727997,3.39519501,0.127,,61.6,64.0,,,,16069056.0,1.7062092862652,38.7055207169041,3.767,
Zimbabwe,ZWE,2023,62.775,Sub-Saharan Africa,Lower middle income,35871781303.429,2195.22502010174,5795.99047011573,5.3508687909833,9.348,62.92946243,2.92601609,0.136,,62.2,64.2,,,,16340822.0,1.67709591394986,39.2919370795795,3.724,
Zimbabwe,ZWE,2024,63.064,Sub-Saharan Africa,Lower middle income,41521975830.2351,2496.15514995576,5932.87021993648,1.67649454921512,9.435,,,,,62.4,64.7,,1.5,,16634373.0,1.7804822981922,39.8933716820696,3.674,
