fips,county_name,state,life_expectancy,life_expectancy_year,n_tracts,fast_food_density,fast_food_density_year,food_desert_pct,food_desert_pct_year,snap_participation_pct,snap_participation_pct_year,farmers_market_density,farmers_market_density_year,adult_obesity_pct,adult_obesity_pct_year,diabetes_prevalence_pct,diabetes_prevalence_pct_year,physical_inactivity_pct,physical_inactivity_pct_year,uninsured_pct,uninsured_pct_year,median_household_income,median_household_income_year,income_inequality_ratio,income_inequality_ratio_year,child_poverty_pct,child_poverty_pct_year,primary_care_physicians_per_1000,primary_care_physicians_per_1000_year
01001,Autauga County,AL,75.32000000000001,2010-2015,10,0.801496148,2020,33.90670013,2019,15.25961434,2022,0.017985288,2018,39.8,2023,13.3,2023,27.0,2023,8.8,2023,68857.0,2025,4.2737120382,2025,17.0,2025,0.4399695,2025
01003,Baldwin County,AL,77.48275862068965,2010-2015,29,0.750151575,2020,25.12223816,2019,15.25961434,2022,0.018346772,2018,35.2,2023,13.4,2023,25.4,2023,8.3,2023,74248.0,2025,4.3595257111,2025,14.099999999999998,2025,0.626844,2025
01005,Barbour County,AL,73.97142857142856,2010-2015,7,0.976046205,2020,20.52067947,2019,15.25961434,2022,0.160765246,2018,46.8,2023,19.6,2023,36.2,2023,14.3,2023,45298.0,2025,5.6143391098,2025,34.8,2025,0.40057679999999996,2025
01007,Bibb County,AL,73.55,2010-2015,4,0.316226959,2020,1.593456984,2019,15.25961434,2022,0.044642858,2018,43.9,2023,16.2,2023,33.3,2023,12.6,2023,56025.0,2025,5.3467271211,2025,21.4,2025,0.6673488,2025
01009,Blount County,AL,76.07777777777778,2010-2015,9,0.414658159,2020,6.807623863,2019,15.25961434,2022,0.017289074,2018,36.1,2023,13.8,2023,29.1,2023,11.5,2023,64962.0,2025,4.6197221786,2025,16.6,2025,0.2032486,2025
01011,Bullock County,AL,77.60000000000001,2010-2015,3,0.300721735,2020,68.53353119,2019,15.25961434,2022,0.098638788,2018,51.3,2023,24.6,2023,44.2,2023,17.7,2023,36204.0,2025,6.8069917504,2025,39.800000000000004,2025,0.19379839999999998,2025
01013,Butler County,AL,73.3875,2010-2015,8,1.076702237,2020,11.97491264,2019,15.25961434,2022,0.101626016,2018,40.4,2023,18.9,2023,37.1,2023,11.3,2023,44729.0,2025,5.2137173366,2025,37.4,2025,0.26477439999999997,2025
01015,Calhoun County,AL,73.13600000000001,2010-2015,25,0.916549921,2020,35.90670395,2019,15.25961434,2022,0.017501334,2018,38.6,2023,14.8,2023,31.9,2023,10.6,2023,51841.0,2025,4.8695115258,2025,28.499999999999996,2025,0.5863484,2025
01017,Chambers County,AL,73.61111111111111,2010-2015,9,0.973680198,2020,19.71384621,2019,15.25961434,2022,0.029748624,2018,41.5,2023,17.9,2023,34.3,2023,11.5,2023,50390.0,2025,5.0998743403,2025,26.0,2025,0.4053154,2025
01019,Cherokee County,AL,74.08333333333333,2010-2015,6,0.684566796,2020,13.49030972,2019,15.25961434,2022,0.038414259,2018,39.5,2023,16.0,2023,31.4,2023,10.0,2023,56400.0,2025,4.5494250824,2025,20.5,2025,0.44007040000000003,2025
01021,Chilton County,AL,73.92222222222222,2010-2015,9,0.608149171,2020,10.18653679,2019,15.25961434,2022,0.0,2018,40.0,2023,14.1,2023,31.1,2023,11.6,2023,59165.0,2025,4.012359927,2025,21.5,2025,0.2208773,2025
01023,Choctaw County,AL,74.7,2010-2015,4,0.644226134,2020,24.33224678,2019,15.25961434,2022,0.077875555,2018,44.4,2023,20.1,2023,36.4,2023,11.0,2023,47432.0,2025,5.5445040072,2025,35.8,2025,0.3989468,2025
01025,Clarke County,AL,74.3875,2010-2015,8,1.159246087,2020,39.42882919,2019,15.25961434,2022,0.08361204,2018,43.9,2023,18.4,2023,34.4,2023,11.0,2023,50868.0,2025,5.6037895181,2025,28.7,2025,0.39543059999999997,2025
01027,Clay County,AL,74.6,2010-2015,4,0.381330073,2020,7.023150921,2019,15.25961434,2022,0.150659129,2018,42.5,2023,16.5,2023,32.7,2023,11.0,2023,52077.0,2025,4.8560251103,2025,25.0,2025,0.2818887,2025
01029,Cleburne County,AL,73.3,2010-2015,4,0.534509242,2020,5.954165459,2019,15.25961434,2022,0.066724494,2018,37.4,2023,14.6,2023,30.5,2023,10.1,2023,59526.0,2025,4.6473267495,2025,21.7,2025,0.264848,2025
01031,Coffee County,AL,76.53571428571429,2010-2015,14,0.920533538,2020,32.15407562,2019,15.25961434,2022,0.038528964,2018,41.0,2023,14.8,2023,29.9,2023,11.3,2023,64737.0,2025,5.2417204662,2025,21.0,2025,0.5168531,2025
01033,Colbert County,AL,73.62857142857142,2010-2015,14,0.992582679,2020,32.89167023,2019,15.25961434,2022,0.036521677,2018,37.5,2023,15.0,2023,28.6,2023,9.8,2023,57770.0,2025,4.6638112921,2025,20.5,2025,0.6611685,2025
01035,Conecuh County,AL,73.46000000000001,2010-2015,5,0.67504853,2020,26.35607719,2019,15.25961434,2022,0.081453122,2018,46.4,2023,22.1,2023,39.4,2023,12.7,2023,46702.0,2025,5.3343410267,2025,43.1,2025,0.44138419999999995,2025
01037,Coosa County,AL,77.89999999999999,2010-2015,3,,,22.58675385,2019,15.25961434,2022,0.0,2018,41.9,2023,18.6,2023,33.5,2023,10.9,2023,59736.0,2025,4.0035175691,2025,28.000000000000004,2025,,
01039,Covington County,AL,74.93076923076923,2010-2015,13,0.866504192,2020,12.91687012,2019,15.25961434,2022,0.054074515,2018,37.9,2023,16.3,2023,31.9,2023,10.4,2023,50119.0,2025,5.6305395739,2025,22.400000000000002,2025,0.479693,2025
01041,Crenshaw County,AL,74.51666666666667,2010-2015,6,0.51165849,2020,29.48752594,2019,15.25961434,2022,0.072337963,2018,40.5,2023,16.6,2023,32.6,2023,11.2,2023,49128.0,2025,5.7584695098,2025,27.1,2025,0.22930520000000001,2025
01043,Cullman County,AL,75.15,2010-2015,18,0.816423118,2020,8.42284584,2019,15.25961434,2022,0.011984373,2018,36.4,2023,13.4,2023,27.3,2023,10.1,2023,61231.0,2025,4.5749921556,2025,21.3,2025,0.48046839999999996,2025
01045,Dale County,AL,76.45384615384616,2010-2015,13,0.612757623,2020,23.13018608,2019,15.25961434,2022,0.040853012,2018,41.3,2023,15.8,2023,31.7,2023,11.5,2023,54697.0,2025,4.8111002468,2025,22.0,2025,0.28373390000000004,2025
01047,Dallas County,AL,72.47333333333333,2010-2015,15,0.692559123,2020,15.22543526,2019,15.25961434,2022,0.026102845,2018,46.3,2023,22.4,2023,38.0,2023,12.3,2023,39013.0,2025,5.5928829504,2025,46.5,2025,0.7177224,2025
01049,DeKalb County,AL,75.02142857142857,2010-2015,14,0.544251859,2020,0.0,2019,15.25961434,2022,0.028017091,2018,38.6,2023,15.7,2023,33.8,2023,14.7,2023,50614.0,2025,4.7927204539,2025,28.799999999999997,2025,0.40382660000000004,2025
01051,Elmore County,AL,75.49230769230769,2010-2015,13,0.632926822,2020,18.99752617,2019,15.25961434,2022,0.024423901,2018,38.9,2023,13.0,2023,26.2,2023,9.2,2023,73125.0,2025,4.0420000595,2025,17.0,2025,0.22395410000000002,2025
01053,Escambia County,AL,73.525,2010-2015,8,0.88200438,2020,10.64254761,2019,15.25961434,2022,0.054424729,2018,43.9,2023,18.5,2023,35.7,2023,13.1,2023,50333.0,2025,5.3975738018,2025,28.999999999999996,2025,0.2997357,2025
01055,Etowah County,AL,72.52142857142857,2010-2015,28,0.830313265,2020,40.66234207,2019,15.25961434,2022,0.029268008,2018,43.8,2023,16.3,2023,33.3,2023,10.8,2023,52504.0,2025,4.8791989664,2025,25.5,2025,0.7367054,2025
01057,Fayette County,AL,73.42,2010-2015,5,0.554153085,2020,0.946361244,2019,15.25961434,2022,0.060853161,2018,40.6,2023,16.6,2023,32.7,2023,11.0,2023,49235.0,2025,5.5408065546,2025,22.0,2025,0.9908347999999999,2025
01059,Franklin County,AL,73.36666666666666,2010-2015,9,0.507823646,2020,14.16959858,2019,15.25961434,2022,0.063769408,2018,42.2,2023,16.4,2023,33.9,2023,15.7,2023,49682.0,2025,4.5518775825,2025,34.4,2025,0.406085,2025
01061,Geneva County,AL,74.81666666666666,2010-2015,6,0.567945182,2020,8.372852325,2019,15.25961434,2022,0.0,2018,42.3,2023,16.4,2023,32.0,2023,11.8,2023,50006.0,2025,4.3964702736,2025,27.0,2025,0.2996142,2025
01063,Greene County,AL,75.45,2010-2015,2,,,32.84753036,2019,15.25961434,2022,0.242924809,2018,52.7,2023,27.1,2023,44.7,2023,14.6,2023,34619.0,2025,5.2469433962,2025,46.800000000000004,2025,0.3932363,2025
01065,Hale County,AL,75.48333333333333,2010-2015,6,0.408997953,2020,15.16030979,2019,15.25961434,2022,0.067907102,2018,47.6,2023,19.7,2023,36.0,2023,12.4,2023,42380.0,2025,6.0155182323,2025,32.2,2025,0.2033347,2025
01067,Henry County,AL,75.81666666666666,2010-2015,6,0.638680816,2020,22.90768623,2019,15.25961434,2022,0.116218261,2018,41.3,2023,16.7,2023,31.4,2023,10.3,2023,55598.0,2025,5.8215134206,2025,22.7,2025,0.3436623,2025
01069,Houston County,AL,75.96818181818182,2010-2015,22,1.135297418,2020,14.17938423,2019,15.25961434,2022,0.028647276,2018,40.5,2023,15.7,2023,29.0,2023,10.4,2023,59412.0,2025,5.1652568239,2025,24.6,2025,0.8189246,2025
01071,Jackson County,AL,73.57272727272726,2010-2015,11,0.63975805,2020,10.59791565,2019,15.25961434,2022,0.0193289,2018,39.3,2023,16.0,2023,32.5,2023,11.2,2023,51479.0,2025,4.6348426085,2025,19.2,2025,0.5116253000000001,2025
01073,Jefferson County,AL,74.16369426751592,2010-2015,157,1.040678024,2020,34.40988922,2019,15.25961434,2022,0.025784923,2018,37.4,2023,15.1,2023,28.0,2023,9.1,2023,64726.0,2025,5.4671421294,2025,21.5,2025,1.1110778000000001,2025
01075,Lamar County,AL,74.86666666666667,2010-2015,3,0.508573115,2020,0.612100482,2019,15.25961434,2022,0.072233461,2018,40.8,2023,16.7,2023,32.3,2023,10.9,2023,50929.0,2025,5.1282472533,2025,23.0,2025,,
01077,Lauderdale County,AL,74.65454545454546,2010-2015,22,0.82469368,2020,17.00130463,2019,15.25961434,2022,0.010824034,2018,35.6,2023,12.9,2023,26.7,2023,9.0,2023,63895.0,2025,4.7957901743,2025,16.8,2025,0.5423051,2025
01079,Lawrence County,AL,73.74285714285715,2010-2015,7,0.517393529,2020,12.44920158,2019,15.25961434,2022,0.030342568,2018,39.5,2023,15.5,2023,31.1,2023,10.5,2023,61064.0,2025,4.3071152268,2025,19.2,2025,0.1813237,2025
01081,Lee County,AL,77.54782608695652,2010-2015,23,0.911101639,2020,33.56633759,2019,15.25961434,2022,0.024399022,2018,38.4,2023,12.5,2023,25.0,2023,8.8,2023,62301.0,2025,6.401174743,2025,14.899999999999999,2025,0.4965636,2025
01083,Limestone County,AL,75.98125,2010-2015,16,0.479320735,2020,17.05357552,2019,15.25961434,2022,0.010397821,2018,39.6,2023,12.5,2023,25.4,2023,9.2,2023,81811.0,2025,4.4251247691,2025,11.3,2025,0.3441316,2025
01085,Lowndes County,AL,73.7,2010-2015,4,,,39.03352356,2019,15.25961434,2022,0.100260675,2018,51.2,2023,24.1,2023,41.4,2023,13.9,2023,42011.0,2025,6.3511284722,2025,42.1,2025,0.1003512,2025
01087,Macon County,AL,73.07272727272728,2010-2015,11,0.72645992,2020,41.93498611,2019,15.25961434,2022,0.054232877,2018,46.7,2023,20.0,2023,35.2,2023,11.2,2023,40710.0,2025,5.4340294257,2025,40.6,2025,0.3175443,2025
01089,Madison County,AL,76.7985294117647,2010-2015,68,0.956640244,2020,34.77955246,2019,15.25961434,2022,0.0190986,2018,39.9,2023,12.1,2023,22.7,2023,8.0,2023,86172.0,2025,4.9246695904,2025,13.5,2025,0.8552394,2025
01091,Marengo County,AL,75.2,2010-2015,6,1.067634702,2020,27.61959839,2019,15.25961434,2022,0.157348156,2018,43.1,2023,19.8,2023,34.6,2023,11.5,2023,47228.0,2025,6.6424484365,2025,33.1,2025,0.4211413,2025
01093,Marion County,AL,74.35714285714286,2010-2015,7,0.908999085,2020,3.031882048,2019,15.25961434,2022,0.067197524,2018,42.4,2023,15.5,2023,32.2,2023,11.0,2023,48829.0,2025,4.9441931385,2025,24.3,2025,0.239349,2025
01095,Marshall County,AL,74.83333333333333,2010-2015,18,0.96917206,2020,22.27233505,2019,15.25961434,2022,0.031214558,2018,37.6,2023,14.5,2023,30.8,2023,12.5,2023,59882.0,2025,4.7301922082,2025,21.5,2025,0.5497414,2025
01097,Mobile County,AL,74.15961538461539,2010-2015,104,0.780197501,2020,25.04710388,2019,15.25961434,2022,0.012084387,2018,39.0,2023,16.1,2023,30.7,2023,10.2,2023,55538.0,2025,5.0727057531,2025,24.8,2025,0.7117386,2025
01099,Monroe County,AL,75.04285714285713,2010-2015,7,0.537660658,2020,18.62160873,2019,15.25961434,2022,0.094935209,2018,43.8,2023,19.7,2023,36.8,2023,12.1,2023,49314.0,2025,5.6142645607,2025,27.900000000000002,2025,0.45806189999999997,2025
01101,Montgomery County,AL,74.52037037037037,2010-2015,54,1.112896681,2020,27.68443108,2019,15.25961434,2022,0.013288272,2018,46.1,2023,16.4,2023,30.6,2023,10.2,2023,60063.0,2025,5.1317574962,2025,26.0,2025,0.9673136,2025
01103,Morgan County,AL,75.65,2010-2015,26,0.78409785,2020,22.62591743,2019,15.25961434,2022,0.025191244,2018,38.6,2023,14.7,2023,29.8,2023,11.2,2023,70387.0,2025,4.8227272727,2025,16.8,2025,0.5094285,2025
01105,Perry County,AL,73.9,2010-2015,2,,,39.52987289,2019,15.25961434,2022,0.109409191,2018,52.9,2023,24.6,2023,42.1,2023,13.8,2023,34176.0,2025,3.3381129597,2025,50.3,2025,0.3590664,2025
01107,Pickens County,AL,74.32000000000001,2010-2015,5,0.353660375,2020,4.150253296,2019,15.25961434,2022,0.100310966,2018,48.0,2023,18.0,2023,34.8,2023,13.4,2023,47372.0,2025,5.2594753641,2025,30.3,2025,0.3723206,2025
01109,Pike County,AL,75.42857142857143,2010-2015,7,1.061699986,2020,23.18982506,2019,15.25961434,2022,0.029995801,2018,40.3,2023,14.1,2023,28.1,2023,10.3,2023,50675.0,2025,6.018294368,2025,32.5,2025,0.4243582,2025
01111,Randolph County,AL,74.45,2010-2015,6,0.436300188,2020,29.32252312,2019,15.25961434,2022,0.088008799,2018,37.8,2023,16.1,2023,30.0,2023,10.2,2023,57148.0,2025,5.554450316,2025,25.0,2025,0.2728637,2025
01113,Russell County,AL,72.8,2010-2015,13,0.910074353,2020,14.89298248,2019,15.25961434,2022,0.017306726,2018,43.0,2023,17.3,2023,33.2,2023,11.9,2023,52312.0,2025,4.88064076,2025,26.700000000000003,2025,0.1702939,2025
01115,St. Clair County,AL,74.70833333333333,2010-2015,12,0.694299042,2020,9.671304703,2019,15.25961434,2022,0.011275228,2018,39.6,2023,13.0,2023,27.6,2023,9.2,2023,78349.0,2025,3.8269602609,2025,14.299999999999999,2025,0.1832924,2025
01117,Shelby County,AL,78.35555555555555,2010-2015,45,0.803873062,2020,34.44702911,2019,15.25961434,2022,0.037087344,2018,31.7,2023,11.2,2023,20.7,2023,7.1,2023,90280.0,2025,3.9271514099,2025,9.4,2025,0.7712581,2025
01119,Sumter County,AL,75.875,2010-2015,4,0.654396713,2020,18.03922462,2019,15.25961434,2022,0.078795999,2018,47.2,2023,19.7,2023,35.6,2023,11.1,2023,37021.0,2025,4.4223984847,2025,45.4,2025,0.5754686,2025
01121,Talladega County,AL,72.72272727272728,2010-2015,22,0.66262424,2020,18.60338783,2019,15.25961434,2022,0.012526933,2018,45.6,2023,17.2,2023,32.6,2023,10.9,2023,59491.0,2025,5.4513799585,2025,22.8,2025,0.2575929,2025
01123,Tallapoosa County,AL,74.71000000000001,2010-2015,10,0.647845924,2020,7.45025444,2019,15.25961434,2022,0.024693187,2018,39.5,2023,16.8,2023,30.0,2023,10.0,2023,60583.0,2025,4.9328691061,2025,22.6,2025,0.46315480000000003,2025
01125,Tuscaloosa County,AL,75.02142857142857,2010-2015,42,0.849315345,2020,21.46758842,2019,15.25961434,2022,0.009573455,2018,41.0,2023,12.0,2023,25.9,2023,9.3,2023,61117.0,2025,5.3326788563,2025,23.799999999999997,2025,0.6299364999999999,2025
01127,Walker County,AL,71.43888888888888,2010-2015,18,0.744342208,2020,8.643557549,2019,15.25961434,2022,0.015695877,2018,35.8,2023,15.1,2023,32.2,2023,10.7,2023,57950.0,2025,5.3806643625,2025,23.3,2025,0.4628344,2025
01129,Washington County,AL,74.875,2010-2015,4,,,11.17817497,2019,15.25961434,2022,0.061057515,2018,41.1,2023,17.0,2023,31.9,2023,9.7,2023,57311.0,2025,8.2778819705,2025,26.200000000000003,2025,0.0660197,2025
01131,Wilcox County,AL,74.25,2010-2015,2,0.391926318,2020,41.9684639,2019,15.25961434,2022,0.282299817,2018,51.2,2023,23.8,2023,41.2,2023,14.4,2023,34426.0,2025,6.8199073382,2025,48.5,2025,0.0957304,2025
01133,Winston County,AL,74.98333333333333,2010-2015,6,0.510464549,2020,4.220640182,2019,15.25961434,2022,0.042265426,2018,39.1,2023,16.5,2023,34.1,2023,11.7,2023,52280.0,2025,4.6426765312,2025,24.0,2025,0.3805175,2025
02013,Aleutians East Borough,AK,86.9,2010-2015,1,,,39.04699707,2019,11.31242136,2022,0.0,2018,30.7,2023,12.8,2023,28.7,2023,15.7,2023,83000.0,2025,4.7331899642,2025,18.6,2025,,
02016,Aleutians West Census Area,AK,77.75,2010-2015,2,,,21.40064049,2019,11.31242136,2022,0.174733534,2018,31.9,2023,10.8,2023,25.2,2023,13.0,2023,104159.0,2025,3.1340380252,2025,4.8,2025,0.5930026,2025
02020,Anchorage Borough,AK,78.03469387755102,2010-2015,49,0.74191469,2020,28.39202499,2019,11.31242136,2022,0.034300845,2018,35.0,2023,8.9,2023,19.8,2023,9.5,2023,93881.0,2025,4.0473686526,2025,9.9,2025,1.1627059000000002,2025
02050,Bethel Census Area,AK,78.73333333333333,2010-2015,3,0.325432569,2020,68.64164734,2019,11.31242136,2022,0.0,2018,39.1,2023,13.8,2023,33.3,2023,15.9,2023,62140.0,2025,5.5488834678,2025,36.199999999999996,2025,0.8622083,2025
02060,Bristol Bay Borough,AK,79.9,2010-2015,1,,,56.30888748,2019,11.31242136,2022,0.0,2018,34.9,2023,11.3,2023,22.2,2023,9.7,2023,99790.0,2025,3.6032171582,2025,18.0,2025,0.0,2025
02070,Dillingham Census Area,AK,83.25,2010-2015,2,,,50.78443909,2019,11.31242136,2022,0.200000003,2018,38.5,2023,13.0,2023,29.1,2023,13.3,2023,62598.0,2025,4.2704273396,2025,31.3,2025,2.5146689,2025
02090,Fairbanks North Star Borough,AK,78.10625,2010-2015,16,0.449550986,2020,38.72491837,2019,11.31242136,2022,0.03031191,2018,35.3,2023,7.9,2023,21.2,2023,9.9,2023,86780.0,2025,3.8908895333,2025,7.9,2025,0.8578034,2025
02100,Haines Borough,AK,82.6,2010-2015,1,1.530221939,2020,20.68778229,2019,11.31242136,2022,0.404203713,2018,34.0,2023,10.8,2023,20.1,2023,7.7,2023,78649.0,2025,6.1813292355,2025,13.100000000000001,2025,2.8971511000000003,2025
02105,Hoonah-Angoon Census Area,AK,79.3,2010-2015,1,,,99.39092255,2019,11.31242136,2022,0.0,2018,37.1,2023,14.8,2023,26.6,2023,10.2,2023,64720.0,2025,5.7612064965,2025,27.200000000000003,2025,,
02110,Juneau Borough,AK,81.16666666666667,2010-2015,6,0.879148483,2020,20.70424461,2019,11.31242136,2022,0.062280074,2018,35.0,2023,8.9,2023,17.5,2023,8.5,2023,99748.0,2025,3.9086982942,2025,9.5,2025,1.282332,2025
02122,Kenai Peninsula Borough,AK,80.16666666666667,2010-2015,12,0.757397234,2020,23.65279961,2019,11.31242136,2022,0.10250628,2018,32.3,2023,9.8,2023,21.5,2023,9.9,2023,74185.0,2025,4.7265890268,2025,12.1,2025,0.8031187999999999,2025
02130,Ketchikan Gateway Borough,AK,79.85,2010-2015,4,0.872917712,2020,1.602838278,2019,11.31242136,2022,0.0,2018,37.7,2023,10.1,2023,21.9,2023,9.5,2023,87760.0,2025,4.3817678234,2025,11.700000000000001,2025,1.2360041,2025
02150,Kodiak Island Borough,AK,80.39999999999999,2010-2015,3,0.538793087,2020,42.67789459,2019,11.31242136,2022,0.0,2018,31.5,2023,9.8,2023,22.7,2023,10.5,2023,86250.0,2025,3.8773128309,2025,8.799999999999999,2025,1.4076797,2025
02164,Lake and Peninsula Borough,AK,77.0,2010-2015,1,,,99.99880219,2019,11.31242136,2022,0.0,2018,39.4,2023,14.6,2023,29.4,2023,12.1,2023,62547.0,2025,4.5007032349,2025,27.3,2025,0.0,2025
02170,Matanuska-Susitna Borough,AK,78.98695652173913,2010-2015,23,0.426446974,2020,28.88308525,2019,11.31242136,2022,0.065049715,2018,37.5,2023,9.0,2023,22.7,2023,9.7,2023,94376.0,2025,4.253557966,2025,10.5,2025,0.4878666,2025
02180,Nome Census Area,AK,82.2,2010-2015,2,,,23.13319206,2019,11.31242136,2022,0.0,2018,38.6,2023,13.0,2023,29.3,2023,13.5,2023,75296.0,2025,5.4432771628,2025,23.0,2025,1.3177902,2025
02185,North Slope Borough,AK,78.55000000000001,2010-2015,2,0.430385202,2020,37.91080475,2019,11.31242136,2022,0.0,2018,42.3,2023,10.8,2023,23.6,2023,11.2,2023,103556.0,2025,3.860300515,2025,14.2,2025,0.3645643,2025
02188,Northwest Arctic Borough,AK,77.5,2010-2015,2,,,46.17339706,2019,11.31242136,2022,0.0,2018,40.6,2023,14.1,2023,30.2,2023,14.2,2023,78619.0,2025,4.4166545687,2025,23.0,2025,0.7936508,2025
02195,Petersburg Census Area,AK,84.6,2010-2015,1,1.516990304,2020,4.391679764,2019,11.31242136,2022,0.310462594,2018,30.8,2023,10.5,2023,21.6,2023,9.8,2023,68449.0,2025,4.3204288778,2025,11.0,2025,1.4898689,2025
02198,Prince of Wales-Hyder Census Area,AK,77.86666666666667,2010-2015,3,0.488042951,2020,22.71344948,2019,11.31242136,2022,0.0,2018,38.4,2023,14.0,2023,26.5,2023,11.1,2023,57304.0,2025,4.8761624672,2025,22.1,2025,1.7455053,2025
02220,Sitka Borough,AK,79.0,2010-2015,2,0.356930405,2020,34.52976608,2019,11.31242136,2022,0.115647048,2018,29.8,2023,9.9,2023,19.2,2023,8.8,2023,89264.0,2025,3.5467286509,2025,10.6,2025,2.1410728999999997,2025
02230,Skagway Municipality,AK,80.8,2010-2015,1,,,0.341358095,2019,11.31242136,2022,0.0,2018,36.2,2023,9.1,2023,20.8,2023,9.7,2023,79412.0,2025,4.1005729752,2025,8.9,2025,0.0,2025
02240,Southeast Fairbanks Census Area,AK,77.85,2010-2015,2,0.57496047,2020,29.73569679,2019,11.31242136,2022,0.144550443,2018,35.7,2023,10.2,2023,25.8,2023,11.5,2023,79014.0,2025,4.6484648196,2025,14.000000000000002,2025,0.5738881,2025
02261,,,80.96666666666667,2010-2015,3,,,,,,,0.327367961,2018,,,,,,,,,,,,,,,,
02275,Wrangell City,AK,78.7,2010-2015,1,,,21.35372353,2019,11.31242136,2022,0.0,2018,34.8,2023,12.9,2023,24.6,2023,10.2,2023,65011.0,2025,4.0685217391,2025,15.1,2025,1.459854,2025
02290,Yukon-Koyukuk Census Area,AK,76.275,2010-2015,4,,,89.56611633,2019,11.31242136,2022,0.187722921,2018,36.9,2023,16.5,2023,29.4,2023,13.5,2023,49498.0,2025,4.8969690857,2025,24.8,2025,0.18957349999999998,2025
04001,Apache County,AZ,75.74374999999999,2010-2015,16,0.194782615,2020,54.71744537,2019,12.02125721,2022,0.013924086,2018,35.8,2023,17.5,2023,28.7,2023,14.1,2023,43121.0,2025,8.0695606695,2025,35.699999999999996,2025,0.4114411,2025
04003,Cochise County,AZ,78.16428571428571,2010-2015,28,0.502157688,2020,43.89905167,2019,12.02125721,2022,0.023664905,2018,31.2,2023,13.7,2023,26.0,2023,14.2,2023,53011.0,2025,5.0482321855,2025,19.6,2025,0.5791353,2025
04005,Coconino County,AZ,78.92399999999999,2010-2015,25,0.933457792,2020,32.45462799,2019,12.02125721,2022,0.021000462,2018,23.6,2023,9.3,2023,16.0,2023,10.1,2023,71528.0,2025,5.1058045026,2025,20.9,2025,0.8203954,2025
04007,Gila County,AZ,78.50769230769231,2010-2015,13,0.515625298,2020,28.23313522,2019,12.02125721,2022,0.037113324,2018,31.4,2023,15.0,2023,27.4,2023,12.1,2023,55804.0,2025,4.0172336783,2025,28.000000000000004,2025,0.4478531,2025
04009,Graham County,AZ,78.25555555555555,2010-2015,9,0.510060966,2020,39.64398575,2019,12.02125721,2022,0.026266022,2018,36.0,2023,11.4,2023,25.6,2023,16.0,2023,66469.0,2025,4.7326333409,2025,20.4,2025,0.4097311,2025
04011,Greenlee County,AZ,82.69999999999999,2010-2015,2,,,32.91820908,2019,12.02125721,2022,0.0,2018,33.1,2023,10.6,2023,23.4,2023,16.1,2023,71273.0,2025,3.5960023479,2025,9.6,2025,0.6380264,2025
04012,La Paz County,AZ,76.72857142857143,2010-2015,7,0.884543777,2020,53.38379669,2019,12.02125721,2022,0.0,2018,33.2,2023,17.5,2023,32.1,2023,16.6,2023,48801.0,2025,4.2223587783,2025,29.299999999999997,2025,0.3656753,2025
04013,Maricopa County,AZ,78.5891820580475,2010-2015,758,0.739012897,2020,20.8258667,2019,12.02125721,2022,0.008841885,2018,30.4,2023,10.6,2023,20.4,2023,12.9,2023,86973.0,2025,4.1575128205,2025,13.900000000000002,2025,0.6991968,2025
04015,Mohave County,AZ,75.09729729729729,2010-2015,37,0.603114069,2020,45.86861801,2019,12.02125721,2022,0.004772131,2018,32.7,2023,14.2,2023,29.7,2023,13.1,2023,56302.0,2025,4.4104706894,2025,22.7,2025,0.5328629,2025
04017,Navajo County,AZ,76.65862068965517,2010-2015,29,0.651134551,2020,44.54315567,2019,12.02125721,2022,0.027162841,2018,37.6,2023,15.1,2023,26.4,2023,13.0,2023,51011.0,2025,5.2009290374,2025,28.999999999999996,2025,0.6287737999999999,2025
04019,Pima County,AZ,78.30590909090908,2010-2015,220,0.677550852,2020,28.64681244,2019,12.02125721,2022,0.023097511,2018,31.1,2023,11.0,2023,22.3,2023,12.7,2023,69553.0,2025,4.6958224087,2025,17.9,2025,0.8706976000000001,2025
04021,Pinal County,AZ,78.6032258064516,2010-2015,62,0.307802379,2020,45.73484421,2019,12.02125721,2022,0.002236446,2018,38.4,2023,12.9,2023,25.5,2023,13.7,2023,77290.0,2025,3.7087754439,2025,12.4,2025,0.177953,2025
04023,Santa Cruz County,AZ,81.5,2010-2015,9,0.320458055,2020,36.2806282,2019,12.02125721,2022,0.107501455,2018,34.2,2023,15.5,2023,31.4,2023,25.7,2023,52400.0,2025,4.3294339169,2025,28.799999999999997,2025,0.3759163,2025
04025,Yavapai County,AZ,78.8157894736842,2010-2015,38,0.582784534,2020,35.75042343,2019,12.02125721,2022,0.034483798,2018,27.0,2023,12.1,2023,22.5,2023,10.6,2023,67317.0,2025,4.3416700834,2025,17.0,2025,0.5531406999999999,2025
04027,Yuma County,AZ,78.11521739130436,2010-2015,46,0.619766414,2020,24.71905518,2019,12.02125721,2022,0.0,2018,37.4,2023,14.5,2023,28.5,2023,24.1,2023,61225.0,2025,4.259008922,2025,23.0,2025,0.4251413,2025
05001,Arkansas County,AR,74.725,2010-2015,8,0.690329611,2020,47.04374695,2019,7.841643636,2022,0.112555571,2018,39.1,2023,15.2,2023,35.6,2023,11.1,2023,50198.0,2025,4.8072912322,2025,23.1,2025,0.4784117,2025
05003,Ashley County,AR,76.23333333333333,2010-2015,6,0.775634706,2020,21.75689888,2019,7.841643636,2022,0.099770531,2018,45.1,2023,18.3,2023,41.9,2023,12.9,2023,49560.0,2025,5.1716337725,2025,25.2,2025,0.4284031,2025
05005,Baxter County,AR,75.2625,2010-2015,8,0.6628474,2020,16.42983246,2019,7.841643636,2022,0.07208246,2018,37.7,2023,15.0,2023,33.4,2023,10.0,2023,48804.0,2025,3.9424048215,2025,20.599999999999998,2025,0.8542141,2025
05007,Benton County,AR,78.14042553191489,2010-2015,47,0.696046054,2020,24.89488411,2019,7.841643636,2022,0.029346168,2018,35.3,2023,10.3,2023,25.7,2023,10.9,2023,92632.0,2025,3.9734624905,2025,9.0,2025,0.5958623,2025
05009,Boone County,AR,76.48571428571428,2010-2015,7,0.637873769,2020,20.88229942,2019,7.841643636,2022,0.08004269,2018,40.7,2023,13.1,2023,30.8,2023,9.5,2023,56154.0,2025,4.1362731152,2025,18.7,2025,0.6079831,2025
05011,Bradley County,AR,73.32000000000001,2010-2015,5,0.469968975,2020,23.76347733,2019,7.841643636,2022,0.0,2018,42.5,2023,17.6,2023,40.3,2023,15.2,2023,44525.0,2025,7.0568940086,2025,28.7,2025,0.5764796,2025
05013,Calhoun County,AR,74.6,2010-2015,2,,,65.4903183,2019,7.841643636,2022,0.0,2018,39.2,2023,14.6,2023,33.8,2023,10.2,2023,57689.0,2025,4.1960356712,2025,17.8,2025,0.210926,2025
05015,Carroll County,AR,76.96000000000001,2010-2015,5,0.495119542,2020,16.38960648,2019,7.841643636,2022,0.106296286,2018,37.6,2023,15.0,2023,36.8,2023,13.7,2023,53986.0,2025,4.9209257912,2025,19.400000000000002,2025,0.6681906000000001,2025
05017,Chicot County,AR,74.45,2010-2015,4,0.604594946,2020,32.60532761,2019,7.841643636,2022,0.095803797,2018,47.1,2023,20.5,2023,42.2,2023,14.3,2023,40381.0,2025,5.7106595365,2025,37.2,2025,0.5988622,2025
05019,Clark County,AR,74.97999999999999,2010-2015,5,0.814369082,2020,26.48617935,2019,7.841643636,2022,0.045328859,2018,40.0,2023,12.9,2023,32.1,2023,10.4,2023,53561.0,2025,4.7929515419,2025,20.4,2025,0.46902119999999997,2025
05021,Clay County,AR,73.66666666666667,2010-2015,6,0.347826093,2020,16.07542992,2019,7.841643636,2022,0.067353673,2018,40.2,2023,14.1,2023,35.8,2023,11.0,2023,47663.0,2025,4.6947567358,2025,22.3,2025,0.0696864,2025
05023,Cleburne County,AR,76.71428571428571,2010-2015,7,0.92239821,2020,17.41594124,2019,7.841643636,2022,0.04005608,2018,37.9,2023,15.1,2023,34.6,2023,10.1,2023,56692.0,2025,4.2061668182,2025,20.599999999999998,2025,0.6795922,2025
05025,Cleveland County,AR,76.75,2010-2015,2,,,22.09662247,2019,7.841643636,2022,0.124719381,2018,42.4,2023,15.0,2023,34.6,2023,10.1,2023,54458.0,2025,5.1460030309,2025,20.8,2025,,
05027,Columbia County,AR,77.14,2010-2015,5,0.900090039,2020,19.53101349,2019,7.841643636,2022,0.042486299,2018,37.7,2023,14.4,2023,34.5,2023,11.0,2023,44175.0,2025,6.2971982504,2025,27.800000000000004,2025,0.6175018,2025
05029,Conway County,AR,75.05,2010-2015,6,0.285211772,2020,22.12415314,2019,7.841643636,2022,0.047867503,2018,41.4,2023,15.6,2023,36.5,2023,11.2,2023,53863.0,2025,5.1053636097,2025,23.0,2025,0.5749054,2025
05031,Craighead County,AR,75.78235294117647,2010-2015,17,0.810726523,2020,21.33138084,2019,7.841643636,2022,0.018423332,2018,39.1,2023,11.6,2023,31.0,2023,10.6,2023,60204.0,2025,5.114689313,2025,23.1,2025,1.2297492,2025
05033,Crawford County,AR,75.52727272727272,2010-2015,11,0.504660249,2020,34.37975693,2019,7.841643636,2022,0.015771378,2018,38.8,2023,13.0,2023,31.2,2023,11.6,2023,63905.0,2025,4.0065654343,2025,18.3,2025,0.34780880000000003,2025
05035,Crittenden County,AR,73.30625,2010-2015,16,0.77704972,2020,22.53043747,2019,7.841643636,2022,0.0,2018,46.7,2023,16.5,2023,38.7,2023,12.3,2023,52153.0,2025,5.2932675709,2025,29.299999999999997,2025,0.27354019999999996,2025
05037,Cross County,AR,73.8,2010-2015,6,0.929252863,2020,29.16385269,2019,7.841643636,2022,0.059966419,2018,45.0,2023,16.1,2023,38.6,2023,12.2,2023,47669.0,2025,5.6934072968,2025,25.4,2025,0.4196391,2025
05039,Dallas County,AR,74.2,2010-2015,2,0.441046745,2020,51.96455002,2019,7.841643636,2022,0.0,2018,41.9,2023,17.1,2023,37.8,2023,11.1,2023,46701.0,2025,5.1487765765,2025,26.900000000000002,2025,0.1585289,2025
05041,Desha County,AR,75.08,2010-2015,5,0.900090039,2020,32.44397736,2019,7.841643636,2022,0.0,2018,46.6,2023,21.2,2023,46.2,2023,16.0,2023,43469.0,2025,5.3077028603,2025,35.6,2025,0.4508566,2025
05043,Drew County,AR,75.56,2010-2015,5,0.778772891,2020,24.13800812,2019,7.841643636,2022,0.0,2018,43.8,2023,15.2,2023,35.8,2023,12.0,2023,48746.0,2025,5.7182072149,2025,27.800000000000004,2025,0.9351257,2025
05045,Faulkner County,AR,76.00869565217391,2010-2015,23,0.756387949,2020,32.80495453,2019,7.841643636,2022,0.040062178,2018,39.8,2023,10.8,2023,26.6,2023,9.1,2023,68543.0,2025,4.2268840378,2025,15.4,2025,0.5914984,2025
05047,Franklin County,AR,74.7,2010-2015,3,0.335251719,2020,4.675597668,2019,7.841643636,2022,0.056148231,2018,39.8,2023,14.6,2023,35.5,2023,11.5,2023,54077.0,2025,4.6953458275,2025,23.7,2025,0.34938569999999997,2025
05049,Fulton County,AR,76.6,2010-2015,2,0.242306754,2020,13.90838909,2019,7.841643636,2022,0.0,2018,39.6,2023,17.1,2023,37.8,2023,11.3,2023,46346.0,2025,3.9282043962,2025,24.9,2025,0.4116921,2025
05051,Garland County,AR,74.28421052631579,2010-2015,19,0.861818433,2020,29.23083305,2019,7.841643636,2022,0.030255966,2018,39.1,2023,14.8,2023,30.7,2023,10.3,2023,53849.0,2025,4.7811629449,2025,29.4,2025,0.82727,2025
05053,Grant County,AR,75.625,2010-2015,4,0.271017402,2020,35.48677826,2019,7.841643636,2022,0.054981306,2018,36.9,2023,12.0,2023,29.6,2023,9.3,2023,64306.0,2025,4.5566429628,2025,13.600000000000001,2025,0.1105583,2025
05055,Greene County,AR,75.6,2010-2015,9,0.592144191,2020,18.00772285,2019,7.841643636,2022,0.022062879,2018,42.3,2023,12.5,2023,35.0,2023,11.2,2023,55444.0,2025,4.3239213726,2025,19.1,2025,0.49657789999999996,2025
05057,Hempstead County,AR,76.72,2010-2015,5,0.799887061,2020,31.5890522,2019,7.841643636,2022,0.091992088,2018,45.6,2023,16.6,2023,39.7,2023,14.2,2023,50576.0,2025,5.444047619,2025,25.8,2025,0.2538844,2025
05059,Hot Spring County,AR,73.41428571428571,2010-2015,7,0.503152072,2020,24.93583298,2019,7.841643636,2022,0.0,2018,37.1,2023,13.9,2023,34.4,2023,11.3,2023,53767.0,2025,4.772009948,2025,21.7,2025,0.2413419,2025
05061,Howard County,AR,74.53333333333333,2010-2015,3,0.839118183,2020,34.78097916,2019,7.841643636,2022,0.074956901,2018,39.4,2023,15.2,2023,36.0,2023,12.5,2023,47308.0,2025,4.2273992865,2025,22.5,2025,0.4725154,2025
05063,Independence County,AR,76.55714285714285,2010-2015,7,0.874010146,2020,12.08283043,2019,7.841643636,2022,0.0,2018,41.6,2023,13.4,2023,35.3,2023,11.6,2023,59695.0,2025,4.6535020729,2025,18.099999999999998,2025,0.7687618,2025
05065,Izard County,AR,78.44999999999999,2010-2015,4,0.293836772,2020,0.924698174,2019,7.841643636,2022,0.073567279,2018,41.2,2023,15.9,2023,37.3,2023,11.8,2023,47320.0,2025,4.904991858,2025,23.9,2025,0.2875422,2025
05067,Jackson County,AR,74.42,2010-2015,5,0.420774221,2020,27.42853928,2019,7.841643636,2022,0.059484862,2018,43.9,2023,15.4,2023,39.5,2023,13.6,2023,45762.0,2025,4.7424880807,2025,32.0,2025,0.3569092,2025
05069,Jefferson County,AR,73.21739130434783,2010-2015,23,0.887162149,2020,25.99846268,2019,7.841643636,2022,0.014681269,2018,45.9,2023,17.6,2023,38.1,2023,12.1,2023,49581.0,2025,5.2166954085,2025,32.0,2025,0.7288076,2025
05071,Johnson County,AR,77.31666666666666,2010-2015,6,0.64119488,2020,27.26192474,2019,7.841643636,2022,0.074788719,2018,37.4,2023,14.6,2023,36.8,2023,13.8,2023,50387.0,2025,4.4560802545,2025,19.6,2025,0.5416908,2025
05073,Lafayette County,AR,73.55,2010-2015,2,0.45482111,2020,21.05417633,2019,7.841643636,2022,0.0,2018,46.0,2023,20.6,2023,43.5,2023,14.1,2023,43824.0,2025,5.7486263736,2025,30.599999999999998,2025,0.3245173,2025
05075,Lawrence County,AR,76.95,2010-2015,6,0.304692268,2020,37.96455002,2019,7.841643636,2022,0.121698916,2018,43.7,2023,14.4,2023,36.3,2023,11.6,2023,49015.0,2025,4.8957884721,2025,24.5,2025,0.3068991,2025
05077,Lee County,AR,73.475,2010-2015,4,0.35240221,2020,44.63252258,2019,7.841643636,2022,0.111296609,2018,46.9,2023,19.7,2023,42.9,2023,15.8,2023,36735.0,2025,7.4075720024,2025,46.1,2025,0.1160227,2025
05079,Lincoln County,AR,76.025,2010-2015,4,0.463535219,2020,33.21273041,2019,7.841643636,2022,0.0,2018,42.6,2023,13.8,2023,36.2,2023,14.7,2023,53381.0,2025,4.5681390297,2025,24.8,2025,0.0767048,2025
05081,Little River County,AR,75.6,2010-2015,4,0.656814456,2020,3.083001852,2019,7.841643636,2022,0.08112932,2018,41.3,2023,15.7,2023,36.9,2023,10.8,2023,48837.0,2025,5.2632904176,2025,25.3,2025,0.16744810000000002,2025
05083,Logan County,AR,75.88333333333334,2010-2015,6,0.513778627,2020,16.22493744,2019,7.841643636,2022,0.138013527,2018,38.1,2023,14.4,2023,33.8,2023,10.6,2023,51290.0,2025,4.045358355,2025,22.5,2025,0.1885458,2025
05085,Lonoke County,AR,75.0,2010-2015,15,0.527590275,2020,16.44862175,2019,7.841643636,2022,0.0,2018,36.1,2023,11.3,2023,31.0,2023,9.8,2023,74687.0,2025,4.042733182,2025,11.799999999999999,2025,0.1472123,2025
05087,Madison County,AR,75.5,2010-2015,4,0.300408542,2020,26.14719582,2019,7.841643636,2022,0.06067593,2018,40.8,2023,13.9,2023,35.2,2023,12.4,2023,52262.0,2025,3.9533405255,2025,20.5,2025,0.2948113,2025
05089,Marion County,AR,75.475,2010-2015,4,0.416914821,2020,10.02939606,2019,7.841643636,2022,0.059801459,2018,37.9,2023,16.4,2023,34.8,2023,10.5,2023,49975.0,2025,3.8051708218,2025,26.0,2025,0.29449879999999995,2025
05091,Miller County,AR,73.22727272727273,2010-2015,11,0.602172434,2020,27.0833931,2019,7.841643636,2022,0.045879979,2018,38.1,2023,15.3,2023,37.9,2023,12.2,2023,50421.0,2025,5.4960430686,2025,27.3,2025,0.679969,2025
05093,Mississippi County,AR,74.35833333333333,2010-2015,12,0.823641002,2020,16.94853783,2019,7.841643636,2022,0.048497781,2018,46.6,2023,15.2,2023,36.7,2023,12.5,2023,49484.0,2025,6.1228649569,2025,31.1,2025,0.3529916,2025
05095,Monroe County,AR,76.3,2010-2015,3,1.518833518,2020,28.32777214,2019,7.841643636,2022,0.0,2018,43.5,2023,19.1,2023,39.6,2023,12.3,2023,40631.0,2025,5.9229268293,2025,38.1,2025,0.44890019999999997,2025
05097,Montgomery County,AR,77.0,2010-2015,3,0.333111256,2020,23.05571938,2019,7.841643636,2022,0.112057373,2018,40.9,2023,16.4,2023,36.0,2023,10.9,2023,48991.0,2025,5.6243360434,2025,28.4,2025,0.2322611,2025
05099,Nevada County,AR,74.33333333333333,2010-2015,3,0.370416105,2020,54.16181183,2019,7.841643636,2022,0.120105691,2018,44.0,2023,18.3,2023,40.8,2023,12.4,2023,45562.0,2025,4.5425161611,2025,31.0,2025,0.2442897,2025
05101,Newton County,AR,82.19999999999999,2010-2015,2,,,28.87794876,2019,7.841643636,2022,0.256246001,2018,38.6,2023,15.3,2023,34.2,2023,10.1,2023,46307.0,2025,4.0503193264,2025,27.1,2025,,
05103,Ouachita County,AR,75.45,2010-2015,6,0.64747268,2020,34.66252136,2019,7.841643636,2022,0.042362113,2018,43.5,2023,17.7,2023,38.0,2023,11.3,2023,49690.0,2025,4.8991259839,2025,25.3,2025,0.5828028000000001,2025
05105,Perry County,AR,75.83333333333333,2010-2015,3,0.290500641,2020,14.2723465,2019,7.841643636,2022,0.096599691,2018,38.9,2023,14.1,2023,34.2,2023,10.2,2023,57996.0,2025,4.7611053826,2025,20.9,2025,0.2007226,2025
05107,Phillips County,AR,72.38333333333334,2010-2015,6,0.404647678,2020,36.08113098,2019,7.841643636,2022,0.110932387,2018,48.4,2023,21.7,2023,44.1,2023,13.5,2023,37338.0,2025,6.2998591862,2025,45.2,2025,0.6286936000000001,2025
05109,Pike County,AR,74.8,2010-2015,3,0.375833869,2020,23.05731964,2019,7.841643636,2022,0.093694367,2018,38.3,2023,14.4,2023,34.4,2023,11.4,2023,53108.0,2025,5.8609917547,2025,27.200000000000003,2025,0.39737730000000004,2025
05111,Poinsett County,AR,72.45714285714286,2010-2015,7,0.687196672,2020,19.30390739,2019,7.841643636,2022,0.041711856,2018,41.4,2023,14.6,2023,38.7,2023,12.6,2023,51635.0,2025,4.9066213922,2025,27.1,2025,0.0882613,2025
05113,Polk County,AR,75.8,2010-2015,6,0.405947119,2020,32.33204269,2019,7.841643636,2022,0.0498778,2018,40.0,2023,15.5,2023,35.8,2023,11.7,2023,47766.0,2025,4.6522869747,2025,26.200000000000003,2025,0.7750736,2025
05115,Pope County,AR,76.46363636363637,2010-2015,11,0.854913414,2020,23.26810265,2019,7.841643636,2022,0.03125,2018,44.6,2023,12.7,2023,33.7,2023,12.1,2023,59016.0,2025,4.4960265975,2025,16.0,2025,0.642744,2025
05117,Prairie County,AR,78.16666666666667,2010-2015,3,,,4.45620203,2019,7.841643636,2022,0.0,2018,40.3,2023,15.1,2023,34.9,2023,10.6,2023,54962.0,2025,4.1812525583,2025,22.400000000000002,2025,0.12292560000000001,2025
05119,Pulaski County,AR,75.63522727272726,2010-2015,88,0.966970325,2020,33.03913116,2019,7.841643636,2022,0.028012631,2018,40.5,2023,12.9,2023,29.1,2023,10.4,2023,61344.0,2025,4.9778144914,2025,23.7,2025,1.1789222000000001,2025
05121,Randolph County,AR,75.25,2010-2015,4,0.493231773,2020,16.23621559,2019,7.841643636,2022,0.055716515,2018,41.4,2023,14.7,2023,37.9,2023,11.7,2023,51480.0,2025,4.7620124364,2025,23.599999999999998,2025,0.5300822000000001,2025
05123,St. Francis County,AR,75.21666666666667,2010-2015,6,0.445668906,2020,47.22037888,2019,7.841643636,2022,0.039309721,2018,48.2,2023,18.9,2023,42.5,2023,15.1,2023,41708.0,2025,5.8045454545,2025,45.6,2025,0.571705,2025
05125,Saline County,AR,76.67999999999999,2010-2015,20,0.556595266,2020,29.77823639,2019,7.841643636,2022,0.008235808,2018,34.5,2023,11.3,2023,29.1,2023,9.2,2023,77844.0,2025,4.0522177063,2025,12.1,2025,0.3912707,2025
05127,Scott County,AR,75.8,2010-2015,3,0.491932303,2020,34.38437271,2019,7.841643636,2022,0.193817228,2018,37.0,2023,14.8,2023,36.7,2023,12.4,2023,46026.0,2025,3.9930302025,2025,26.6,2025,0.20362449999999999,2025
05129,Searcy County,AR,75.60000000000001,2010-2015,3,0.51007396,2020,32.85917664,2019,7.841643636,2022,0.125659719,2018,39.9,2023,17.6,2023,38.6,2023,11.9,2023,40688.0,2025,5.5917806382,2025,28.1,2025,0.2538071,2025
05131,Sebastian County,AR,75.7,2010-2015,26,0.830786109,2020,13.21709156,2019,7.841643636,2022,0.01565521,2018,36.2,2023,13.1,2023,33.3,2023,12.9,2023,58112.0,2025,4.3285154616,2025,17.7,2025,1.3084112,2025
05133,Sevier County,AR,75.275,2010-2015,4,0.41911149,2020,29.3221817,2019,7.841643636,2022,0.0,2018,41.4,2023,15.2,2023,40.6,2023,20.5,2023,52845.0,2025,5.6901101359,2025,24.3,2025,0.4435152,2025
05135,Sharp County,AR,74.9,2010-2015,4,0.401744723,2020,34.72457123,2019,7.841643636,2022,0.115167566,2018,39.4,2023,16.2,2023,37.7,2023,11.1,2023,45258.0,2025,4.6272634463,2025,25.4,2025,0.226989,2025
05137,Stone County,AR,73.56666666666666,2010-2015,3,0.710115194,2020,24.99615097,2019,7.841643636,2022,0.160552293,2018,39.8,2023,17.0,2023,37.9,2023,11.2,2023,43767.0,2025,4.7788832963,2025,26.3,2025,0.48073069999999996,2025
05139,Union County,AR,74.11,2010-2015,10,0.811114907,2020,28.17696953,2019,7.841643636,2022,0.025558453,2018,39.4,2023,16.0,2023,36.2,2023,11.4,2023,49664.0,2025,5.6275220126,2025,24.0,2025,0.6259781000000001,2025
05141,Van Buren County,AR,77.06,2010-2015,5,0.483646691,2020,10.39943027,2019,7.841643636,2022,0.06023008,2018,39.6,2023,16.2,2023,37.0,2023,11.3,2023,50332.0,2025,4.7786668026,2025,23.799999999999997,2025,0.2548745,2025
05143,Washington County,AR,77.92,2010-2015,30,0.744194448,2020,13.95819473,2019,7.841643636,2022,0.021100519,2018,35.4,2023,10.1,2023,27.5,2023,12.7,2023,66158.0,2025,4.5288659088,2025,13.5,2025,0.7998176,2025
05145,White County,AR,75.60000000000001,2010-2015,12,0.736704409,2020,23.62110901,2019,7.841643636,2022,0.025404245,2018,39.7,2023,12.6,2023,32.5,2023,10.9,2023,56178.0,2025,4.488654644,2025,19.6,2025,0.6605619,2025
05147,Woodruff County,AR,78.6,2010-2015,2,0.638569593,2020,6.692777634,2019,7.841643636,2022,0.0,2018,39.2,2023,18.3,2023,40.7,2023,12.6,2023,43259.0,2025,5.8788981615,2025,34.8,2025,0.3270111,2025
05149,Yell County,AR,75.88,2010-2015,5,0.519333363,2020,16.37342072,2019,7.841643636,2022,0.0,2018,42.0,2023,14.7,2023,35.5,2023,15.3,2023,51997.0,2025,4.0273057016,2025,23.0,2025,0.5953858,2025
06001,Alameda County,CA,80.84585798816569,2010-2015,338,0.827155709,2020,8.083675385,2019,11.66618694,2022,0.020398943,2018,22.8,2023,11.0,2023,20.6,2023,7.1,2023,119230.0,2025,,,9.0,2025,1.1203744,2025
06003,Alpine County,CA,80.4,2010-2015,1,2.680965185,2020,56.9692421,2019,11.66618694,2022,0.0,2018,28.4,2023,11.6,2023,19.4,2023,5.7,2023,83265.0,2025,4.2001156738,2025,26.8,2025,0.0,2025
06005,Amador County,CA,79.19999999999999,2010-2015,9,0.573809326,2020,0.174186975,2019,11.66618694,2022,0.101566665,2018,29.6,2023,11.8,2023,22.7,2023,7.5,2023,80767.0,2025,4.0840688028,2025,13.900000000000002,2025,0.46050559999999996,2025
06007,Butte County,CA,77.70204081632653,2010-2015,49,0.737976134,2020,19.11343384,2019,11.66618694,2022,0.034593698,2018,29.3,2023,10.7,2023,22.8,2023,8.3,2023,63084.0,2025,5.3638683529,2025,20.8,2025,0.5856684000000001,2025
06009,Calaveras County,CA,80.83333333333333,2010-2015,9,0.60464716,2020,14.73611736,2019,11.66618694,2022,0.065786585,2018,29.8,2023,13.2,2023,24.8,2023,7.1,2023,77041.0,2025,4.6724392819,2025,15.5,2025,0.3894334,2025
06011,Colusa County,CA,80.22,2010-2015,5,0.417478442,2020,39.32974625,2019,11.66618694,2022,0.092476994,2018,35.0,2023,13.4,2023,30.3,2023,17.6,2023,66675.0,2025,4.925413083,2025,14.2,2025,0.2737601,2025
06013,Contra Costa County,CA,80.81333333333333,2010-2015,195,0.678623259,2020,23.22831154,2019,11.66618694,2022,0.021735067,2018,28.0,2023,11.3,2023,23.7,2023,7.8,2023,122000.0,2025,4.6891812029,2025,10.100000000000001,2025,1.0142817,2025
06015,Del Norte County,CA,76.48571428571428,2010-2015,7,0.321796328,2020,34.40719223,2019,11.66618694,2022,0.035935029,2018,31.0,2023,12.5,2023,25.6,2023,9.7,2023,70231.0,2025,5.0230864059,2025,21.0,2025,0.6049821999999999,2025
06017,El Dorado County,CA,80.75945945945946,2010-2015,37,0.673837006,2020,25.22289085,2019,11.66618694,2022,0.052444436,2018,27.7,2023,10.8,2023,19.5,2023,5.7,2023,107063.0,2025,4.7706186737,2025,7.8,2025,0.7556115,2025
06019,Fresno County,CA,78.38848167539267,2010-2015,191,0.731328666,2020,13.32706928,2019,11.66618694,2022,0.015084473,2018,37.7,2023,12.7,2023,30.9,2023,14.6,2023,71271.0,2025,5.1282005372,2025,23.3,2025,0.6758217,2025
06021,Glenn County,CA,80.95,2010-2015,6,0.671781659,2020,23.44501114,2019,11.66618694,2022,0.106963314,2018,32.1,2023,12.6,2023,28.0,2023,13.7,2023,64197.0,2025,3.9278257469,2025,15.1,2025,0.17358099999999999,2025
06023,Humboldt County,CA,78.2,2010-2015,29,0.622328222,2020,11.18627262,2019,11.66618694,2022,0.10265962,2018,31.3,2023,11.4,2023,23.7,2023,7.5,2023,61307.0,2025,5.1819366398,2025,18.5,2025,0.6089062,2025
06025,Imperial County,CA,80.02413793103447,2010-2015,29,0.610205948,2020,17.6411171,2019,11.66618694,2022,0.010999466,2018,34.7,2023,15.0,2023,35.2,2023,22.1,2023,58768.0,2025,5.4730735852,2025,22.1,2025,0.2502071,2025
06027,Inyo County,CA,80.76666666666667,2010-2015,6,0.997450948,2020,28.88790321,2019,11.66618694,2022,0.111191414,2018,28.2,2023,12.4,2023,22.9,2023,7.9,2023,71656.0,2025,4.7998126902,2025,14.2,2025,0.6852926,2025
06029,Kern County,CA,76.83134328358209,2010-2015,134,0.726678073,2020,23.77233696,2019,11.66618694,2022,0.01784193,2018,36.0,2023,13.3,2023,31.9,2023,16.7,2023,68436.0,2025,4.8703088915,2025,24.8,2025,0.47838390000000003,2025
06031,Kings County,CA,78.425,2010-2015,24,0.674560547,2020,33.02869034,2019,11.66618694,2022,0.013213007,2018,34.7,2023,12.1,2023,30.4,2023,17.6,2023,65768.0,2025,4.0896263137,2025,20.3,2025,0.3714734,2025
06033,Lake County,CA,74.82142857142857,2010-2015,14,0.542812407,2020,4.177564621,2019,11.66618694,2022,0.10872604,2018,32.7,2023,14.1,2023,27.8,2023,10.1,2023,57945.0,2025,5.3694309752,2025,21.6,2025,0.42172,2025
06035,Lassen County,CA,76.425,2010-2015,8,0.533049047,2020,31.89171219,2019,11.66618694,2022,0.032465424,2018,34.2,2023,11.5,2023,26.1,2023,12.0,2023,77743.0,2025,4.4094633793,2025,17.2,2025,0.27141950000000004,2025
06037,Los Angeles County,CA,80.56164009111617,2010-2015,2195,0.879006267,2020,6.531888485,2019,11.66618694,2022,0.012270524,2018,26.5,2023,12.6,2023,26.2,2023,11.7,2023,86499.0,2025,5.3428062361,2025,17.599999999999998,2025,0.7539515999999999,2025
06039,Madera County,CA,77.90454545454546,2010-2015,22,0.507096171,2020,14.49428177,2019,11.66618694,2022,0.050738242,2018,36.5,2023,13.5,2023,31.7,2023,17.9,2023,66084.0,2025,4.6663753197,2025,24.2,2025,0.4704849,2025
06041,Marin County,CA,83.38823529411765,2010-2015,51,0.773320079,2020,11.88754749,2019,11.66618694,2022,0.057766516,2018,21.3,2023,10.2,2023,18.2,2023,5.5,2023,139197.0,2025,,,8.1,2025,1.4911263000000001,2025
06043,Mariposa County,CA,78.4,2010-2015,5,0.349650353,2020,8.073802948,2019,11.66618694,2022,0.057237707,2018,30.5,2023,13.5,2023,24.6,2023,7.3,2023,64352.0,2025,5.0625473161,2025,21.9,2025,0.23327699999999998,2025
06045,Mendocino County,CA,79.235,2010-2015,20,0.720419228,2020,14.48122978,2019,11.66618694,2022,0.091317944,2018,29.3,2023,13.7,2023,26.0,2023,10.3,2023,65891.0,2025,5.0800759734,2025,18.8,2025,0.7776135,2025
06047,Merced County,CA,78.28958333333334,2010-2015,48,0.529987276,2020,18.93742371,2019,11.66618694,2022,0.018197369,2018,33.8,2023,13.0,2023,33.2,2023,18.2,2023,58962.0,2025,4.6268842383,2025,22.7,2025,0.4189052,2025
06049,Modoc County,CA,79.8,2010-2015,4,,,40.5433197,2019,11.66618694,2022,0.113934144,2018,31.9,2023,14.9,2023,27.5,2023,8.6,2023,51996.0,2025,3.8941339127,2025,28.199999999999996,2025,0.4618404,2025
06051,Mono County,CA,80.94999999999999,2010-2015,2,1.65130043,2020,57.09390259,2019,11.66618694,2022,0.140350878,2018,31.2,2023,10.5,2023,21.5,2023,8.2,2023,82973.0,2025,3.6315687509,2025,10.7,2025,0.8303767,2025
06053,Monterey County,CA,80.84186046511627,2010-2015,86,0.666038513,2020,16.62983704,2019,11.66618694,2022,0.027548589,2018,31.1,2023,12.5,2023,27.0,2023,15.9,2023,86809.0,2025,4.2510855745,2025,20.4,2025,0.647116,2025
06055,Napa County,CA,81.33333333333333,2010-2015,36,0.566322207,2020,12.0841713,2019,11.66618694,2022,0.04303636,2018,27.9,2023,11.4,2023,23.5,2023,9.7,2023,100469.0,2025,4.5617484458,2025,9.3,2025,0.9837966999999999,2025
06057,Nevada County,CA,80.04736842105264,2010-2015,19,0.622452438,2020,34.76237869,2019,11.66618694,2022,0.090274431,2018,27.5,2023,11.5,2023,20.4,2023,5.6,2023,87142.0,2025,5.342655419,2025,12.8,2025,0.7247287,2025
06059,Orange County,CA,81.6575925925926,2010-2015,540,0.970046937,2020,8.671787262,2019,11.66618694,2022,0.007219156,2018,23.9,2023,11.5,2023,24.1,2023,8.9,2023,109768.0,2025,4.7070357555,2025,11.0,2025,0.9962721999999999,2025
06061,Placer County,CA,80.31857142857143,2010-2015,70,0.878520906,2020,31.92909622,2019,11.66618694,2022,0.048327733,2018,27.3,2023,9.8,2023,19.1,2023,5.6,2023,110020.0,2025,4.5451014783,2025,6.1,2025,1.2199853999999999,2025
06063,Plumas County,CA,77.98333333333333,2010-2015,6,0.579954684,2020,6.298170567,2019,11.66618694,2022,0.053180173,2018,29.9,2023,13.5,2023,24.0,2023,6.4,2023,64121.0,2025,3.9644608624,2025,18.2,2025,0.7532011000000001,2025
06065,Riverside County,CA,79.0438679245283,2010-2015,424,0.69621098,2020,24.48137856,2019,11.66618694,2022,0.008976814,2018,36.8,2023,12.4,2023,27.3,2023,12.7,2023,90251.0,2025,4.4249777032,2025,14.099999999999998,2025,0.4620901,2025
06067,Sacramento County,CA,78.71533333333333,2010-2015,300,0.772217631,2020,16.81353951,2019,11.66618694,2022,0.017521374,2018,29.6,2023,11.2,2023,21.5,2023,8.7,2023,89984.0,2025,4.5264244537,2025,13.700000000000001,2025,0.8905414,2025
06069,San Benito County,CA,82.39999999999999,2010-2015,11,0.515182257,2020,17.87343788,2019,11.66618694,2022,0.016250387,2018,31.5,2023,11.3,2023,25.3,2023,13.9,2023,105112.0,2025,3.7425170004,2025,10.8,2025,0.2699582,2025
06071,San Bernardino County,CA,78.17443181818182,2010-2015,352,0.773347855,2020,24.6561451,2019,11.66618694,2022,0.010130765,2018,33.3,2023,12.1,2023,26.3,2023,14.3,2023,84576.0,2025,4.3906817151,2025,17.4,2025,0.5886882999999999,2025
06073,San Diego County,CA,80.76333907056798,2010-2015,581,0.853432059,2020,14.92728519,2019,11.66618694,2022,0.013758598,2018,25.3,2023,10.0,2023,20.6,2023,8.7,2023,103476.0,2025,4.6329455364,2025,11.600000000000001,2025,0.8438654,2025
06075,San Francisco County,CA,81.78636363636363,2010-2015,176,1.152773023,2020,0.584507942,2019,11.66618694,2022,0.031699128,2018,17.2,2023,10.2,2023,19.2,2023,6.3,2023,125456.0,2025,,,10.8,2025,1.6400862999999999,2025
06077,San Joaquin County,CA,77.47028985507247,2010-2015,138,0.658882499,2020,14.41291046,2019,11.66618694,2022,0.019929318,2018,30.7,2023,12.3,2023,26.1,2023,12.8,2023,86211.0,2025,4.4763417891,2025,16.2,2025,0.5852472,2025
06079,San Luis Obispo County,CA,80.25581395348837,2010-2015,43,0.9247154,2020,18.62209129,2019,11.66618694,2022,0.073941059,2018,26.1,2023,10.0,2023,20.1,2023,7.5,2023,89809.0,2025,4.6538930408,2025,11.799999999999999,2025,0.8299224,2025
06081,San Mateo County,CA,82.73947368421052,2010-2015,152,0.767498195,2020,10.51721382,2019,11.66618694,2022,0.029887792,2018,22.3,2023,10.6,2023,20.2,2023,6.6,2023,151004.0,2025,,,7.1,2025,1.0895963,2025
06083,Santa Barbara County,CA,81.34375,2010-2015,80,0.847636759,2020,12.24394035,2019,11.66618694,2022,0.029113581,2018,26.1,2023,10.8,2023,24.1,2023,11.7,2023,90155.0,2025,4.8112923463,2025,17.0,2025,0.7660003,2025
06085,Santa Clara County,CA,82.653125,2010-2015,352,0.798068285,2020,8.487586975,2019,11.66618694,2022,0.020128304,2018,21.9,2023,10.5,2023,22.2,2023,6.8,2023,154573.0,2025,,,7.3999999999999995,2025,1.0697382,2025
06087,Santa Cruz County,CA,81.41063829787234,2010-2015,47,0.696489751,2020,22.58285332,2019,11.66618694,2022,0.036462415,2018,25.8,2023,10.2,2023,20.7,2023,8.7,2023,102723.0,2025,5.1913468248,2025,14.000000000000002,2025,1.0231822,2025
06089,Shasta County,CA,76.77446808510639,2010-2015,47,0.714975953,2020,20.26103592,2019,11.66618694,2022,0.077760495,2018,29.3,2023,11.7,2023,22.2,2023,7.1,2023,71935.0,2025,4.9199110895,2025,16.0,2025,0.7796244,2025
06091,Sierra County,CA,84.9,2010-2015,1,,,88.24990082,2019,11.66618694,2022,0.0,2018,32.5,2023,15.3,2023,27.3,2023,7.5,2023,67675.0,2025,6.5616526472,2025,14.799999999999999,2025,,
06093,Siskiyou County,CA,78.875,2010-2015,12,0.71684587,2020,28.64460564,2019,11.66618694,2022,0.16009514,2018,31.8,2023,13.9,2023,25.8,2023,7.6,2023,58975.0,2025,5.0817451915,2025,21.6,2025,0.7479939999999999,2025
06095,Solano County,CA,78.80112359550562,2010-2015,89,0.660051227,2020,21.65852165,2019,11.66618694,2022,0.01119545,2018,31.3,2023,12.1,2023,25.1,2023,9.1,2023,99117.0,2025,4.1029438002,2025,11.799999999999999,2025,0.8390227,2025
06097,Sonoma County,CA,80.59052631578948,2010-2015,95,0.645136237,2020,13.29639339,2019,11.66618694,2022,0.050005801,2018,26.1,2023,10.7,2023,21.2,2023,8.4,2023,100157.0,2025,4.2787129581,2025,9.5,2025,1.0166973000000001,2025
06099,Stanislaus County,CA,77.62197802197802,2010-2015,91,0.707168579,2020,9.670941353,2019,11.66618694,2022,0.021825524,2018,36.4,2023,11.9,2023,30.3,2023,14.0,2023,81582.0,2025,4.2492099063,2025,15.9,2025,0.6546124,2025
06101,Sutter County,CA,78.635,2010-2015,20,0.66400373,2020,26.48299026,2019,11.66618694,2022,0.020659663,2018,29.5,2023,12.8,2023,27.7,2023,11.9,2023,71968.0,2025,4.3518113086,2025,19.2,2025,0.757094,2025
06103,Tehama County,CA,77.2909090909091,2010-2015,11,0.511675477,2020,19.09017563,2019,11.66618694,2022,0.062582143,2018,31.6,2023,13.0,2023,27.4,2023,10.8,2023,58333.0,2025,4.5260597637,2025,20.7,2025,0.5343675,2025
06105,Trinity County,CA,80.9,2010-2015,4,0.491159141,2020,17.60345078,2019,11.66618694,2022,0.159553245,2018,33.3,2023,15.9,2023,28.4,2023,7.0,2023,52079.0,2025,4.7592284086,2025,29.5,2025,0.1867995,2025
06107,Tulare County,CA,77.9883116883117,2010-2015,77,0.614491761,2020,11.17565155,2019,11.66618694,2022,0.023612194,2018,35.0,2023,13.1,2023,32.6,2023,18.2,2023,71368.0,2025,4.2552237843,2025,23.200000000000003,2025,0.4632599,2025
06109,Tuolumne County,CA,79.46666666666667,2010-2015,9,0.476932943,2020,27.83393669,2019,11.66618694,2022,0.07334201,2018,29.0,2023,12.1,2023,23.0,2023,7.0,2023,72329.0,2025,4.262946497,2025,13.600000000000001,2025,0.6271277999999999,2025
06111,Ventura County,CA,81.01987577639753,2010-2015,161,0.772533894,2020,14.8923502,2019,11.66618694,2022,0.011751337,2018,25.7,2023,11.4,2023,23.6,2023,10.3,2023,106526.0,2025,4.381475431,2025,12.8,2025,0.8133043999999999,2025
06113,Yolo County,CA,80.61428571428571,2010-2015,35,0.709968686,2020,13.68048191,2019,11.66618694,2022,0.027222242,2018,25.7,2023,9.3,2023,22.4,2023,8.9,2023,91192.0,2025,5.9051435989,2025,11.600000000000001,2025,1.2351027,2025
06115,Yuba County,CA,75.96923076923078,2010-2015,13,0.399201602,2020,21.46326065,2019,11.66618694,2022,0.038441334,2018,30.8,2023,11.3,2023,26.0,2023,11.0,2023,71493.0,2025,4.7412987375,2025,20.0,2025,0.20378559999999998,2025
08001,Adams County,CO,77.97752808988764,2010-2015,89,0.673228383,2020,17.92021179,2019,10.29317837,2022,0.011721772,2018,33.2,2023,9.7,2023,22.8,2023,17.2,2023,95278.0,2025,3.8908164474,2025,12.8,2025,0.5190178999999999,2025
08003,Alamosa County,CO,78.15,2010-2015,4,0.988875151,2020,27.69547081,2019,10.29317837,2022,0.059941258,2018,30.3,2023,11.3,2023,23.9,2023,18.0,2023,50056.0,2025,5.2266727587,2025,26.0,2025,0.7252069999999999,2025
08005,Arapahoe County,CO,79.71190476190476,2010-2015,126,0.765074849,2020,13.63967705,2019,10.29317837,2022,0.007677956,2018,26.1,2023,8.5,2023,18.0,2023,11.5,2023,97560.0,2025,4.0718540581,2025,13.200000000000001,2025,0.8291342,2025
08007,Archuleta County,CO,82.05,2010-2015,4,0.563539028,2020,40.8861351,2019,10.29317837,2022,0.145296037,2018,27.6,2023,11.7,2023,19.7,2023,9.6,2023,74432.0,2025,3.664073786,2025,18.0,2025,0.8701958,2025
08009,Baca County,CO,80.0,2010-2015,2,,,25.21711922,2019,10.29317837,2022,0.0,2018,29.9,2023,13.4,2023,26.0,2023,12.8,2023,47421.0,2025,5.8344527137,2025,29.099999999999998,2025,0.569152,2025
08011,Bent County,CO,78.0,2010-2015,1,,,12.4341917,2019,10.29317837,2022,0.340020388,2018,33.7,2023,14.7,2023,29.9,2023,22.1,2023,44960.0,2025,5.0220625386,2025,27.400000000000002,2025,,
08013,Boulder County,CO,81.55576923076923,2010-2015,52,0.886386633,2020,17.12729645,2019,10.29317837,2022,0.018400505,2018,16.7,2023,7.1,2023,12.1,2023,7.8,2023,97170.0,2025,5.273905631,2025,7.8,2025,1.1986296,2025
08014,Broomfield County,CO,80.91538461538462,2010-2015,13,1.010576487,2020,37.81659698,2019,10.29317837,2022,0.014436889,2018,22.3,2023,7.1,2023,13.5,2023,7.8,2023,113162.0,2025,3.6869563779,2025,5.1,2025,1.1682708,2025
08015,Chaffee County,CO,79.95,2010-2015,4,1.113208413,2020,10.79799175,2019,10.29317837,2022,0.149797767,2018,25.7,2023,10.2,2023,18.0,2023,9.3,2023,75298.0,2025,4.4545850261,2025,11.5,2025,0.9464980000000001,2025
08017,Cheyenne County,CO,89.5,2010-2015,1,,,33.85905457,2019,10.29317837,2022,0.0,2018,28.8,2023,11.3,2023,21.2,2023,11.1,2023,63177.0,2025,3.4557491289,2025,19.6,2025,0.0,2025
08019,Clear Creek County,CO,82.9,2010-2015,3,0.938869178,2020,12.28245163,2019,10.29317837,2022,0.208224878,2018,23.9,2023,9.0,2023,15.2,2023,7.3,2023,94093.0,2025,4.7276915988,2025,11.3,2025,0.2117298,2025
08021,Conejos County,CO,82.25,2010-2015,2,,,5.645966053,2019,10.29317837,2022,0.0,2018,30.3,2023,13.8,2023,26.0,2023,18.8,2023,53174.0,2025,4.5102569639,2025,22.7,2025,0.1313715,2025
08023,Costilla County,CO,79.5,2010-2015,2,,,100.0,2019,10.29317837,2022,0.261233032,2018,31.6,2023,17.0,2023,28.7,2023,19.6,2023,38731.0,2025,6.2118817899,2025,37.2,2025,,
08025,Crowley County,CO,76.4,2010-2015,1,,,1.830616593,2019,10.29317837,2022,0.0,2018,31.7,2023,11.0,2023,25.2,2023,21.1,2023,46979.0,2025,5.98,2025,31.8,2025,,
08027,Custer County,CO,82.7,2010-2015,1,,,24.33793831,2019,10.29317837,2022,0.40371418,2018,26.6,2023,12.4,2023,19.6,2023,7.6,2023,77137.0,2025,4.1853101306,2025,22.3,2025,0.1982161,2025
08029,Delta County,CO,78.88571428571429,2010-2015,7,0.611581445,2020,8.801888466,2019,10.29317837,2022,0.032307047,2018,26.7,2023,12.4,2023,22.9,2023,11.9,2023,57075.0,2025,4.7015858924,2025,17.9,2025,0.631692,2025
08031,Denver County,CO,78.52307692307693,2010-2015,130,0.895942807,2020,10.78614616,2019,10.29317837,2022,0.019539647,2018,21.6,2023,7.1,2023,17.0,2023,12.5,2023,93572.0,2025,4.8141375617,2025,14.099999999999998,2025,1.3043544999999999,2025
08033,Dolores County,CO,76.8,2010-2015,1,,,100.0,2019,10.29317837,2022,0.0,2018,27.3,2023,11.5,2023,21.1,2023,10.2,2023,57701.0,2025,4.8881017118,2025,16.1,2025,0.4171882,2025
08035,Douglas County,CO,82.07647058823528,2010-2015,51,0.620928645,2020,27.33545494,2019,10.29317837,2022,0.014586786,2018,25.3,2023,6.8,2023,13.7,2023,6.3,2023,144807.0,2025,3.3870398731,2025,3.1,2025,0.6992059,2025
08037,Eagle County,CO,82.4,2010-2015,4,0.928471327,2020,15.84585094,2019,10.29317837,2022,0.090920664,2018,24.3,2023,8.5,2023,16.3,2023,11.3,2023,110598.0,2025,4.8279592703,2025,7.3,2025,0.7895634,2025
08039,Elbert County,CO,80.51428571428572,2010-2015,7,0.183063015,2020,26.45143509,2019,10.29317837,2022,0.038048856,2018,24.8,2023,8.9,2023,16.2,2023,7.9,2023,123083.0,2025,3.7143611674,2025,7.000000000000001,2025,0.1105868,2025
08041,El Paso County,CO,79.04196428571429,2010-2015,112,0.685147822,2020,28.51853752,2019,10.29317837,2022,0.025215169,2018,28.3,2023,8.7,2023,18.8,2023,9.5,2023,88794.0,2025,3.9442592056,2025,8.799999999999999,2025,0.6315501,2025
08043,Fremont County,CO,76.13636363636364,2010-2015,11,0.355150729,2020,51.61820221,2019,10.29317837,2022,0.062472668,2018,30.6,2023,11.4,2023,22.9,2023,13.4,2023,61015.0,2025,4.5988045145,2025,20.3,2025,0.4631401,2025
08045,Garfield County,CO,81.27000000000001,2010-2015,10,0.844846427,2020,17.61440277,2019,10.29317837,2022,0.083654009,2018,24.0,2023,8.9,2023,18.6,2023,13.8,2023,94696.0,2025,3.897676508,2025,10.5,2025,0.7561011000000001,2025
08047,Gilpin County,CO,81.8,2010-2015,1,,,0.0,2019,10.29317837,2022,0.0,2018,25.5,2023,9.6,2023,16.2,2023,7.3,2023,88589.0,2025,4.3993743483,2025,9.700000000000001,2025,0.3405415,2025
08049,Grand County,CO,80.53333333333335,2010-2015,3,1.07635808,2020,2.824602604,2019,10.29317837,2022,0.193236709,2018,24.3,2023,9.1,2023,16.6,2023,8.6,2023,93257.0,2025,4.1817629821,2025,9.3,2025,0.5674653,2025
08051,Gunnison County,CO,80.66666666666667,2010-2015,3,0.909452617,2020,9.776000023,2019,10.29317837,2022,0.11596892,2018,23.8,2023,7.1,2023,14.2,2023,7.4,2023,79658.0,2025,5.4250202922,2025,9.1,2025,0.8680053,2025
08053,Hinsdale County,CO,81.4,2010-2015,1,,,11.77597523,2019,10.29317837,2022,0.0,2018,23.5,2023,10.0,2023,15.0,2023,6.0,2023,71541.0,2025,3.9676375405,2025,17.299999999999997,2025,0.0,2025
08055,Huerfano County,CO,81.4,2010-2015,1,0.581141949,2020,36.28676224,2019,10.29317837,2022,0.43547684,2018,27.5,2023,13.9,2023,23.7,2023,13.4,2023,47855.0,2025,4.9205791012,2025,30.599999999999998,2025,0.7225434,2025
08057,Jackson County,CO,78.7,2010-2015,1,,,27.36680984,2019,10.29317837,2022,0.0,2018,30.0,2023,13.9,2023,25.2,2023,13.0,2023,96811.0,2025,4.2343930291,2025,15.7,2025,0.7336756999999999,2025
08059,Jefferson County,CO,79.94049586776859,2010-2015,121,0.730348706,2020,23.17457962,2019,10.29317837,2022,0.020681348,2018,23.1,2023,8.3,2023,13.3,2023,8.4,2023,102146.0,2025,3.9311942244,2025,7.5,2025,0.8833968,2025
08061,Kiowa County,CO,78.2,2010-2015,1,,,100.0,2019,10.29317837,2022,0.0,2018,27.1,2023,11.8,2023,21.7,2023,10.1,2023,55523.0,2025,4.0805335764,2025,18.2,2025,0.0,2025
08063,Kit Carson County,CO,80.03333333333335,2010-2015,3,0.983008027,2020,26.20176888,2019,10.29317837,2022,0.0,2018,29.4,2023,11.4,2023,22.9,2023,13.2,2023,55304.0,2025,4.4523791986,2025,16.3,2025,0.4316547,2025
08065,Lake County,CO,78.6,2010-2015,1,0.500813842,2020,45.2265625,2019,10.29317837,2022,0.0,2018,23.9,2023,8.4,2023,17.0,2023,11.9,2023,86215.0,2025,3.6088989123,2025,16.3,2025,0.4050223,2025
08067,La Plata County,CO,81.72,2010-2015,10,0.990028977,2020,14.84756374,2019,10.29317837,2022,0.03551767,2018,20.9,2023,9.3,2023,16.1,2023,8.6,2023,83542.0,2025,4.7439871248,2025,13.0,2025,1.3155556,2025
08069,Larimer County,CO,80.54590163934427,2010-2015,61,0.793501079,2020,23.25361824,2019,10.29317837,2022,0.037087966,2018,23.5,2023,7.3,2023,13.9,2023,8.6,2023,88519.0,2025,4.4146809654,2025,7.7,2025,0.8302691999999999,2025
08071,Las Animas County,CO,78.61666666666667,2010-2015,6,1.248266339,2020,31.78989983,2019,10.29317837,2022,0.068951249,2018,32.5,2023,13.7,2023,26.0,2023,16.8,2023,52067.0,2025,5.2971047677,2025,23.9,2025,0.5467095,2025
08073,Lincoln County,CO,80.8,2010-2015,2,0.704225361,2020,22.92798233,2019,10.29317837,2022,0.0,2018,29.8,2023,10.8,2023,23.4,2023,14.5,2023,58034.0,2025,5.8953379517,2025,17.2,2025,1.0548523,2025
08075,Logan County,CO,78.18333333333334,2010-2015,6,0.591608286,2020,24.19042397,2019,10.29317837,2022,0.0,2018,29.7,2023,11.2,2023,23.5,2023,14.7,2023,55415.0,2025,4.1708518519,2025,15.7,2025,0.6515568,2025
08077,Mesa County,CO,78.41851851851852,2010-2015,27,0.687647402,2020,32.49342346,2019,10.29317837,2022,0.026108468,2018,29.8,2023,9.8,2023,20.0,2023,11.0,2023,66339.0,2025,4.3527994792,2025,13.4,2025,1.1694791,2025
08081,Moffat County,CO,77.925,2010-2015,4,0.760803401,2020,42.14102554,2019,10.29317837,2022,0.075826511,2018,28.5,2023,10.8,2023,22.1,2023,12.8,2023,73875.0,2025,4.5344980248,2025,13.900000000000002,2025,0.2275313,2025
08083,Montezuma County,CO,80.82857142857142,2010-2015,7,0.643744349,2020,14.41067028,2019,10.29317837,2022,0.152916893,2018,28.4,2023,11.8,2023,22.0,2023,10.8,2023,60809.0,2025,4.2730714102,2025,21.5,2025,1.0315185999999998,2025
08085,Montrose County,CO,79.38,2010-2015,10,0.69248879,2020,21.99109459,2019,10.29317837,2022,0.023688823,2018,27.5,2023,11.5,2023,21.6,2023,12.6,2023,67113.0,2025,4.4138203215,2025,14.299999999999999,2025,0.8571164,2025
08087,Morgan County,CO,79.7125,2010-2015,8,0.760167241,2020,15.04125023,2019,10.29317837,2022,0.035016458,2018,32.1,2023,10.9,2023,23.3,2023,17.9,2023,68541.0,2025,3.8339253144,2025,14.899999999999999,2025,0.551572,2025
08089,Otero County,CO,76.94285714285715,2010-2015,7,0.769188523,2020,11.24135971,2019,10.29317837,2022,0.0,2018,34.6,2023,14.5,2023,27.6,2023,18.8,2023,52169.0,2025,4.6048239896,2025,27.0,2025,0.6991503,2025
08091,Ouray County,CO,83.2,2010-2015,1,1.199760079,2020,5.303781509,2019,10.29317837,2022,0.413821638,2018,23.3,2023,10.0,2023,15.3,2023,6.2,2023,92760.0,2025,3.9976360623,2025,9.3,2025,0.7944389000000001,2025
08093,Park County,CO,80.45,2010-2015,2,0.26378265,2020,53.87651825,2019,10.29317837,2022,0.053890925,2018,23.5,2023,10.2,2023,16.0,2023,7.3,2023,103720.0,2025,3.9311765273,2025,11.0,2025,0.1693002,2025
08095,Phillips County,CO,80.1,2010-2015,2,0.686970472,2020,4.655928135,2019,10.29317837,2022,0.0,2018,28.9,2023,11.9,2023,24.0,2023,14.6,2023,59367.0,2025,5.607881389,2025,16.2,2025,0.8865248,2025
08097,Pitkin County,CO,82.425,2010-2015,4,1.341231704,2020,9.09630394,2019,10.29317837,2022,0.055710308,2018,20.7,2023,8.4,2023,13.7,2023,6.9,2023,109268.0,2025,5.3093242422,2025,5.3,2025,0.8646529999999999,2025
08099,Prowers County,CO,78.86,2010-2015,5,1.073847651,2020,29.89834785,2019,10.29317837,2022,0.0,2018,29.2,2023,12.6,2023,26.3,2023,18.3,2023,50365.0,2025,4.7601492019,2025,24.8,2025,0.33344450000000003,2025
08101,Pueblo County,CO,76.36078431372549,2010-2015,51,0.61240232,2020,41.56915665,2019,10.29317837,2022,0.023876464,2018,32.1,2023,12.3,2023,26.8,2023,16.3,2023,63801.0,2025,4.8785061645,2025,17.299999999999997,2025,0.6661872,2025
08103,Rio Blanco County,CO,78.95,2010-2015,2,0.630715847,2020,8.584569931,2019,10.29317837,2022,0.157828286,2018,26.7,2023,9.6,2023,18.9,2023,9.9,2023,72088.0,2025,3.2903646942,2025,11.4,2025,1.2353304999999999,2025
08105,Rio Grande County,CO,78.93333333333334,2010-2015,3,0.354107648,2020,17.59874916,2019,10.29317837,2022,0.177777782,2018,27.7,2023,12.2,2023,23.2,2023,15.9,2023,55574.0,2025,4.9555161545,2025,24.5,2025,0.9642356,2025
08107,Routt County,CO,81.7625,2010-2015,8,0.899843514,2020,12.07471085,2019,10.29317837,2022,0.11658182,2018,23.7,2023,8.3,2023,15.3,2023,7.5,2023,112377.0,2025,4.1652779179,2025,5.8999999999999995,2025,1.3152126,2025
08109,Saguache County,CO,82.6,2010-2015,2,,,33.83972931,2019,10.29317837,2022,0.0,2018,29.1,2023,15.1,2023,25.9,2023,15.8,2023,47829.0,2025,5.0781072095,2025,30.3,2025,0.30907120000000005,2025
08113,San Miguel County,CO,80.4,2010-2015,1,1.480567575,2020,9.766182899,2019,10.29317837,2022,0.366255641,2018,26.3,2023,8.7,2023,14.9,2023,7.3,2023,94927.0,2025,5.5498233216,2025,8.3,2025,0.8669804,2025
08115,Sedgwick County,CO,76.1,2010-2015,1,,,18.58574486,2019,10.29317837,2022,0.0,2018,28.0,2023,13.0,2023,23.1,2023,12.0,2023,45999.0,2025,5.7114505931,2025,22.7,2025,0.4280822,2025
08117,Summit County,CO,82.05000000000001,2010-2015,2,1.632333279,2020,9.357598305,2019,10.29317837,2022,0.032250781,2018,24.4,2023,7.9,2023,15.3,2023,9.1,2023,105135.0,2025,3.7707827939,2025,7.199999999999999,2025,0.8079894,2025
08119,Teller County,CO,80.38,2010-2015,5,0.626738191,2020,17.70137978,2019,10.29317837,2022,0.079735279,2018,24.1,2023,10.2,2023,17.0,2023,7.6,2023,88089.0,2025,3.5895169323,2025,12.0,2025,0.36106879999999997,2025
08121,Washington County,CO,80.15,2010-2015,2,,,51.62086868,2019,10.29317837,2022,0.0,2018,26.4,2023,10.5,2023,20.2,2023,10.8,2023,54255.0,2025,3.9362108731,2025,17.9,2025,0.6171570000000001,2025
08123,Weld County,CO,79.29666666666667,2010-2015,60,0.541943729,2020,23.12171745,2019,10.29317837,2022,0.031816229,2018,33.8,2023,9.5,2023,20.6,2023,13.7,2023,90675.0,2025,3.969499123,2025,9.9,2025,0.5764096000000001,2025
08125,Yuma County,CO,79.65,2010-2015,2,0.298596591,2020,22.90698051,2019,10.29317837,2022,0.0,2018,28.4,2023,10.9,2023,22.7,2023,15.7,2023,61870.0,2025,4.0569514238,2025,16.2,2025,0.804748,2025
09001,Fairfield County,CT,81.49901477832512,2010-2015,203,0.780963182,2020,27.87235641,2019,10.58431611,2022,0.031785622,2018,,,,,,,,,,,,,,,0.9158463,2025
09003,Hartford County,CT,79.47914691943127,2010-2015,211,0.757962525,2020,27.3737812,2019,10.58431611,2022,0.039207034,2018,,,,,,,,,,,,,,,0.9488724000000001,2025
09005,Litchfield County,CT,80.0891304347826,2010-2015,46,0.651411414,2020,23.01191139,2019,10.58431611,2022,0.088343613,2018,,,,,,,,,,,,,,,0.5513513999999999,2025
09007,Middlesex County,CT,80.74117647058823,2010-2015,34,0.729940534,2020,35.56734085,2019,10.58431611,2022,0.073763542,2018,,,,,,,,,,,,,,,0.7829618,2025
09009,New Haven County,CT,79.28777777777778,2010-2015,180,0.791128099,2020,31.2484436,2019,10.58431611,2022,0.032648493,2018,,,,,,,,,,,,,,,0.8544634,2025
09011,New London County,CT,79.57903225806452,2010-2015,62,0.769814253,2020,39.02774048,2019,10.58431611,2022,0.071218662,2018,,,,,,,,,,,,,,,0.5989472,2025
09013,Tolland County,CT,81.025,2010-2015,24,0.478087664,2020,32.67340469,2019,10.58431611,2022,0.066259831,2018,,,,,,,,,,,,,,,0.48571790000000004,2025
09015,Windham County,CT,79.36521739130434,2010-2015,23,0.592071414,2020,14.23173237,2019,10.58431611,2022,0.059815258,2018,,,,,,,,,,,,,,,0.4294868,2025
10001,Kent County,DE,76.8,2010-2015,29,0.62076962,2020,21.59885979,2019,11.92689288,2022,0.022402689,2018,43.5,2023,14.3,2023,31.6,2023,9.5,2023,72498.0,2025,3.8952164009,2025,16.2,2025,0.5050258000000001,2025
10003,New Castle County,DE,77.77073170731707,2010-2015,123,0.854805887,2020,28.54770088,2019,11.92689288,2022,0.028605398,2018,33.4,2023,12.2,2023,25.5,2023,8.6,2023,86798.0,2025,4.4643873893,2025,14.6,2025,0.8658266,2025
10005,Sussex County,DE,78.48260869565217,2010-2015,46,0.765617549,2020,28.57544136,2019,11.92689288,2022,0.074143209,2018,33.8,2023,14.2,2023,27.9,2023,9.4,2023,78092.0,2025,4.1895605169,2025,17.1,2025,0.6140743999999999,2025
11001,District of Columbia,DC,76.40787878787879,2010-2015,165,1.160187244,2020,4.595057011,2019,21.25087265,2022,0.082567565,2018,24.7,2023,7.8,2023,14.9,2023,6.5,2023,104643.0,2025,6.3612833648,2025,20.7,2025,1.2879636,2025
12001,Alachua County,FL,77.9452380952381,2010-2015,42,0.796407342,2020,19.24308777,2019,12.74011036,2022,0.029634459,2018,30.9,2023,10.5,2023,21.0,2023,11.7,2023,61843.0,2025,5.8302165141,2025,17.5,2025,1.5542297,2025
12003,Baker County,FL,75.95,2010-2015,4,0.541162133,2020,55.56497574,2019,12.74011036,2022,0.0,2018,35.3,2023,12.3,2023,27.7,2023,13.4,2023,69399.0,2025,3.8293683117,2025,19.3,2025,0.383075,2025
12005,Bay County,FL,75.82564102564102,2010-2015,39,0.904729128,2020,31.4658165,2019,12.74011036,2022,0.026985163,2018,33.4,2023,11.9,2023,25.3,2023,12.5,2023,70859.0,2025,3.8489820006,2025,15.6,2025,0.5748793999999999,2025
12007,Bradford County,FL,76.2,2010-2015,4,0.559577525,2020,1.058083892,2019,12.74011036,2022,0.072118849,2018,34.9,2023,14.4,2023,32.0,2023,15.8,2023,59468.0,2025,5.670229963,2025,22.0,2025,0.14015419999999998,2025
12009,Brevard County,FL,77.31481481481481,2010-2015,108,0.619598031,2020,41.80578613,2019,12.74011036,2022,0.010052794,2018,34.0,2023,13.1,2023,23.8,2023,11.6,2023,77961.0,2025,4.3994262419,2025,15.0,2025,0.7232886,2025
12011,Broward County,FL,79.30059701492537,2010-2015,335,0.72161603,2020,9.398169518,2019,12.74011036,2022,0.005637383,2018,30.6,2023,13.5,2023,26.4,2023,16.7,2023,74367.0,2025,4.814024685,2025,15.9,2025,0.7571273000000001,2025
12013,Calhoun County,FL,77.66666666666667,2010-2015,3,0.497229725,2020,45.39909744,2019,12.74011036,2022,0.0,2018,40.0,2023,15.2,2023,32.7,2023,16.8,2023,47523.0,2025,5.0781544256,2025,26.700000000000003,2025,0.2932336,2025
12015,Charlotte County,FL,78.725,2010-2015,32,0.400593698,2020,49.20795441,2019,12.74011036,2022,0.016216392,2018,30.6,2023,15.6,2023,25.3,2023,11.4,2023,71381.0,2025,4.0747663551,2025,13.5,2025,0.6210128,2025
12017,Citrus County,FL,75.06296296296297,2010-2015,27,0.450950921,2020,46.17378616,2019,12.74011036,2022,0.00676,2018,32.3,2023,15.8,2023,28.8,2023,12.4,2023,54447.0,2025,4.4823519676,2025,21.3,2025,0.4617827,2025
12019,Clay County,FL,77.18620689655172,2010-2015,29,0.60873878,2020,34.74637985,2019,12.74011036,2022,0.004628087,2018,34.9,2023,12.2,2023,25.4,2023,11.7,2023,82249.0,2025,3.6254877724,2025,10.5,2025,0.5351658,2025
12021,Collier County,FL,81.59152542372881,2010-2015,59,0.572558403,2020,26.92738533,2019,12.74011036,2022,0.023778826,2018,26.6,2023,13.7,2023,24.6,2023,15.2,2023,91402.0,2025,4.8386932655,2025,15.7,2025,0.8212861,2025
12023,Columbia County,FL,74.75454545454545,2010-2015,11,0.715721071,2020,13.05755806,2019,12.74011036,2022,0.014183793,2018,39.7,2023,15.1,2023,31.5,2023,15.5,2023,58949.0,2025,4.8153010606,2025,21.8,2025,0.5114726,2025
12027,DeSoto County,FL,77.97777777777777,2010-2015,9,0.311526477,2020,10.60841465,2019,12.74011036,2022,0.0,2018,41.0,2023,17.6,2023,38.6,2023,26.1,2023,54288.0,2025,4.0996866607,2025,26.200000000000003,2025,0.2615671,2025
12029,Dixie County,FL,76.39999999999999,2010-2015,3,0.410388708,2020,8.595787048,2019,12.74011036,2022,0.0,2018,34.7,2023,16.1,2023,32.4,2023,16.2,2023,50966.0,2025,4.4360187375,2025,32.7,2025,0.2338908,2025
12031,Duval County,FL,75.76826347305389,2010-2015,167,0.869944811,2020,29.37713432,2019,12.74011036,2022,0.01052431,2018,34.3,2023,12.8,2023,27.1,2023,13.6,2023,69455.0,2025,4.4869769501,2025,18.5,2025,0.8100527000000001,2025
12033,Escambia County,FL,75.15373134328358,2010-2015,67,0.663845837,2020,40.9798317,2019,12.74011036,2022,0.015846154,2018,35.8,2023,12.8,2023,26.1,2023,12.4,2023,70838.0,2025,4.4237783656,2025,21.0,2025,0.763051,2025
12035,Flagler County,FL,79.00526315789475,2010-2015,19,0.481211632,2020,51.98797226,2019,12.74011036,2022,0.017846467,2018,30.6,2023,13.7,2023,24.5,2023,11.4,2023,74753.0,2025,4.0381008035,2025,14.6,2025,0.529223,2025
12037,Franklin County,FL,75.375,2010-2015,4,0.409802467,2020,3.267386436,2019,12.74011036,2022,0.0,2018,32.3,2023,15.3,2023,29.4,2023,13.9,2023,55816.0,2025,4.70194931,2025,27.400000000000002,2025,0.3181674,2025
12039,Gadsden County,FL,75.62222222222222,2010-2015,9,0.530070484,2020,4.496080399,2019,12.74011036,2022,0.02178934,2018,44.6,2023,19.2,2023,31.4,2023,18.0,2023,51288.0,2025,5.0178178743,2025,30.2,2025,0.2287597,2025
12041,Gilchrist County,FL,77.36,2010-2015,5,0.423616618,2020,0.117548287,2019,12.74011036,2022,0.0,2018,34.5,2023,12.8,2023,27.4,2023,14.0,2023,56884.0,2025,4.4667849994,2025,19.2,2025,0.4357298,2025
12043,Glades County,FL,74.55,2010-2015,2,,,56.22823334,2019,12.74011036,2022,0.0,2018,37.1,2023,17.7,2023,36.1,2023,23.7,2023,55240.0,2025,5.1482703511,2025,23.3,2025,,
12045,Gulf County,FL,76.5,2010-2015,3,0.591103911,2020,7.968082905,2019,12.74011036,2022,0.123731747,2018,35.3,2023,14.1,2023,27.4,2023,13.0,2023,66806.0,2025,4.0284596118,2025,22.1,2025,0.4873634,2025
12047,Hamilton County,FL,75.10000000000001,2010-2015,3,0.413194686,2020,18.63431168,2019,12.74011036,2022,0.0,2018,41.5,2023,17.6,2023,32.9,2023,19.4,2023,49260.0,2025,4.3260490895,2025,32.2,2025,0.0714643,2025
12049,Hardee County,FL,79.53333333333335,2010-2015,6,0.410111099,2020,24.73472214,2019,12.74011036,2022,0.0,2018,39.9,2023,15.6,2023,33.9,2023,26.1,2023,53913.0,2025,5.7637920945,2025,23.5,2025,0.1573255,2025
12051,Hendry County,FL,78.31666666666666,2010-2015,6,0.490505219,2020,13.86414814,2019,12.74011036,2022,0.0,2018,37.6,2023,16.8,2023,38.1,2023,31.5,2023,54619.0,2025,4.342122343,2025,25.8,2025,0.2728648,2025
12053,Hernando County,FL,76.175,2010-2015,40,0.523159862,2020,34.39649582,2019,12.74011036,2022,0.02095722,2018,36.1,2023,14.9,2023,27.7,2023,14.7,2023,64092.0,2025,3.9740969582,2025,15.7,2025,0.5582193,2025
12055,Highlands County,FL,77.42608695652174,2010-2015,23,0.478249043,2020,38.36775589,2019,12.74011036,2022,0.009485506,2018,36.7,2023,18.3,2023,33.3,2023,17.9,2023,51495.0,2025,4.544046253,2025,27.400000000000002,2025,0.580855,2025
12057,Hillsborough County,FL,77.53308270676692,2010-2015,266,0.61884284,2020,29.8547821,2019,12.74011036,2022,0.006959485,2018,31.6,2023,12.5,2023,23.9,2023,16.1,2023,76528.0,2025,4.643411332,2025,14.7,2025,0.835479,2025
12059,Holmes County,FL,74.5,2010-2015,4,0.25518015,2020,33.96690369,2019,12.74011036,2022,0.0,2018,36.3,2023,14.5,2023,29.5,2023,15.1,2023,51582.0,2025,4.3838082451,2025,27.3,2025,0.3538213,2025
12061,Indian River County,FL,79.67777777777779,2010-2015,27,0.541478455,2020,45.65154648,2019,12.74011036,2022,0.019058146,2018,26.6,2023,14.3,2023,25.0,2023,12.2,2023,73686.0,2025,4.49547165,2025,17.2,2025,0.6293458,2025
12063,Jackson County,FL,74.72727272727273,2010-2015,11,0.650971055,2020,10.28848457,2019,12.74011036,2022,0.02070179,2018,38.7,2023,15.6,2023,31.7,2023,16.5,2023,50923.0,2025,4.3480817565,2025,26.700000000000003,2025,0.31450500000000003,2025
12065,Jefferson County,FL,76.5,2010-2015,3,0.481331229,2020,16.25782013,2019,12.74011036,2022,0.069988802,2018,35.1,2023,16.3,2023,28.3,2023,14.1,2023,59967.0,2025,5.8782582791,2025,43.3,2025,0.2748196,2025
12067,Lafayette County,FL,77.2,2010-2015,1,,,7.862633705,2019,12.74011036,2022,0.114521302,2018,34.7,2023,14.6,2023,31.6,2023,18.1,2023,58096.0,2025,5.0748446088,2025,25.900000000000002,2025,0.1193033,2025
12069,Lake County,FL,77.76470588235294,2010-2015,51,0.476707906,2020,34.32871246,2019,12.74011036,2022,0.014025442,2018,35.3,2023,14.5,2023,26.1,2023,14.3,2023,70784.0,2025,4.0301947252,2025,12.9,2025,0.5861487,2025
12071,Lee County,FL,78.6875,2010-2015,136,0.541246653,2020,37.03023911,2019,12.74011036,2022,0.019877817,2018,30.4,2023,14.5,2023,26.6,2023,15.7,2023,71811.0,2025,4.2243525059,2025,17.299999999999997,2025,0.6649949,2025
12073,Leon County,FL,77.57543859649122,2010-2015,57,1.011981368,2020,32.29963303,2019,12.74011036,2022,0.037606582,2018,33.1,2023,10.6,2023,22.6,2023,11.2,2023,66063.0,2025,5.1968041678,2025,18.8,2025,0.8845115,2025
12075,Levy County,FL,74.925,2010-2015,8,0.544842958,2020,8.371204376,2019,12.74011036,2022,0.024527838,2018,33.8,2023,16.1,2023,30.4,2023,15.5,2023,53214.0,2025,4.7758257203,2025,24.8,2025,0.11322979999999999,2025
12077,Liberty County,FL,75.85,2010-2015,2,,,25.91895866,2019,12.74011036,2022,0.0,2018,44.5,2023,14.3,2023,31.8,2023,18.0,2023,51523.0,2025,5.2771864877,2025,26.0,2025,,
12079,Madison County,FL,76.14,2010-2015,5,0.588015199,2020,20.75887108,2019,12.74011036,2022,0.053969454,2018,38.0,2023,16.8,2023,32.5,2023,16.6,2023,52713.0,2025,4.3609271523,2025,27.500000000000004,2025,0.10936130000000001,2025
12081,Manatee County,FL,78.9972972972973,2010-2015,74,0.481495261,2020,26.70121956,2019,12.74011036,2022,0.007597726,2018,32.1,2023,14.0,2023,25.4,2023,13.4,2023,79213.0,2025,4.3716391389,2025,13.100000000000001,2025,0.6203008,2025
12083,Marion County,FL,75.44814814814815,2010-2015,54,0.527424753,2020,32.71481323,2019,12.74011036,2022,0.011111821,2018,36.4,2023,14.9,2023,26.6,2023,15.6,2023,58584.0,2025,4.2315244691,2025,24.6,2025,0.5804387,2025
12085,Martin County,FL,81.60645161290323,2010-2015,31,0.703321636,2020,37.92317963,2019,12.74011036,2022,0.006214577,2018,27.0,2023,13.6,2023,23.5,2023,12.2,2023,76430.0,2025,4.6729368207,2025,17.0,2025,0.6940016,2025
12086,Miami-Dade County,FL,80.55513626834382,2010-2015,477,0.653417826,2020,6.120080948,2019,12.74011036,2022,0.0126739,2018,29.5,2023,15.4,2023,32.5,2023,25.6,2023,72030.0,2025,5.3304169004,2025,17.1,2025,0.8280829000000001,2025
12087,Monroe County,FL,79.42399999999999,2010-2015,25,0.906630576,2020,33.04531479,2019,12.74011036,2022,0.013328535,2018,25.8,2023,13.2,2023,23.8,2023,13.5,2023,85639.0,2025,4.5891091769,2025,14.299999999999999,2025,0.6571742,2025
12089,Nassau County,FL,78.21666666666667,2010-2015,12,0.669498324,2020,43.97163391,2019,12.74011036,2022,0.023301333,2018,33.7,2023,11.6,2023,20.2,2023,9.9,2023,92766.0,2025,3.9165342395,2025,13.100000000000001,2025,0.3822102,2025
12091,Okaloosa County,FL,78.01578947368421,2010-2015,38,0.883375645,2020,41.51036453,2019,12.74011036,2022,0.019298593,2018,30.7,2023,10.8,2023,22.8,2023,11.7,2023,81990.0,2025,3.8159833646,2025,13.600000000000001,2025,0.6986941,2025
12093,Okeechobee County,FL,77.05555555555556,2010-2015,9,0.378277421,2020,50.55872726,2019,12.74011036,2022,0.024074921,2018,43.9,2023,15.6,2023,32.0,2023,21.0,2023,54297.0,2025,4.2080321285,2025,24.4,2025,0.42219239999999997,2025
12095,Orange County,FL,78.43597883597883,2010-2015,189,0.854459882,2020,22.10618782,2019,12.74011036,2022,0.007242992,2018,33.5,2023,11.7,2023,24.5,2023,16.1,2023,78487.0,2025,4.4688763377,2025,15.2,2025,0.9256747000000001,2025
12097,Osceola County,FL,79.13235294117646,2010-2015,34,0.713701785,2020,35.30324936,2019,12.74011036,2022,0.010869861,2018,39.8,2023,13.4,2023,28.2,2023,21.8,2023,76416.0,2025,3.9360512853,2025,14.2,2025,0.4116226,2025
12099,Palm Beach County,FL,80.35435540069686,2010-2015,287,0.659326077,2020,18.59252548,2019,12.74011036,2022,0.008075691,2018,26.6,2023,13.7,2023,25.6,2023,14.6,2023,84789.0,2025,4.8938361217,2025,14.6,2025,0.8037453,2025
12101,Pasco County,FL,76.32123893805309,2010-2015,113,0.473342061,2020,40.43917465,2019,12.74011036,2022,0.007412486,2018,31.8,2023,12.8,2023,26.5,2023,14.5,2023,72065.0,2025,4.6386192383,2025,12.3,2025,0.5136397,2025
12103,Pinellas County,FL,77.64859813084112,2010-2015,214,0.740170479,2020,18.05746078,2019,12.74011036,2022,0.013329505,2018,31.5,2023,13.1,2023,23.9,2023,11.5,2023,70684.0,2025,4.6462361708,2025,15.299999999999999,2025,0.9136382,2025
12105,Polk County,FL,77.26666666666667,2010-2015,147,0.525148034,2020,36.42605209,2019,12.74011036,2022,0.007062057,2018,40.2,2023,13.6,2023,28.8,2023,19.2,2023,66709.0,2025,4.1041235692,2025,18.099999999999998,2025,0.4605054,2025
12107,Putnam County,FL,74.51875,2010-2015,16,0.454454333,2020,13.38519859,2019,12.74011036,2022,0.026967626,2018,33.1,2023,17.5,2023,33.7,2023,18.0,2023,51585.0,2025,4.8161444283,2025,28.000000000000004,2025,0.37752640000000004,2025
12109,St. Johns County,FL,80.34242424242424,2010-2015,33,0.627881527,2020,28.64965439,2019,12.74011036,2022,0.015731866,2018,29.2,2023,10.6,2023,18.5,2023,8.9,2023,106281.0,2025,4.18916458,2025,5.800000000000001,2025,0.9505378000000001,2025
12111,St. Lucie County,FL,77.7279069767442,2010-2015,43,0.507138491,2020,45.94790268,2019,12.74011036,2022,0.003114023,2018,31.5,2023,14.5,2023,27.0,2023,16.0,2023,66876.0,2025,4.1328587607,2025,12.2,2025,0.3376225,2025
12113,Santa Rosa County,FL,77.24583333333334,2010-2015,24,0.586869955,2020,39.8200531,2019,12.74011036,2022,0.011151442,2018,32.1,2023,10.9,2023,20.5,2023,10.8,2023,87581.0,2025,3.7209353307,2025,8.6,2025,0.5773255,2025
12115,Sarasota County,FL,80.29012345679013,2010-2015,81,0.469033629,2020,32.93350983,2019,12.74011036,2022,0.014060808,2018,29.2,2023,13.0,2023,23.4,2023,10.3,2023,78218.0,2025,4.1858513847,2025,13.4,2025,0.7896084999999999,2025
12117,Seminole County,FL,79.78987341772151,2010-2015,79,0.784527123,2020,29.31243324,2019,12.74011036,2022,0.006412558,2018,29.5,2023,11.0,2023,21.2,2023,13.0,2023,80698.0,2025,4.1285030405,2025,10.6,2025,0.7934599999999999,2025
12119,Sumter County,FL,76.05833333333334,2010-2015,12,0.273345888,2020,33.79681015,2019,12.74011036,2022,0.031066995,2018,29.5,2023,16.0,2023,25.1,2023,10.4,2023,79334.0,2025,3.5641177968,2025,25.2,2025,0.4349813,2025
12121,Suwannee County,FL,75.74285714285715,2010-2015,7,0.512809098,2020,11.99570084,2019,12.74011036,2022,0.067887127,2018,38.3,2023,15.0,2023,32.3,2023,16.2,2023,56009.0,2025,4.3034893042,2025,24.7,2025,0.13487690000000002,2025
12123,Taylor County,FL,76.075,2010-2015,4,0.694444418,2020,29.74574471,2019,12.74011036,2022,0.04624705,2018,40.8,2023,15.9,2023,32.4,2023,15.8,2023,50556.0,2025,4.2899727768,2025,25.3,2025,0.4584002,2025
12125,Union County,FL,73.43333333333334,2010-2015,3,0.263469905,2020,42.66410446,2019,12.74011036,2022,0.066934407,2018,41.6,2023,14.5,2023,30.7,2023,17.3,2023,60843.0,2025,4.1789450976,2025,20.5,2025,0.3060912,2025
12127,Volusia County,FL,77.03904761904762,2010-2015,105,0.605524182,2020,32.30312729,2019,12.74011036,2022,0.007305429,2018,32.7,2023,13.5,2023,25.5,2023,13.9,2023,66111.0,2025,4.1863829787,2025,19.3,2025,0.6750388,2025
12129,Wakulla County,FL,76.55,2010-2015,4,0.349660546,2020,10.65250301,2019,12.74011036,2022,0.0,2018,38.9,2023,12.6,2023,27.2,2023,12.8,2023,72916.0,2025,3.7847742162,2025,14.2,2025,0.3170943,2025
12131,Walton County,FL,78.13636363636364,2010-2015,11,0.782799304,2020,34.56222534,2019,12.74011036,2022,0.098073557,2018,30.1,2023,12.3,2023,22.0,2023,11.4,2023,82259.0,2025,4.3394715111,2025,13.900000000000002,2025,0.4496122,2025
12133,Washington County,FL,74.08333333333333,2010-2015,6,0.694123089,2020,40.7327919,2019,12.74011036,2022,0.040192924,2018,40.1,2023,15.1,2023,32.3,2023,15.7,2023,54678.0,2025,4.2531640229,2025,24.7,2025,0.3145149,2025
13001,Appling County,GA,74.05,2010-2015,4,0.763983607,2020,47.75818253,2019,14.83679463,2022,0.0,2018,40.6,2023,17.4,2023,35.1,2023,17.9,2023,51054.0,2025,5.0221136539,2025,33.5,2025,0.4327131,2025
13003,Atkinson County,GA,74.56666666666666,2010-2015,3,0.595734537,2020,23.49192238,2019,14.83679463,2022,0.0,2018,44.0,2023,18.0,2023,39.9,2023,25.2,2023,44890.0,2025,3.326683877,2025,34.300000000000004,2025,,
13005,Bacon County,GA,72.83333333333333,2010-2015,3,0.996737957,2020,3.315357208,2019,14.83679463,2022,0.0,2018,36.9,2023,14.9,2023,32.7,2023,15.7,2023,48915.0,2025,5.2900791363,2025,31.1,2025,0.45130430000000005,2025
13007,Baker County,GA,77.1,2010-2015,2,,,61.25427628,2019,14.83679463,2022,0.0,2018,43.3,2023,22.9,2023,38.8,2023,16.4,2023,47850.0,2025,9.0833887043,2025,39.1,2025,,
13009,Baldwin County,GA,75.04444444444444,2010-2015,9,1.064325094,2020,24.61774063,2019,14.83679463,2022,0.089239903,2018,38.7,2023,15.3,2023,29.8,2023,13.6,2023,51206.0,2025,5.4792181968,2025,29.2,2025,0.43397820000000004,2025
13011,Banks County,GA,76.225,2010-2015,4,0.723439455,2020,1.771997452,2019,14.83679463,2022,0.0,2018,34.5,2023,13.8,2023,29.2,2023,14.2,2023,70067.0,2025,4.9912518732,2025,16.6,2025,0.1616205,2025
13013,Barrow County,GA,75.16470588235293,2010-2015,17,0.490722984,2020,38.41773224,2019,14.83679463,2022,0.024749719,2018,35.3,2023,12.2,2023,28.0,2023,14.7,2023,72075.0,2025,3.5568315103,2025,15.5,2025,0.2192527,2025
13015,Bartow County,GA,76.03571428571429,2010-2015,14,0.685394704,2020,30.29283524,2019,14.83679463,2022,0.00939779,2018,38.7,2023,12.0,2023,26.2,2023,13.3,2023,78771.0,2025,4.008535594,2025,13.4,2025,0.3698926,2025
13017,Ben Hill County,GA,73.28,2010-2015,5,0.662092209,2020,30.14131165,2019,14.83679463,2022,0.059569906,2018,41.5,2023,19.1,2023,37.8,2023,17.2,2023,40325.0,2025,5.728807947,2025,35.199999999999996,2025,0.46625479999999997,2025
13019,Berrien County,GA,74.78,2010-2015,5,0.463726312,2020,20.00658417,2019,14.83679463,2022,0.051942654,2018,38.1,2023,16.0,2023,34.0,2023,15.9,2023,50581.0,2025,5.8679733303,2025,27.900000000000002,2025,0.22042209999999998,2025
13021,Bibb County,GA,73.45641025641027,2010-2015,39,1.185043573,2020,32.24439621,2019,14.83679463,2022,0.019595675,2018,44.7,2023,16.9,2023,32.2,2023,14.5,2023,51569.0,2025,6.4798163597,2025,32.0,2025,1.3970222,2025
13023,Bleckley County,GA,75.53333333333335,2010-2015,3,0.69471246,2020,39.64612198,2019,14.83679463,2022,0.077893756,2018,37.7,2023,14.7,2023,29.8,2023,13.2,2023,58877.0,2025,6.0012772647,2025,26.8,2025,0.237963,2025
13025,Brantley County,GA,75.06666666666666,2010-2015,3,0.312467456,2020,4.349430561,2019,14.83679463,2022,0.0,2018,39.0,2023,14.4,2023,32.6,2023,14.4,2023,57325.0,2025,5.9878264845,2025,25.8,2025,0.16573670000000001,2025
13027,Brooks County,GA,74.64,2010-2015,5,0.520935059,2020,10.24220371,2019,14.83679463,2022,0.0,2018,40.2,2023,20.0,2023,36.7,2023,16.4,2023,46796.0,2025,5.3532951797,2025,35.5,2025,0.1843884,2025
13029,Bryan County,GA,76.14,2010-2015,5,0.736105978,2020,41.10068512,2019,14.83679463,2022,0.0,2018,33.5,2023,10.0,2023,21.2,2023,10.6,2023,97746.0,2025,3.4154377601,2025,9.4,2025,0.5539221999999999,2025
13031,Bulloch County,GA,75.61111111111111,2010-2015,9,0.779326797,2020,21.28458214,2019,14.83679463,2022,0.01293728,2018,38.9,2023,11.5,2023,25.7,2023,12.5,2023,54787.0,2025,5.0054013701,2025,22.7,2025,0.557968,2025
13033,Burke County,GA,73.84,2010-2015,5,0.618156135,2020,14.96889305,2019,14.83679463,2022,0.0,2018,40.1,2023,18.3,2023,34.7,2023,15.0,2023,51388.0,2025,6.3038001708,2025,31.0,2025,0.3290827,2025
13035,Butts County,GA,75.8,2010-2015,3,0.707936764,2020,16.62614822,2019,14.83679463,2022,0.0,2018,38.2,2023,13.8,2023,31.0,2023,14.5,2023,59622.0,2025,4.4596345636,2025,20.4,2025,0.2715178,2025
13037,Calhoun County,GA,77.1,2010-2015,2,,,13.75553417,2019,14.83679463,2022,0.0,2018,43.6,2023,18.5,2023,37.0,2023,18.6,2023,41260.0,2025,5.6306940138,2025,40.300000000000004,2025,0.18152110000000002,2025
13039,Camden County,GA,76.4,2010-2015,8,0.794395924,2020,51.31022644,2019,14.83679463,2022,0.018629953,2018,37.2,2023,12.3,2023,27.1,2023,12.9,2023,72185.0,2025,4.2262822343,2025,14.299999999999999,2025,0.269474,2025
13043,Candler County,GA,75.39999999999999,2010-2015,3,0.910332263,2020,0.646144032,2019,14.83679463,2022,0.0,2018,42.2,2023,16.5,2023,33.4,2023,17.2,2023,49332.0,2025,5.1801422703,2025,31.4,2025,0.1812087,2025
13045,Carroll County,GA,75.025,2010-2015,16,0.830366731,2020,53.0310936,2019,14.83679463,2022,0.016931791,2018,34.2,2023,12.8,2023,28.1,2023,13.9,2023,71083.0,2025,4.5993844848,2025,18.0,2025,0.5083301,2025
13047,Catoosa County,GA,76.4909090909091,2010-2015,11,0.779457629,2020,36.66392136,2019,14.83679463,2022,0.0,2018,34.1,2023,12.5,2023,25.3,2023,11.1,2023,70315.0,2025,3.9414751966,2025,14.799999999999999,2025,0.5702004,2025
13049,Charlton County,GA,76.6,2010-2015,2,0.446760982,2020,7.268864155,2019,14.83679463,2022,0.0,2018,41.5,2023,16.1,2023,34.3,2023,21.2,2023,52191.0,2025,5.2025661588,2025,29.4,2025,0.2349992,2025
13051,Chatham County,GA,76.24499999999999,2010-2015,60,1.074403286,2020,31.67127419,2019,14.83679463,2022,0.013831498,2018,33.0,2023,13.1,2023,25.2,2023,12.4,2023,70556.0,2025,4.5449077516,2025,21.8,2025,0.9280226,2025
13053,Chattahoochee County,GA,73.4,2010-2015,1,0.568666458,2020,97.65144348,2019,14.83679463,2022,0.0,2018,35.8,2023,7.5,2023,24.7,2023,17.2,2023,57550.0,2025,3.6361086707,2025,16.7,2025,1.6578249,2025
13055,Chattooga County,GA,72.9,2010-2015,5,0.523286223,2020,37.49126053,2019,14.83679463,2022,0.0,2018,35.2,2023,16.0,2023,35.1,2023,17.2,2023,51225.0,2025,4.1034289974,2025,29.299999999999997,2025,0.0802182,2025
13057,Cherokee County,GA,79.11666666666666,2010-2015,24,0.64838618,2020,41.24746323,2019,14.83679463,2022,0.015738798,2018,33.5,2023,11.0,2023,23.7,2023,10.7,2023,104220.0,2025,3.689241834,2025,7.3999999999999995,2025,0.4114852,2025
13059,Clarke County,GA,77.49166666666666,2010-2015,24,0.970304012,2020,40.02790451,2019,14.83679463,2022,0.039268043,2018,30.2,2023,10.9,2023,25.0,2023,12.7,2023,54550.0,2025,5.7358916479,2025,24.8,2025,0.8157811,2025
13061,Clay County,GA,72.2,2010-2015,1,,,1.867678642,2019,14.83679463,2022,0.346380323,2018,41.2,2023,21.5,2023,37.3,2023,14.5,2023,37858.0,2025,3.5671721094,2025,39.0,2025,0.3469813,2025
13063,Clayton County,GA,75.4047619047619,2010-2015,42,0.731258929,2020,39.19661713,2019,14.83679463,2022,0.00690572,2018,45.2,2023,16.2,2023,32.5,2023,16.8,2023,57974.0,2025,3.9963069948,2025,26.6,2025,0.2524403,2025
13065,Clinch County,GA,73.0,2010-2015,2,0.911577046,2020,7.746882915,2019,14.83679463,2022,0.0,2018,41.9,2023,17.3,2023,35.6,2023,16.7,2023,45718.0,2025,6.15024934,2025,28.4,2025,0.1486989,2025
13067,Cobb County,GA,79.4196261682243,2010-2015,107,0.965994895,2020,38.89902878,2019,14.83679463,2022,0.007927437,2018,29.9,2023,10.9,2023,21.6,2023,10.7,2023,99134.0,2025,4.2625473223,2025,12.1,2025,0.7798623,2025
13069,Coffee County,GA,73.1625,2010-2015,8,0.786709249,2020,7.233941555,2019,14.83679463,2022,0.0,2018,39.3,2023,16.1,2023,35.0,2023,19.0,2023,49804.0,2025,5.2390665967,2025,30.3,2025,0.5301249,2025
13071,Colquitt County,GA,75.31,2010-2015,10,0.658732593,2020,29.49828529,2019,14.83679463,2022,0.0,2018,35.7,2023,16.7,2023,35.0,2023,19.9,2023,47821.0,2025,5.7714003226,2025,35.4,2025,0.3710818,2025
13073,Columbia County,GA,78.38333333333334,2010-2015,18,0.68588388,2020,35.88869858,2019,14.83679463,2022,0.00648126,2018,33.1,2023,11.9,2023,24.3,2023,10.1,2023,97031.0,2025,3.8571397456,2025,8.1,2025,1.0523744,2025
13075,Cook County,GA,74.15,2010-2015,4,0.867503345,2020,1.640862584,2019,14.83679463,2022,0.0,2018,37.6,2023,16.5,2023,32.6,2023,16.2,2023,50258.0,2025,5.2902851375,2025,28.999999999999996,2025,0.5224964000000001,2025
13077,Coweta County,GA,77.34736842105262,2010-2015,19,0.662914574,2020,44.88624954,2019,14.83679463,2022,0.006855701,2018,35.7,2023,12.4,2023,24.9,2023,10.8,2023,93326.0,2025,3.9397028972,2025,12.3,2025,0.4534664,2025
13079,Crawford County,GA,75.63333333333333,2010-2015,3,0.245278388,2020,40.54055405,2019,14.83679463,2022,0.0,2018,37.3,2023,15.5,2023,30.4,2023,13.3,2023,61519.0,2025,4.7603935259,2025,24.7,2025,0.1645684,2025
13081,Crisp County,GA,74.95,2010-2015,6,1.043841362,2020,6.05555439,2019,14.83679463,2022,0.044245832,2018,44.6,2023,19.4,2023,36.9,2023,15.8,2023,43174.0,2025,5.9651496259,2025,39.7,2025,0.7042608,2025
13083,Dade County,GA,76.275,2010-2015,4,0.747337639,2020,0.0,2019,14.83679463,2022,0.061629485,2018,35.1,2023,12.6,2023,26.4,2023,11.5,2023,58644.0,2025,4.1337344788,2025,16.400000000000002,2025,0.30626,2025
13085,Dawson County,GA,77.03333333333333,2010-2015,3,1.327776313,2020,0.85790509,2019,14.83679463,2022,0.079735279,2018,31.6,2023,11.6,2023,23.5,2023,10.9,2023,89330.0,2025,3.7885148335,2025,11.600000000000001,2025,0.6667368,2025
13087,Decatur County,GA,74.35714285714286,2010-2015,7,0.907132328,2020,17.90078163,2019,14.83679463,2022,0.037629351,2018,42.2,2023,17.8,2023,34.6,2023,16.4,2023,50452.0,2025,5.9626626218,2025,30.5,2025,0.3443763,2025
13089,DeKalb County,GA,77.7388888888889,2010-2015,126,0.864819169,2020,24.62758827,2019,14.83679463,2022,0.017183084,2018,31.8,2023,13.0,2023,22.5,2023,11.9,2023,77722.0,2025,5.0359794748,2025,18.2,2025,1.0610807999999998,2025
13091,Dodge County,GA,75.6,2010-2015,5,0.488949746,2020,0.341046095,2019,14.83679463,2022,0.048297513,2018,40.4,2023,16.7,2023,33.8,2023,14.9,2023,46462.0,2025,5.5421030582,2025,29.799999999999997,2025,0.3036591,2025
13093,Dooly County,GA,79.93333333333334,2010-2015,3,0.759070873,2020,50.5700531,2019,14.83679463,2022,0.0,2018,41.0,2023,18.3,2023,34.4,2023,16.9,2023,50396.0,2025,5.1503662215,2025,31.6,2025,0.0918695,2025
13095,Dougherty County,GA,74.50769230769231,2010-2015,26,1.133249283,2020,42.93122101,2019,14.83679463,2022,0.010959744,2018,41.9,2023,19.0,2023,34.1,2023,15.5,2023,45863.0,2025,5.4550273797,2025,36.9,2025,0.7778982999999999,2025
13097,Douglas County,GA,76.285,2010-2015,20,0.810876548,2020,42.98202133,2019,14.83679463,2022,0.006880844,2018,36.3,2023,13.6,2023,27.0,2023,13.0,2023,79672.0,2025,3.7922625839,2025,17.9,2025,0.43205730000000003,2025
13099,Early County,GA,74.02000000000001,2010-2015,5,0.896682262,2020,5.748695374,2019,14.83679463,2022,0.0,2018,40.7,2023,18.9,2023,36.2,2023,15.4,2023,43444.0,2025,5.1833012963,2025,38.3,2025,0.4708541,2025
13101,Echols County,GA,74.55000000000001,2010-2015,2,,,47.74458313,2019,14.83679463,2022,0.0,2018,38.3,2023,13.6,2023,30.6,2023,19.4,2023,50311.0,2025,4.6428717613,2025,31.6,2025,,
13103,Effingham County,GA,76.24,2010-2015,10,0.456169695,2020,22.17981911,2019,14.83679463,2022,0.0,2018,37.9,2023,11.3,2023,24.5,2023,11.5,2023,83900.0,2025,3.4812614046,2025,10.4,2025,0.2247494,2025
13105,Elbert County,GA,73.7,2010-2015,5,0.5689165,2020,20.73412132,2019,14.83679463,2022,0.0,2018,38.2,2023,16.6,2023,32.7,2023,14.5,2023,50367.0,2025,5.207981846,2025,26.5,2025,0.4086011,2025
13107,Emanuel County,GA,73.10000000000001,2010-2015,6,0.755320549,2020,25.5206852,2019,14.83679463,2022,0.0,2018,42.7,2023,16.4,2023,35.9,2023,16.7,2023,46017.0,2025,4.6970872754,2025,34.300000000000004,2025,0.3961965,2025
13109,Evans County,GA,76.60000000000001,2010-2015,3,0.846023679,2020,0.0,2019,14.83679463,2022,0.0,2018,42.4,2023,16.8,2023,35.2,2023,17.6,2023,50831.0,2025,4.6236321995,2025,34.599999999999994,2025,0.3748126,2025
13111,Fannin County,GA,75.825,2010-2015,4,0.829531312,2020,2.223319054,2019,14.83679463,2022,0.0,2018,38.2,2023,16.5,2023,30.1,2023,11.5,2023,60037.0,2025,4.0060898249,2025,23.200000000000003,2025,0.6197467,2025
13113,Fayette County,GA,79.775,2010-2015,20,0.975643456,2020,36.70776749,2019,14.83679463,2022,0.017627513,2018,30.7,2023,12.6,2023,21.2,2023,9.0,2023,108579.0,2025,3.8856318795,2025,8.1,2025,1.1196444,2025
13115,Floyd County,GA,75.765,2010-2015,20,0.821467698,2020,34.6473732,2019,14.83679463,2022,0.010211688,2018,37.3,2023,14.1,2023,28.6,2023,14.8,2023,61058.0,2025,4.9755827736,2025,26.400000000000002,2025,1.3465491,2025
13117,Forsyth County,GA,79.7625,2010-2015,40,0.68966341,2020,55.90834808,2019,14.83679463,2022,0.008452657,2018,27.7,2023,9.9,2023,20.2,2023,8.5,2023,136347.0,2025,3.631376574,2025,5.3,2025,0.39584020000000003,2025
13119,Franklin County,GA,74.44,2010-2015,5,0.850919008,2020,0.0,2019,14.83679463,2022,0.043434825,2018,39.0,2023,14.7,2023,30.8,2023,14.1,2023,53221.0,2025,5.7974323955,2025,23.799999999999997,2025,0.3363464,2025
13121,Fulton County,GA,77.36481481481482,2010-2015,162,1.132353544,2020,29.51616096,2019,14.83679463,2022,0.015236441,2018,28.2,2023,10.9,2023,20.0,2023,10.1,2023,94510.0,2025,5.8664369441,2025,17.0,2025,1.1226526000000001,2025
13123,Gilmer County,GA,79.2,2010-2015,5,0.656701505,2020,17.33922577,2019,14.83679463,2022,0.032450676,2018,34.2,2023,15.2,2023,28.8,2023,13.6,2023,62317.0,2025,4.6878580042,2025,21.3,2025,0.4371448,2025
13125,Glascock County,GA,77.0,2010-2015,1,,,69.66612244,2019,14.83679463,2022,0.0,2018,37.6,2023,14.5,2023,30.5,2023,13.1,2023,54862.0,2025,4.2485940643,2025,20.3,2025,0.34258310000000003,2025
13127,Glynn County,GA,77.23333333333333,2010-2015,15,1.005048633,2020,34.41807556,2019,14.83679463,2022,0.0,2018,35.1,2023,15.3,2023,28.2,2023,12.5,2023,70067.0,2025,4.8455848684,2025,22.0,2025,0.5192414,2025
13129,Gordon County,GA,76.44444444444444,2010-2015,9,0.663491011,2020,20.3705368,2019,14.83679463,2022,0.017335529,2018,35.3,2023,13.9,2023,31.6,2023,16.6,2023,64795.0,2025,4.5522600416,2025,16.5,2025,0.4636228,2025
13131,Grady County,GA,76.5,2010-2015,6,0.653301239,2020,4.122252464,2019,14.83679463,2022,0.040407307,2018,38.5,2023,17.2,2023,35.8,2023,16.8,2023,52456.0,2025,4.7577762773,2025,28.199999999999996,2025,0.46299870000000004,2025
13133,Greene County,GA,76.24,2010-2015,5,0.53087008,2020,19.55669785,2019,14.83679463,2022,0.0,2018,33.7,2023,15.6,2023,26.8,2023,11.0,2023,79890.0,2025,5.3674713788,2025,26.0,2025,0.5630630999999999,2025
13135,Gwinnett County,GA,79.040206185567,2010-2015,97,0.972813189,2020,38.85668182,2019,14.83679463,2022,0.008622725,2018,34.9,2023,12.6,2023,27.3,2023,15.6,2023,84076.0,2025,4.0951784116,2025,15.299999999999999,2025,0.6593776,2025
13137,Habersham County,GA,78.275,2010-2015,8,0.651508212,2020,18.11921501,2019,14.83679463,2022,0.044064511,2018,32.2,2023,12.9,2023,27.9,2023,15.2,2023,71753.0,2025,4.7009107749,2025,16.900000000000002,2025,0.4703468,2025
13139,Hall County,GA,78.11176470588236,2010-2015,34,0.692188919,2020,25.03327179,2019,14.83679463,2022,0.019787483,2018,32.3,2023,13.2,2023,28.3,2023,18.0,2023,78309.0,2025,4.297857929,2025,14.2,2025,0.5979679,2025
13141,Hancock County,GA,77.25,2010-2015,2,0.588650823,2020,55.79811096,2019,14.83679463,2022,0.0,2018,44.8,2023,22.8,2023,40.0,2023,18.7,2023,40099.0,2025,5.4944691596,2025,44.1,2025,0.1158749,2025
13143,Haralson County,GA,73.22,2010-2015,5,0.592436552,2020,16.73374557,2019,14.83679463,2022,0.033860426,2018,36.2,2023,12.6,2023,26.9,2023,12.6,2023,59384.0,2025,5.4087873179,2025,23.200000000000003,2025,0.42522570000000004,2025
13145,Harris County,GA,80.975,2010-2015,4,0.277161866,2020,1.283699393,2019,14.83679463,2022,0.058013052,2018,33.0,2023,12.6,2023,22.8,2023,9.6,2023,91977.0,2025,3.6965021032,2025,10.7,2025,0.28069390000000005,2025
13147,Hart County,GA,77.02000000000001,2010-2015,5,0.53018254,2020,0.0,2019,14.83679463,2022,0.038315643,2018,35.1,2023,15.3,2023,29.4,2023,12.9,2023,53100.0,2025,4.6699961583,2025,21.099999999999998,2025,0.4165247,2025
13149,Heard County,GA,75.16666666666667,2010-2015,3,0.250563771,2020,3.655838251,2019,14.83679463,2022,0.0,2018,35.6,2023,14.3,2023,30.6,2023,13.5,2023,57670.0,2025,4.9365204086,2025,24.099999999999998,2025,0.1729356,2025
13151,Henry County,GA,77.50869565217391,2010-2015,23,0.790335357,2020,49.44193268,2019,14.83679463,2022,0.0,2018,45.2,2023,13.4,2023,25.2,2023,11.7,2023,80908.0,2025,3.3881114004,2025,16.0,2025,0.4852488,2025
13153,Houston County,GA,77.12272727272727,2010-2015,22,0.95559305,2020,35.00927353,2019,14.83679463,2022,0.019296451,2018,39.7,2023,13.1,2023,24.8,2023,11.3,2023,75266.0,2025,4.1516718473,2025,17.8,2025,0.5274862,2025
13155,Irwin County,GA,76.2,2010-2015,2,,,6.123374939,2019,14.83679463,2022,0.0,2018,40.3,2023,16.2,2023,33.4,2023,15.2,2023,52918.0,2025,4.0458382539,2025,29.9,2025,0.3119152,2025
13157,Jackson County,GA,75.85454545454546,2010-2015,11,0.511817753,2020,32.75984573,2019,14.83679463,2022,0.028400216,2018,33.0,2023,11.6,2023,25.6,2023,12.9,2023,84439.0,2025,3.8300446854,2025,9.6,2025,0.5604962,2025
13159,Jasper County,GA,75.36666666666667,2010-2015,3,0.483325273,2020,2.828284502,2019,14.83679463,2022,0.0,2018,37.1,2023,14.6,2023,30.4,2023,13.2,2023,67681.0,2025,4.4067686064,2025,21.2,2025,0.327268,2025
13161,Jeff Davis County,GA,73.60000000000001,2010-2015,3,0.65733254,2020,38.14222717,2019,14.83679463,2022,0.0,2018,40.4,2023,16.4,2023,35.7,2023,18.6,2023,47635.0,2025,5.8962619167,2025,27.6,2025,0.0672405,2025
13163,Jefferson County,GA,75.39999999999999,2010-2015,3,0.786009014,2020,0.744213521,2019,14.83679463,2022,0.0,2018,41.3,2023,18.5,2023,36.7,2023,16.8,2023,45829.0,2025,4.8355091384,2025,32.7,2025,0.1288328,2025
13165,Jenkins County,GA,73.75,2010-2015,2,0.914703846,2020,0.942879975,2019,14.83679463,2022,0.115167566,2018,42.5,2023,18.2,2023,37.4,2023,18.2,2023,42539.0,2025,6.1244792638,2025,36.199999999999996,2025,0.3472624,2025
13167,Johnson County,GA,76.2,2010-2015,3,0.517223537,2020,22.30296326,2019,14.83679463,2022,0.0,2018,43.5,2023,18.0,2023,35.7,2023,17.4,2023,51602.0,2025,4.8297379827,2025,31.5,2025,0.5458515,2025
13169,Jones County,GA,75.13333333333334,2010-2015,6,0.277903229,2020,33.28503036,2019,14.83679463,2022,0.0,2018,39.8,2023,14.4,2023,30.0,2023,11.8,2023,65524.0,2025,4.2815593847,2025,17.8,2025,0.2464789,2025
13171,Lamar County,GA,74.5,2010-2015,3,0.41534707,2020,22.43472099,2019,14.83679463,2022,0.052631579,2018,36.6,2023,13.6,2023,28.6,2023,12.4,2023,63622.0,2025,4.1265433976,2025,19.900000000000002,2025,0.2620545,2025
13173,Lanier County,GA,76.75,2010-2015,2,0.465679437,2020,0.684712052,2019,14.83679463,2022,0.0,2018,40.9,2023,15.9,2023,33.7,2023,16.4,2023,54586.0,2025,5.6356226336,2025,26.900000000000002,2025,,
13175,Laurens County,GA,73.69166666666666,2010-2015,12,0.926081836,2020,19.42942238,2019,14.83679463,2022,0.02113048,2018,44.0,2023,16.4,2023,34.3,2023,14.3,2023,56867.0,2025,6.641044949,2025,29.299999999999997,2025,0.84768,2025
13177,Lee County,GA,77.75,2010-2015,4,0.496130198,2020,32.85692596,2019,14.83679463,2022,0.0,2018,39.2,2023,11.8,2023,23.4,2023,10.5,2023,80806.0,2025,3.6302182456,2025,13.8,2025,0.5088145,2025
13179,Liberty County,GA,75.97,2010-2015,10,1.047552586,2020,31.90497398,2019,14.83679463,2022,0.0,2018,32.3,2023,11.6,2023,27.9,2023,15.4,2023,57699.0,2025,3.5743562268,2025,21.7,2025,0.395672,2025
13181,Lincoln County,GA,76.35,2010-2015,2,0.373552471,2020,5.59421587,2019,14.83679463,2022,0.0,2018,38.0,2023,18.2,2023,33.1,2023,13.1,2023,58502.0,2025,4.4991666667,2025,23.200000000000003,2025,0.2580978,2025
13183,Long County,GA,76.44999999999999,2010-2015,2,0.198304489,2020,0.74863106,2019,14.83679463,2022,0.0,2018,38.4,2023,12.4,2023,29.7,2023,16.5,2023,63146.0,2025,4.1351633704,2025,20.9,2025,0.0583022,2025
13185,Lowndes County,GA,75.692,2010-2015,25,0.955457091,2020,16.86185455,2019,14.83679463,2022,0.025790701,2018,38.7,2023,12.9,2023,29.1,2023,14.2,2023,54984.0,2025,5.1619150841,2025,23.1,2025,0.5617224,2025
13187,Lumpkin County,GA,77.4,2010-2015,4,0.526531339,2020,0.749194503,2019,14.83679463,2022,0.03034441,2018,28.9,2023,11.5,2023,24.8,2023,11.4,2023,72676.0,2025,4.9607461827,2025,18.0,2025,0.3209055,2025
13189,McDuffie County,GA,74.03999999999999,2010-2015,5,1.039599299,2020,0.790486634,2019,14.83679463,2022,0.0,2018,38.9,2023,16.7,2023,32.3,2023,14.2,2023,53389.0,2025,4.7961415363,2025,29.9,2025,0.5084824,2025
13191,McIntosh County,GA,77.36666666666666,2010-2015,3,0.834086299,2020,15.87765884,2019,14.83679463,2022,0.0,2018,40.7,2023,20.4,2023,36.9,2023,14.9,2023,56573.0,2025,5.0381908043,2025,31.900000000000002,2025,,
13193,Macon County,GA,76.89999999999999,2010-2015,3,0.550660789,2020,0.428093284,2019,14.83679463,2022,0.076086126,2018,43.8,2023,21.1,2023,41.4,2023,20.2,2023,41895.0,2025,6.2495559503,2025,41.9,2025,0.08330560000000001,2025
13195,Madison County,GA,75.3,2010-2015,6,0.459664434,2020,2.332094669,2019,14.83679463,2022,0.0,2018,38.1,2023,14.7,2023,31.8,2023,14.9,2023,65296.0,2025,4.0170759295,2025,17.0,2025,0.1942691,2025
13197,Marion County,GA,76.45,2010-2015,2,0.352278054,2020,0.00543633,2019,14.83679463,2022,0.0,2018,38.6,2023,18.7,2023,34.5,2023,16.2,2023,51270.0,2025,4.275826087,2025,40.1,2025,,
13199,Meriwether County,GA,74.125,2010-2015,4,0.378000379,2020,3.279469967,2019,14.83679463,2022,0.0,2018,41.4,2023,17.6,2023,34.8,2023,14.7,2023,54428.0,2025,4.7001570606,2025,27.900000000000002,2025,0.2885586,2025
13201,Miller County,GA,76.23333333333333,2010-2015,3,,,0.406187087,2019,14.83679463,2022,0.0,2018,41.8,2023,17.8,2023,34.4,2023,14.2,2023,50799.0,2025,6.4796702056,2025,30.9,2025,0.5068424,2025
13205,Mitchell County,GA,75.2,2010-2015,5,0.648088157,2020,20.7910862,2019,14.83679463,2022,0.0,2018,45.1,2023,18.4,2023,34.9,2023,16.0,2023,48774.0,2025,5.9495236835,2025,33.5,2025,0.4646624,2025
13207,Monroe County,GA,77.03999999999999,2010-2015,5,0.570572734,2020,3.432868958,2019,14.83679463,2022,0.036337208,2018,34.9,2023,13.1,2023,25.9,2023,11.2,2023,80692.0,2025,3.9970183606,2025,15.6,2025,0.5224296,2025
13209,Montgomery County,GA,77.33333333333333,2010-2015,3,0.332889467,2020,12.15620899,2019,14.83679463,2022,0.0,2018,39.4,2023,15.4,2023,31.5,2023,14.6,2023,53248.0,2025,4.4103003933,2025,28.7,2025,,
13211,Morgan County,GA,76.66,2010-2015,5,0.967610538,2020,34.61050415,2019,14.83679463,2022,0.0,2018,31.7,2023,12.9,2023,24.9,2023,10.6,2023,69090.0,2025,4.1876563581,2025,16.3,2025,0.3876908,2025
13213,Murray County,GA,74.6625,2010-2015,8,0.674460411,2020,17.58192444,2019,14.83679463,2022,0.0,2018,41.5,2023,13.3,2023,29.1,2023,16.4,2023,63836.0,2025,3.8538577406,2025,19.8,2025,0.150184,2025
13215,Muscogee County,GA,74.49583333333334,2010-2015,48,1.186100721,2020,30.23033905,2019,14.83679463,2022,0.010300783,2018,40.3,2023,15.0,2023,29.8,2023,14.2,2023,52492.0,2025,4.8531169568,2025,25.7,2025,1.0359066000000001,2025
13217,Newton County,GA,75.76153846153846,2010-2015,13,0.644335568,2020,33.60984802,2019,14.83679463,2022,0.0,2018,42.4,2023,14.4,2023,30.3,2023,13.0,2023,76151.0,2025,4.1550500965,2025,18.3,2025,0.2340601,2025
13219,Oconee County,GA,80.83333333333333,2010-2015,6,0.778134406,2020,22.31151009,2019,14.83679463,2022,0.050926868,2018,28.8,2023,10.1,2023,18.3,2023,7.5,2023,114230.0,2025,3.9633439689,2025,6.5,2025,1.1389257000000002,2025
13221,Oglethorpe County,GA,76.2,2010-2015,4,0.260027289,2020,5.213443279,2019,14.83679463,2022,0.066427529,2018,36.4,2023,14.1,2023,28.3,2023,12.8,2023,67249.0,2025,4.8300291993,2025,19.7,2025,0.0660502,2025
13223,Paulding County,GA,77.19375,2010-2015,16,0.484543622,2020,48.62423706,2019,14.83679463,2022,0.012191851,2018,38.4,2023,11.6,2023,23.0,2023,11.5,2023,93773.0,2025,3.1086480294,2025,10.7,2025,0.1381057,2025
13225,Peach County,GA,75.53999999999999,2010-2015,5,0.966010749,2020,28.08143997,2019,14.83679463,2022,0.036634061,2018,39.3,2023,14.9,2023,29.3,2023,13.7,2023,68464.0,2025,5.460790249,2025,25.3,2025,0.2111412,2025
13227,Pickens County,GA,77.26666666666667,2010-2015,6,0.633924007,2020,17.65766716,2019,14.83679463,2022,0.031269543,2018,35.0,2023,13.6,2023,26.6,2023,11.3,2023,78032.0,2025,4.3697782033,2025,16.3,2025,0.4408653,2025
13229,Pierce County,GA,75.05,2010-2015,4,0.66591537,2020,8.88775444,2019,14.83679463,2022,0.0,2018,36.4,2023,14.3,2023,30.6,2023,14.0,2023,56330.0,2025,4.7386185559,2025,21.6,2025,0.2503004,2025
13231,Pike County,GA,77.175,2010-2015,4,0.418388158,2020,0.024667736,2019,14.83679463,2022,0.107330687,2018,36.0,2023,11.9,2023,25.4,2023,10.9,2023,80652.0,2025,4.2550118257,2025,12.4,2025,0.2053704,2025
13233,Polk County,GA,73.72857142857143,2010-2015,7,0.770308137,2020,24.21165276,2019,14.83679463,2022,0.023546033,2018,40.4,2023,14.1,2023,31.4,2023,16.6,2023,56271.0,2025,5.0049929304,2025,23.1,2025,0.2299062,2025
13235,Pulaski County,GA,74.73333333333333,2010-2015,3,0.893575191,2020,3.674234867,2019,14.83679463,2022,0.18068479,2018,40.8,2023,16.8,2023,34.2,2023,15.2,2023,46123.0,2025,5.3669846577,2025,31.900000000000002,2025,0.6050217,2025
13237,Putnam County,GA,75.76666666666667,2010-2015,3,0.444049746,2020,15.46710396,2019,14.83679463,2022,0.045852631,2018,39.4,2023,17.1,2023,30.6,2023,12.9,2023,59068.0,2025,4.7539270788,2025,25.4,2025,0.3984946,2025
13239,Quitman County,GA,77.7,2010-2015,1,,,3.063549995,2019,14.83679463,2022,0.0,2018,42.3,2023,23.6,2023,39.2,2023,15.3,2023,42480.0,2025,5.0976100476,2025,40.6,2025,,
13241,Rabun County,GA,78.76,2010-2015,5,0.926301181,2020,0.585454345,2019,14.83679463,2022,0.177862093,2018,34.2,2023,15.5,2023,28.9,2023,12.2,2023,60085.0,2025,4.5944047758,2025,22.3,2025,0.7009755,2025
13243,Randolph County,GA,75.15,2010-2015,2,0.598623157,2020,33.75243378,2019,14.83679463,2022,0.0,2018,45.6,2023,24.9,2023,42.6,2023,16.8,2023,39926.0,2025,5.5194837635,2025,40.8,2025,0.3181167,2025
13245,Richmond County,GA,73.71463414634147,2010-2015,41,0.851152301,2020,47.57657623,2019,14.83679463,2022,0.014884349,2018,36.6,2023,16.7,2023,30.5,2023,14.5,2023,52073.0,2025,5.1491685766,2025,32.0,2025,0.8897619,2025
13247,Rockdale County,GA,77.67333333333333,2010-2015,15,1.022663593,2020,39.61697769,2019,14.83679463,2022,0.0,2018,39.0,2023,17.0,2023,30.2,2023,13.6,2023,76081.0,2025,3.7270150083,2025,18.8,2025,0.7015157,2025
13249,Schley County,GA,77.1,2010-2015,2,,,0.502377987,2019,14.83679463,2022,0.0,2018,37.4,2023,15.1,2023,29.5,2023,12.8,2023,60750.0,2025,5.1198561353,2025,21.7,2025,0.223314,2025
13251,Screven County,GA,75.17999999999999,2010-2015,5,0.428204387,2020,20.98886871,2019,14.83679463,2022,0.0,2018,40.0,2023,17.8,2023,33.1,2023,14.3,2023,49034.0,2025,5.0187799991,2025,32.300000000000004,2025,0.1417937,2025
13253,Seminole County,GA,73.7,2010-2015,3,0.372208446,2020,14.02994823,2019,14.83679463,2022,0.0,2018,39.4,2023,18.0,2023,33.3,2023,13.3,2023,49423.0,2025,7.1468950237,2025,34.1,2025,0.8698488999999999,2025
13255,Spalding County,GA,73.55833333333334,2010-2015,12,0.801020563,2020,26.35525322,2019,14.83679463,2022,0.015128593,2018,39.7,2023,16.0,2023,31.2,2023,15.0,2023,56834.0,2025,5.0137711409,2025,27.800000000000004,2025,0.4123165,2025
13257,Stephens County,GA,73.74,2010-2015,5,0.651166379,2020,10.38309002,2019,14.83679463,2022,0.0,2018,38.5,2023,14.9,2023,30.8,2023,13.7,2023,50685.0,2025,4.46956176,2025,22.1,2025,0.6700168,2025
13259,Stewart County,GA,76.75,2010-2015,2,,,18.57472992,2019,14.83679463,2022,0.0,2018,41.6,2023,17.9,2023,39.2,2023,28.1,2023,41227.0,2025,6.1303666785,2025,37.2,2025,,
13261,Sumter County,GA,75.9,2010-2015,8,0.819616139,2020,9.818974495,2019,14.83679463,2022,0.033632666,2018,39.5,2023,16.7,2023,32.9,2023,14.9,2023,43835.0,2025,4.4251771375,2025,44.7,2025,0.5122426,2025
13263,Talbot County,GA,74.69999999999999,2010-2015,2,,,28.54841042,2019,14.83679463,2022,0.0,2018,43.1,2023,22.1,2023,37.7,2023,15.1,2023,41656.0,2025,4.8071491387,2025,45.1,2025,0.34831070000000003,2025
13265,Taliaferro County,GA,75.6,2010-2015,1,,,91.35905457,2019,14.83679463,2022,0.0,2018,41.7,2023,21.7,2023,37.6,2023,15.8,2023,46469.0,2025,3.9870259935,2025,39.7,2025,0.0,2025
13267,Tattnall County,GA,74.5,2010-2015,5,0.512517273,2020,13.43457699,2019,14.83679463,2022,0.0,2018,40.7,2023,16.0,2023,34.9,2023,18.7,2023,48998.0,2025,4.8762761549,2025,31.2,2025,0.1735207,2025
13269,Taylor County,GA,74.53333333333333,2010-2015,3,0.371563047,2020,4.200976372,2019,14.83679463,2022,0.0,2018,42.4,2023,20.2,2023,38.3,2023,16.9,2023,44708.0,2025,7.9584167935,2025,39.2,2025,,
13271,Telfair County,GA,78.7,2010-2015,3,0.506938696,2020,37.40323639,2019,14.83679463,2022,0.062988155,2018,43.0,2023,20.5,2023,40.6,2023,22.8,2023,42203.0,2025,5.7327316034,2025,42.199999999999996,2025,0.1611084,2025
13273,Terrell County,GA,74.175,2010-2015,4,0.586647868,2020,7.968778133,2019,14.83679463,2022,0.0,2018,43.6,2023,21.2,2023,39.7,2023,17.6,2023,45616.0,2025,6.0844653431,2025,40.9,2025,,
13275,Thomas County,GA,75.32727272727273,2010-2015,11,0.8563959,2020,28.24745369,2019,14.83679463,2022,0.0224982,2018,39.2,2023,16.0,2023,29.1,2023,12.8,2023,54989.0,2025,5.077481738,2025,24.9,2025,0.9380045,2025
13277,Tift County,GA,75.92222222222222,2010-2015,9,1.129693747,2020,15.25892925,2019,14.83679463,2022,0.073944442,2018,39.4,2023,15.8,2023,33.0,2023,16.1,2023,53295.0,2025,4.4860353525,2025,27.3,2025,0.6551490000000001,2025
13279,Toombs County,GA,74.36666666666666,2010-2015,6,1.075149179,2020,11.64321232,2019,14.83679463,2022,0.0,2018,40.6,2023,15.5,2023,32.9,2023,16.6,2023,48866.0,2025,5.4438609891,2025,33.300000000000004,2025,0.78035,2025
13281,Towns County,GA,79.63333333333334,2010-2015,3,0.816526473,2020,0.01352498,2019,14.83679463,2022,0.084373944,2018,31.9,2023,15.9,2023,27.5,2023,9.8,2023,60563.0,2025,4.6103123451,2025,18.5,2025,0.5436892999999999,2025
13283,Treutlen County,GA,76.6,2010-2015,2,0.439753741,2020,46.79844284,2019,14.83679463,2022,0.0,2018,41.2,2023,18.3,2023,37.8,2023,18.5,2023,45699.0,2025,5.9822755192,2025,33.300000000000004,2025,,
13285,Troup County,GA,75.91428571428571,2010-2015,14,0.854530454,2020,9.528587341,2019,14.83679463,2022,0.0,2018,36.0,2023,15.0,2023,32.0,2023,13.8,2023,60839.0,2025,5.238959522,2025,27.900000000000002,2025,0.502008,2025
13287,Turner County,GA,74.9,2010-2015,2,1.014970779,2020,20.39979172,2019,14.83679463,2022,0.0,2018,44.4,2023,18.5,2023,37.8,2023,17.0,2023,42769.0,2025,5.3375956343,2025,37.1,2025,,
13289,Twiggs County,GA,74.55,2010-2015,2,,,0.051881574,2019,14.83679463,2022,0.0,2018,39.7,2023,18.6,2023,33.9,2023,14.6,2023,50700.0,2025,7.2738309893,2025,30.9,2025,0.12729120000000002,2025
13291,Union County,GA,77.675,2010-2015,4,0.709835172,2020,3.693866014,2019,14.83679463,2022,0.041664932,2018,34.5,2023,15.7,2023,28.4,2023,10.7,2023,65505.0,2025,4.6154597764,2025,18.7,2025,0.7444849,2025
13293,Upson County,GA,73.07142857142857,2010-2015,7,0.753948808,2020,16.89274025,2019,14.83679463,2022,0.076292202,2018,39.2,2023,16.3,2023,32.8,2023,14.1,2023,54439.0,2025,5.711777541,2025,26.400000000000002,2025,0.5050505,2025
13295,Walker County,GA,75.41538461538461,2010-2015,13,0.356552005,2020,27.93112564,2019,14.83679463,2022,0.028814292,2018,38.0,2023,13.5,2023,29.9,2023,12.7,2023,58363.0,2025,4.1947674419,2025,20.1,2025,0.18975329999999999,2025
13297,Walton County,GA,76.55333333333333,2010-2015,15,0.547096789,2020,33.19406128,2019,14.83679463,2022,0.021389687,2018,38.3,2023,13.0,2023,28.0,2023,12.9,2023,79829.0,2025,3.9884365469,2025,13.900000000000002,2025,0.2403533,2025
13299,Ware County,GA,72.66666666666667,2010-2015,9,1.11650753,2020,30.25550461,2019,14.83679463,2022,0.028026905,2018,41.3,2023,16.8,2023,36.6,2023,16.4,2023,40901.0,2025,5.2545740943,2025,29.5,2025,0.6105514,2025
13301,Warren County,GA,71.80000000000001,2010-2015,2,,,2.087917805,2019,14.83679463,2022,0.0,2018,43.5,2023,20.2,2023,37.0,2023,15.3,2023,48308.0,2025,5.5520240255,2025,39.4,2025,0.5725191,2025
13303,Washington County,GA,77.34,2010-2015,5,0.645161271,2020,29.76153755,2019,14.83679463,2022,0.0,2018,43.1,2023,18.7,2023,34.9,2023,15.7,2023,48809.0,2025,5.2222055288,2025,29.5,2025,0.7076068,2025
13305,Wayne County,GA,74.58333333333333,2010-2015,6,0.732771516,2020,17.91399384,2019,14.83679463,2022,0.033548042,2018,43.3,2023,15.8,2023,33.5,2023,16.3,2023,55797.0,2025,5.1645454084,2025,27.1,2025,0.3620803,2025
13307,Webster County,GA,77.55,2010-2015,2,,,2.033337831,2019,14.83679463,2022,0.0,2018,42.2,2023,21.0,2023,36.4,2023,14.6,2023,45036.0,2025,5.9154389383,2025,35.0,2025,0.42247569999999995,2025
13309,Wheeler County,GA,77.3,2010-2015,2,,,4.652295589,2019,14.83679463,2022,0.0,2018,41.3,2023,16.0,2023,35.5,2023,19.2,2023,41163.0,2025,6.2931111111,2025,36.6,2025,0.26770180000000005,2025
13311,White County,GA,78.28,2010-2015,5,0.739692569,2020,0.0,2019,14.83679463,2022,0.033366699,2018,35.0,2023,13.2,2023,26.3,2023,11.5,2023,66962.0,2025,3.8846116677,2025,15.4,2025,0.1406371,2025
13313,Whitfield County,GA,77.59444444444445,2010-2015,18,0.847482085,2020,29.93385506,2019,14.83679463,2022,0.009609655,2018,37.9,2023,14.1,2023,31.9,2023,22.1,2023,63111.0,2025,4.1155872327,2025,22.2,2025,0.5347698,2025
13315,Wilcox County,GA,73.275,2010-2015,4,,,9.908490181,2019,14.83679463,2022,0.0,2018,42.6,2023,17.4,2023,35.0,2023,17.8,2023,45726.0,2025,5.4713324974,2025,34.0,2025,0.1144296,2025
13317,Wilkes County,GA,75.55,2010-2015,4,0.515782952,2020,14.25403976,2019,14.83679463,2022,0.101255566,2018,40.6,2023,18.9,2023,35.4,2023,15.1,2023,48635.0,2025,4.4978133753,2025,32.300000000000004,2025,0.4204772,2025
13319,Wilkinson County,GA,74.2,2010-2015,3,,,21.84391212,2019,14.83679463,2022,0.0,2018,41.0,2023,17.7,2023,34.0,2023,13.9,2023,51498.0,2025,5.8133097042,2025,33.0,2025,0.3397124,2025
13321,Worth County,GA,74.3,2010-2015,5,0.450630873,2020,3.223530054,2019,14.83679463,2022,0.049263511,2018,38.9,2023,16.9,2023,33.9,2023,14.2,2023,50830.0,2025,4.6365129446,2025,31.3,2025,0.291914,2025
15001,Hawaii County,HI,80.73030303030303,2010-2015,33,0.786859453,2020,31.29934883,2019,11.16542471,2022,0.154241905,2018,27.2,2023,12.5,2023,22.3,2023,6.6,2023,73092.0,2025,5.3054721854,2025,20.599999999999998,2025,0.7688289,2025
15003,Honolulu County,HI,81.29411764705883,2010-2015,204,1.046869397,2020,25.18185616,2019,11.16542471,2022,0.043873969,2018,25.3,2023,12.4,2023,23.7,2023,5.2,2023,102382.0,2025,4.2915175337,2025,10.0,2025,0.9311713,2025
15007,Kauai County,HI,84.46666666666667,2010-2015,12,1.155168295,2020,34.19851303,2019,11.16542471,2022,0.194085926,2018,23.9,2023,12.0,2023,21.2,2023,6.3,2023,90084.0,2025,4.0671549836,2025,11.899999999999999,2025,0.8168377,2025
15009,Maui County,HI,80.88181818181818,2010-2015,33,0.750437737,2020,27.02601814,2019,11.16542471,2022,0.059806108,2018,26.2,2023,12.2,2023,20.5,2023,6.3,2023,83764.0,2025,4.3052215489,2025,11.5,2025,0.8342417,2025
16001,Ada County,ID,79.91525423728814,2010-2015,59,0.768609941,2020,30.44875908,2019,6.333569362,2022,0.014894694,2018,29.0,2023,9.0,2023,18.4,2023,8.5,2023,90513.0,2025,3.9246352175,2025,7.5,2025,0.8868383000000001,2025
16003,Adams County,ID,79.0,2010-2015,2,,,25.49351501,2019,6.333569362,2022,0.0,2018,34.2,2023,13.9,2023,28.0,2023,9.8,2023,59829.0,2025,4.1761449421,2025,19.7,2025,0.6486486,2025
16005,Bannock County,ID,76.92777777777778,2010-2015,18,0.709499419,2020,34.73273087,2019,6.333569362,2022,0.034428149,2018,33.0,2023,9.7,2023,21.8,2023,10.1,2023,67371.0,2025,4.4463894168,2025,12.2,2025,0.7364354000000001,2025
16007,Bear Lake County,ID,81.0,2010-2015,2,0.651147664,2020,25.87591553,2019,6.333569362,2022,0.0,2018,31.0,2023,11.6,2023,24.7,2023,9.4,2023,67519.0,2025,4.1342621703,2025,12.1,2025,0.7639419,2025
16009,Benewah County,ID,75.6,2010-2015,2,0.636267245,2020,23.31882095,2019,6.333569362,2022,0.108389333,2018,36.3,2023,13.5,2023,29.5,2023,11.3,2023,60872.0,2025,4.0014829461,2025,17.299999999999997,2025,0.30208440000000003,2025
16011,Bingham County,ID,78.77499999999999,2010-2015,8,0.466081947,2020,32.25551605,2019,6.333569362,2022,0.0,2018,39.0,2023,11.2,2023,24.4,2023,12.4,2023,73409.0,2025,4.0245214455,2025,13.4,2025,0.2864392,2025
16013,Blaine County,ID,82.15,2010-2015,4,1.109877944,2020,7.918600559,2019,6.333569362,2022,0.088491663,2018,23.1,2023,10.2,2023,20.2,2023,10.5,2023,94471.0,2025,3.7622432665,2025,7.5,2025,0.8075587,2025
16015,Boise County,ID,81.6,2010-2015,1,,,47.53199005,2019,6.333569362,2022,0.130992919,2018,31.9,2023,12.1,2023,22.6,2023,7.7,2023,74433.0,2025,3.3452975307,2025,15.5,2025,0.12354830000000001,2025
16017,Bonner County,ID,78.9,2010-2015,9,0.576713562,2020,8.194577217,2019,6.333569362,2022,0.089431442,2018,32.2,2023,11.8,2023,23.3,2023,8.8,2023,68030.0,2025,4.2915207213,2025,14.399999999999999,2025,0.4849367,2025
16019,Bonneville County,ID,78.79523809523809,2010-2015,21,0.671393692,2020,38.69860077,2019,6.333569362,2022,0.008557688,2018,33.3,2023,9.4,2023,21.4,2023,10.7,2023,74948.0,2025,3.9421933343,2025,12.0,2025,0.38302200000000003,2025
16021,Boundary County,ID,80.65,2010-2015,2,0.474083453,2020,13.03024864,2019,6.333569362,2022,0.083696015,2018,33.3,2023,12.6,2023,26.0,2023,11.2,2023,65044.0,2025,5.0719224247,2025,16.7,2025,0.5572805000000001,2025
16023,Butte County,ID,78.3,2010-2015,1,,,20.93270683,2019,6.333569362,2022,0.0,2018,35.5,2023,15.2,2023,29.8,2023,13.1,2023,57678.0,2025,4.7599020008,2025,21.3,2025,,
16025,Camas County,ID,78.7,2010-2015,1,,,100.0,2019,6.333569362,2022,0.0,2018,29.7,2023,11.8,2023,23.3,2023,10.0,2023,72175.0,2025,3.7904696762,2025,10.7,2025,0.0,2025
16027,Canyon County,ID,78.08620689655173,2010-2015,29,0.480905116,2020,19.27433205,2019,6.333569362,2022,0.017897172,2018,35.3,2023,11.2,2023,25.1,2023,13.6,2023,72059.0,2025,3.383210292,2025,12.2,2025,0.3126093,2025
16029,Caribou County,ID,77.94999999999999,2010-2015,2,0.421170861,2020,5.392698765,2019,6.333569362,2022,0.141643062,2018,34.8,2023,10.5,2023,24.0,2023,9.9,2023,70183.0,2025,4.370109198,2025,12.0,2025,0.5625088,2025
16031,Cassia County,ID,78.66666666666667,2010-2015,6,0.906207502,2020,20.32626534,2019,6.333569362,2022,0.0,2018,37.5,2023,11.0,2023,26.7,2023,15.8,2023,68267.0,2025,3.8172938351,2025,13.3,2025,0.8742648,2025
16035,Clearwater County,ID,76.85,2010-2015,2,0.452181786,2020,7.845727444,2019,6.333569362,2022,0.114181317,2018,31.8,2023,13.1,2023,25.4,2023,10.1,2023,58757.0,2025,4.0915914155,2025,19.1,2025,1.3490725,2025
16037,Custer County,ID,87.7,2010-2015,1,1.176747441,2020,21.51783371,2019,6.333569362,2022,0.467289716,2018,31.5,2023,13.4,2023,24.3,2023,8.9,2023,58294.0,2025,4.5342446449,2025,18.5,2025,,
16039,Elmore County,ID,77.875,2010-2015,4,0.510055363,2020,27.16462135,2019,6.333569362,2022,0.036685131,2018,34.2,2023,10.4,2023,24.4,2023,13.6,2023,64247.0,2025,3.943365862,2025,14.7,2025,0.5550352000000001,2025
16041,Franklin County,ID,80.6,2010-2015,2,0.562785804,2020,7.192126274,2019,6.333569362,2022,0.0,2018,35.7,2023,9.4,2023,22.6,2023,10.1,2023,80768.0,2025,3.664304208,2025,9.3,2025,0.34092459999999997,2025
16043,Fremont County,ID,79.10000000000001,2010-2015,3,0.756544113,2020,46.63837814,2019,6.333569362,2022,0.075941674,2018,32.7,2023,10.5,2023,23.5,2023,11.3,2023,72061.0,2025,3.3530560982,2025,15.2,2025,0.2942908,2025
16045,Gem County,ID,77.46666666666667,2010-2015,3,0.588140965,2020,28.34237289,2019,6.333569362,2022,0.05670863,2018,32.9,2023,11.5,2023,24.5,2023,10.6,2023,62479.0,2025,3.7543482929,2025,13.0,2025,0.6063056,2025
16047,Gooding County,ID,78.0,2010-2015,2,0.512229502,2020,0.810922503,2019,6.333569362,2022,0.065806791,2018,34.1,2023,13.0,2023,29.7,2023,17.9,2023,65662.0,2025,4.2520611149,2025,17.1,2025,0.3170175,2025
16049,Idaho County,ID,79.825,2010-2015,4,0.416097015,2020,17.76106262,2019,6.333569362,2022,0.060558349,2018,31.8,2023,12.8,2023,25.0,2023,9.7,2023,57210.0,2025,4.1382435632,2025,16.900000000000002,2025,0.8215962,2025
16051,Jefferson County,ID,80.725,2010-2015,4,0.359700471,2020,26.69005203,2019,6.333569362,2022,0.0,2018,33.1,2023,9.1,2023,21.4,2023,10.2,2023,81566.0,2025,3.2063807874,2025,8.9,2025,0.21737779999999998,2025
16053,Jerome County,ID,78.46,2010-2015,5,0.569615126,2020,24.63639069,2019,6.333569362,2022,0.0,2018,35.8,2023,12.6,2023,30.1,2023,20.4,2023,62543.0,2025,3.5496798895,2025,14.2,2025,0.2838375,2025
16055,Kootenai County,ID,79.4,2010-2015,23,0.726727128,2020,27.6422863,2019,6.333569362,2022,0.037150554,2018,31.7,2023,9.9,2023,19.6,2023,8.8,2023,75235.0,2025,3.9366665723,2025,10.8,2025,0.8009389,2025
16057,Latah County,ID,80.3,2010-2015,7,0.808229268,2020,16.70469475,2019,6.333569362,2022,0.149499178,2018,29.0,2023,7.8,2023,18.0,2023,8.2,2023,63916.0,2025,4.1846939142,2025,9.1,2025,0.7193708999999999,2025
16059,Lemhi County,ID,79.13333333333334,2010-2015,3,0.496647626,2020,25.49324417,2019,6.333569362,2022,0.125612363,2018,30.4,2023,12.7,2023,26.3,2023,9.3,2023,57562.0,2025,5.3180088946,2025,17.0,2025,0.612595,2025
16061,Lewis County,ID,81.85,2010-2015,2,,,48.03680801,2019,6.333569362,2022,0.259000272,2018,35.2,2023,15.1,2023,29.7,2023,10.5,2023,53212.0,2025,4.8069173942,2025,16.2,2025,0.269179,2025
16063,Lincoln County,ID,79.1,2010-2015,1,,,97.42762756,2019,6.333569362,2022,0.186567158,2018,34.2,2023,11.5,2023,27.9,2023,17.2,2023,65511.0,2025,3.436558123,2025,15.7,2025,0.3786445,2025
16065,Madison County,ID,79.16666666666667,2010-2015,6,0.967309892,2020,21.45865631,2019,6.333569362,2022,0.025442703,2018,26.2,2023,4.9,2023,19.4,2023,10.9,2023,58236.0,2025,4.4344566452,2025,11.5,2025,0.42686660000000004,2025
16067,Minidoka County,ID,79.32,2010-2015,5,0.235671192,2020,37.02455521,2019,6.333569362,2022,0.048019208,2018,36.4,2023,12.3,2023,28.9,2023,18.1,2023,68029.0,2025,4.3676948886,2025,13.4,2025,0.27328630000000004,2025
16069,Nez Perce County,ID,78.23333333333333,2010-2015,9,0.760642886,2020,27.75485229,2019,6.333569362,2022,0.024747575,2018,37.7,2023,10.8,2023,25.2,2023,9.5,2023,70340.0,2025,4.7057829119,2025,13.0,2025,0.6595374,2025
16071,Oneida County,ID,81.1,2010-2015,1,1.106194735,2020,13.47897243,2019,6.333569362,2022,0.0,2018,31.9,2023,10.5,2023,22.4,2023,8.9,2023,67137.0,2025,3.3592213753,2025,12.5,2025,0.6506181,2025
16073,Owyhee County,ID,80.76666666666667,2010-2015,3,0.741778612,2020,27.47352028,2019,6.333569362,2022,0.085521251,2018,33.4,2023,13.4,2023,30.7,2023,17.4,2023,60701.0,2025,3.5437310328,2025,15.9,2025,0.0810636,2025
16075,Payette County,ID,79.0,2010-2015,4,0.282588512,2020,19.56664276,2019,6.333569362,2022,0.042461041,2018,31.4,2023,11.8,2023,26.7,2023,13.5,2023,67532.0,2025,3.4805368364,2025,14.299999999999999,2025,0.37950659999999997,2025
16077,Power County,ID,79.9,2010-2015,2,0.523354709,2020,12.63171959,2019,6.333569362,2022,0.0,2018,37.5,2023,12.1,2023,28.1,2023,17.2,2023,68403.0,2025,3.3360577953,2025,15.2,2025,0.25157229999999997,2025
16079,Shoshone County,ID,80.96666666666667,2010-2015,3,0.387266666,2020,9.722384453,2019,6.333569362,2022,0.078149423,2018,36.1,2023,13.5,2023,28.1,2023,11.3,2023,59937.0,2025,4.2898013836,2025,19.7,2025,0.4407875,2025
16081,Teton County,ID,85.4,2010-2015,1,0.319974393,2020,8.907499313,2019,6.333569362,2022,0.171821311,2018,32.0,2023,9.2,2023,19.0,2023,9.6,2023,94895.0,2025,3.947766323,2025,9.5,2025,0.32607810000000004,2025
16083,Twin Falls County,ID,77.35384615384615,2010-2015,13,0.848310709,2020,14.12134743,2019,6.333569362,2022,0.046467863,2018,33.3,2023,11.0,2023,27.8,2023,13.0,2023,66664.0,2025,3.8787440883,2025,12.7,2025,0.6504559,2025
16085,Valley County,ID,81.5,2010-2015,3,1.356852055,2020,18.63011169,2019,6.333569362,2022,0.181143016,2018,34.0,2023,13.1,2023,24.9,2023,9.0,2023,84024.0,2025,5.8873599881,2025,10.100000000000001,2025,1.3070828,2025
16087,Washington County,ID,78.53333333333333,2010-2015,3,0.772200763,2020,16.90173149,2019,6.333569362,2022,0.196831018,2018,33.4,2023,14.5,2023,29.1,2023,13.3,2023,57369.0,2025,4.4280196927,2025,17.0,2025,0.45879980000000004,2025
17001,Adams County,IL,77.45555555555556,2010-2015,18,0.52482903,2020,16.52416611,2019,16.01663388,2022,0.03044557,2018,37.8,2023,12.0,2023,24.1,2023,7.3,2023,63424.0,2025,4.2219893825,2025,14.099999999999998,2025,1.0468947,2025
17003,Alexander County,IL,74.475,2010-2015,4,0.545752227,2020,49.60342026,2019,16.01663388,2022,0.0,2018,45.3,2023,19.0,2023,33.3,2023,10.1,2023,45550.0,2025,5.996,2025,38.800000000000004,2025,0.1988072,2025
17005,Bond County,IL,77.675,2010-2015,4,0.430451363,2020,20.76579857,2019,16.01663388,2022,0.0,2018,39.0,2023,11.6,2023,24.2,2023,8.8,2023,66162.0,2025,3.9229126152,2025,14.799999999999999,2025,0.5422993,2025
17007,Boone County,IL,78.34285714285714,2010-2015,7,0.56842941,2020,31.50845718,2019,16.01663388,2022,0.03732945,2018,36.8,2023,12.2,2023,25.6,2023,11.8,2023,83129.0,2025,4.2708701902,2025,15.8,2025,0.5267217,2025
17009,Brown County,IL,75.65,2010-2015,2,0.611060202,2020,34.48548889,2019,16.01663388,2022,0.152532026,2018,41.5,2023,11.7,2023,26.4,2023,12.1,2023,76076.0,2025,4.6119370194,2025,11.799999999999999,2025,0.15573900000000002,2025
17011,Bureau County,IL,80.57777777777778,2010-2015,9,0.309568763,2020,36.56457901,2019,16.01663388,2022,0.030309459,2018,38.1,2023,13.2,2023,25.8,2023,9.1,2023,66854.0,2025,4.2029336517,2025,15.4,2025,0.4561628,2025
17013,Calhoun County,IL,82.15,2010-2015,2,,,14.35338402,2019,16.01663388,2022,0.0,2018,35.3,2023,11.9,2023,22.0,2023,6.4,2023,72574.0,2025,3.4803565758,2025,13.8,2025,0.2288853,2025
17015,Carroll County,IL,78.25,2010-2015,6,0.351098925,2020,12.87992096,2019,16.01663388,2022,0.139742866,2018,38.8,2023,13.3,2023,25.8,2023,9.1,2023,61982.0,2025,3.8565536967,2025,16.5,2025,0.1911071,2025
17017,Cass County,IL,76.8,2010-2015,5,0.670859516,2020,12.16018677,2019,16.01663388,2022,0.0,2018,40.6,2023,13.4,2023,27.8,2023,12.6,2023,64413.0,2025,4.3599489886,2025,16.7,2025,0.0782901,2025
17019,Champaign County,IL,80.0,2010-2015,35,0.874794424,2020,21.75310516,2019,16.01663388,2022,0.028573742,2018,31.1,2023,9.6,2023,20.1,2023,7.5,2023,62169.0,2025,5.8982173913,2025,14.399999999999999,2025,1.0439782,2025
17021,Christian County,IL,76.42999999999999,2010-2015,10,0.46765393,2020,7.037456036,2019,16.01663388,2022,0.061235111,2018,38.1,2023,12.3,2023,25.5,2023,8.7,2023,72650.0,2025,4.7550419804,2025,16.2,2025,0.38619210000000004,2025
17023,Clark County,IL,76.575,2010-2015,4,1.047943354,2020,32.15522385,2019,16.01663388,2022,0.0,2018,37.3,2023,12.0,2023,23.2,2023,7.3,2023,66923.0,2025,3.9055418078,2025,15.9,2025,0.3267974,2025
17025,Clay County,IL,76.125,2010-2015,4,0.841042876,2020,18.54969597,2019,16.01663388,2022,0.075454615,2018,41.5,2023,13.9,2023,27.8,2023,9.0,2023,54837.0,2025,4.6073038587,2025,19.1,2025,0.2282584,2025
17027,Clinton County,IL,79.8375,2010-2015,8,0.534787953,2020,18.48204041,2019,16.01663388,2022,0.026568187,2018,40.2,2023,11.3,2023,22.2,2023,7.5,2023,88977.0,2025,4.0491929709,2025,8.799999999999999,2025,0.326149,2025
17029,Coles County,IL,77.21000000000001,2010-2015,10,0.873310447,2020,29.17994308,2019,16.01663388,2022,0.078608625,2018,37.7,2023,11.4,2023,24.2,2023,8.2,2023,57728.0,2025,5.087839586,2025,18.6,2025,0.79119,2025
17031,Cook County,IL,77.82825,2010-2015,1200,0.899715066,2020,7.359408379,2019,16.01663388,2022,0.021812595,2018,31.0,2023,11.8,2023,23.3,2023,11.8,2023,80547.0,2025,5.4311047829,2025,17.2,2025,0.9164636,2025
17033,Crawford County,IL,77.0,2010-2015,6,0.756266177,2020,8.742949486,2019,16.01663388,2022,0.053171691,2018,40.1,2023,12.1,2023,24.3,2023,8.3,2023,64168.0,2025,5.0425835371,2025,16.900000000000002,2025,0.482341,2025
17035,Cumberland County,IL,78.26666666666667,2010-2015,3,0.375622123,2020,0.831333697,2019,16.01663388,2022,0.0,2018,38.7,2023,11.9,2023,23.3,2023,7.1,2023,71741.0,2025,3.9326664345,2025,12.8,2025,,
17037,DeKalb County,IL,80.22631578947369,2010-2015,19,0.880458593,2020,38.1834259,2019,16.01663388,2022,0.019204363,2018,35.1,2023,10.3,2023,22.5,2023,9.2,2023,69439.0,2025,5.2692439666,2025,13.0,2025,0.2688868,2025
17039,De Witt County,IL,78.02000000000001,2010-2015,5,0.780843318,2020,7.301186085,2019,16.01663388,2022,0.063415565,2018,38.2,2023,12.2,2023,24.2,2023,7.7,2023,74553.0,2025,3.8367560042,2025,15.9,2025,0.325924,2025
17041,Douglas County,IL,79.26,2010-2015,5,0.871348023,2020,11.80333996,2019,16.01663388,2022,0.051337339,2018,38.5,2023,11.7,2023,24.7,2023,9.4,2023,82895.0,2025,3.9913470312,2025,11.799999999999999,2025,0.3549336,2025
17043,DuPage County,IL,81.28994974874372,2010-2015,199,0.958058,2020,22.5007019,2019,16.01663388,2022,0.018307345,2018,29.2,2023,10.0,2023,19.0,2023,7.2,2023,107032.0,2025,4.1064060162,2025,6.6000000000000005,2025,1.3493569,2025
17045,Edgar County,IL,76.76,2010-2015,5,0.771147251,2020,41.85269547,2019,16.01663388,2022,0.057603687,2018,37.5,2023,13.6,2023,26.8,2023,8.1,2023,59330.0,2025,3.7884311755,2025,17.9,2025,0.24213079999999998,2025
17047,Edwards County,IL,78.7,2010-2015,3,0.471994966,2020,18.49959946,2019,16.01663388,2022,0.156445563,2018,40.3,2023,14.1,2023,27.3,2023,8.3,2023,59867.0,2025,4.3335088714,2025,15.6,2025,,
17049,Effingham County,IL,77.6375,2010-2015,8,1.115514517,2020,15.30440998,2019,16.01663388,2022,0.0,2018,34.3,2023,11.3,2023,22.8,2023,7.3,2023,72158.0,2025,4.1093045336,2025,11.899999999999999,2025,0.7841998,2025
17051,Fayette County,IL,79.14999999999999,2010-2015,6,0.564334095,2020,39.30257797,2019,16.01663388,2022,0.0,2018,39.8,2023,12.7,2023,26.7,2023,9.8,2023,61952.0,2025,4.5666029318,2025,21.0,2025,0.18705570000000002,2025
17053,Ford County,IL,77.72500000000001,2010-2015,4,0.617808342,2020,23.93146706,2019,16.01663388,2022,0.150784075,2018,37.7,2023,12.4,2023,25.6,2023,8.5,2023,71110.0,2025,4.6149173003,2025,14.7,2025,0.5180964,2025
17055,Franklin County,IL,75.3,2010-2015,11,0.709406197,2020,20.98704338,2019,16.01663388,2022,0.051678251,2018,41.6,2023,13.9,2023,27.6,2023,8.7,2023,52533.0,2025,5.0473628591,2025,23.0,2025,0.3472037,2025
17057,Fulton County,IL,77.75454545454545,2010-2015,11,0.474918365,2020,11.06833363,2019,16.01663388,2022,0.057398692,2018,39.9,2023,13.0,2023,25.8,2023,8.8,2023,62914.0,2025,4.1349751949,2025,16.8,2025,0.36147840000000003,2025
17059,Gallatin County,IL,73.69999999999999,2010-2015,2,,,66.29724121,2019,16.01663388,2022,0.0,2018,40.8,2023,14.6,2023,28.2,2023,8.7,2023,56852.0,2025,5.520388541,2025,24.3,2025,,
17061,Greene County,IL,76.92,2010-2015,5,0.708549857,2020,1.75941956,2019,16.01663388,2022,0.153327197,2018,40.2,2023,13.2,2023,26.7,2023,8.1,2023,59146.0,2025,4.4837518464,2025,18.4,2025,0.1688761,2025
17063,Grundy County,IL,78.4,2010-2015,10,0.960916221,2020,28.42948151,2019,16.01663388,2022,0.019618614,2018,36.4,2023,10.3,2023,22.3,2023,8.3,2023,91254.0,2025,4.0901998425,2025,8.6,2025,0.3208213,2025
17065,Hamilton County,IL,77.46666666666667,2010-2015,3,0.494804561,2020,13.74381828,2019,16.01663388,2022,0.0,2018,40.0,2023,13.9,2023,26.8,2023,8.3,2023,65472.0,2025,4.9571842084,2025,17.0,2025,0.3792188,2025
17067,Hancock County,IL,81.54285714285713,2010-2015,7,0.459189534,2020,43.20999908,2019,16.01663388,2022,0.056041248,2018,38.8,2023,13.2,2023,25.2,2023,7.3,2023,63408.0,2025,4.2907540791,2025,18.0,2025,0.2873563,2025
17069,Hardin County,IL,78.0,2010-2015,2,,,21.10228157,2019,16.01663388,2022,0.0,2018,39.7,2023,14.7,2023,27.4,2023,8.4,2023,51216.0,2025,4.1384484458,2025,28.799999999999997,2025,0.8219177999999999,2025
17071,Henderson County,IL,80.46666666666667,2010-2015,3,0.45906657,2020,1.347945571,2019,16.01663388,2022,0.0,2018,38.6,2023,14.1,2023,25.8,2023,7.6,2023,62610.0,2025,4.0583471761,2025,15.299999999999999,2025,0.1584284,2025
17073,Henry County,IL,78.75384615384615,2010-2015,13,0.495755106,2020,31.40756416,2019,16.01663388,2022,0.0,2018,36.9,2023,11.9,2023,23.6,2023,7.9,2023,73198.0,2025,4.0227131577,2025,12.7,2025,0.2249167,2025
17075,Iroquois County,IL,77.76666666666667,2010-2015,9,0.524128616,2020,29.06369781,2019,16.01663388,2022,0.036226634,2018,40.6,2023,13.9,2023,27.0,2023,9.6,2023,64995.0,2025,4.6690489914,2025,16.1,2025,0.298207,2025
17077,Jackson County,IL,76.45,2010-2015,12,0.670489609,2020,34.92441559,2019,16.01663388,2022,0.174158379,2018,39.8,2023,11.6,2023,24.4,2023,8.4,2023,48289.0,2025,5.9493978628,2025,22.8,2025,1.6170456000000002,2025
17079,Jasper County,IL,78.63333333333333,2010-2015,3,0.633914411,2020,15.72477913,2019,16.01663388,2022,0.0,2018,38.2,2023,12.0,2023,23.2,2023,6.9,2023,69924.0,2025,4.0892696906,2025,12.5,2025,0.1087784,2025
17081,Jefferson County,IL,75.98181818181818,2010-2015,11,0.832550049,2020,26.31279755,2019,16.01663388,2022,0.0,2018,39.8,2023,13.0,2023,25.2,2023,8.4,2023,60543.0,2025,4.2653976215,2025,21.099999999999998,2025,0.4881091,2025
17083,Jersey County,IL,77.08333333333333,2010-2015,6,0.647668421,2020,22.80031967,2019,16.01663388,2022,0.045772877,2018,39.0,2023,11.7,2023,23.2,2023,6.9,2023,70158.0,2025,4.9677613739,2025,14.2,2025,0.4687573,2025
17085,Jo Daviess County,IL,80.1,2010-2015,5,0.47083196,2020,17.23320007,2019,16.01663388,2022,0.327623338,2018,36.1,2023,13.2,2023,23.8,2023,6.8,2023,74426.0,2025,3.6285527513,2025,11.1,2025,0.4558093,2025
17087,Johnson County,IL,77.43333333333334,2010-2015,3,0.566434681,2020,7.534502983,2019,16.01663388,2022,0.080282591,2018,41.4,2023,12.9,2023,26.4,2023,10.4,2023,63160.0,2025,4.3163902649,2025,16.5,2025,0.0742776,2025
17089,Kane County,IL,80.26124999999999,2010-2015,80,0.66665411,2020,20.95264435,2019,16.01663388,2022,0.020590922,2018,35.1,2023,11.5,2023,23.1,2023,11.6,2023,97543.0,2025,3.9693131056,2025,11.700000000000001,2025,0.3995438,2025
17091,Kankakee County,IL,77.48965517241379,2010-2015,29,0.801149249,2020,20.78019524,2019,16.01663388,2022,0.054533556,2018,39.8,2023,13.0,2023,25.0,2023,9.9,2023,68451.0,2025,4.4678543512,2025,15.8,2025,0.3470887,2025
17093,Kendall County,IL,79.9,2010-2015,10,0.635343492,2020,33.77307129,2019,16.01663388,2022,0.015635382,2018,39.7,2023,9.4,2023,19.5,2023,8.8,2023,114606.0,2025,2.9478666754,2025,6.5,2025,0.2965885,2025
17095,Knox County,IL,76.27333333333333,2010-2015,15,0.835830629,2020,26.85769653,2019,16.01663388,2022,0.0399106,2018,39.2,2023,13.5,2023,27.5,2023,9.3,2023,57569.0,2025,5.1724069871,2025,21.2,2025,0.4871316,2025
17097,Lake County,IL,80.17972027972029,2010-2015,143,0.831900001,2020,34.40926743,2019,16.01663388,2022,0.025683759,2018,32.9,2023,11.2,2023,19.9,2023,9.2,2023,108349.0,2025,4.6557069148,2025,10.5,2025,1.0643398,2025
17099,La Salle County,IL,77.35357142857143,2010-2015,28,0.650732994,2020,26.51126289,2019,16.01663388,2022,0.073106095,2018,37.8,2023,12.4,2023,24.9,2023,9.3,2023,72225.0,2025,4.3242084754,2025,15.9,2025,0.3762676,2025
17101,Lawrence County,IL,72.38,2010-2015,5,0.452576458,2020,22.9281044,2019,16.01663388,2022,0.06343165,2018,40.7,2023,12.8,2023,27.0,2023,10.6,2023,55411.0,2025,3.886914056,2025,20.9,2025,0.1979937,2025
17103,Lee County,IL,78.0,2010-2015,9,0.624126971,2020,18.92343903,2019,16.01663388,2022,0.029220115,2018,38.9,2023,12.8,2023,25.6,2023,9.1,2023,66598.0,2025,4.2731353943,2025,13.900000000000002,2025,0.734236,2025
17105,Livingston County,IL,77.33,2010-2015,10,0.508273542,2020,16.21201706,2019,16.01663388,2022,0.055926848,2018,35.9,2023,12.2,2023,25.4,2023,8.8,2023,68544.0,2025,4.0376327197,2025,13.8,2025,0.47667119999999996,2025
17107,Logan County,IL,77.175,2010-2015,8,0.458020657,2020,25.99467468,2019,16.01663388,2022,0.103716508,2018,38.5,2023,11.6,2023,24.4,2023,8.5,2023,64779.0,2025,4.2634524019,2025,17.1,2025,0.2857959,2025
17109,McDonough County,IL,78.55555555555556,2010-2015,9,0.853387952,2020,29.86500549,2019,16.01663388,2022,0.033383407,2018,36.3,2023,11.4,2023,23.4,2023,8.0,2023,50487.0,2025,5.8664842528,2025,21.2,2025,0.5218429,2025
17111,McHenry County,IL,79.54901960784314,2010-2015,51,0.768255055,2020,44.28705215,2019,16.01663388,2022,0.025926046,2018,32.1,2023,10.5,2023,20.9,2023,7.9,2023,101205.0,2025,3.8180100886,2025,7.6,2025,0.4499843,2025
17113,McLean County,IL,78.5939393939394,2010-2015,33,0.811650395,2020,30.70049095,2019,16.01663388,2022,0.023144398,2018,34.5,2023,9.5,2023,19.4,2023,6.8,2023,79622.0,2025,5.2833219877,2025,9.0,2025,0.6144339000000001,2025
17115,Macon County,IL,76.38235294117646,2010-2015,34,0.708634675,2020,35.99180222,2019,16.01663388,2022,0.019100009,2018,42.1,2023,13.3,2023,25.9,2023,8.1,2023,61033.0,2025,4.4268681903,2025,22.6,2025,0.8883943000000001,2025
17117,Macoupin County,IL,77.41666666666667,2010-2015,12,0.403886288,2020,12.6741333,2019,16.01663388,2022,0.0,2018,37.0,2023,12.8,2023,25.0,2023,7.8,2023,70256.0,2025,4.5689250289,2025,17.0,2025,0.2477143,2025
17119,Madison County,IL,76.435,2010-2015,60,0.753898025,2020,41.76534653,2019,16.01663388,2022,0.015125103,2018,38.7,2023,11.2,2023,22.1,2023,7.3,2023,73194.0,2025,4.5688804554,2025,13.4,2025,0.4763885,2025
17121,Marion County,IL,75.625,2010-2015,12,0.620866537,2020,25.23221016,2019,16.01663388,2022,0.026581606,2018,39.5,2023,13.3,2023,27.0,2023,8.3,2023,54774.0,2025,4.6926519652,2025,20.599999999999998,2025,0.3476865,2025
17123,Marshall County,IL,76.72,2010-2015,5,0.618976057,2020,13.1759119,2019,16.01663388,2022,0.0,2018,38.6,2023,13.0,2023,25.1,2023,8.1,2023,70246.0,2025,4.350817904,2025,15.8,2025,0.17148249999999998,2025
17125,Mason County,IL,75.95,2010-2015,6,0.607302845,2020,35.62559509,2019,16.01663388,2022,0.0,2018,37.3,2023,13.3,2023,25.7,2023,7.7,2023,62146.0,2025,4.0002775561,2025,21.9,2025,0.3881686,2025
17127,Massac County,IL,74.775,2010-2015,4,0.80668819,2020,8.527275085,2019,16.01663388,2022,0.0,2018,40.8,2023,14.1,2023,26.8,2023,8.4,2023,58202.0,2025,4.2832061069,2025,30.599999999999998,2025,0.2148997,2025
17129,Menard County,IL,78.93333333333334,2010-2015,3,0.41431886,2020,13.36881924,2019,16.01663388,2022,0.162760422,2018,37.9,2023,11.7,2023,22.5,2023,6.7,2023,80964.0,2025,3.838142535,2025,13.4,2025,0.3288392,2025
17131,Mercer County,IL,78.975,2010-2015,4,0.394088656,2020,22.79635239,2019,16.01663388,2022,0.064098455,2018,38.6,2023,12.4,2023,24.4,2023,7.8,2023,77098.0,2025,4.1877559753,2025,13.5,2025,0.1283532,2025
17133,Monroe County,IL,79.96666666666667,2010-2015,6,0.5757218,2020,37.4295845,2019,16.01663388,2022,0.0582496,2018,35.5,2023,10.1,2023,18.6,2023,5.6,2023,103032.0,2025,3.7830499926,2025,4.5,2025,0.4007787,2025
17135,Montgomery County,IL,76.0375,2010-2015,8,0.641825616,2020,15.83029652,2019,16.01663388,2022,0.069927625,2018,39.1,2023,12.6,2023,25.6,2023,8.6,2023,60599.0,2025,5.3459935553,2025,18.2,2025,0.3916821,2025
17137,Morgan County,IL,77.64,2010-2015,10,0.74850297,2020,38.51073074,2019,16.01663388,2022,0.029432541,2018,39.9,2023,12.6,2023,24.9,2023,8.6,2023,64268.0,2025,4.2973356893,2025,17.4,2025,0.460038,2025
17139,Moultrie County,IL,77.65,2010-2015,4,0.209102944,2020,2.526267529,2019,16.01663388,2022,0.0,2018,38.4,2023,11.6,2023,24.7,2023,8.4,2023,72928.0,2025,3.7068285563,2025,13.3,2025,0.27567200000000003,2025
17141,Ogle County,IL,79.36363636363636,2010-2015,11,0.715620399,2020,14.25238514,2019,16.01663388,2022,0.137462437,2018,40.9,2023,12.2,2023,24.0,2023,8.9,2023,78109.0,2025,3.8563513707,2025,12.0,2025,0.563665,2025
17143,Peoria County,IL,76.68333333333334,2010-2015,48,0.782428563,2020,34.2260704,2019,16.01663388,2022,0.011072909,2018,34.8,2023,12.6,2023,23.5,2023,8.0,2023,62873.0,2025,5.3557145115,2025,22.1,2025,1.3375541,2025
17145,Perry County,IL,77.28333333333333,2010-2015,6,0.580720067,2020,23.02398872,2019,16.01663388,2022,0.094455466,2018,40.7,2023,13.2,2023,27.1,2023,10.2,2023,62830.0,2025,4.4804525553,2025,24.4,2025,0.6194901,2025
17147,Piatt County,IL,79.575,2010-2015,4,0.550290406,2020,9.91201973,2019,16.01663388,2022,0.060990486,2018,35.1,2023,10.9,2023,20.8,2023,6.2,2023,81611.0,2025,3.430688462,2025,8.0,2025,0.5372172,2025
17149,Pike County,IL,79.28,2010-2015,5,0.393726617,2020,23.79331398,2019,16.01663388,2022,0.064057395,2018,40.6,2023,13.3,2023,27.1,2023,8.5,2023,58733.0,2025,4.8068148273,2025,21.0,2025,0.6156793,2025
17151,Pope County,IL,78.5,2010-2015,2,,,29.11160851,2019,16.01663388,2022,0.237416908,2018,39.6,2023,14.9,2023,26.1,2023,7.1,2023,58093.0,2025,5.0592863755,2025,26.400000000000002,2025,,
17153,Pulaski County,IL,75.2,2010-2015,2,,,31.42423248,2019,16.01663388,2022,0.0,2018,45.6,2023,18.4,2023,32.9,2023,11.1,2023,50863.0,2025,4.7504552729,2025,35.4,2025,,
17155,Putnam County,IL,81.80000000000001,2010-2015,2,,,0.13452217,2019,16.01663388,2022,0.0,2018,36.1,2023,12.1,2023,22.7,2023,7.4,2023,75469.0,2025,3.6183169376,2025,12.7,2025,0.1796622,2025
17157,Randolph County,IL,78.22222222222223,2010-2015,9,0.70173198,2020,14.30712509,2019,16.01663388,2022,0.031146826,2018,38.8,2023,12.9,2023,26.2,2023,9.3,2023,70526.0,2025,4.286548697,2025,14.899999999999999,2025,0.4644682,2025
17159,Richland County,IL,77.84,2010-2015,5,0.838331103,2020,6.384786606,2019,16.01663388,2022,0.126879394,2018,39.4,2023,12.5,2023,24.9,2023,7.7,2023,57119.0,2025,4.0810504371,2025,17.1,2025,0.5697645,2025
17161,Rock Island County,IL,78.02051282051282,2010-2015,39,0.844528675,2020,16.76107788,2019,16.01663388,2022,0.020909274,2018,39.6,2023,13.1,2023,24.9,2023,10.0,2023,63457.0,2025,4.6112701909,2025,21.0,2025,0.4898222,2025
17163,St. Clair County,IL,75.85357142857143,2010-2015,56,0.759554505,2020,36.7529068,2019,16.01663388,2022,0.011491655,2018,38.8,2023,13.1,2023,25.0,2023,7.8,2023,66007.0,2025,4.9340690138,2025,17.299999999999997,2025,0.5887063,2025
17165,Saline County,IL,74.14444444444445,2010-2015,9,0.819601417,2020,14.27293301,2019,16.01663388,2022,0.0,2018,40.3,2023,13.5,2023,26.3,2023,8.3,2023,53318.0,2025,4.8334817076,2025,24.3,2025,0.6432247,2025
17167,Sangamon County,IL,76.94901960784314,2010-2015,51,0.97481972,2020,25.55683708,2019,16.01663388,2022,0.010238139,2018,39.6,2023,11.9,2023,22.2,2023,7.1,2023,73004.0,2025,4.5714010901,2025,16.7,2025,1.2067744,2025
17169,Schuyler County,IL,79.03333333333333,2010-2015,3,0.445235968,2020,17.0063858,2019,16.01663388,2022,0.144780651,2018,40.4,2023,14.4,2023,27.3,2023,8.7,2023,64444.0,2025,4.0528083253,2025,14.2,2025,,
17171,Scott County,IL,79.69999999999999,2010-2015,2,,,66.50731659,2019,16.01663388,2022,0.0,2018,38.4,2023,12.3,2023,24.2,2023,7.3,2023,67157.0,2025,4.4061995812,2025,17.0,2025,,
17173,Shelby County,IL,80.18333333333334,2010-2015,6,0.469505608,2020,21.42266655,2019,16.01663388,2022,0.045996044,2018,37.6,2023,13.0,2023,24.8,2023,7.4,2023,68618.0,2025,3.712541759,2025,13.100000000000001,2025,0.2405118,2025
17175,Stark County,IL,80.65,2010-2015,2,,,62.59046555,2019,16.01663388,2022,0.0,2018,38.2,2023,12.7,2023,24.9,2023,7.8,2023,69523.0,2025,4.0543731931,2025,16.400000000000002,2025,,
17177,Stephenson County,IL,79.88461538461539,2010-2015,13,0.501927853,2020,6.524307251,2019,16.01663388,2022,0.089379482,2018,40.6,2023,13.9,2023,26.8,2023,8.2,2023,64926.0,2025,4.6059002973,2025,17.5,2025,0.477045,2025
17179,Tazewell County,IL,78.68333333333334,2010-2015,30,0.80289346,2020,39.30905533,2019,16.01663388,2022,0.030227918,2018,36.3,2023,11.2,2023,22.4,2023,6.9,2023,73659.0,2025,4.0997415279,2025,10.299999999999999,2025,0.429405,2025
17181,Union County,IL,76.74,2010-2015,5,0.66674751,2020,7.865147591,2019,16.01663388,2022,0.059378896,2018,39.8,2023,14.1,2023,28.0,2023,9.3,2023,64452.0,2025,4.8870415027,2025,19.5,2025,0.7681853,2025
17183,Vermilion County,IL,75.10833333333333,2010-2015,24,0.561084747,2020,22.91357803,2019,16.01663388,2022,0.013019816,2018,43.8,2023,14.4,2023,29.0,2023,9.7,2023,51813.0,2025,4.5319359223,2025,28.7,2025,0.3557015,2025
17185,Wabash County,IL,78.725,2010-2015,4,0.714924037,2020,16.04257965,2019,16.01663388,2022,0.0,2018,39.8,2023,13.3,2023,25.6,2023,7.9,2023,64466.0,2025,5.6278226931,2025,17.7,2025,0.3570791,2025
17187,Warren County,IL,79.2,2010-2015,5,0.419262111,2020,9.000461578,2019,16.01663388,2022,0.058713011,2018,37.0,2023,12.3,2023,25.0,2023,9.5,2023,64493.0,2025,3.6073437082,2025,16.400000000000002,2025,0.5444317,2025
17189,Washington County,IL,78.725,2010-2015,4,0.508573115,2020,11.7794838,2019,16.01663388,2022,0.142908186,2018,36.8,2023,11.7,2023,22.4,2023,6.7,2023,74848.0,2025,3.5968564845,2025,10.5,2025,0.1464665,2025
17191,Wayne County,IL,78.66,2010-2015,5,0.436653972,2020,25.14866638,2019,16.01663388,2022,0.06122949,2018,39.9,2023,13.6,2023,27.4,2023,8.5,2023,56071.0,2025,4.6321403385,2025,17.9,2025,0.5638038000000001,2025
17193,White County,IL,75.06,2010-2015,5,0.374139488,2020,8.532649994,2019,16.01663388,2022,0.0,2018,39.2,2023,14.5,2023,28.8,2023,8.9,2023,56768.0,2025,5.1345947528,2025,19.400000000000002,2025,0.2901915,2025
17195,Whiteside County,IL,78.13333333333334,2010-2015,18,0.622072577,2020,21.30784607,2019,16.01663388,2022,0.071908817,2018,36.2,2023,13.0,2023,25.4,2023,9.6,2023,68641.0,2025,4.4356218548,2025,15.7,2025,0.5062833000000001,2025
17197,Will County,IL,78.50214285714286,2010-2015,140,0.746305525,2020,44.46630096,2019,16.01663388,2022,0.011555517,2018,38.0,2023,10.7,2023,24.0,2023,9.1,2023,103587.0,2025,3.7865788573,2025,9.3,2025,0.540694,2025
17199,Williamson County,IL,76.51333333333334,2010-2015,15,0.798012495,2020,32.29441452,2019,16.01663388,2022,0.059651636,2018,40.1,2023,12.4,2023,24.3,2023,7.5,2023,60704.0,2025,4.6985972818,2025,21.9,2025,0.792476,2025
17201,Winnebago County,IL,76.30666666666667,2010-2015,75,0.782097101,2020,26.41692734,2019,16.01663388,2022,0.031681105,2018,42.0,2023,13.9,2023,27.0,2023,10.7,2023,65795.0,2025,4.7068620919,2025,20.3,2025,0.7028847,2025
17203,Woodford County,IL,79.43333333333334,2010-2015,9,0.525058389,2020,32.56999969,2019,16.01663388,2022,0.025999011,2018,37.3,2023,10.6,2023,20.6,2023,6.1,2023,90169.0,2025,4.4305633315,2025,7.6,2025,0.4447351,2025
18001,Adams County,IN,80.10000000000001,2010-2015,7,0.502246141,2020,17.51904678,2019,8.994170528,2022,0.028061511,2018,41.7,2023,14.1,2023,28.2,2023,10.1,2023,66567.0,2025,3.4013562387,2025,17.299999999999997,2025,0.3893106,2025
18003,Allen County,IN,77.32795698924731,2010-2015,93,0.748324752,2020,37.81700897,2019,8.994170528,2022,0.021313384,2018,39.4,2023,12.9,2023,22.9,2023,8.9,2023,66194.0,2025,4.0688655767,2025,17.4,2025,0.7385334,2025
18005,Bartholomew County,IN,78.27142857142857,2010-2015,14,0.793397069,2020,36.42648697,2019,8.994170528,2022,0.048336618,2018,38.9,2023,12.4,2023,24.0,2023,8.4,2023,79870.0,2025,4.3873334331,2025,12.4,2025,0.7881176,2025
18007,Benton County,IN,77.56666666666666,2010-2015,3,0.343210161,2020,1.729610324,2019,8.994170528,2022,0.0,2018,42.4,2023,14.2,2023,28.1,2023,9.7,2023,64671.0,2025,3.6443865557,2025,13.900000000000002,2025,0.22951570000000002,2025
18009,Blackford County,IN,75.625,2010-2015,4,0.594126642,2020,15.16388798,2019,8.994170528,2022,0.0,2018,44.3,2023,16.4,2023,30.9,2023,9.5,2023,51799.0,2025,4.9375342193,2025,18.8,2025,0.6616492,2025
18011,Boone County,IN,79.08000000000001,2010-2015,10,0.6200701,2020,17.9331646,2019,8.994170528,2022,0.044776786,2018,32.9,2023,10.5,2023,18.9,2023,5.9,2023,103970.0,2025,4.5968642099,2025,5.0,2025,2.1080874,2025
18013,Brown County,IN,77.85,2010-2015,4,0.33086288,2020,2.9533391,2019,8.994170528,2022,0.13128528,2018,36.1,2023,14.7,2023,25.3,2023,6.8,2023,72141.0,2025,4.0286395479,2025,13.0,2025,0.3215021,2025
18015,Carroll County,IN,79.78333333333333,2010-2015,6,0.444927812,2020,1.902977228,2019,8.994170528,2022,0.0,2018,41.6,2023,13.9,2023,27.4,2023,8.7,2023,71740.0,2025,3.9786210237,2025,11.700000000000001,2025,0.0978282,2025
18017,Cass County,IN,78.28181818181818,2010-2015,11,0.748903394,2020,6.284608841,2019,8.994170528,2022,0.026346989,2018,47.4,2023,15.3,2023,31.2,2023,12.3,2023,54436.0,2025,3.9455613529,2025,16.5,2025,0.452573,2025
18019,Clark County,IN,75.32692307692308,2010-2015,26,0.846846521,2020,19.34316254,2019,8.994170528,2022,0.017041581,2018,43.9,2023,12.5,2023,24.8,2023,8.3,2023,71718.0,2025,3.6779661017,2025,11.1,2025,0.38292950000000003,2025
18021,Clay County,IN,78.21666666666667,2010-2015,6,0.495313585,2020,21.29577065,2019,8.994170528,2022,0.0,2018,43.3,2023,14.2,2023,27.6,2023,8.1,2023,62834.0,2025,4.1270772239,2025,15.9,2025,0.4922378,2025
18023,Clinton County,IN,77.5375,2010-2015,8,0.683102548,2020,4.844373703,2019,8.994170528,2022,0.031007752,2018,40.2,2023,13.4,2023,28.1,2023,11.6,2023,66119.0,2025,3.4701558009,2025,14.099999999999998,2025,0.1512173,2025
18025,Crawford County,IN,76.5,2010-2015,3,,,15.60542679,2019,8.994170528,2022,0.18942982,2018,43.6,2023,17.8,2023,33.2,2023,10.3,2023,56019.0,2025,4.8789408562,2025,23.5,2025,,
18027,Daviess County,IN,76.97142857142856,2010-2015,7,0.447694361,2020,6.404714108,2019,8.994170528,2022,0.0,2018,41.4,2023,13.8,2023,30.3,2023,10.8,2023,76778.0,2025,4.6634735374,2025,13.3,2025,0.4191993,2025
18029,Dearborn County,IN,78.52000000000001,2010-2015,10,0.582048833,2020,34.23010254,2019,8.994170528,2022,0.040348612,2018,35.8,2023,12.4,2023,24.0,2023,7.1,2023,82578.0,2025,4.0424265414,2025,9.4,2025,0.4526134,2025
18031,Decatur County,IN,79.31666666666666,2010-2015,6,0.752332211,2020,13.91098881,2019,8.994170528,2022,0.037321787,2018,37.6,2023,12.4,2023,26.5,2023,7.9,2023,71150.0,2025,3.5310058188,2025,12.3,2025,0.6079027,2025
18033,De Kalb County,IN,77.97777777777777,2010-2015,9,0.641172409,2020,28.97801399,2019,8.994170528,2022,0.023134224,2018,43.7,2023,12.8,2023,25.7,2023,8.1,2023,68933.0,2025,3.7474805556,2025,12.3,2025,0.461542,2025
18035,Delaware County,IN,75.45833333333333,2010-2015,24,0.793273032,2020,34.03365707,2019,8.994170528,2022,0.026138779,2018,36.6,2023,13.5,2023,25.3,2023,8.3,2023,55704.0,2025,4.5361372871,2025,20.599999999999998,2025,1.1441750000000002,2025
18037,Dubois County,IN,78.98571428571428,2010-2015,7,0.822716355,2020,19.82676506,2019,8.994170528,2022,0.02349348,2018,40.0,2023,13.2,2023,25.0,2023,8.8,2023,74001.0,2025,3.9846791637,2025,8.0,2025,0.7577671,2025
18039,Elkhart County,IN,78.63714285714286,2010-2015,35,0.727586687,2020,31.72100639,2019,8.994170528,2022,0.024323799,2018,43.8,2023,13.6,2023,26.5,2023,12.6,2023,69262.0,2025,4.185160293,2025,15.299999999999999,2025,0.488109,2025
18041,Fayette County,IN,74.82857142857142,2010-2015,7,0.829984248,2020,19.56399536,2019,8.994170528,2022,0.043389596,2018,44.9,2023,15.4,2023,29.6,2023,9.4,2023,60483.0,2025,4.8386098029,2025,20.3,2025,0.4280822,2025
18043,Floyd County,IN,76.185,2010-2015,20,0.861457407,2020,23.99036407,2019,8.994170528,2022,0.03856983,2018,37.6,2023,12.5,2023,24.9,2023,7.3,2023,79008.0,2025,4.1058968818,2025,13.0,2025,0.5593258,2025
18045,Fountain County,IN,77.12,2010-2015,5,0.666222513,2020,8.402619362,2019,8.994170528,2022,0.0,2018,42.6,2023,14.1,2023,28.2,2023,8.6,2023,63747.0,2025,3.9700571941,2025,13.900000000000002,2025,0.2435016,2025
18047,Franklin County,IN,78.76,2010-2015,5,0.702956796,2020,7.439126968,2019,8.994170528,2022,0.043983109,2018,40.8,2023,13.7,2023,26.0,2023,7.5,2023,77456.0,2025,3.761226447,2025,10.2,2025,0.7004640999999999,2025
18049,Fulton County,IN,76.8,2010-2015,6,0.499550402,2020,10.89033508,2019,8.994170528,2022,0.049771052,2018,41.7,2023,14.6,2023,28.7,2023,9.4,2023,60258.0,2025,4.2089984991,2025,16.2,2025,0.49053270000000004,2025
18051,Gibson County,IN,78.55714285714285,2010-2015,7,0.620842576,2020,4.581583023,2019,8.994170528,2022,0.059787158,2018,39.4,2023,13.0,2023,25.8,2023,8.0,2023,67497.0,2025,3.6648404002,2025,10.9,2025,0.3948487,2025
18053,Grant County,IN,75.1875,2010-2015,16,0.766577244,2020,17.24259377,2019,8.994170528,2022,0.060664888,2018,41.1,2023,15.2,2023,29.1,2023,9.1,2023,53872.0,2025,4.235904685,2025,24.3,2025,0.4225586,2025
18055,Greene County,IN,76.53333333333333,2010-2015,9,0.403689086,2020,14.19507504,2019,8.994170528,2022,0.062488284,2018,40.7,2023,14.7,2023,28.4,2023,8.7,2023,59626.0,2025,4.0727620333,2025,15.1,2025,0.2923407,2025
18057,Hamilton County,IN,81.05000000000001,2010-2015,36,0.795960963,2020,51.31670761,2019,8.994170528,2022,0.021206595,2018,32.5,2023,9.6,2023,16.1,2023,5.2,2023,121231.0,2025,3.8945333192,2025,4.5,2025,1.3879153000000002,2025
18059,Hancock County,IN,77.76,2010-2015,10,0.502809465,2020,36.12319565,2019,8.994170528,2022,0.039292216,2018,39.9,2023,11.3,2023,20.7,2023,6.7,2023,94581.0,2025,3.4858118703,2025,5.800000000000001,2025,0.8314076,2025
18061,Harrison County,IN,78.06666666666668,2010-2015,6,0.442456126,2020,0.039656114,2019,8.994170528,2022,0.049566295,2018,42.7,2023,12.8,2023,24.6,2023,7.4,2023,75443.0,2025,3.664365735,2025,10.5,2025,0.47785520000000004,2025
18063,Hendricks County,IN,79.58095238095238,2010-2015,21,0.77921629,2020,51.5453949,2019,8.994170528,2022,0.029938506,2018,36.4,2023,11.1,2023,19.8,2023,6.9,2023,95323.0,2025,3.3125896806,2025,5.8999999999999995,2025,0.4850715,2025
18065,Henry County,IN,76.63846153846154,2010-2015,13,0.6037516,2020,18.18729591,2019,8.994170528,2022,0.041432746,2018,43.7,2023,13.5,2023,29.1,2023,8.5,2023,62048.0,2025,3.964909828,2025,16.8,2025,0.4087054,2025
18067,Howard County,IN,75.985,2010-2015,20,0.979064941,2020,26.96425629,2019,8.994170528,2022,0.012140932,2018,36.5,2023,14.4,2023,27.8,2023,8.4,2023,61548.0,2025,4.1095923427,2025,18.099999999999998,2025,0.5496671999999999,2025
18069,Huntington County,IN,77.57777777777778,2010-2015,9,0.796812773,2020,27.29800415,2019,8.994170528,2022,0.082781456,2018,39.9,2023,13.3,2023,25.2,2023,7.9,2023,67462.0,2025,3.6867359798,2025,12.1,2025,0.5447068,2025
18071,Jackson County,IN,76.05,2010-2015,10,0.88191396,2020,33.00910187,2019,8.994170528,2022,0.045340165,2018,39.6,2023,13.6,2023,26.9,2023,10.1,2023,69753.0,2025,3.7230560951,2025,12.9,2025,0.6729329,2025
18073,Jasper County,IN,77.1625,2010-2015,8,0.717703342,2020,13.60258484,2019,8.994170528,2022,0.059934072,2018,40.2,2023,12.7,2023,25.3,2023,8.4,2023,75027.0,2025,4.0644975438,2025,10.0,2025,0.24175760000000002,2025
18075,Jay County,IN,76.47142857142856,2010-2015,7,0.538793087,2020,24.41493797,2019,8.994170528,2022,0.096320555,2018,43.6,2023,15.0,2023,30.6,2023,10.0,2023,61030.0,2025,3.8778554414,2025,20.599999999999998,2025,0.29632559999999997,2025
18077,Jefferson County,IN,75.57142857142857,2010-2015,7,0.622858942,2020,8.286190987,2019,8.994170528,2022,0.031048186,2018,36.6,2023,13.5,2023,25.3,2023,8.4,2023,62153.0,2025,4.1956466256,2025,16.400000000000002,2025,0.6034820999999999,2025
18079,Jennings County,IN,77.66666666666667,2010-2015,6,0.436125755,2020,25.24716949,2019,8.994170528,2022,0.036217451,2018,41.2,2023,14.3,2023,28.1,2023,8.9,2023,61695.0,2025,3.6346153846,2025,16.1,2025,0.4378124,2025
18081,Johnson County,IN,77.68571428571428,2010-2015,21,0.765844584,2020,31.38291931,2019,8.994170528,2022,0.012802049,2018,38.8,2023,11.9,2023,22.5,2023,7.1,2023,91676.0,2025,3.8668303314,2025,8.3,2025,0.8034182000000001,2025
18083,Knox County,IN,75.64,2010-2015,10,0.794041932,2020,8.577236176,2019,8.994170528,2022,0.054207888,2018,36.8,2023,13.2,2023,25.4,2023,8.3,2023,57242.0,2025,4.5531506301,2025,17.2,2025,0.723106,2025
18085,Kosciusko County,IN,77.94736842105263,2010-2015,19,0.670988023,2020,19.46721458,2019,8.994170528,2022,0.037810043,2018,38.7,2023,13.0,2023,27.2,2023,9.2,2023,72726.0,2025,3.7773294852,2025,11.0,2025,0.4369211,2025
18087,Lagrange County,IN,79.2125,2010-2015,8,0.224332616,2020,5.172517776,2019,8.994170528,2022,0.076277651,2018,39.6,2023,12.4,2023,29.1,2023,12.0,2023,81738.0,2025,3.380215718,2025,10.5,2025,0.2467673,2025
18089,Lake County,IN,75.17256637168141,2010-2015,113,0.93121326,2020,34.40982437,2019,8.994170528,2022,0.014450539,2018,39.9,2023,15.1,2023,27.9,2023,10.7,2023,69182.0,2025,4.6856446842,2025,20.0,2025,0.5074635000000001,2025
18091,La Porte County,IN,75.55357142857143,2010-2015,28,0.647438049,2020,23.96469307,2019,8.994170528,2022,0.045451652,2018,37.0,2023,15.0,2023,28.1,2023,9.5,2023,64204.0,2025,4.2524627349,2025,21.6,2025,0.3736987,2025
18093,Lawrence County,IN,74.78,2010-2015,10,0.439599097,2020,7.166318417,2019,8.994170528,2022,0.021897171,2018,42.0,2023,13.9,2023,26.8,2023,8.0,2023,64958.0,2025,4.4446483409,2025,16.1,2025,0.39937870000000003,2025
18095,Madison County,IN,75.23055555555555,2010-2015,36,0.562919796,2020,35.36664581,2019,8.994170528,2022,0.038568046,2018,36.4,2023,14.0,2023,29.1,2023,9.0,2023,62000.0,2025,4.1632794542,2025,17.1,2025,0.4817177,2025
18097,Marion County,IN,75.01435406698565,2010-2015,209,0.847665489,2020,32.56227493,2019,8.994170528,2022,0.020949647,2018,38.3,2023,13.0,2023,24.3,2023,10.7,2023,66653.0,2025,4.4712874843,2025,20.7,2025,0.7795268,2025
18099,Marshall County,IN,78.94166666666666,2010-2015,12,0.824151993,2020,14.91217804,2019,8.994170528,2022,0.086490229,2018,43.2,2023,14.0,2023,28.8,2023,10.3,2023,70390.0,2025,3.4487691567,2025,12.7,2025,0.5203703000000001,2025
18101,Martin County,IN,78.36666666666666,2010-2015,3,0.694513321,2020,10.6302681,2019,8.994170528,2022,0.0,2018,39.1,2023,14.6,2023,27.5,2023,8.5,2023,60862.0,2025,4.1122773005,2025,16.3,2025,0.3067485,2025
18103,Miami County,IN,76.33,2010-2015,10,0.481204718,2020,19.00014877,2019,8.994170528,2022,0.028115951,2018,44.3,2023,14.6,2023,28.4,2023,9.8,2023,59297.0,2025,3.9531077274,2025,19.2,2025,0.2217233,2025
18105,Monroe County,IN,78.84347826086957,2010-2015,23,0.742145061,2020,18.32712173,2019,8.994170528,2022,0.027226256,2018,32.5,2023,9.9,2023,20.6,2023,7.0,2023,60553.0,2025,5.6130505991,2025,13.5,2025,0.5862377,2025
18107,Montgomery County,IN,78.44444444444444,2010-2015,9,0.808028162,2020,10.36982822,2019,8.994170528,2022,0.02607834,2018,39.2,2023,13.5,2023,28.5,2023,9.1,2023,69928.0,2025,4.004026119,2025,14.6,2025,0.2889946,2025
18109,Morgan County,IN,76.26923076923077,2010-2015,13,0.523286223,2020,28.69270515,2019,8.994170528,2022,0.02852416,2018,37.8,2023,13.4,2023,24.4,2023,7.6,2023,74193.0,2025,4.0178423007,2025,11.899999999999999,2025,0.4016287,2025
18111,Newton County,IN,76.55,2010-2015,4,0.431437403,2020,14.57728672,2019,8.994170528,2022,0.0,2018,43.5,2023,14.4,2023,28.3,2023,9.9,2023,70836.0,2025,3.7290677161,2025,12.9,2025,0.07242180000000001,2025
18113,Noble County,IN,77.9,2010-2015,10,0.627195179,2020,9.052998543,2019,8.994170528,2022,0.063115373,2018,39.6,2023,13.2,2023,26.9,2023,10.5,2023,66072.0,2025,3.7273120138,2025,10.9,2025,0.33878929999999996,2025
18115,Ohio County,IN,78.35,2010-2015,2,,,0.0,2019,8.994170528,2022,0.171115682,2018,39.5,2023,14.3,2023,26.2,2023,7.3,2023,70757.0,2025,3.9199814986,2025,12.2,2025,0.16728,2025
18117,Orange County,IN,77.01666666666667,2010-2015,6,0.610655963,2020,1.097332239,2019,8.994170528,2022,0.153932989,2018,39.7,2023,14.7,2023,28.8,2023,8.9,2023,59750.0,2025,5.1762110836,2025,17.599999999999998,2025,0.4034291,2025
18119,Owen County,IN,76.94,2010-2015,5,0.480007678,2020,0.703386724,2019,8.994170528,2022,0.047973134,2018,41.7,2023,14.5,2023,27.5,2023,8.4,2023,62247.0,2025,4.2194281905,2025,17.8,2025,0.1398862,2025
18121,Parke County,IN,78.425,2010-2015,4,0.23709324,2020,18.87968826,2019,8.994170528,2022,0.118154429,2018,42.3,2023,15.4,2023,31.0,2023,9.7,2023,70989.0,2025,4.17443399,2025,19.400000000000002,2025,0.30474799999999996,2025
18123,Perry County,IN,75.96000000000001,2010-2015,5,0.5742926,2020,28.61433029,2019,8.994170528,2022,0.104701079,2018,37.6,2023,13.4,2023,25.8,2023,8.5,2023,63098.0,2025,4.8396127572,2025,16.3,2025,0.465935,2025
18125,Pike County,IN,80.925,2010-2015,4,0.242365494,2020,2.595131874,2019,8.994170528,2022,0.080580175,2018,37.9,2023,14.5,2023,27.7,2023,8.3,2023,66716.0,2025,4.1719097222,2025,14.099999999999998,2025,0.3293808,2025
18127,Porter County,IN,77.66071428571429,2010-2015,28,0.731079638,2020,40.44406891,2019,8.994170528,2022,0.017689304,2018,39.9,2023,12.5,2023,25.5,2023,8.3,2023,79398.0,2025,4.1421542267,2025,10.6,2025,0.5624328999999999,2025
18129,Posey County,IN,77.88571428571429,2010-2015,7,0.395647883,2020,31.64577293,2019,8.994170528,2022,0.078308538,2018,40.4,2023,12.9,2023,23.0,2023,6.8,2023,76228.0,2025,4.0655058043,2025,11.600000000000001,2025,0.3185221,2025
18131,Pulaski County,IN,77.05,2010-2015,4,0.484339684,2020,9.482639313,2019,8.994170528,2022,0.0,2018,38.7,2023,14.5,2023,28.6,2023,8.9,2023,70303.0,2025,4.1671828909,2025,14.499999999999998,2025,0.3241754,2025
18133,Putnam County,IN,77.75714285714285,2010-2015,7,0.50708586,2020,11.94150448,2019,8.994170528,2022,0.079409197,2018,38.4,2023,12.4,2023,24.7,2023,8.0,2023,73137.0,2025,4.0048619393,2025,12.7,2025,0.3245085,2025
18135,Randolph County,IN,78.39999999999999,2010-2015,7,0.413376868,2020,17.64956093,2019,8.994170528,2022,0.04023983,2018,38.7,2023,14.4,2023,29.0,2023,9.2,2023,58725.0,2025,3.8525528641,2025,18.6,2025,0.1640218,2025
18137,Ripley County,IN,78.21666666666667,2010-2015,6,0.527277827,2020,4.334608078,2019,8.994170528,2022,0.070118852,2018,36.2,2023,12.5,2023,25.0,2023,7.7,2023,66942.0,2025,4.0410849748,2025,13.0,2025,0.0343867,2025
18139,Rush County,IN,77.74,2010-2015,5,0.600636661,2020,12.95516968,2019,8.994170528,2022,0.060013201,2018,39.1,2023,14.3,2023,27.7,2023,8.4,2023,65326.0,2025,4.0958576187,2025,13.600000000000001,2025,0.3598848,2025
18141,St. Joseph County,IN,76.45714285714286,2010-2015,70,0.747742057,2020,31.75575066,2019,8.994170528,2022,0.018465789,2018,35.3,2023,12.9,2023,26.5,2023,9.0,2023,65977.0,2025,4.4573253408,2025,18.4,2025,0.9000338,2025
18143,Scott County,IN,73.47999999999999,2010-2015,5,0.840760052,2020,17.95147514,2019,8.994170528,2022,0.041879553,2018,42.3,2023,14.1,2023,29.9,2023,9.4,2023,62584.0,2025,4.602669841,2025,19.5,2025,0.369534,2025
18145,Shelby County,IN,77.64444444444445,2010-2015,9,0.579438865,2020,16.5880146,2019,8.994170528,2022,0.022425044,2018,41.2,2023,13.9,2023,26.2,2023,8.5,2023,71548.0,2025,4.2762330953,2025,12.9,2025,0.3552477,2025
18147,Spencer County,IN,80.74,2010-2015,5,0.64276886,2020,0.136355817,2019,8.994170528,2022,0.0,2018,39.9,2023,13.4,2023,24.0,2023,7.3,2023,77467.0,2025,4.0840325118,2025,10.2,2025,0.35357109999999997,2025
18149,Starke County,IN,73.91428571428571,2010-2015,7,0.390472472,2020,2.045055628,2019,8.994170528,2022,0.043601483,2018,42.4,2023,15.0,2023,29.3,2023,9.6,2023,61259.0,2025,3.9777893137,2025,18.4,2025,0.1283587,2025
18151,Steuben County,IN,78.5625,2010-2015,8,0.602911174,2020,30.86360168,2019,8.994170528,2022,0.028913433,2018,34.8,2023,13.5,2023,24.7,2023,7.8,2023,71355.0,2025,3.6505332006,2025,13.0,2025,0.2887503,2025
18153,Sullivan County,IN,77.92,2010-2015,5,0.437360287,2020,15.87148476,2019,8.994170528,2022,0.0,2018,43.6,2023,14.1,2023,28.4,2023,9.5,2023,59148.0,2025,3.8209356114,2025,18.9,2025,0.3372194,2025
18155,Switzerland County,IN,75.39999999999999,2010-2015,3,,,4.594595909,2019,8.994170528,2022,0.093309693,2018,40.4,2023,14.9,2023,29.8,2023,9.5,2023,60219.0,2025,3.8427847224,2025,21.4,2025,,
18157,Tippecanoe County,IN,78.47419354838709,2010-2015,31,0.724064946,2020,40.16163254,2019,8.994170528,2022,0.020720236,2018,27.9,2023,10.0,2023,20.9,2023,8.6,2023,61681.0,2025,4.9124479102,2025,12.7,2025,0.7002501999999999,2025
18159,Tipton County,IN,77.95,2010-2015,4,0.525382519,2020,22.38351822,2019,8.994170528,2022,0.066102594,2018,36.5,2023,13.5,2023,24.7,2023,7.4,2023,76188.0,2025,3.2852501169,2025,12.4,2025,0.2602134,2025
18161,Union County,IN,77.94999999999999,2010-2015,2,0.561876655,2020,0.0,2019,8.994170528,2022,0.0,2018,37.6,2023,13.0,2023,24.2,2023,7.1,2023,64648.0,2025,3.7694873233,2025,15.9,2025,0.14190439999999999,2025
18163,Vanderburgh County,IN,75.38695652173914,2010-2015,46,0.942739546,2020,37.90548706,2019,8.994170528,2022,0.016576966,2018,38.2,2023,12.8,2023,26.2,2023,8.2,2023,60923.0,2025,4.078223649,2025,17.4,2025,0.777834,2025
18165,Vermillion County,IN,77.42,2010-2015,5,0.456650794,2020,4.743662357,2019,8.994170528,2022,0.0,2018,40.6,2023,14.3,2023,27.6,2023,8.1,2023,58743.0,2025,3.8995148511,2025,16.400000000000002,2025,0.5866632,2025
18167,Vigo County,IN,74.74642857142858,2010-2015,28,0.834834158,2020,38.79411697,2019,8.994170528,2022,0.009312201,2018,41.0,2023,13.7,2023,25.7,2023,8.9,2023,50665.0,2025,5.1278501629,2025,21.099999999999998,2025,0.8302357,2025
18169,Wabash County,IN,76.5625,2010-2015,8,0.779625773,2020,18.24990082,2019,8.994170528,2022,0.063938618,2018,38.1,2023,13.8,2023,26.7,2023,8.0,2023,60668.0,2025,4.3589341121,2025,13.600000000000001,2025,0.4218588,2025
18171,Warren County,IN,80.85,2010-2015,2,,,6.403787136,2019,8.994170528,2022,0.0,2018,41.6,2023,14.1,2023,26.7,2023,7.9,2023,74750.0,2025,3.9912224426,2025,12.2,2025,,
18173,Warrick County,IN,79.33636363636364,2010-2015,11,0.426749289,2020,38.61706161,2019,8.994170528,2022,0.031965733,2018,34.0,2023,11.6,2023,21.2,2023,6.1,2023,87293.0,2025,3.7432259565,2025,8.9,2025,1.5345506,2025
18175,Washington County,IN,74.98333333333333,2010-2015,6,0.425335824,2020,9.224858284,2019,8.994170528,2022,0.035787139,2018,41.5,2023,14.7,2023,28.6,2023,9.0,2023,55682.0,2025,4.1898359077,2025,18.099999999999998,2025,0.2490926,2025
18177,Wayne County,IN,76.08235294117648,2010-2015,17,0.668916643,2020,34.43942261,2019,8.994170528,2022,0.030332444,2018,37.9,2023,14.7,2023,28.7,2023,9.0,2023,52956.0,2025,4.609214116,2025,22.900000000000002,2025,0.6019019999999999,2025
18179,Wells County,IN,80.24285714285715,2010-2015,7,0.568545222,2020,33.23987961,2019,8.994170528,2022,0.03545345,2018,41.9,2023,12.7,2023,25.6,2023,8.0,2023,69833.0,2025,3.5007693871,2025,10.7,2025,0.461042,2025
18181,White County,IN,78.625,2010-2015,8,0.66211462,2020,2.005925894,2019,8.994170528,2022,0.041437037,2018,44.6,2023,14.6,2023,27.9,2023,9.4,2023,67077.0,2025,3.7305967239,2025,14.899999999999999,2025,0.3650968,2025
18183,Whitley County,IN,80.62857142857142,2010-2015,7,0.610855758,2020,4.540975094,2019,8.994170528,2022,0.0,2018,39.7,2023,12.6,2023,24.0,2023,7.6,2023,76326.0,2025,3.4514195167,2025,10.299999999999999,2025,0.5808888,2025
19001,Adair County,IA,78.13333333333333,2010-2015,3,0.566652477,2020,8.036211014,2019,8.502626294,2022,0.283165783,2018,39.9,2023,13.1,2023,28.2,2023,7.2,2023,67873.0,2025,4.4632540503,2025,13.3,2025,0.5304336,2025
19003,Adams County,IA,78.1,2010-2015,2,0.836120427,2020,6.422805786,2019,8.502626294,2022,0.274348408,2018,39.1,2023,13.2,2023,27.6,2023,6.5,2023,63399.0,2025,4.2171225863,2025,15.299999999999999,2025,0.5492996,2025
19005,Allamakee County,IA,79.88,2010-2015,5,0.219909102,2020,10.87645721,2019,8.502626294,2022,0.144592255,2018,42.3,2023,13.1,2023,27.4,2023,8.2,2023,65586.0,2025,3.8667880246,2025,17.0,2025,0.574465,2025
19007,Appanoose County,IA,76.86,2010-2015,5,0.724054694,2020,15.74483871,2019,8.502626294,2022,0.0,2018,43.4,2023,15.4,2023,31.5,2023,8.2,2023,54629.0,2025,4.6400151214,2025,21.4,2025,0.6526883,2025
19009,Audubon County,IA,77.5,2010-2015,3,,,7.412939548,2019,8.502626294,2022,0.181620046,2018,37.6,2023,13.6,2023,27.9,2023,7.2,2023,64977.0,2025,3.8330889977,2025,13.700000000000001,2025,0.5323869,2025
19011,Benton County,IA,80.77142857142857,2010-2015,7,0.196741953,2020,16.97654915,2019,8.502626294,2022,0.194992587,2018,40.8,2023,11.1,2023,23.9,2023,6.1,2023,86364.0,2025,4.0416173782,2025,9.1,2025,0.1946207,2025
19013,Black Hawk County,IA,77.95294117647059,2010-2015,34,0.764607847,2020,27.52601814,2019,8.502626294,2022,0.045314483,2018,40.4,2023,11.6,2023,23.6,2023,7.2,2023,61558.0,2025,4.2829539258,2025,15.1,2025,0.9511537,2025
19015,Boone County,IA,80.45714285714287,2010-2015,7,0.266392648,2020,10.1113224,2019,8.502626294,2022,0.037956428,2018,43.4,2023,11.2,2023,24.8,2023,6.2,2023,77381.0,2025,3.7584625464,2025,9.5,2025,0.4490514,2025
19017,Bremer County,IA,81.0375,2010-2015,8,0.355576634,2020,9.956210136,2019,8.502626294,2022,0.120254941,2018,37.6,2023,9.9,2023,22.4,2023,5.8,2023,79410.0,2025,3.3261974054,2025,6.6000000000000005,2025,0.4784498,2025
19019,Buchanan County,IA,79.06666666666666,2010-2015,6,0.375816226,2020,14.13348389,2019,8.502626294,2022,0.047172036,2018,37.6,2023,11.1,2023,24.0,2023,6.4,2023,80402.0,2025,3.6414993832,2025,12.4,2025,0.38727789999999995,2025
19021,Buena Vista County,IA,80.11666666666666,2010-2015,6,0.455189168,2020,16.62055969,2019,8.502626294,2022,0.050316997,2018,38.1,2023,13.0,2023,30.1,2023,12.8,2023,65671.0,2025,3.5921447632,2025,16.6,2025,0.5295845,2025
19023,Butler County,IA,79.53999999999999,2010-2015,5,,,6.878715038,2019,8.502626294,2022,0.0,2018,39.3,2023,12.6,2023,28.0,2023,6.9,2023,73033.0,2025,3.559106805,2025,9.3,2025,0.1395479,2025
19025,Calhoun County,IA,78.725,2010-2015,4,,,29.88311005,2019,8.502626294,2022,0.309310228,2018,39.8,2023,12.3,2023,26.5,2023,7.1,2023,63597.0,2025,3.656116098,2025,14.399999999999999,2025,0.7060010000000001,2025
19027,Carroll County,IA,80.13333333333334,2010-2015,6,0.753238916,2020,8.913966179,2019,8.502626294,2022,0.099235885,2018,39.7,2023,12.0,2023,27.2,2023,6.9,2023,61806.0,2025,4.0467725627,2025,8.6,2025,0.8699014,2025
19029,Cass County,IA,77.62,2010-2015,5,0.624171019,2020,28.74804878,2019,8.502626294,2022,0.30935809,2018,40.7,2023,13.9,2023,28.6,2023,7.6,2023,59509.0,2025,4.9615850349,2025,18.4,2025,0.4597701,2025
19031,Cedar County,IA,82.17999999999999,2010-2015,5,0.378685415,2020,22.55412292,2019,8.502626294,2022,0.161056533,2018,40.8,2023,11.9,2023,25.5,2023,6.5,2023,77777.0,2025,3.5448312098,2025,9.3,2025,0.16295489999999999,2025
19033,Cerro Gordo County,IA,80.41,2010-2015,10,0.950051069,2020,21.62915039,2019,8.502626294,2022,0.070344925,2018,40.1,2023,12.5,2023,27.0,2023,7.1,2023,63161.0,2025,4.0208754209,2025,13.100000000000001,2025,1.4283707,2025
19035,Cherokee County,IA,80.05,2010-2015,4,0.893655062,2020,23.29896545,2019,8.502626294,2022,0.0,2018,40.6,2023,13.7,2023,30.0,2023,7.9,2023,70197.0,2025,4.4697441154,2025,12.9,2025,0.5216031,2025
19037,Chickasaw County,IA,81.275,2010-2015,4,0.338009119,2020,12.63006115,2019,8.502626294,2022,0.083584085,2018,39.4,2023,12.6,2023,27.5,2023,7.7,2023,73547.0,2025,3.7660282594,2025,9.0,2025,0.3365021,2025
19039,Clarke County,IA,78.03333333333333,2010-2015,3,0.53458786,2020,9.223778725,2019,8.502626294,2022,0.106123313,2018,43.1,2023,14.2,2023,31.8,2023,11.3,2023,65162.0,2025,3.7736147918,2025,15.299999999999999,2025,0.5109862000000001,2025
19041,Clay County,IA,80.05,2010-2015,4,1.001502275,2020,14.85280228,2019,8.502626294,2022,0.123961821,2018,35.2,2023,12.3,2023,26.5,2023,6.9,2023,72021.0,2025,4.1703560135,2025,14.899999999999999,2025,0.8515815,2025
19043,Clayton County,IA,79.7,2010-2015,6,0.635067284,2020,2.506485701,2019,8.502626294,2022,0.341763496,2018,41.0,2023,13.9,2023,30.7,2023,7.7,2023,65814.0,2025,3.951971978,2025,12.8,2025,0.4118132,2025
19045,Clinton County,IA,77.90833333333333,2010-2015,12,0.668218672,2020,29.71593094,2019,8.502626294,2022,0.064491168,2018,39.3,2023,12.7,2023,27.5,2023,7.4,2023,67095.0,2025,4.0836595237,2025,18.0,2025,0.473495,2025
19047,Crawford County,IA,78.38,2010-2015,5,0.534632266,2020,32.06416702,2019,8.502626294,2022,0.1165637,2018,42.6,2023,14.3,2023,32.5,2023,13.5,2023,64170.0,2025,4.4737062206,2025,13.600000000000001,2025,0.18526520000000002,2025
19049,Dallas County,IA,81.52666666666667,2010-2015,15,0.721924841,2020,22.07529068,2019,8.502626294,2022,0.044355731,2018,32.8,2023,8.8,2023,19.4,2023,5.5,2023,102189.0,2025,4.0041958629,2025,5.4,2025,0.4239084,2025
19051,Davis County,IA,80.5,2010-2015,2,,,10.91892719,2019,8.502626294,2022,0.110901631,2018,37.5,2023,12.0,2023,28.4,2023,8.8,2023,66410.0,2025,3.4954271632,2025,15.6,2025,0.2188663,2025
19053,Decatur County,IA,78.73333333333333,2010-2015,3,0.386150092,2020,9.852791786,2019,8.502626294,2022,0.253485411,2018,39.6,2023,12.4,2023,27.6,2023,8.1,2023,54409.0,2025,4.2723715764,2025,25.7,2025,0.2611307,2025
19055,Delaware County,IA,78.7,2010-2015,4,0.354254007,2020,11.31129551,2019,8.502626294,2022,0.117171481,2018,39.7,2023,12.5,2023,27.9,2023,7.0,2023,69339.0,2025,3.9961264751,2025,9.700000000000001,2025,0.4568818,2025
19057,Des Moines County,IA,78.48181818181818,2010-2015,11,0.981709182,2020,30.06417084,2019,8.502626294,2022,0.076651849,2018,34.6,2023,12.3,2023,28.2,2023,7.4,2023,60599.0,2025,4.3851088202,2025,20.9,2025,0.7534229,2025
19059,Dickinson County,IA,79.94,2010-2015,5,1.082682729,2020,8.395184517,2019,8.502626294,2022,0.058298841,2018,37.2,2023,12.1,2023,24.2,2023,5.6,2023,80922.0,2025,3.6679376658,2025,8.7,2025,0.8402891,2025
19061,Dubuque County,IA,79.0076923076923,2010-2015,26,0.748027444,2020,23.25174713,2019,8.502626294,2022,0.030974457,2018,34.3,2023,10.4,2023,22.8,2023,6.4,2023,72749.0,2025,4.0483485758,2025,10.2,2025,0.7698697,2025
19063,Emmet County,IA,77.8,2010-2015,4,0.549752593,2020,31.3008461,2019,8.502626294,2022,0.108073056,2018,42.5,2023,12.7,2023,27.9,2023,8.9,2023,61500.0,2025,3.7445896215,2025,14.799999999999999,2025,0.6437078,2025
19065,Fayette County,IA,78.41428571428571,2010-2015,7,0.519264698,2020,4.032167435,2019,8.502626294,2022,0.203458801,2018,38.5,2023,13.1,2023,29.4,2023,7.4,2023,62103.0,2025,4.8413733535,2025,17.1,2025,0.31155879999999997,2025
19067,Floyd County,IA,79.7,2010-2015,5,0.322997421,2020,22.23357964,2019,8.502626294,2022,0.126895502,2018,39.8,2023,12.9,2023,27.5,2023,7.4,2023,67582.0,2025,4.0412491822,2025,16.5,2025,0.3892818,2025
19069,Franklin County,IA,81.3,2010-2015,3,0.401163369,2020,19.68704796,2019,8.502626294,2022,0.098775186,2018,40.7,2023,14.1,2023,30.1,2023,10.0,2023,71041.0,2025,4.5824690822,2025,15.6,2025,0.1004823,2025
19071,Fremont County,IA,77.5,2010-2015,3,0.891662955,2020,75.99986267,2019,8.502626294,2022,0.143000141,2018,39.9,2023,12.7,2023,25.7,2023,6.6,2023,72129.0,2025,3.7938159611,2025,14.899999999999999,2025,0.1522765,2025
19073,Greene County,IA,78.425,2010-2015,4,0.454803854,2020,18.57673645,2019,8.502626294,2022,0.111346178,2018,35.8,2023,13.1,2023,28.2,2023,7.1,2023,63082.0,2025,3.6257370907,2025,15.5,2025,0.6883102,2025
19075,Grundy County,IA,80.725,2010-2015,4,,,0.0,2019,8.502626294,2022,0.081274383,2018,37.5,2023,11.1,2023,23.9,2023,5.9,2023,81093.0,2025,3.3570612204,2025,6.4,2025,0.242974,2025
19077,Guthrie County,IA,80.43333333333334,2010-2015,3,0.372543544,2020,11.33162785,2019,8.502626294,2022,0.186567158,2018,37.2,2023,12.4,2023,26.1,2023,6.4,2023,78027.0,2025,3.984208403,2025,12.7,2025,0.2839027,2025
19079,Hamilton County,IA,80.2,2010-2015,5,0.203859746,2020,10.00475693,2019,8.502626294,2022,0.066880688,2018,36.5,2023,12.1,2023,25.6,2023,7.5,2023,71731.0,2025,4.0748588509,2025,11.4,2025,0.26869079999999995,2025
19081,Hancock County,IA,79.625,2010-2015,4,0.571047902,2020,9.641195297,2019,8.502626294,2022,0.373412997,2018,42.2,2023,12.6,2023,28.7,2023,7.5,2023,67979.0,2025,3.4215186477,2025,10.7,2025,0.09378220000000001,2025
19083,Hardin County,IA,80.03333333333333,2010-2015,6,0.42232278,2020,8.575946808,2019,8.502626294,2022,0.23713541,2018,38.9,2023,12.9,2023,27.3,2023,7.5,2023,67903.0,2025,4.0705229794,2025,13.900000000000002,2025,0.3591094,2025
19085,Harrison County,IA,77.16,2010-2015,5,0.717978179,2020,19.7424202,2019,8.502626294,2022,0.141502753,2018,35.2,2023,12.5,2023,25.8,2023,6.7,2023,63139.0,2025,3.8440643275,2025,12.6,2025,0.3408549,2025
19087,Henry County,IA,79.75999999999999,2010-2015,5,0.456922382,2020,33.63263702,2019,8.502626294,2022,0.049833059,2018,38.8,2023,12.5,2023,26.4,2023,7.8,2023,65627.0,2025,3.8394986656,2025,15.9,2025,0.5886104,2025
19089,Howard County,IA,78.56666666666666,2010-2015,3,0.435919791,2020,37.79862976,2019,8.502626294,2022,0.544247329,2018,38.0,2023,12.4,2023,26.5,2023,7.5,2023,67552.0,2025,3.5896413101,2025,12.3,2025,0.5275375,2025
19091,Humboldt County,IA,81.15,2010-2015,4,0.422252715,2020,24.54718971,2019,8.502626294,2022,0.104744948,2018,41.4,2023,13.2,2023,27.5,2023,7.7,2023,72307.0,2025,4.3152769966,2025,11.899999999999999,2025,0.103799,2025
19093,Ida County,IA,79.3,2010-2015,3,0.585394382,2020,1.254435658,2019,8.502626294,2022,0.146177456,2018,41.0,2023,12.4,2023,27.8,2023,7.4,2023,71238.0,2025,3.749213658,2025,12.9,2025,0.2875216,2025
19095,Iowa County,IA,79.85,2010-2015,4,0.309827745,2020,5.148017406,2019,8.502626294,2022,0.123908058,2018,43.4,2023,11.7,2023,24.8,2023,6.6,2023,75419.0,2025,3.7535815804,2025,8.200000000000001,2025,0.6035732,2025
19097,Jackson County,IA,78.68333333333332,2010-2015,6,0.416558176,2020,23.99578476,2019,8.502626294,2022,0.154384524,2018,40.3,2023,12.7,2023,27.1,2023,6.9,2023,74910.0,2025,3.9357038923,2025,13.0,2025,0.3614209,2025
19099,Jasper County,IA,79.04444444444444,2010-2015,9,0.484548301,2020,16.18694878,2019,8.502626294,2022,0.080760226,2018,38.3,2023,11.9,2023,25.6,2023,7.2,2023,72394.0,2025,3.9037119896,2025,11.799999999999999,2025,0.3972037,2025
19101,Jefferson County,IA,80.3,2010-2015,3,0.545048237,2020,18.50899696,2019,8.502626294,2022,0.054404005,2018,39.6,2023,13.2,2023,25.9,2023,6.8,2023,58146.0,2025,4.7204644537,2025,18.6,2025,0.7669201999999999,2025
19103,Johnson County,IA,82.1421052631579,2010-2015,19,0.741511643,2020,8.568649292,2019,8.502626294,2022,0.026444532,2018,30.4,2023,8.8,2023,18.1,2023,6.3,2023,74665.0,2025,5.1101780316,2025,10.5,2025,1.9192494,2025
19105,Jones County,IA,80.84,2010-2015,5,0.291021973,2020,15.59039974,2019,8.502626294,2022,0.144620135,2018,39.7,2023,11.9,2023,25.8,2023,6.9,2023,74193.0,2025,3.5355334282,2025,11.899999999999999,2025,0.3364576,2025
19107,Keokuk County,IA,79.775,2010-2015,4,0.396628648,2020,25.41497803,2019,8.502626294,2022,0.0,2018,41.4,2023,13.4,2023,28.7,2023,7.3,2023,65656.0,2025,4.1964568524,2025,14.899999999999999,2025,0.1008675,2025
19109,Kossuth County,IA,79.75,2010-2015,6,0.476839244,2020,18.71199226,2019,8.502626294,2022,0.201234236,2018,38.2,2023,13.1,2023,26.8,2023,7.0,2023,66667.0,2025,3.9487136258,2025,12.3,2025,0.481795,2025
19111,Lee County,IA,76.92727272727274,2010-2015,11,0.597371578,2020,28.2858181,2019,8.502626294,2022,0.117457055,2018,37.6,2023,12.9,2023,28.1,2023,7.4,2023,60053.0,2025,4.4952146231,2025,18.5,2025,0.6322445,2025
19113,Linn County,IA,79.32954545454545,2010-2015,44,0.737314224,2020,29.15248489,2019,8.502626294,2022,0.044265613,2018,35.4,2023,11.2,2023,22.6,2023,6.4,2023,73079.0,2025,4.0992018567,2025,11.5,2025,0.6246204999999999,2025
19115,Louisa County,IA,80.7,2010-2015,3,,,1.139075398,2019,8.502626294,2022,0.08953353,2018,40.2,2023,12.8,2023,28.9,2023,9.8,2023,76120.0,2025,3.3318281512,2025,13.100000000000001,2025,0.0930319,2025
19117,Lucas County,IA,77.30000000000001,2010-2015,4,0.469593793,2020,27.53685379,2019,8.502626294,2022,0.115673803,2018,39.8,2023,13.9,2023,29.1,2023,8.1,2023,59540.0,2025,5.023923445,2025,21.099999999999998,2025,1.0332951000000001,2025
19119,Lyon County,IA,81.06666666666666,2010-2015,3,,,12.76156712,2019,8.502626294,2022,0.169333667,2018,42.2,2023,11.8,2023,27.5,2023,7.5,2023,74790.0,2025,3.4276900497,2025,8.7,2025,0.3330281,2025
19121,Madison County,IA,80.2,2010-2015,3,0.242116094,2020,19.7417984,2019,8.502626294,2022,0.06154225,2018,37.2,2023,10.5,2023,22.8,2023,5.9,2023,84509.0,2025,3.644976285,2025,6.7,2025,0.5365766,2025
19123,Mahaska County,IA,78.22857142857143,2010-2015,7,0.536432743,2020,25.56454468,2019,8.502626294,2022,0.090909094,2018,38.6,2023,11.7,2023,28.4,2023,7.1,2023,71332.0,2025,4.0208526413,2025,14.299999999999999,2025,0.7278020000000001,2025
19125,Marion County,IA,78.675,2010-2015,8,0.633140385,2020,15.93783092,2019,8.502626294,2022,0.089801535,2018,39.4,2023,10.5,2023,22.6,2023,5.9,2023,79709.0,2025,3.9461293566,2025,8.200000000000001,2025,0.9586579,2025
19127,Marshall County,IA,79.03999999999999,2010-2015,10,0.557032526,2020,28.09868813,2019,8.502626294,2022,0.100047521,2018,44.1,2023,12.7,2023,28.4,2023,11.0,2023,64005.0,2025,3.769106779,2025,15.7,2025,0.42656760000000005,2025
19129,Mills County,IA,76.275,2010-2015,4,0.27089259,2020,13.27684593,2019,8.502626294,2022,0.06638784,2018,39.2,2023,11.3,2023,23.0,2023,5.9,2023,82260.0,2025,3.5127472379,2025,10.100000000000001,2025,0.5530591,2025
19131,Mitchell County,IA,81.10000000000001,2010-2015,3,0.281769514,2020,22.25393105,2019,8.502626294,2022,0.283849001,2018,40.1,2023,12.2,2023,26.4,2023,6.8,2023,74249.0,2025,4.1278773174,2025,13.0,2025,0.28422549999999996,2025
19133,Monona County,IA,75.6,2010-2015,4,0.697836697,2020,16.34312057,2019,8.502626294,2022,0.0,2018,42.2,2023,13.1,2023,28.3,2023,7.3,2023,59814.0,2025,4.1014559496,2025,17.0,2025,0.9330534,2025
19135,Monroe County,IA,76.46666666666665,2010-2015,3,0.386100382,2020,8.881569862,2019,8.502626294,2022,0.256739408,2018,38.2,2023,11.7,2023,25.4,2023,6.6,2023,65959.0,2025,3.8702694086,2025,14.2,2025,0.5256242,2025
19137,Montgomery County,IA,77.925,2010-2015,4,0.603925526,2020,20.69611549,2019,8.502626294,2022,0.099970005,2018,39.5,2023,12.9,2023,28.4,2023,7.4,2023,60487.0,2025,4.7736384043,2025,17.8,2025,0.38752179999999997,2025
19139,Muscatine County,IA,80.15,2010-2015,10,0.896353245,2020,16.99526787,2019,8.502626294,2022,0.069882832,2018,41.4,2023,12.3,2023,29.3,2023,10.0,2023,66309.0,2025,3.8093789531,2025,14.000000000000002,2025,0.3748126,2025
19141,O'Brien County,IA,78.7,2010-2015,4,0.584838092,2020,11.95119572,2019,8.502626294,2022,0.216763005,2018,38.8,2023,12.4,2023,27.9,2023,8.4,2023,69914.0,2025,3.9256977536,2025,10.5,2025,0.570817,2025
19143,Osceola County,IA,82.1,2010-2015,2,,,29.64593124,2019,8.502626294,2022,0.165562913,2018,39.5,2023,14.0,2023,30.1,2023,9.6,2023,72569.0,2025,4.5193057292,2025,16.0,2025,0.32472799999999996,2025
19145,Page County,IA,78.88333333333334,2010-2015,6,0.331718981,2020,10.654006,2019,8.502626294,2022,0.131156147,2018,42.9,2023,13.6,2023,29.3,2023,8.3,2023,60695.0,2025,4.3982745352,2025,16.900000000000002,2025,0.5264197,2025
19147,Palo Alto County,IA,78.4,2010-2015,4,0.678349376,2020,24.44960976,2019,8.502626294,2022,0.111994624,2018,40.0,2023,12.1,2023,25.8,2023,6.9,2023,64952.0,2025,4.1050612994,2025,13.4,2025,0.4491354,2025
19149,Plymouth County,IA,80.75,2010-2015,6,0.753400207,2020,15.89166355,2019,8.502626294,2022,0.119545728,2018,39.4,2023,11.2,2023,24.6,2023,7.0,2023,74765.0,2025,3.648582996,2025,10.9,2025,0.545809,2025
19151,Pocahontas County,IA,77.60000000000001,2010-2015,3,0.454063863,2020,22.32505035,2019,8.502626294,2022,0.445103854,2018,36.2,2023,13.3,2023,28.2,2023,7.8,2023,68654.0,2025,3.6740908519,2025,15.5,2025,0.2827255,2025
19153,Polk County,IA,78.43260869565218,2010-2015,92,0.75665462,2020,19.41256714,2019,8.502626294,2022,0.030787924,2018,37.0,2023,10.1,2023,23.7,2023,7.5,2023,79509.0,2025,4.0496253694,2025,15.299999999999999,2025,0.931882,2025
19155,Pottawattamie County,IA,78.57333333333332,2010-2015,30,0.760757744,2020,30.62080193,2019,8.502626294,2022,0.021382827,2018,39.1,2023,11.7,2023,27.4,2023,8.2,2023,70768.0,2025,4.258812616,2025,15.4,2025,0.45014149999999997,2025
19157,Poweshiek County,IA,79.03999999999999,2010-2015,5,0.544040024,2020,6.12349081,2019,8.502626294,2022,0.053478796,2018,40.5,2023,11.4,2023,25.8,2023,7.0,2023,73434.0,2025,5.0216175479,2025,11.0,2025,0.860863,2025
19159,Ringgold County,IA,75.69999999999999,2010-2015,2,1.041449666,2020,10.91896534,2019,8.502626294,2022,0.0,2018,42.7,2023,12.2,2023,25.9,2023,6.4,2023,61463.0,2025,3.6989705882,2025,20.4,2025,1.0778185,2025
19161,Sac County,IA,79.65,2010-2015,4,0.41653651,2020,11.15406609,2019,8.502626294,2022,0.0,2018,41.3,2023,12.5,2023,26.3,2023,7.0,2023,72395.0,2025,4.2575626907,2025,13.700000000000001,2025,0.6152584,2025
19163,Scott County,IA,78.36808510638298,2010-2015,47,0.860197663,2020,13.87704849,2019,8.502626294,2022,0.028854532,2018,40.6,2023,11.0,2023,24.1,2023,6.9,2023,77100.0,2025,4.5199363534,2025,12.9,2025,0.9990239,2025
19165,Shelby County,IA,79.05,2010-2015,4,0.524934411,2020,21.9498806,2019,8.502626294,2022,0.086370707,2018,37.8,2023,12.5,2023,26.7,2023,7.0,2023,68695.0,2025,4.4419298921,2025,10.100000000000001,2025,0.5097706,2025
19167,Sioux County,IA,82.17142857142858,2010-2015,7,0.599263787,2020,1.549149275,2019,8.502626294,2022,0.057291817,2018,33.0,2023,9.8,2023,23.3,2023,7.9,2023,85985.0,2025,3.650699159,2025,6.4,2025,0.807957,2025
19169,Story County,IA,81.0923076923077,2010-2015,13,0.773639262,2020,23.14751244,2019,8.502626294,2022,0.050965801,2018,30.8,2023,8.1,2023,20.1,2023,6.1,2023,71539.0,2025,5.0104753648,2025,9.2,2025,0.6433971,2025
19171,Tama County,IA,79.66666666666667,2010-2015,6,0.357121587,2020,15.37181759,2019,8.502626294,2022,0.11831519,2018,40.2,2023,13.6,2023,29.6,2023,9.3,2023,66288.0,2025,4.0537107047,2025,16.1,2025,0.1778621,2025
19173,Taylor County,IA,78.83333333333333,2010-2015,3,,,4.204685688,2019,8.502626294,2022,0.0,2018,39.7,2023,12.9,2023,28.4,2023,8.5,2023,59116.0,2025,3.6816169394,2025,14.799999999999999,2025,0.5112474,2025
19175,Union County,IA,77.975,2010-2015,4,0.575799942,2020,22.12738991,2019,8.502626294,2022,0.080912694,2018,37.2,2023,12.1,2023,27.1,2023,7.3,2023,59066.0,2025,4.196889816,2025,17.7,2025,0.9985021999999999,2025
19177,Van Buren County,IA,79.1,2010-2015,2,,,24.27519798,2019,8.502626294,2022,0.427350432,2018,39.5,2023,13.9,2023,29.6,2023,8.0,2023,57666.0,2025,4.6535103898,2025,22.3,2025,0.828386,2025
19179,Wapello County,IA,77.30909090909091,2010-2015,11,0.800342977,2020,50.37526321,2019,8.502626294,2022,0.085215166,2018,41.7,2023,13.5,2023,30.7,2023,10.0,2023,61642.0,2025,4.5136154983,2025,16.900000000000002,2025,0.5672792999999999,2025
19181,Warren County,IA,79.71666666666667,2010-2015,12,0.497464836,2020,28.17407227,2019,8.502626294,2022,0.058759011,2018,38.7,2023,9.7,2023,21.8,2023,5.7,2023,92695.0,2025,3.7246864059,2025,5.7,2025,0.6179544,2025
19183,Washington County,IA,79.9,2010-2015,5,0.272826493,2020,8.885196686,2019,8.502626294,2022,0.090330154,2018,38.6,2023,12.0,2023,26.2,2023,7.8,2023,75136.0,2025,3.3494669568,2025,12.9,2025,0.8003201,2025
19185,Wayne County,IA,78.60000000000001,2010-2015,3,,,39.98677826,2019,8.502626294,2022,0.0,2018,40.6,2023,13.1,2023,29.3,2023,7.8,2023,59904.0,2025,3.6566636658,2025,22.1,2025,0.7682852,2025
19187,Webster County,IA,76.50833333333334,2010-2015,12,0.584404767,2020,32.32698822,2019,8.502626294,2022,0.05513135,2018,41.2,2023,11.8,2023,27.6,2023,8.0,2023,63557.0,2025,4.297590623,2025,17.2,2025,0.4307212,2025
19189,Winnebago County,IA,80.63333333333333,2010-2015,3,0.291913986,2020,7.821951389,2019,8.502626294,2022,0.190150216,2018,38.4,2023,11.6,2023,24.8,2023,7.0,2023,65086.0,2025,4.0704513889,2025,14.6,2025,0.28153150000000005,2025
19191,Winneshiek County,IA,82.03999999999999,2010-2015,5,0.45312658,2020,10.71243572,2019,8.502626294,2022,0.099855207,2018,34.7,2023,10.7,2023,22.8,2023,5.8,2023,80932.0,2025,3.6665352113,2025,7.6,2025,1.0054293,2025
19193,Woodbury County,IA,77.468,2010-2015,25,0.862921536,2020,19.18579483,2019,8.502626294,2022,0.029257162,2018,39.1,2023,12.1,2023,28.9,2023,10.6,2023,65984.0,2025,4.5442557929,2025,16.1,2025,0.6344276,2025
19195,Worth County,IA,78.8,2010-2015,3,,,8.122254372,2019,8.502626294,2022,0.268348306,2018,40.5,2023,12.4,2023,26.0,2023,6.8,2023,75449.0,2025,4.1038173386,2025,12.6,2025,0.13540960000000002,2025
19197,Wright County,IA,79.14,2010-2015,5,0.644329906,2020,12.41837883,2019,8.502626294,2022,0.157604411,2018,40.7,2023,13.9,2023,28.8,2023,9.9,2023,74189.0,2025,4.1779366564,2025,15.7,2025,0.3910833,2025
20001,Allen County,KS,75.96,2010-2015,5,0.403258324,2020,15.43868256,2019,6.682430247,2022,0.241080046,2018,37.4,2023,12.5,2023,29.3,2023,9.1,2023,54761.0,2025,3.9440575152,2025,21.5,2025,0.6418485,2025
20003,Anderson County,KS,79.75,2010-2015,2,0.377405971,2020,18.50721741,2019,6.682430247,2022,0.126935765,2018,40.1,2023,13.1,2023,29.9,2023,9.7,2023,61742.0,2025,3.8296226688,2025,15.8,2025,0.38570329999999997,2025
20005,Atchison County,KS,76.95,2010-2015,4,0.37464878,2020,28.70120239,2019,6.682430247,2022,0.06175508,2018,37.0,2023,11.2,2023,27.7,2023,8.8,2023,65818.0,2025,4.3846211864,2025,15.5,2025,0.4926412,2025
20007,Barber County,KS,76.35,2010-2015,2,0.688389182,2020,11.51422596,2019,6.682430247,2022,0.22361359,2018,38.6,2023,13.8,2023,29.5,2023,8.6,2023,59514.0,2025,4.215599455,2025,16.3,2025,0.486618,2025
20009,Barton County,KS,78.4125,2010-2015,8,0.662561357,2020,34.41383743,2019,6.682430247,2022,0.038298037,2018,38.8,2023,13.4,2023,30.2,2023,11.7,2023,58568.0,2025,4.1637819381,2025,19.0,2025,0.6345178,2025
20011,Bourbon County,KS,75.78,2010-2015,5,0.90058887,2020,27.53731537,2019,6.682430247,2022,0.068245411,2018,36.7,2023,12.7,2023,30.9,2023,9.0,2023,54428.0,2025,4.2307555997,2025,22.0,2025,0.4189067,2025
20013,Brown County,KS,76.96666666666665,2010-2015,3,0.421851933,2020,37.73703003,2019,6.682430247,2022,0.104188375,2018,39.6,2023,13.5,2023,29.3,2023,9.0,2023,58989.0,2025,3.9710245797,2025,13.4,2025,0.8461132,2025
20015,Butler County,KS,77.57692307692308,2010-2015,13,0.73143059,2020,26.92323303,2019,6.682430247,2022,0.029955816,2018,39.0,2023,10.7,2023,23.2,2023,8.3,2023,76742.0,2025,4.006112909,2025,10.4,2025,0.7806860999999999,2025
20017,Chase County,KS,78.9,2010-2015,1,,,93.74360657,2019,6.682430247,2022,0.0,2018,38.2,2023,13.9,2023,29.8,2023,10.7,2023,62302.0,2025,4.8060132725,2025,15.9,2025,,
20019,Chautauqua County,KS,77.4,2010-2015,1,,,36.63934708,2019,6.682430247,2022,0.0,2018,40.4,2023,15.2,2023,33.3,2023,10.7,2023,49510.0,2025,3.8514077559,2025,24.8,2025,,
20021,Cherokee County,KS,74.63333333333334,2010-2015,6,0.558914661,2020,46.42926025,2019,6.682430247,2022,0.0,2018,43.8,2023,13.4,2023,30.6,2023,9.5,2023,55853.0,2025,4.2302671341,2025,19.900000000000002,2025,0.20909570000000002,2025
20023,Cheyenne County,KS,81.4,2010-2015,1,,,31.97620964,2019,6.682430247,2022,0.0,2018,38.0,2023,14.8,2023,33.5,2023,11.4,2023,52424.0,2025,3.8296674024,2025,17.599999999999998,2025,,
20025,Clark County,KS,86.6,2010-2015,1,,,100.0,2019,6.682430247,2022,0.0,2018,36.8,2023,12.1,2023,27.0,2023,9.8,2023,64998.0,2025,3.9889460581,2025,17.4,2025,2.5290845,2025
20027,Clay County,KS,78.15,2010-2015,2,0.747663558,2020,30.79007721,2019,6.682430247,2022,0.0,2018,39.6,2023,12.8,2023,28.2,2023,8.7,2023,66389.0,2025,4.3524826565,2025,14.6,2025,1.3618918,2025
20029,Cloud County,KS,76.875,2010-2015,4,1.041425586,2020,36.69281387,2019,6.682430247,2022,0.229121312,2018,41.4,2023,12.3,2023,29.0,2023,8.6,2023,60403.0,2025,3.6751132238,2025,14.799999999999999,2025,0.5600358,2025
20031,Coffey County,KS,77.03333333333335,2010-2015,3,0.367737204,2020,59.14782333,2019,6.682430247,2022,0.364387214,2018,36.9,2023,12.7,2023,27.6,2023,8.7,2023,67933.0,2025,4.1140935378,2025,10.8,2025,0.719597,2025
20033,Comanche County,KS,76.5,2010-2015,1,,,17.82066154,2019,6.682430247,2022,0.0,2018,39.2,2023,13.3,2023,29.1,2023,8.9,2023,51956.0,2025,3.7958545333,2025,17.1,2025,1.1976048,2025
20035,Cowley County,KS,76.38181818181819,2010-2015,11,0.664202392,2020,28.49446869,2019,6.682430247,2022,0.056789141,2018,40.9,2023,12.8,2023,28.4,2023,10.7,2023,57549.0,2025,4.2733906085,2025,20.3,2025,0.4058442,2025
20037,Crawford County,KS,76.60909090909091,2010-2015,11,0.645494461,2020,30.11460495,2019,6.682430247,2022,0.025628541,2018,36.8,2023,11.2,2023,27.5,2023,9.7,2023,52285.0,2025,4.943509733,2025,19.1,2025,0.6647915999999999,2025
20039,Decatur County,KS,78.1,2010-2015,2,,,27.86965179,2019,6.682430247,2022,0.348310679,2018,36.6,2023,13.4,2023,27.7,2023,8.1,2023,54613.0,2025,3.6728462763,2025,21.8,2025,,
20041,Dickinson County,KS,77.98333333333333,2010-2015,6,0.547465265,2020,14.04752445,2019,6.682430247,2022,0.053427365,2018,39.5,2023,11.9,2023,28.3,2023,8.6,2023,63417.0,2025,3.5163652149,2025,12.6,2025,0.48756700000000003,2025
20043,Doniphan County,KS,80.39999999999999,2010-2015,3,,,32.65597534,2019,6.682430247,2022,0.0,2018,37.5,2023,11.5,2023,26.9,2023,8.3,2023,63765.0,2025,4.4501678197,2025,15.2,2025,0.5354036000000001,2025
20045,Douglas County,KS,80.14500000000001,2010-2015,20,0.889578044,2020,22.05111885,2019,6.682430247,2022,0.049408741,2018,30.5,2023,8.4,2023,18.8,2023,7.5,2023,68561.0,2025,5.0851156226,2025,9.700000000000001,2025,0.862914,2025
20047,Edwards County,KS,78.3,2010-2015,2,,,15.70393848,2019,6.682430247,2022,0.351000339,2018,39.9,2023,14.3,2023,32.2,2023,13.4,2023,59055.0,2025,3.9526059715,2025,16.3,2025,,
20049,Elk County,KS,77.5,2010-2015,1,,,36.84334183,2019,6.682430247,2022,0.0,2018,40.5,2023,15.8,2023,35.1,2023,9.5,2023,48121.0,2025,5.2365899917,2025,23.7,2025,0.4096682,2025
20051,Ellis County,KS,79.10000000000001,2010-2015,6,1.220745683,2020,21.44834709,2019,6.682430247,2022,0.069662139,2018,36.5,2023,9.8,2023,23.6,2023,8.6,2023,59048.0,2025,5.3033921415,2025,11.5,2025,0.6252171,2025
20053,Ellsworth County,KS,77.45,2010-2015,2,,,31.27020645,2019,6.682430247,2022,0.0,2018,39.1,2023,11.7,2023,27.6,2023,9.5,2023,65396.0,2025,3.6359177402,2025,14.000000000000002,2025,0.31565659999999995,2025
20055,Finney County,KS,77.98,2010-2015,10,0.751733184,2020,21.9339447,2019,6.682430247,2022,0.027314195,2018,37.3,2023,13.1,2023,33.0,2023,21.1,2023,67640.0,2025,3.4411788027,2025,15.1,2025,0.5773218000000001,2025
20057,Ford County,KS,79.94285714285715,2010-2015,7,0.604339182,2020,23.86684608,2019,6.682430247,2022,0.029508971,2018,39.1,2023,13.1,2023,34.0,2023,21.9,2023,68766.0,2025,3.7720264317,2025,14.000000000000002,2025,0.5269475,2025
20059,Franklin County,KS,77.14000000000001,2010-2015,5,0.583589435,2020,47.19613647,2019,6.682430247,2022,0.039015256,2018,40.3,2023,11.5,2023,27.3,2023,8.8,2023,67883.0,2025,4.2485339381,2025,12.9,2025,0.4233049,2025
20061,Geary County,KS,76.95714285714287,2010-2015,7,0.682848096,2020,36.91391754,2019,6.682430247,2022,0.092041478,2018,34.5,2023,9.3,2023,29.7,2023,13.1,2023,56899.0,2025,3.5422946463,2025,14.6,2025,0.3896032,2025
20063,Gove County,KS,80.0,2010-2015,2,1.526135087,2020,97.43516541,2019,6.682430247,2022,0.0,2018,37.4,2023,12.3,2023,28.3,2023,8.4,2023,65003.0,2025,4.1104810127,2025,13.0,2025,2.1778584000000003,2025
20065,Graham County,KS,78.30000000000001,2010-2015,2,,,22.183321,2019,6.682430247,2022,0.0,2018,36.7,2023,14.3,2023,29.9,2023,8.4,2023,53247.0,2025,3.6308788253,2025,15.6,2025,0.8333333,2025
20067,Grant County,KS,79.1,2010-2015,2,0.70651406,2020,21.696661,2019,6.682430247,2022,0.0,2018,35.4,2023,11.8,2023,29.3,2023,17.4,2023,65399.0,2025,3.9208931804,2025,15.7,2025,0.40961220000000004,2025
20069,Gray County,KS,86.15,2010-2015,2,,,45.52327347,2019,6.682430247,2022,0.0,2018,39.5,2023,11.2,2023,29.2,2023,12.9,2023,77786.0,2025,3.483562753,2025,11.799999999999999,2025,0.1771793,2025
20071,Greeley County,KS,77.2,2010-2015,1,,,13.8327837,2019,6.682430247,2022,0.814995944,2018,36.8,2023,11.7,2023,26.5,2023,10.0,2023,70566.0,2025,3.0122272727,2025,14.499999999999998,2025,0.7668712,2025
20073,Greenwood County,KS,76.10000000000001,2010-2015,3,,,48.50452805,2019,6.682430247,2022,0.330305547,2018,40.7,2023,14.4,2023,29.9,2023,9.0,2023,59179.0,2025,4.3271836042,2025,20.9,2025,0.336757,2025
20075,Hamilton County,KS,78.2,2010-2015,1,,,15.50481606,2019,6.682430247,2022,0.383582652,2018,40.2,2023,11.8,2023,30.1,2023,17.0,2023,72657.0,2025,3.7948615385,2025,15.0,2025,0.4025765,2025
20077,Harper County,KS,75.63333333333334,2010-2015,3,0.562218904,2020,25.84080696,2019,6.682430247,2022,0.363240093,2018,41.9,2023,14.8,2023,33.1,2023,11.4,2023,54423.0,2025,3.849497689,2025,19.5,2025,0.5627462,2025
20079,Harvey County,KS,79.73333333333333,2010-2015,6,0.699892104,2020,4.077088356,2019,6.682430247,2022,0.058462437,2018,36.5,2023,12.2,2023,28.2,2023,9.8,2023,67078.0,2025,3.5954993708,2025,10.6,2025,0.7392730999999999,2025
20081,Haskell County,KS,88.6,2010-2015,1,,,20.44462585,2019,6.682430247,2022,0.0,2018,41.8,2023,13.2,2023,32.9,2023,16.4,2023,68202.0,2025,3.7862634966,2025,16.0,2025,,
20083,Hodgeman County,KS,81.8,2010-2015,1,,,31.92452431,2019,6.682430247,2022,0.0,2018,36.5,2023,11.5,2023,25.2,2023,8.1,2023,66919.0,2025,3.4747677896,2025,12.3,2025,1.1695906,2025
20085,Jackson County,KS,79.43333333333332,2010-2015,3,0.531470656,2020,20.04711723,2019,6.682430247,2022,0.075301208,2018,37.8,2023,12.3,2023,27.2,2023,8.8,2023,73051.0,2025,3.6887396309,2025,12.1,2025,0.6786818,2025
20087,Jefferson County,KS,77.85,2010-2015,4,,,1.082942486,2019,6.682430247,2022,0.052700922,2018,34.7,2023,11.3,2023,25.3,2023,7.5,2023,81301.0,2025,3.8121770702,2025,9.4,2025,0.5431535,2025
20089,Jewell County,KS,79.9,2010-2015,1,,,26.72728348,2019,6.682430247,2022,0.0,2018,39.1,2023,15.8,2023,32.6,2023,9.2,2023,56505.0,2025,3.8740160504,2025,17.299999999999997,2025,,
20091,Johnson County,KS,80.71810344827585,2010-2015,116,0.726260662,2020,19.36428261,2019,6.682430247,2022,0.015061375,2018,31.2,2023,9.4,2023,19.3,2023,6.6,2023,103085.0,2025,3.8608736478,2025,4.9,2025,1.1871778,2025
20093,Kearny County,KS,78.4,2010-2015,1,,,8.805977821,2019,6.682430247,2022,0.0,2018,37.6,2023,12.9,2023,32.2,2023,16.5,2023,71237.0,2025,3.3486963134,2025,14.6,2025,1.2850167,2025
20095,Kingman County,KS,78.76666666666667,2010-2015,3,1.003728151,2020,42.36429596,2019,6.682430247,2022,0.0,2018,39.8,2023,12.0,2023,27.9,2023,8.8,2023,54731.0,2025,3.8081774541,2025,15.2,2025,0.2705628,2025
20097,Kiowa County,KS,80.8,2010-2015,1,,,39.74620056,2019,6.682430247,2022,0.0,2018,39.0,2023,11.8,2023,26.5,2023,8.6,2023,56222.0,2025,3.0718027062,2025,13.3,2025,0.4180602,2025
20099,Labette County,KS,75.15,2010-2015,8,0.510568798,2020,24.17573929,2019,6.682430247,2022,0.050090164,2018,41.3,2023,13.4,2023,32.2,2023,10.2,2023,49874.0,2025,4.4402848338,2025,20.7,2025,0.5022097,2025
20101,Lane County,KS,79.8,2010-2015,1,,,22.28507614,2019,6.682430247,2022,0.0,2018,36.6,2023,13.1,2023,28.4,2023,9.3,2023,64875.0,2025,5.1454918858,2025,14.099999999999998,2025,0.0,2025
20103,Leavenworth County,KS,77.33571428571429,2010-2015,14,0.413393974,2020,45.80531311,2019,6.682430247,2022,0.012292261,2018,39.8,2023,10.8,2023,23.2,2023,8.5,2023,83086.0,2025,3.9976811742,2025,9.0,2025,0.4867127,2025
20105,Lincoln County,KS,80.3,2010-2015,1,,,31.60150528,2019,6.682430247,2022,0.0,2018,40.2,2023,14.2,2023,30.0,2023,8.5,2023,53667.0,2025,5.4414756481,2025,15.5,2025,0.6889425,2025
20107,Linn County,KS,78.2,2010-2015,2,0.310752034,2020,15.9784441,2019,6.682430247,2022,0.0,2018,37.2,2023,12.5,2023,27.8,2023,8.2,2023,62431.0,2025,3.8646502197,2025,16.6,2025,0.1025957,2025
20109,Logan County,KS,79.8,2010-2015,1,,,18.2351017,2019,6.682430247,2022,0.0,2018,39.8,2023,12.5,2023,29.3,2023,9.7,2023,60216.0,2025,3.9384819722,2025,14.6,2025,1.1021308,2025
20111,Lyon County,KS,78.0875,2010-2015,8,0.938114703,2020,17.5476265,2019,6.682430247,2022,0.029934742,2018,37.8,2023,11.5,2023,29.2,2023,13.1,2023,55659.0,2025,3.7348440259,2025,14.899999999999999,2025,0.5937870999999999,2025
20113,McPherson County,KS,78.97142857142856,2010-2015,7,0.808492661,2020,26.95157242,2019,6.682430247,2022,0.105126679,2018,37.0,2023,10.5,2023,26.5,2023,7.9,2023,78908.0,2025,3.8451483304,2025,8.5,2025,0.6966098,2025
20115,Marion County,KS,78.10000000000001,2010-2015,4,0.429110885,2020,23.70633316,2019,6.682430247,2022,0.167364016,2018,38.7,2023,12.2,2023,27.9,2023,8.4,2023,62268.0,2025,3.9176866891,2025,12.3,2025,0.170765,2025
20117,Marshall County,KS,78.975,2010-2015,4,0.621632814,2020,36.63713837,2019,6.682430247,2022,0.205718994,2018,37.4,2023,13.0,2023,29.1,2023,9.0,2023,64514.0,2025,4.0224179892,2025,11.200000000000001,2025,0.6012627,2025
20119,Meade County,KS,80.69999999999999,2010-2015,2,,,51.00115967,2019,6.682430247,2022,0.0,2018,36.8,2023,12.5,2023,30.6,2023,12.8,2023,71572.0,2025,4.0214676499,2025,13.3,2025,,
20121,Miami County,KS,79.7,2010-2015,7,0.466010362,2020,25.69212532,2019,6.682430247,2022,0.029691212,2018,35.0,2023,10.8,2023,23.9,2023,7.7,2023,85620.0,2025,4.0687932061,2025,8.200000000000001,2025,0.5781516,2025
20123,Mitchell County,KS,77.9,2010-2015,2,0.510290861,2020,32.5646286,2019,6.682430247,2022,0.0,2018,39.0,2023,12.8,2023,28.4,2023,8.4,2023,60486.0,2025,4.0749972508,2025,13.600000000000001,2025,1.0438413000000002,2025
20125,Montgomery County,KS,75.72307692307693,2010-2015,13,0.79360038,2020,24.47669792,2019,6.682430247,2022,0.093399748,2018,38.9,2023,13.8,2023,29.4,2023,10.5,2023,53379.0,2025,4.330506678,2025,19.8,2025,0.2246758,2025
20127,Morris County,KS,78.35,2010-2015,2,0.719553888,2020,32.95946121,2019,6.682430247,2022,0.0,2018,36.7,2023,13.5,2023,30.0,2023,8.5,2023,65283.0,2025,4.4242031716,2025,17.9,2025,0.5601195,2025
20129,Morton County,KS,85.3,2010-2015,1,,,26.13531876,2019,6.682430247,2022,0.0,2018,37.9,2023,14.0,2023,32.7,2023,14.1,2023,58093.0,2025,4.3808676465,2025,19.2,2025,1.1144131,2025
20131,Nemaha County,KS,79.43333333333334,2010-2015,3,,,30.57162094,2019,6.682430247,2022,0.196947321,2018,38.7,2023,11.4,2023,26.2,2023,8.0,2023,74744.0,2025,4.3781780975,2025,8.6,2025,1.2725137000000002,2025
20133,Neosho County,KS,76.88,2010-2015,5,0.439450055,2020,14.38884163,2019,6.682430247,2022,0.125383988,2018,39.5,2023,13.1,2023,28.6,2023,9.4,2023,53085.0,2025,4.6579907457,2025,19.5,2025,0.633553,2025
20135,Ness County,KS,78.45,2010-2015,2,,,26.83836365,2019,6.682430247,2022,0.0,2018,35.2,2023,13.2,2023,29.7,2023,10.4,2023,64935.0,2025,3.8823392764,2025,13.100000000000001,2025,0.7485029999999999,2025
20137,Norton County,KS,80.4,2010-2015,1,,,22.29873466,2019,6.682430247,2022,0.184162065,2018,42.7,2023,12.7,2023,30.1,2023,10.7,2023,57738.0,2025,4.4837484353,2025,17.5,2025,0.7487832,2025
20139,Osage County,KS,78.0,2010-2015,5,,,14.05542278,2019,6.682430247,2022,0.125462636,2018,41.8,2023,12.5,2023,28.2,2023,8.6,2023,69666.0,2025,3.8511961253,2025,13.4,2025,0.06341959999999999,2025
20141,Osborne County,KS,76.8,2010-2015,1,,,23.11450958,2019,6.682430247,2022,0.287769794,2018,38.8,2023,14.0,2023,29.9,2023,8.3,2023,54638.0,2025,4.2989315299,2025,15.299999999999999,2025,0.2858776,2025
20143,Ottawa County,KS,77.25,2010-2015,2,,,25.72264671,2019,6.682430247,2022,0.0,2018,38.3,2023,12.2,2023,27.0,2023,8.0,2023,66956.0,2025,4.8256395495,2025,11.3,2025,0.34258310000000003,2025
20145,Pawnee County,KS,77.15,2010-2015,2,0.628338039,2020,35.03748703,2019,6.682430247,2022,0.0,2018,38.2,2023,12.7,2023,29.0,2023,10.5,2023,64704.0,2025,4.510495724,2025,15.0,2025,0.9638554,2025
20147,Phillips County,KS,76.76666666666667,2010-2015,3,0.965064645,2020,39.21985245,2019,6.682430247,2022,0.0,2018,40.5,2023,13.6,2023,29.9,2023,8.9,2023,59453.0,2025,4.0353354194,2025,13.8,2025,0.2076843,2025
20149,Pottawatomie County,KS,79.825,2010-2015,4,0.606747031,2020,10.52119732,2019,6.682430247,2022,0.0,2018,35.8,2023,9.7,2023,23.8,2023,7.7,2023,84434.0,2025,3.6649003657,2025,8.4,2025,0.7367197,2025
20151,Pratt County,KS,76.60000000000001,2010-2015,3,1.095650315,2020,31.95821571,2019,6.682430247,2022,0.0,2018,36.5,2023,12.1,2023,28.5,2023,9.4,2023,61078.0,2025,3.8980667838,2025,12.9,2025,0.8713647999999999,2025
20153,Rawlins County,KS,80.9,2010-2015,1,,,35.68057251,2019,6.682430247,2022,0.0,2018,41.9,2023,14.7,2023,30.9,2023,9.4,2023,63255.0,2025,3.6651234568,2025,12.6,2025,0.3923107,2025
20155,Reno County,KS,76.80588235294118,2010-2015,17,0.776787043,2020,29.1127758,2019,6.682430247,2022,0.04812165,2018,44.0,2023,13.2,2023,29.9,2023,10.2,2023,62470.0,2025,4.0025601639,2025,14.499999999999998,2025,0.5861856,2025
20157,Republic County,KS,78.89999999999999,2010-2015,3,,,25.41303444,2019,6.682430247,2022,0.428816468,2018,41.2,2023,14.3,2023,30.6,2023,8.5,2023,54981.0,2025,4.2458225954,2025,16.1,2025,0.8580009000000001,2025
20159,Rice County,KS,76.63333333333334,2010-2015,3,0.747703493,2020,25.53938866,2019,6.682430247,2022,0.104920782,2018,39.5,2023,11.9,2023,28.5,2023,10.0,2023,62922.0,2025,3.5286730982,2025,15.0,2025,0.5324814,2025
20161,Riley County,KS,80.88888888888889,2010-2015,9,0.683041453,2020,53.54406738,2019,6.682430247,2022,0.027135938,2018,26.4,2023,7.2,2023,21.9,2023,9.3,2023,63076.0,2025,5.2005498102,2025,12.9,2025,0.6924441,2025
20163,Rooks County,KS,78.0,2010-2015,2,,,14.48004532,2019,6.682430247,2022,0.0,2018,40.6,2023,12.3,2023,28.5,2023,8.6,2023,59998.0,2025,3.2657408432,2025,14.099999999999998,2025,1.0349823999999999,2025
20165,Rush County,KS,79.65,2010-2015,2,,,29.82512283,2019,6.682430247,2022,0.323310703,2018,38.7,2023,13.9,2023,30.7,2023,9.0,2023,55709.0,2025,4.1031036297,2025,16.400000000000002,2025,0.3386387,2025
20167,Russell County,KS,79.69999999999999,2010-2015,2,0.734861851,2020,31.67308998,2019,6.682430247,2022,0.144780651,2018,41.5,2023,13.9,2023,31.0,2023,9.6,2023,55415.0,2025,4.0790401686,2025,18.0,2025,0.4475608,2025
20169,Saline County,KS,78.03333333333333,2010-2015,12,1.001372218,2020,20.0244503,2019,6.682430247,2022,0.036764029,2018,41.1,2023,12.1,2023,28.8,2023,10.1,2023,63587.0,2025,4.400442312,2025,13.900000000000002,2025,0.9649644,2025
20171,Scott County,KS,78.5,2010-2015,1,1.043841362,2020,24.42944336,2019,6.682430247,2022,0.0,2018,38.1,2023,11.4,2023,26.4,2023,11.1,2023,73436.0,2025,3.4545352208,2025,8.9,2025,0.9744689,2025
20173,Sedgwick County,KS,76.97768595041322,2010-2015,121,0.905931234,2020,27.73747444,2019,6.682430247,2022,0.015576112,2018,38.6,2023,12.0,2023,26.3,2023,11.4,2023,67435.0,2025,4.4098603898,2025,17.5,2025,0.889605,2025
20175,Seward County,KS,79.675,2010-2015,4,0.665462494,2020,15.64559746,2019,6.682430247,2022,0.091827363,2018,42.7,2023,13.4,2023,37.5,2023,24.8,2023,66540.0,2025,4.0476477684,2025,18.3,2025,0.3218835,2025
20177,Shawnee County,KS,77.51162790697674,2010-2015,43,0.755686104,2020,23.84802818,2019,6.682430247,2022,0.033803008,2018,38.3,2023,12.5,2023,25.7,2023,9.6,2023,63612.0,2025,4.3023531805,2025,13.4,2025,0.7292555000000001,2025
20179,Sheridan County,KS,77.9,2010-2015,2,,,34.41101074,2019,6.682430247,2022,0.394788802,2018,34.0,2023,11.8,2023,26.3,2023,7.8,2023,65350.0,2025,5.288434491,2025,11.5,2025,0.8071025000000001,2025
20181,Sherman County,KS,78.6,2010-2015,2,1.384801745,2020,78.27136993,2019,6.682430247,2022,0.169520259,2018,38.2,2023,12.3,2023,30.2,2023,10.3,2023,57628.0,2025,4.4226729446,2025,18.2,2025,0.33927060000000003,2025
20183,Smith County,KS,77.65,2010-2015,2,,,37.37019348,2019,6.682430247,2022,0.277546495,2018,39.0,2023,13.3,2023,29.6,2023,7.8,2023,55568.0,2025,4.058676258,2025,15.5,2025,1.3982103000000001,2025
20185,Stafford County,KS,76.4,2010-2015,2,,,25.44405937,2019,6.682430247,2022,0.239348978,2018,41.0,2023,13.1,2023,29.4,2023,10.3,2023,54808.0,2025,3.8642195178,2025,16.5,2025,0.24789290000000003,2025
20187,Stanton County,KS,87.9,2010-2015,1,,,10.54581165,2019,6.682430247,2022,0.0,2018,39.5,2023,14.7,2023,35.4,2023,19.2,2023,74063.0,2025,3.0281176846,2025,14.099999999999998,2025,,
20189,Stevens County,KS,79.75,2010-2015,2,0.556792855,2020,30.49121284,2019,6.682430247,2022,0.0,2018,41.3,2023,14.9,2023,36.7,2023,19.0,2023,68600.0,2025,2.8796276875,2025,14.7,2025,0.18892879999999998,2025
20191,Sumner County,KS,76.98333333333333,2010-2015,6,0.354327232,2020,13.61676216,2019,6.682430247,2022,0.043485824,2018,39.9,2023,12.4,2023,27.4,2023,8.9,2023,63049.0,2025,4.2701786597,2025,13.5,2025,0.2680366,2025
20193,Thomas County,KS,81.75,2010-2015,2,1.168527603,2020,67.0871048,2019,6.682430247,2022,0.129684865,2018,35.0,2023,10.2,2023,24.9,2023,8.3,2023,69774.0,2025,4.5276834543,2025,8.7,2025,0.5078075000000001,2025
20195,Trego County,KS,76.0,2010-2015,1,1.087744713,2020,17.95750427,2019,6.682430247,2022,0.0,2018,40.5,2023,12.3,2023,26.7,2023,7.2,2023,56168.0,2025,3.1934420126,2025,12.4,2025,0.7160759,2025
20197,Wabaunsee County,KS,79.19999999999999,2010-2015,2,,,41.78900909,2019,6.682430247,2022,0.0,2018,35.1,2023,11.5,2023,25.6,2023,7.9,2023,69893.0,2025,3.072096561,2025,10.2,2025,0.43066319999999997,2025
20199,Wallace County,KS,81.6,2010-2015,1,,,32.77661514,2019,6.682430247,2022,0.0,2018,36.6,2023,13.7,2023,29.9,2023,9.7,2023,61157.0,2025,3.2345910931,2025,22.2,2025,0.0,2025
20201,Washington County,KS,80.44999999999999,2010-2015,2,,,50.73302841,2019,6.682430247,2022,0.369003683,2018,34.0,2023,11.9,2023,28.4,2023,8.3,2023,58302.0,2025,3.9463901049,2025,12.1,2025,0.7258211,2025
20203,Wichita County,KS,78.1,2010-2015,1,,,11.52930546,2019,6.682430247,2022,0.47505939,2018,41.7,2023,14.5,2023,33.9,2023,14.6,2023,61825.0,2025,5.2313393726,2025,12.4,2025,0.9606148,2025
20205,Wilson County,KS,74.8,2010-2015,4,0.358765841,2020,19.4192009,2019,6.682430247,2022,0.0,2018,39.8,2023,13.8,2023,30.1,2023,9.5,2023,54164.0,2025,4.7621850133,2025,18.3,2025,0.4691532,2025
20207,Woodson County,KS,73.5,2010-2015,2,,,18.56905746,2019,6.682430247,2022,0.0,2018,39.6,2023,13.6,2023,29.2,2023,8.6,2023,40327.0,2025,3.6805946908,2025,19.3,2025,,
20209,Wyandotte County,KS,75.16545454545455,2010-2015,55,0.665597677,2020,28.8886776,2019,6.682430247,2022,0.030243643,2018,40.7,2023,14.5,2023,34.7,2023,17.3,2023,61088.0,2025,4.4032885363,2025,21.6,2025,0.5567329,2025
21001,Adair County,KY,76.01428571428572,2010-2015,7,0.511378169,2020,6.466919899,2019,12.39724221,2022,0.104085349,2018,,,,,,,,,45974.0,2025,5.2396639763,2025,27.800000000000004,2025,0.2641031,2025
21003,Allen County,KY,74.53333333333333,2010-2015,6,0.422475696,2020,21.72795486,2019,12.39724221,2022,0.0,2018,,,,,,,,,56483.0,2025,4.1690686255,2025,21.5,2025,0.1442516,2025
21005,Anderson County,KY,75.86,2010-2015,5,0.700740159,2020,7.795270443,2019,12.39724221,2022,0.044124786,2018,,,,,,,,,78336.0,2025,3.915337842,2025,12.2,2025,0.2912419,2025
21007,Ballard County,KY,75.89999999999999,2010-2015,3,,,0.023631213,2019,12.39724221,2022,0.125328988,2018,,,,,,,,,69716.0,2025,4.2362297602,2025,22.400000000000002,2025,,
21009,Barren County,KY,75.76,2010-2015,10,0.744920969,2020,15.54628754,2019,12.39724221,2022,0.090546906,2018,,,,,,,,,51068.0,2025,5.0688601763,2025,22.6,2025,0.6959411,2025
21011,Bath County,KY,74.46666666666667,2010-2015,3,0.640974283,2020,1.701418996,2019,12.39724221,2022,0.080755875,2018,,,,,,,,,54247.0,2025,5.8691857253,2025,26.6,2025,0.15651900000000002,2025
21013,Bell County,KY,74.21111111111111,2010-2015,9,1.177301645,2020,13.97535801,2019,12.39724221,2022,0.0,2018,,,,,,,,,35566.0,2025,6.0530209618,2025,38.4,2025,0.5029759,2025
21015,Boone County,KY,78.43333333333332,2010-2015,21,0.967532277,2020,49.81822205,2019,12.39724221,2022,0.007602655,2018,,,,,,,,,89313.0,2025,3.5667622408,2025,8.5,2025,0.5894682,2025
21017,Bourbon County,KY,76.97999999999999,2010-2015,5,0.703482211,2020,26.69615936,2019,12.39724221,2022,0.049544193,2018,,,,,,,,,61530.0,2025,5.5998540279,2025,18.4,2025,0.6426417999999999,2025
21019,Boyd County,KY,74.5,2010-2015,12,1.440364599,2020,34.21320724,2019,12.39724221,2022,0.021168502,2018,,,,,,,,,57112.0,2025,5.4586749907,2025,23.0,2025,1.0021086000000001,2025
21021,Boyle County,KY,76.51428571428572,2010-2015,7,0.922053516,2020,21.64479256,2019,12.39724221,2022,0.03322259,2018,,,,,,,,,62541.0,2025,5.0836351242,2025,18.2,2025,0.5854229999999999,2025
21023,Bracken County,KY,74.23333333333333,2010-2015,3,,,0.563983619,2019,12.39724221,2022,0.0,2018,,,,,,,,,64458.0,2025,5.0942877919,2025,19.5,2025,0.11849749999999999,2025
21025,Breathitt County,KY,70.15714285714286,2010-2015,7,0.557768941,2020,21.57777214,2019,12.39724221,2022,0.078579284,2018,,,,,,,,,40093.0,2025,6.1021446247,2025,37.3,2025,0.4427064,2025
21027,Breckinridge County,KY,74.86666666666666,2010-2015,6,0.389540821,2020,11.36339855,2019,12.39724221,2022,0.049048461,2018,,,,,,,,,59267.0,2025,5.3310662989,2025,22.1,2025,0.242119,2025
21029,Bullitt County,KY,77.06428571428572,2010-2015,14,0.571901381,2020,45.26100159,2019,12.39724221,2022,0.0,2018,,,,,,,,,75402.0,2025,3.8273735461,2025,10.6,2025,0.1809016,2025
21031,Butler County,KY,75.36,2010-2015,5,0.472329378,2020,10.27589226,2019,12.39724221,2022,0.0,2018,,,,,,,,,56395.0,2025,5.0446428571,2025,19.2,2025,0.0813405,2025
21033,Caldwell County,KY,76.46666666666667,2010-2015,3,0.788208425,2020,1.671069145,2019,12.39724221,2022,0.0,2018,,,,,,,,,52719.0,2025,5.4757830762,2025,21.6,2025,0.2376426,2025
21035,Calloway County,KY,75.85,2010-2015,8,0.6361323,2020,16.50901413,2019,12.39724221,2022,0.025552575,2018,,,,,,,,,51424.0,2025,4.8865893657,2025,19.5,2025,0.47923319999999997,2025
21037,Campbell County,KY,76.29166666666667,2010-2015,24,0.79770261,2020,39.11391068,2019,12.39724221,2022,0.064410858,2018,,,,,,,,,80573.0,2025,4.7450796626,2025,11.899999999999999,2025,0.5373455,2025
21039,Carlisle County,KY,77.13333333333334,2010-2015,3,,,7.908798695,2019,12.39724221,2022,0.209599659,2018,,,,,,,,,58639.0,2025,4.5435934202,2025,18.5,2025,0.41744939999999997,2025
21041,Carroll County,KY,73.83333333333333,2010-2015,3,1.118359685,2020,0.0,2019,12.39724221,2022,0.093135886,2018,,,,,,,,,62710.0,2025,5.38227699,2025,22.5,2025,0.2761668,2025
21043,Carter County,KY,75.28571428571429,2010-2015,7,0.79119885,2020,7.838908195,2019,12.39724221,2022,0.03703155,2018,,,,,,,,,50853.0,2025,5.5316737398,2025,24.4,2025,0.1893079,2025
21045,Casey County,KY,75.16,2010-2015,5,0.248972982,2020,9.492227554,2019,12.39724221,2022,0.0,2018,,,,,,,,,42914.0,2025,5.3243359303,2025,27.6,2025,0.1260557,2025
21047,Christian County,KY,75.24285714285715,2010-2015,14,0.685525596,2020,33.20237732,2019,12.39724221,2022,0.027905289,2018,,,,,,,,,54934.0,2025,4.1170437406,2025,23.200000000000003,2025,0.6080960000000001,2025
21049,Clark County,KY,74.72999999999999,2010-2015,10,0.767901719,2020,16.84295845,2019,12.39724221,2022,0.027586969,2018,,,,,,,,,72386.0,2025,4.7541895353,2025,16.3,2025,0.461067,2025
21051,Clay County,KY,72.375,2010-2015,4,0.560338259,2020,25.22485542,2019,12.39724221,2022,0.0,2018,,,,,,,,,36330.0,2025,5.6321080943,2025,53.6,2025,0.395922,2025
21053,Clinton County,KY,73.66666666666667,2010-2015,3,0.890207708,2020,1.597849369,2019,12.39724221,2022,0.09798158,2018,,,,,,,,,39877.0,2025,4.9789658661,2025,33.300000000000004,2025,0.5396654,2025
21055,Crittenden County,KY,75.475,2010-2015,4,0.452130675,2020,11.8513298,2019,12.39724221,2022,0.112170503,2018,,,,,,,,,53894.0,2025,4.4890171419,2025,26.6,2025,0.4470772,2025
21057,Cumberland County,KY,74.1,2010-2015,2,0.459911078,2020,1.945717096,2019,12.39724221,2022,0.0,2018,,,,,,,,,43127.0,2025,6.824169287,2025,32.0,2025,0.5102909,2025
21059,Daviess County,KY,76.60000000000001,2010-2015,22,0.725646734,2020,18.86380959,2019,12.39724221,2022,0.009890806,2018,,,,,,,,,63213.0,2025,4.6797562369,2025,21.099999999999998,2025,0.5530598,2025
21061,Edmonson County,KY,75.3,2010-2015,3,0.245198205,2020,5.465028286,2019,12.39724221,2022,0.08147303,2018,,,,,,,,,56545.0,2025,4.1732149684,2025,21.8,2025,0.0813603,2025
21063,Elliott County,KY,76.1,2010-2015,2,0.406945199,2020,0.0,2019,12.39724221,2022,0.133191258,2018,,,,,,,,,43501.0,2025,5.9996341686,2025,28.4,2025,0.135483,2025
21065,Estill County,KY,71.35,2010-2015,4,0.496137232,2020,0.06295272,2019,12.39724221,2022,0.070432454,2018,,,,,,,,,45129.0,2025,5.6801872075,2025,26.200000000000003,2025,0.21288669999999998,2025
21067,Fayette County,KY,77.59166666666667,2010-2015,72,0.926909626,2020,20.66991997,2019,12.39724221,2022,0.015442585,2018,,,,,,,,,67320.0,2025,5.0803797694,2025,18.2,2025,1.2026364999999999,2025
21069,Fleming County,KY,74.025,2010-2015,4,0.205437243,2020,6.598446369,2019,12.39724221,2022,0.069290467,2018,,,,,,,,,50804.0,2025,5.7643312102,2025,21.9,2025,0.3284288,2025
21071,Floyd County,KY,73.03,2010-2015,10,0.857780039,2020,6.40050745,2019,12.39724221,2022,0.027897894,2018,,,,,,,,,40604.0,2025,6.0920978186,2025,30.599999999999998,2025,0.5669899,2025
21073,Franklin County,KY,75.84545454545454,2010-2015,11,0.821628392,2020,24.81072426,2019,12.39724221,2022,0.019679228,2018,,,,,,,,,66920.0,2025,4.17641734,2025,15.299999999999999,2025,0.3676328,2025
21075,Fulton County,KY,73.85,2010-2015,2,0.672043025,2020,0.083845735,2019,12.39724221,2022,0.0,2018,,,,,,,,,41088.0,2025,5.1460771565,2025,35.199999999999996,2025,0.15356270000000002,2025
21077,Gallatin County,KY,73.0,2010-2015,2,,,0.0,2019,12.39724221,2022,0.0,2018,,,,,,,,,66789.0,2025,3.8736068137,2025,18.2,2025,0.4558405,2025
21079,Garrard County,KY,76.625,2010-2015,4,0.225746378,2020,0.0,2019,12.39724221,2022,0.056947608,2018,,,,,,,,,62980.0,2025,4.6396989281,2025,24.2,2025,0.23038820000000002,2025
21081,Grant County,KY,74.55,2010-2015,4,0.748414516,2020,4.857183456,2019,12.39724221,2022,0.119421996,2018,,,,,,,,,68309.0,2025,4.5697674419,2025,17.9,2025,0.3961337,2025
21083,Graves County,KY,76.6,2010-2015,9,0.461730689,2020,20.27044868,2019,12.39724221,2022,0.053594876,2018,,,,,,,,,53947.0,2025,5.260594947,2025,23.9,2025,0.27311209999999997,2025
21085,Grayson County,KY,73.89999999999999,2010-2015,7,0.717522681,2020,19.64602089,2019,12.39724221,2022,0.037992477,2018,,,,,,,,,54543.0,2025,5.4132383831,2025,23.799999999999997,2025,0.6032273,2025
21087,Green County,KY,75.19999999999999,2010-2015,4,0.545702577,2020,10.07850933,2019,12.39724221,2022,0.0,2018,,,,,,,,,48153.0,2025,4.9477426823,2025,23.400000000000002,2025,0.1771322,2025
21089,Greenup County,KY,75.89999999999999,2010-2015,7,0.516277075,2020,20.1479702,2019,12.39724221,2022,0.028354315,2018,,,,,,,,,59151.0,2025,4.50220597,2025,17.2,2025,0.504923,2025
21091,Hancock County,KY,77.60000000000001,2010-2015,3,0.343170911,2020,18.456707,2019,12.39724221,2022,0.0,2018,,,,,,,,,70998.0,2025,5.4226799517,2025,13.600000000000001,2025,,
21093,Hardin County,KY,76.4421052631579,2010-2015,19,0.70973599,2020,27.73911095,2019,12.39724221,2022,0.027184747,2018,,,,,,,,,65472.0,2025,4.0887210065,2025,17.599999999999998,2025,0.6003208,2025
21095,Harlan County,KY,73.10909090909091,2010-2015,11,0.860517859,2020,6.24295187,2019,12.39724221,2022,0.037865881,2018,,,,,,,,,36916.0,2025,5.3586526203,2025,35.099999999999994,2025,0.3439841,2025
21097,Harrison County,KY,74.95,2010-2015,4,0.68710357,2020,15.55581665,2019,12.39724221,2022,0.053253807,2018,,,,,,,,,63689.0,2025,5.4436104076,2025,16.8,2025,0.5277045,2025
21099,Hart County,KY,74.24,2010-2015,5,0.315573543,2020,9.047201157,2019,12.39724221,2022,0.052893262,2018,,,,,,,,,51921.0,2025,4.6592822331,2025,22.0,2025,0.2569373,2025
21101,Henderson County,KY,74.97272727272728,2010-2015,11,0.737595022,2020,9.695232391,2019,12.39724221,2022,0.021934154,2018,,,,,,,,,58742.0,2025,4.7378751942,2025,17.299999999999997,2025,0.5188477,2025
21103,Henry County,KY,75.64,2010-2015,5,0.373436242,2020,3.595674753,2019,12.39724221,2022,0.062088661,2018,,,,,,,,,66530.0,2025,4.6885448177,2025,18.8,2025,0.5748228,2025
21105,Hickman County,KY,74.7,2010-2015,1,,,3.735833645,2019,12.39724221,2022,0.0,2018,,,,,,,,,56348.0,2025,4.4939286152,2025,27.200000000000003,2025,,
21107,Hopkins County,KY,73.91666666666667,2010-2015,12,0.649321556,2020,19.44372749,2019,12.39724221,2022,0.0,2018,,,,,,,,,55080.0,2025,4.7737355029,2025,19.3,2025,0.9969427000000001,2025
21109,Jackson County,KY,72.66666666666667,2010-2015,3,0.374812603,2020,8.071433067,2019,12.39724221,2022,0.07439369,2018,,,,,,,,,44713.0,2025,5.8813345715,2025,28.4,2025,0.23105360000000003,2025
21111,Jefferson County,KY,76.06153846153846,2010-2015,182,0.896472991,2020,22.19092369,2019,12.39724221,2022,0.022063108,2018,,,,,,,,,64977.0,2025,4.6708838941,2025,21.6,2025,0.9153152999999999,2025
21113,Jessamine County,KY,76.9625,2010-2015,8,0.702961683,2020,25.03861237,2019,12.39724221,2022,0.018545995,2018,,,,,,,,,75155.0,2025,4.1237085697,2025,13.700000000000001,2025,0.7459068,2025
21115,Johnson County,KY,74.05,2010-2015,6,0.772657037,2020,3.149492502,2019,12.39724221,2022,0.044670776,2018,,,,,,,,,45126.0,2025,5.7661891117,2025,28.299999999999997,2025,0.5763433,2025
21117,Kenton County,KY,75.19268292682926,2010-2015,41,0.607327223,2020,36.40728378,2019,12.39724221,2022,0.012044492,2018,,,,,,,,,79604.0,2025,4.2036900995,2025,13.8,2025,0.8731821000000001,2025
21119,Knott County,KY,73.84,2010-2015,5,0.344542444,2020,0.865477681,2019,12.39724221,2022,0.0,2018,,,,,,,,,42345.0,2025,5.6766697045,2025,31.6,2025,0.21347750000000001,2025
21121,Knox County,KY,73.475,2010-2015,8,0.805879712,2020,27.93110275,2019,12.39724221,2022,0.0,2018,,,,,,,,,37640.0,2025,6.4721152236,2025,43.3,2025,0.267478,2025
21123,Larue County,KY,74.675,2010-2015,4,0.623657405,2020,18.97266769,2019,12.39724221,2022,0.0,2018,,,,,,,,,66310.0,2025,5.1161554012,2025,21.9,2025,0.1330849,2025
21125,Laurel County,KY,75.0909090909091,2010-2015,11,0.636859477,2020,24.49327469,2019,12.39724221,2022,0.016482882,2018,,,,,,,,,52093.0,2025,5.633276565,2025,27.700000000000003,2025,0.3836256,2025
21127,Lawrence County,KY,73.26,2010-2015,5,0.583052576,2020,9.29360199,2019,12.39724221,2022,0.064221948,2018,,,,,,,,,46200.0,2025,4.653596379,2025,24.9,2025,0.3683241,2025
21129,Lee County,KY,72.66666666666667,2010-2015,3,0.550357759,2020,0.023151912,2019,12.39724221,2022,0.0,2018,,,,,,,,,37939.0,2025,5.2456372874,2025,36.5,2025,,
21131,Leslie County,KY,74.03333333333335,2010-2015,3,0.311300188,2020,8.400572777,2019,12.39724221,2022,0.0,2018,,,,,,,,,39855.0,2025,6.130030347,2025,30.599999999999998,2025,0.1945904,2025
21133,Letcher County,KY,72.87142857142858,2010-2015,7,0.659972668,2020,0.0,2019,12.39724221,2022,0.045664184,2018,,,,,,,,,41737.0,2025,4.8085155088,2025,28.9,2025,0.5646262,2025
21135,Lewis County,KY,75.725,2010-2015,4,0.301613629,2020,1.15794909,2019,12.39724221,2022,0.075431846,2018,,,,,,,,,46340.0,2025,4.9404669261,2025,29.4,2025,0.15400019999999998,2025
21137,Lincoln County,KY,73.26,2010-2015,5,0.367857426,2020,17.78019333,2019,12.39724221,2022,0.040577829,2018,,,,,,,,,51359.0,2025,5.1256799037,2025,22.900000000000002,2025,0.2474941,2025
21139,Livingston County,KY,75.0,2010-2015,2,0.33182171,2020,15.4224453,2019,12.39724221,2022,0.0,2018,,,,,,,,,57586.0,2025,4.1169320258,2025,22.7,2025,0.3348588,2025
21141,Logan County,KY,75.16666666666667,2010-2015,6,0.474175662,2020,9.847579956,2019,12.39724221,2022,0.037052132,2018,,,,,,,,,61186.0,2025,4.24964993,2025,17.5,2025,0.2160527,2025
21143,Lyon County,KY,77.1,2010-2015,2,0.491823435,2020,3.289653778,2019,12.39724221,2022,0.0,2018,,,,,,,,,63989.0,2025,4.2104896323,2025,17.9,2025,0.3407929,2025
21145,McCracken County,KY,74.84705882352942,2010-2015,17,1.142526388,2020,38.88143158,2019,12.39724221,2022,0.015303155,2018,,,,,,,,,60801.0,2025,4.9608863122,2025,21.2,2025,1.0080944,2025
21147,McCreary County,KY,72.96666666666665,2010-2015,3,0.292894393,2020,2.849701643,2019,12.39724221,2022,0.0,2018,,,,,,,,,36348.0,2025,6.1526403363,2025,41.699999999999996,2025,0.059199600000000005,2025
21149,McLean County,KY,79.46666666666667,2010-2015,3,0.661157012,2020,3.29211688,2019,12.39724221,2022,0.108084738,2018,,,,,,,,,58403.0,2025,5.0929855641,2025,17.4,2025,,
21151,Madison County,KY,76.14117647058823,2010-2015,17,0.710762203,2020,25.74796104,2019,12.39724221,2022,0.01082626,2018,,,,,,,,,65438.0,2025,4.5403598212,2025,16.5,2025,0.4753555,2025
21153,Magoffin County,KY,72.76666666666667,2010-2015,3,0.499292672,2020,2.381536722,2019,12.39724221,2022,0.0,2018,,,,,,,,,40162.0,2025,5.9115305704,2025,34.8,2025,0.34791679999999997,2025
21155,Marion County,KY,76.26666666666667,2010-2015,6,0.673086882,2020,14.69002151,2019,12.39724221,2022,0.051535767,2018,,,,,,,,,54466.0,2025,4.709384801,2025,17.299999999999997,2025,0.5069707999999999,2025
21157,Marshall County,KY,75.75,2010-2015,6,0.673876047,2020,9.213960648,2019,12.39724221,2022,0.0,2018,,,,,,,,,61426.0,2025,4.3342568273,2025,17.299999999999997,2025,0.40947459999999997,2025
21159,Martin County,KY,74.65,2010-2015,2,0.906536102,2020,1.959810376,2019,12.39724221,2022,0.0,2018,,,,,,,,,35522.0,2025,8.8260698553,2025,53.2,2025,0.3590664,2025
21161,Mason County,KY,75.24,2010-2015,5,0.997945428,2020,17.55197906,2019,12.39724221,2022,0.0,2018,,,,,,,,,56706.0,2025,6.6361240397,2025,20.9,2025,0.5315692999999999,2025
21163,Meade County,KY,74.14999999999999,2010-2015,6,0.34945485,2020,16.57704163,2019,12.39724221,2022,0.034825005,2018,,,,,,,,,69228.0,2025,4.1336750544,2025,13.900000000000002,2025,0.2323189,2025
21165,Menifee County,KY,75.15,2010-2015,2,,,1.065266371,2019,12.39724221,2022,0.0,2018,,,,,,,,,44734.0,2025,6.1077318618,2025,35.9,2025,0.4843397,2025
21167,Mercer County,KY,76.67999999999999,2010-2015,5,0.411165416,2020,14.72829151,2019,12.39724221,2022,0.045926332,2018,,,,,,,,,67348.0,2025,4.0999512263,2025,17.599999999999998,2025,0.2625821,2025
21169,Metcalfe County,KY,74.73333333333333,2010-2015,3,0.298270047,2020,0.788532257,2019,12.39724221,2022,0.099700898,2018,,,,,,,,,40690.0,2025,4.8424071602,2025,36.6,2025,0.1932554,2025
21171,Monroe County,KY,72.19999999999999,2010-2015,4,0.568774283,2020,3.478096008,2019,12.39724221,2022,0.093300991,2018,,,,,,,,,44605.0,2025,6.0322424828,2025,29.599999999999998,2025,0.4451171,2025
21173,Montgomery County,KY,76.14999999999999,2010-2015,6,0.674093544,2020,14.55397034,2019,12.39724221,2022,0.03545722,2018,,,,,,,,,54848.0,2025,4.608682673,2025,18.5,2025,0.49611960000000005,2025
21175,Morgan County,KY,73.97999999999999,2010-2015,5,0.532643437,2020,7.601950645,2019,12.39724221,2022,0.0,2018,,,,,,,,,44587.0,2025,4.909636373,2025,27.400000000000002,2025,0.07235889999999999,2025
21177,Muhlenberg County,KY,74.22222222222223,2010-2015,9,0.590997159,2020,13.47738647,2019,12.39724221,2022,0.064989924,2018,,,,,,,,,52291.0,2025,4.6461545143,2025,25.4,2025,0.3257966,2025
21179,Nelson County,KY,75.84444444444445,2010-2015,9,0.581270158,2020,3.869407415,2019,12.39724221,2022,0.021809775,2018,,,,,,,,,65928.0,2025,3.9242983517,2025,16.2,2025,0.5308081,2025
21181,Nicholas County,KY,73.25,2010-2015,2,,,0.590971649,2019,12.39724221,2022,0.0,2018,,,,,,,,,52978.0,2025,5.4868657203,2025,25.4,2025,0.129668,2025
21183,Ohio County,KY,75.03333333333333,2010-2015,6,0.543955803,2020,6.856123447,2019,12.39724221,2022,0.04151617,2018,,,,,,,,,55512.0,2025,3.9779138252,2025,19.8,2025,0.2110773,2025
21185,Oldham County,KY,79.80833333333334,2010-2015,12,0.402991086,2020,38.75368881,2019,12.39724221,2022,0.030088762,2018,,,,,,,,,120818.0,2025,3.8003418496,2025,5.0,2025,0.596928,2025
21187,Owen County,KY,75.36666666666667,2010-2015,3,0.544612885,2020,9.284034729,2019,12.39724221,2022,0.091911763,2018,,,,,,,,,64868.0,2025,5.0569527897,2025,18.9,2025,0.3541704,2025
21189,Owsley County,KY,71.9,2010-2015,2,,,2.279495478,2019,12.39724221,2022,0.22361359,2018,,,,,,,,,35000.0,2025,6.2150336574,2025,42.0,2025,,
21191,Pendleton County,KY,75.03333333333335,2010-2015,3,0.274235576,2020,0.575500846,2019,12.39724221,2022,0.06882786,2018,,,,,,,,,71116.0,2025,5.6349087051,2025,17.5,2025,0.27384129999999995,2025
21193,Perry County,KY,71.9375,2010-2015,8,0.864236355,2020,1.093630552,2019,12.39724221,2022,0.038325924,2018,,,,,,,,,42519.0,2025,5.3852555812,2025,37.0,2025,1.1457625,2025
21195,Pike County,KY,72.67894736842106,2010-2015,19,1.034053683,2020,0.140916154,2019,12.39724221,2022,0.017122701,2018,,,,,,,,,46402.0,2025,5.9505162673,2025,27.700000000000003,2025,0.7492464,2025
21197,Powell County,KY,70.75,2010-2015,2,0.654771626,2020,0.003764293,2019,12.39724221,2022,0.08037293,2018,,,,,,,,,46014.0,2025,6.7676842889,2025,28.4,2025,0.0761441,2025
21199,Pulaski County,KY,74.78461538461539,2010-2015,13,0.656188011,2020,23.65632629,2019,12.39724221,2022,0.030948734,2018,,,,,,,,,54487.0,2025,5.1727673486,2025,22.400000000000002,2025,0.7184018,2025
21201,Robertson County,KY,72.5,2010-2015,1,,,74.75108337,2019,12.39724221,2022,0.468384087,2018,,,,,,,,,55507.0,2025,5.1602375504,2025,28.299999999999997,2025,,
21203,Rockcastle County,KY,72.9,2010-2015,4,0.597014904,2020,0.455224395,2019,12.39724221,2022,0.119402982,2018,,,,,,,,,49406.0,2025,5.0348469999,2025,26.0,2025,0.4964319,2025
21205,Rowan County,KY,75.275,2010-2015,4,0.891337812,2020,1.798016071,2019,12.39724221,2022,0.040678516,2018,,,,,,,,,51712.0,2025,5.9537349652,2025,23.200000000000003,2025,0.6435783,2025
21207,Russell County,KY,74.3,2010-2015,5,0.500055552,2020,4.049231529,2019,12.39724221,2022,0.056113575,2018,,,,,,,,,47397.0,2025,5.4467032967,2025,25.1,2025,0.3855475,2025
21209,Scott County,KY,77.77272727272727,2010-2015,11,0.667008698,2020,23.5078907,2019,12.39724221,2022,0.017847262,2018,,,,,,,,,81956.0,2025,3.6094011903,2025,12.6,2025,0.5836709,2025
21211,Shelby County,KY,78.3111111111111,2010-2015,9,0.64501822,2020,0.651029944,2019,12.39724221,2022,0.041221816,2018,,,,,,,,,76693.0,2025,3.7406646023,2025,13.5,2025,0.3507975,2025
21213,Simpson County,KY,75.6,2010-2015,4,1.073249221,2020,17.88562012,2019,12.39724221,2022,0.053969454,2018,,,,,,,,,60371.0,2025,4.6915597044,2025,18.0,2025,0.2535754,2025
21215,Spencer County,KY,76.8,2010-2015,4,0.45953536,2020,0.0,2019,12.39724221,2022,0.05320847,2018,,,,,,,,,97726.0,2025,3.8869013272,2025,7.9,2025,0.3012653,2025
21217,Taylor County,KY,75.94,2010-2015,5,0.894697964,2020,8.190376282,2019,12.39724221,2022,0.039140474,2018,,,,,,,,,52832.0,2025,4.5481475084,2025,22.8,2025,0.7242234,2025
21219,Todd County,KY,76.675,2010-2015,4,0.401670963,2020,7.373995781,2019,12.39724221,2022,0.081228167,2018,,,,,,,,,57288.0,2025,5.6986010183,2025,22.7,2025,0.16280019999999998,2025
21221,Trigg County,KY,76.1,2010-2015,2,0.541418493,2020,8.977780342,2019,12.39724221,2022,0.068292014,2018,,,,,,,,,57844.0,2025,5.1884057971,2025,19.900000000000002,2025,,
21223,Trimble County,KY,75.05000000000001,2010-2015,2,,,0.0,2019,12.39724221,2022,0.0,2018,,,,,,,,,65885.0,2025,5.0660299003,2025,16.8,2025,0.2344666,2025
21225,Union County,KY,75.75,2010-2015,4,0.623139262,2020,33.46018219,2019,12.39724221,2022,0.0,2018,,,,,,,,,60771.0,2025,4.8099222953,2025,19.900000000000002,2025,0.2215003,2025
21227,Warren County,KY,76.575,2010-2015,20,0.825217485,2020,16.0259037,2019,12.39724221,2022,0.03047294,2018,,,,,,,,,62108.0,2025,4.5732200497,2025,14.7,2025,0.6559193,2025
21229,Washington County,KY,76.76666666666667,2010-2015,3,0.576273978,2020,16.16628838,2019,12.39724221,2022,0.082754053,2018,,,,,,,,,59071.0,2025,4.8462284958,2025,16.5,2025,0.33134529999999995,2025
21231,Wayne County,KY,76.26,2010-2015,5,0.494829029,2020,19.35679817,2019,12.39724221,2022,0.048856754,2018,,,,,,,,,42721.0,2025,5.6809442223,2025,35.699999999999996,2025,0.5117706999999999,2025
21233,Webster County,KY,74.80000000000001,2010-2015,4,0.619051278,2020,27.72751999,2019,12.39724221,2022,0.0,2018,,,,,,,,,59260.0,2025,4.097594967,2025,19.2,2025,0.1560915,2025
21235,Whitley County,KY,71.67142857142856,2010-2015,7,0.823022664,2020,4.249444008,2019,12.39724221,2022,0.0,2018,,,,,,,,,43910.0,2025,5.9308480543,2025,33.300000000000004,2025,0.8662931,2025
21237,Wolfe County,KY,75.45,2010-2015,2,,,5.605377197,2019,12.39724221,2022,0.139333978,2018,,,,,,,,,40949.0,2025,4.9445062808,2025,39.5,2025,0.3073613,2025
21239,Woodford County,KY,77.3125,2010-2015,8,0.709882319,2020,44.51067352,2019,12.39724221,2022,0.113066748,2018,,,,,,,,,78344.0,2025,4.4372137794,2025,12.7,2025,0.7756233,2025
22001,Acadia Parish,LA,74.44545454545454,2010-2015,11,0.549113333,2020,6.62396431,2019,17.45230806,2022,0.0,2018,41.8,2023,16.5,2023,36.1,2023,10.4,2023,43133.0,2025,6.1334486667,2025,31.5,2025,0.3665689,2025
22003,Allen Parish,LA,76.2,2010-2015,5,0.471698105,2020,28.08324242,2019,17.45230806,2022,0.039054871,2018,44.2,2023,15.3,2023,34.9,2023,11.7,2023,47937.0,2025,5.9703195113,2025,23.400000000000002,2025,0.1763124,2025
22005,Ascension Parish,LA,78.4,2010-2015,13,0.847161233,2020,42.30069733,2019,17.45230806,2022,0.0,2018,35.5,2023,12.2,2023,26.1,2023,7.9,2023,89558.0,2025,4.5177505415,2025,12.7,2025,0.4440324,2025
22007,Assumption Parish,LA,76.75,2010-2015,6,0.323759317,2020,0.885137677,2019,17.45230806,2022,0.0,2018,38.4,2023,16.7,2023,35.2,2023,10.0,2023,54511.0,2025,5.3995221781,2025,26.700000000000003,2025,0.14500459999999998,2025
22009,Avoyelles Parish,LA,74.6875,2010-2015,8,0.375319034,2020,20.54785538,2019,17.45230806,2022,0.074143641,2018,43.0,2023,17.7,2023,37.9,2023,11.4,2023,44650.0,2025,5.9964274115,2025,37.3,2025,0.2803548,2025
22011,Beauregard Parish,LA,75.0,2010-2015,7,0.527969182,2020,55.81916809,2019,17.45230806,2022,0.080530427,2018,40.7,2023,13.4,2023,29.7,2023,8.6,2023,57108.0,2025,4.9900921322,2025,19.5,2025,0.4373497,2025
22013,Bienville Parish,LA,74.03999999999999,2010-2015,5,0.462142795,2020,35.64274597,2019,17.45230806,2022,0.0,2018,47.5,2023,22.1,2023,42.4,2023,10.8,2023,39743.0,2025,5.2203914849,2025,34.2,2025,0.1565435,2025
22015,Bossier Parish,LA,76.18571428571428,2010-2015,21,0.872127295,2020,25.83701706,2019,17.45230806,2022,0.031450249,2018,40.9,2023,13.2,2023,29.9,2023,8.1,2023,71061.0,2025,4.7972531066,2025,19.0,2025,0.47234099999999996,2025
22017,Caddo Parish,LA,74.31639344262295,2010-2015,61,0.922186792,2020,34.79154205,2019,17.45230806,2022,0.008233096,2018,42.2,2023,17.2,2023,33.2,2023,8.9,2023,50773.0,2025,5.8476256462,2025,31.7,2025,1.2570144,2025
22019,Calcasieu Parish,LA,74.5,2010-2015,41,0.895184696,2020,34.11504364,2019,17.45230806,2022,0.014770176,2018,43.0,2023,14.2,2023,32.9,2023,8.3,2023,63912.0,2025,5.40261213,2025,25.2,2025,0.7891583,2025
22021,Caldwell Parish,LA,74.33333333333333,2010-2015,3,0.508181751,2020,7.896505356,2019,17.45230806,2022,0.0,2018,38.6,2023,16.7,2023,35.7,2023,10.7,2023,48050.0,2025,7.7280810844,2025,28.999999999999996,2025,0.3134469,2025
22023,Cameron Parish,LA,78.25,2010-2015,2,,,25.58010674,2019,17.45230806,2022,0.0,2018,36.4,2023,13.3,2023,28.1,2023,7.6,2023,66189.0,2025,3.3008991197,2025,18.6,2025,0.39370079999999996,2025
22025,Catahoula Parish,LA,72.86666666666666,2010-2015,3,,,35.25856018,2019,17.45230806,2022,0.0,2018,41.8,2023,17.7,2023,36.9,2023,12.0,2023,40139.0,2025,4.438605181,2025,46.1,2025,0.1135718,2025
22027,Claiborne Parish,LA,75.7,2010-2015,5,0.515862763,2020,17.30858803,2019,17.45230806,2022,0.0,2018,48.5,2023,22.8,2023,43.6,2023,13.2,2023,39576.0,2025,6.1501488728,2025,37.5,2025,0.4986465,2025
22029,Concordia Parish,LA,73.16,2010-2015,5,0.581579804,2020,36.81792068,2019,17.45230806,2022,0.0,2018,45.6,2023,19.8,2023,39.1,2023,11.2,2023,43136.0,2025,5.6001884634,2025,34.699999999999996,2025,0.2176752,2025
22031,De Soto Parish,LA,73.81428571428572,2010-2015,7,0.433996379,2020,26.9807415,2019,17.45230806,2022,0.03644846,2018,44.4,2023,17.8,2023,34.4,2023,9.5,2023,53165.0,2025,7.0855024996,2025,24.0,2025,0.1857424,2025
22033,East Baton Rouge Parish,LA,74.96543209876543,2010-2015,81,1.032454133,2020,28.83160591,2019,17.45230806,2022,0.0181424,2018,35.3,2023,13.9,2023,24.6,2023,7.6,2023,60205.0,2025,5.7070376432,2025,25.0,2025,0.8669736,2025
22035,East Carroll Parish,LA,69.05,2010-2015,2,,,33.59168625,2019,17.45230806,2022,0.142106012,2018,51.2,2023,22.0,2023,44.3,2023,16.1,2023,34604.0,2025,8.2804321967,2025,52.800000000000004,2025,0.4155125,2025
22037,East Feliciana Parish,LA,76.0,2010-2015,5,0.370723426,2020,1.45956099,2019,17.45230806,2022,0.0,2018,42.2,2023,16.1,2023,33.7,2023,8.8,2023,58360.0,2025,4.6246205516,2025,23.1,2025,0.3102699,2025
22039,Evangeline Parish,LA,75.2,2010-2015,8,0.300516903,2020,9.486182213,2019,17.45230806,2022,0.029901624,2018,44.7,2023,16.8,2023,36.6,2023,11.7,2023,46178.0,2025,5.6191016978,2025,28.4,2025,0.6518702,2025
22041,Franklin Parish,LA,73.73333333333333,2010-2015,6,0.709831178,2020,25.86173058,2019,17.45230806,2022,0.0,2018,42.0,2023,18.4,2023,37.7,2023,10.7,2023,42066.0,2025,5.9184212004,2025,36.3,2025,0.5592841,2025
22043,Grant Parish,LA,74.34,2010-2015,5,,,19.49109268,2019,17.45230806,2022,0.0,2018,39.9,2023,13.7,2023,31.3,2023,11.0,2023,58560.0,2025,4.799864881,2025,25.4,2025,0.0449721,2025
22045,Iberia Parish,LA,75.11428571428571,2010-2015,14,0.623269677,2020,15.46833038,2019,17.45230806,2022,0.042288661,2018,42.5,2023,17.1,2023,35.2,2023,10.4,2023,51770.0,2025,5.459004428,2025,33.2,2025,0.46393619999999997,2025
22047,Iberville Parish,LA,74.02857142857144,2010-2015,7,0.561272204,2020,5.151103497,2019,17.45230806,2022,0.0,2018,43.0,2023,16.5,2023,34.3,2023,10.2,2023,54265.0,2025,5.0156582788,2025,31.6,2025,0.3017704,2025
22049,Jackson Parish,LA,75.28,2010-2015,5,0.706305385,2020,20.90443611,2019,17.45230806,2022,0.0,2018,44.9,2023,17.7,2023,37.1,2023,9.8,2023,51215.0,2025,5.1106820435,2025,27.700000000000003,2025,0.2016671,2025
22051,Jefferson Parish,LA,76.3135593220339,2010-2015,118,0.895116389,2020,13.18583393,2019,17.45230806,2022,0.00691163,2018,41.6,2023,16.2,2023,30.3,2023,10.0,2023,61168.0,2025,5.0199442173,2025,23.200000000000003,2025,0.9223220000000001,2025
22053,Jefferson Davis Parish,LA,74.75714285714285,2010-2015,7,0.640861332,2020,15.63646507,2019,17.45230806,2022,0.09499082,2018,42.7,2023,14.8,2023,33.4,2023,9.1,2023,62563.0,2025,5.906928991,2025,23.1,2025,0.3710002,2025
22055,Lafayette Parish,LA,77.77027027027027,2010-2015,37,1.030350685,2020,27.35456467,2019,17.45230806,2022,0.024713529,2018,34.5,2023,13.0,2023,24.4,2023,7.9,2023,64181.0,2025,5.5719475277,2025,21.3,2025,1.0769639999999998,2025
22057,Lafourche Parish,LA,75.55714285714286,2010-2015,21,0.614779294,2020,26.78843498,2019,17.45230806,2022,0.030576365,2018,47.2,2023,14.7,2023,32.7,2023,9.2,2023,60107.0,2025,5.3078199363,2025,25.7,2025,0.5025435,2025
22059,LaSalle Parish,LA,77.8,2010-2015,3,0.79888159,2020,22.60056305,2019,17.45230806,2022,0.067037605,2018,38.6,2023,13.1,2023,30.2,2023,11.3,2023,57556.0,2025,5.6508722809,2025,23.9,2025,0.5393016,2025
22061,Lincoln Parish,LA,77.30000000000001,2010-2015,9,0.859254181,2020,34.14171219,2019,17.45230806,2022,0.021188237,2018,42.6,2023,13.5,2023,30.7,2023,8.4,2023,47851.0,2025,7.2968674366,2025,27.3,2025,0.6645622,2025
22063,Livingston Parish,LA,76.03999999999999,2010-2015,15,0.570486367,2020,28.07213402,2019,17.45230806,2022,0.007165018,2018,38.9,2023,12.7,2023,27.3,2023,8.3,2023,73745.0,2025,4.3608836948,2025,18.099999999999998,2025,0.20571899999999999,2025
22065,Madison Parish,LA,71.4,2010-2015,5,0.658204019,2020,5.694543362,2019,17.45230806,2022,0.0,2018,49.9,2023,22.6,2023,43.8,2023,13.0,2023,34704.0,2025,6.2040112314,2025,48.1,2025,0.20410250000000002,2025
22067,Morehouse Parish,LA,71.6875,2010-2015,8,0.495315135,2020,22.8638382,2019,17.45230806,2022,0.0,2018,44.8,2023,20.3,2023,38.7,2023,10.8,2023,37255.0,2025,5.8333980834,2025,45.0,2025,0.2397602,2025
22069,Natchitoches Parish,LA,76.175,2010-2015,8,0.610808671,2020,27.85057831,2019,17.45230806,2022,0.025867198,2018,40.1,2023,15.5,2023,32.1,2023,8.9,2023,47476.0,2025,7.3812805978,2025,29.5,2025,0.540161,2025
22071,Orleans Parish,LA,75.25850340136054,2010-2015,147,1.009048104,2020,17.55114174,2019,17.45230806,2022,0.02301755,2018,34.4,2023,16.2,2023,26.8,2023,8.3,2023,53729.0,2025,7.8737468862,2025,32.6,2025,1.1167968,2025
22073,Ouachita Parish,LA,74.53076923076922,2010-2015,39,0.76752013,2020,33.13652802,2019,17.45230806,2022,0.012947079,2018,43.9,2023,15.4,2023,32.9,2023,8.6,2023,52904.0,2025,6.7090844821,2025,29.4,2025,0.9384763,2025
22075,Plaquemines Parish,LA,74.31666666666666,2010-2015,6,0.605719745,2020,54.90789795,2019,17.45230806,2022,0.0,2018,38.7,2023,13.8,2023,29.5,2023,9.1,2023,71460.0,2025,4.6937630521,2025,19.5,2025,0.2145646,2025
22077,Pointe Coupee Parish,LA,76.93333333333334,2010-2015,6,0.464489758,2020,29.15739822,2019,17.45230806,2022,0.0,2018,39.9,2023,17.1,2023,34.2,2023,9.2,2023,57045.0,2025,6.2654417108,2025,27.800000000000004,2025,0.2947534,2025
22079,Rapides Parish,LA,74.89333333333335,2010-2015,30,0.785582602,2020,40.59708023,2019,17.45230806,2022,0.015318393,2018,40.7,2023,15.6,2023,31.4,2023,8.7,2023,52379.0,2025,5.3526687351,2025,25.900000000000002,2025,0.8394609,2025
22081,Red River Parish,LA,74.3,2010-2015,2,0.482741982,2020,11.92009735,2019,17.45230806,2022,0.0,2018,43.9,2023,19.8,2023,39.9,2023,11.1,2023,46817.0,2025,8.0658555133,2025,34.4,2025,0.3966155,2025
22083,Richland Parish,LA,74.48333333333333,2010-2015,6,0.399720192,2020,12.01461315,2019,17.45230806,2022,0.0,2018,43.1,2023,17.7,2023,36.0,2023,10.2,2023,45093.0,2025,5.285118288,2025,37.1,2025,0.6563999,2025
22085,Sabine Parish,LA,75.07142857142857,2010-2015,7,0.294080585,2020,27.65361977,2019,17.45230806,2022,0.041611183,2018,44.7,2023,17.9,2023,36.3,2023,9.5,2023,53183.0,2025,5.8898594546,2025,24.5,2025,0.135532,2025
22087,St. Bernard Parish,LA,74.59285714285714,2010-2015,14,0.713581145,2020,35.59801483,2019,17.45230806,2022,0.021403652,2018,42.8,2023,15.3,2023,33.6,2023,11.1,2023,52139.0,2025,5.5296830251,2025,25.7,2025,0.24854260000000003,2025
22089,St. Charles Parish,LA,76.85833333333333,2010-2015,12,0.547304034,2020,47.21797562,2019,17.45230806,2022,0.037822198,2018,37.7,2023,13.2,2023,27.6,2023,7.8,2023,81482.0,2025,4.7885315265,2025,19.0,2025,0.3442868,2025
22091,St. Helena Parish,LA,74.75,2010-2015,2,,,6.015244484,2019,17.45230806,2022,0.0,2018,42.7,2023,19.8,2023,39.2,2023,10.6,2023,46835.0,2025,6.5387618081,2025,35.099999999999994,2025,0.18328450000000002,2025
22093,St. James Parish,LA,76.51428571428572,2010-2015,7,0.578954995,2020,23.59751701,2019,17.45230806,2022,0.0,2018,43.7,2023,16.5,2023,32.4,2023,7.8,2023,64089.0,2025,5.2139254744,2025,23.0,2025,0.25326709999999997,2025
22095,St. John the Baptist Parish,LA,74.99090909090908,2010-2015,11,0.729137242,2020,39.61330795,2019,17.45230806,2022,0.023156725,2018,41.8,2023,17.2,2023,31.7,2023,9.5,2023,63183.0,2025,4.1446756509,2025,27.900000000000002,2025,0.332589,2025
22097,St. Landry Parish,LA,74.67368421052632,2010-2015,19,0.466601193,2020,19.72119904,2019,17.45230806,2022,0.012082548,2018,40.4,2023,18.2,2023,36.3,2023,10.7,2023,43051.0,2025,6.0660513593,2025,29.9,2025,0.6701515,2025
22099,St. Martin Parish,LA,75.46363636363637,2010-2015,11,0.490992188,2020,14.71389103,2019,17.45230806,2022,0.037298821,2018,45.3,2023,15.5,2023,33.3,2023,9.7,2023,54516.0,2025,5.5448376151,2025,27.0,2025,0.2134265,2025
22101,St. Mary Parish,LA,74.00625,2010-2015,16,0.724187851,2020,22.95074844,2019,17.45230806,2022,0.020090811,2018,45.0,2023,18.1,2023,36.6,2023,11.1,2023,51179.0,2025,5.8495902298,2025,31.1,2025,0.4353956,2025
22103,St. Tammany Parish,LA,77.59210526315789,2010-2015,38,0.732597947,2020,32.77069473,2019,17.45230806,2022,0.019371511,2018,37.4,2023,13.3,2023,26.0,2023,6.9,2023,78484.0,2025,4.5134978061,2025,14.499999999999998,2025,0.7721205,2025
22105,Tangipahoa Parish,LA,74.69500000000001,2010-2015,20,0.716557622,2020,38.81650925,2019,17.45230806,2022,0.007475127,2018,43.0,2023,14.6,2023,30.4,2023,9.5,2023,55432.0,2025,5.4644381543,2025,26.400000000000002,2025,0.3993581,2025
22107,Tensas Parish,LA,80.25,2010-2015,2,,,58.8682518,2019,17.45230806,2022,0.0,2018,48.4,2023,25.1,2023,43.1,2023,11.3,2023,35670.0,2025,5.2521610639,2025,47.099999999999994,2025,0.24734110000000004,2025
22109,Terrebonne Parish,LA,74.655,2010-2015,20,0.810129344,2020,26.29857635,2019,17.45230806,2022,0.01801461,2018,41.3,2023,15.2,2023,33.1,2023,9.3,2023,62566.0,2025,4.9066714836,2025,22.1,2025,0.4783457,2025
22111,Union Parish,LA,73.68333333333334,2010-2015,6,0.315741986,2020,36.61135864,2019,17.45230806,2022,0.044782802,2018,37.0,2023,18.4,2023,35.9,2023,9.9,2023,52753.0,2025,6.4185303514,2025,28.7,2025,0.1896544,2025
22113,Vermilion Parish,LA,76.45,2010-2015,12,0.387348861,2020,9.041387558,2019,17.45230806,2022,0.016714023,2018,42.8,2023,15.0,2023,32.1,2023,9.2,2023,53711.0,2025,5.2632647537,2025,23.599999999999998,2025,0.41955109999999995,2025
22115,Vernon Parish,LA,76.575,2010-2015,8,0.605503798,2020,49.29552078,2019,17.45230806,2022,0.040933277,2018,38.5,2023,12.5,2023,31.6,2023,10.0,2023,55872.0,2025,4.6674917492,2025,21.099999999999998,2025,0.2706811,2025
22117,Washington Parish,LA,73.21000000000001,2010-2015,10,0.589867413,2020,8.40784359,2019,17.45230806,2022,0.0,2018,45.5,2023,17.8,2023,37.7,2023,10.1,2023,45073.0,2025,5.6105504587,2025,31.1,2025,0.1994106,2025
22119,Webster Parish,LA,75.08181818181818,2010-2015,11,0.843370318,2020,28.46306229,2019,17.45230806,2022,0.0,2018,44.6,2023,19.5,2023,39.0,2023,10.1,2023,47088.0,2025,5.3199092456,2025,28.799999999999997,2025,0.6356400999999999,2025
22121,West Baton Rouge Parish,LA,76.62,2010-2015,5,0.895789802,2020,18.88062096,2019,17.45230806,2022,0.0,2018,41.6,2023,14.0,2023,28.1,2023,8.0,2023,73173.0,2025,4.0572338364,2025,19.400000000000002,2025,0.17990789999999998,2025
22123,West Carroll Parish,LA,75.46666666666667,2010-2015,3,0.845387936,2020,4.707070351,2019,17.45230806,2022,0.0,2018,40.1,2023,16.5,2023,33.7,2023,9.5,2023,47030.0,2025,5.2323439099,2025,30.3,2025,0.5211591,2025
22125,West Feliciana Parish,LA,77.15,2010-2015,2,0.387972832,2020,38.12481689,2019,17.45230806,2022,0.06468305,2018,40.7,2023,14.6,2023,28.5,2023,8.7,2023,74368.0,2025,4.5779924599,2025,19.0,2025,0.5163289,2025
22127,Winn Parish,LA,73.95,2010-2015,4,0.505816877,2020,15.48791027,2019,17.45230806,2022,0.070751376,2018,45.9,2023,17.1,2023,35.6,2023,11.1,2023,48430.0,2025,6.2823129252,2025,30.7,2025,0.4448399,2025
23001,Androscoggin County,ME,76.93333333333334,2010-2015,24,0.819921315,2020,9.244924545,2019,12.03191996,2022,0.055721171,2018,35.8,2023,12.1,2023,26.9,2023,9.1,2023,63456.0,2025,4.2942728335,2025,16.6,2025,0.7385125,2025
23003,Aroostook County,ME,77.765,2010-2015,20,0.583797395,2020,10.85298824,2019,12.03191996,2022,0.044702061,2018,40.0,2023,14.8,2023,32.0,2023,9.4,2023,56361.0,2025,4.7850492511,2025,15.2,2025,1.1217637,2025
23005,Cumberland County,ME,80.10363636363635,2010-2015,55,0.875512838,2020,20.983078,2019,12.03191996,2022,0.05791039,2018,26.7,2023,8.9,2023,17.1,2023,6.4,2023,96255.0,2025,4.3191202101,2025,7.3,2025,1.6577608,2025
23007,Franklin County,ME,78.17142857142858,2010-2015,7,0.666977942,2020,12.86003113,2019,12.03191996,2022,0.167240858,2018,34.6,2023,11.3,2023,25.2,2023,8.2,2023,56509.0,2025,4.4283583802,2025,15.6,2025,1.0442281,2025
23009,Hancock County,ME,79.85,2010-2015,16,0.889485896,2020,4.001471519,2019,12.03191996,2022,0.182445124,2018,29.4,2023,11.2,2023,20.6,2023,7.5,2023,72647.0,2025,4.5250136874,2025,13.200000000000001,2025,1.0499715,2025
23011,Kennebec County,ME,77.82142857142857,2010-2015,28,0.707575917,2020,5.192726612,2019,12.03191996,2022,0.06552919,2018,32.5,2023,11.8,2023,24.7,2023,8.2,2023,64643.0,2025,4.3027903599,2025,14.7,2025,1.1085584000000002,2025
23013,Knox County,ME,78.85,2010-2015,8,0.826011837,2020,8.036881447,2019,12.03191996,2022,0.100575797,2018,28.8,2023,11.2,2023,21.7,2023,7.6,2023,70533.0,2025,4.0214440411,2025,13.0,2025,1.0709765,2025
23015,Lincoln County,ME,79.01428571428572,2010-2015,7,0.718907237,2020,2.632376194,2019,12.03191996,2022,0.029118864,2018,30.9,2023,11.8,2023,21.4,2023,7.2,2023,74569.0,2025,3.9742756566,2025,13.8,2025,1.0885341,2025
23017,Oxford County,ME,78.925,2010-2015,12,0.464460194,2020,15.08666515,2019,12.03191996,2022,0.104134127,2018,35.0,2023,13.7,2023,25.4,2023,8.9,2023,60220.0,2025,4.6389411718,2025,19.400000000000002,2025,0.6651997999999999,2025
23019,Penobscot County,ME,77.13142857142857,2010-2015,35,0.586858332,2020,15.67619801,2019,12.03191996,2022,0.046328161,2018,38.0,2023,11.5,2023,26.2,2023,8.4,2023,65215.0,2025,4.7175473171,2025,13.0,2025,1.3550224,2025
23021,Piscataquis County,ME,76.6,2010-2015,5,0.29418686,2020,4.451750278,2019,12.03191996,2022,0.05952381,2018,34.6,2023,13.8,2023,28.1,2023,9.2,2023,51787.0,2025,4.4359224537,2025,20.0,2025,0.5825808,2025
23023,Sagadahoc County,ME,79.88571428571429,2010-2015,7,0.665852845,2020,10.71788025,2019,12.03191996,2022,0.05612617,2018,29.6,2023,10.8,2023,22.2,2023,7.4,2023,83180.0,2025,4.3327229445,2025,10.9,2025,0.6474063,2025
23025,Somerset County,ME,76.67142857142858,2010-2015,14,0.513478816,2020,9.303689957,2019,12.03191996,2022,0.079063885,2018,37.2,2023,13.9,2023,28.1,2023,9.5,2023,56422.0,2025,4.4755497624,2025,18.0,2025,0.5732132,2025
23027,Waldo County,ME,78.8875,2010-2015,8,0.551060796,2020,11.30067635,2019,12.03191996,2022,0.201541796,2018,34.3,2023,11.7,2023,23.6,2023,8.1,2023,68345.0,2025,4.2749006761,2025,18.5,2025,0.8017639,2025
23029,Washington County,ME,76.35000000000001,2010-2015,12,0.413052469,2020,11.08124828,2019,12.03191996,2022,0.15878056,2018,39.8,2023,14.9,2023,32.5,2023,9.6,2023,48104.0,2025,5.3366798499,2025,20.7,2025,0.4177244,2025
23031,York County,ME,79.07272727272728,2010-2015,33,0.827489913,2020,17.302948,2019,12.03191996,2022,0.053338762,2018,33.1,2023,10.4,2023,21.3,2023,7.3,2023,85445.0,2025,3.9161519941,2025,8.9,2025,0.675704,2025
24001,Allegany County,MD,76.32173913043479,2010-2015,23,0.799349129,2020,30.36057663,2019,10.7490113,2022,0.042268403,2018,36.6,2023,13.3,2023,32.0,2023,9.4,2023,54759.0,2025,4.8214301334,2025,22.3,2025,0.5315301,2025
24003,Anne Arundel County,MD,78.8659793814433,2010-2015,97,0.943757236,2020,33.68476105,2019,10.7490113,2022,0.026040265,2018,34.5,2023,10.4,2023,20.5,2023,7.1,2023,116956.0,2025,3.7078482589,2025,6.9,2025,0.6724984,2025
24005,Baltimore County,MD,78.07722772277228,2010-2015,202,0.943079889,2020,21.83665466,2019,10.7490113,2022,0.020520719,2018,34.0,2023,13.1,2023,26.3,2023,8.1,2023,86807.0,2025,4.4207173732,2025,10.299999999999999,2025,0.8642249,2025
24009,Calvert County,MD,80.73888888888888,2010-2015,18,0.719872773,2020,38.60660553,2019,10.7490113,2022,0.043476842,2018,36.3,2023,10.9,2023,19.8,2023,6.5,2023,124486.0,2025,3.4777584222,2025,6.4,2025,0.4790904,2025
24011,Caroline County,MD,75.83333333333333,2010-2015,9,0.507583916,2020,9.191987038,2019,10.7490113,2022,0.060052846,2018,41.7,2023,14.2,2023,28.6,2023,10.6,2023,63491.0,2025,4.1353829914,2025,16.3,2025,0.29952670000000003,2025
24013,Carroll County,MD,78.48648648648648,2010-2015,37,0.739242554,2020,29.51169777,2019,10.7490113,2022,0.029686099,2018,37.7,2023,10.3,2023,23.2,2023,6.3,2023,113885.0,2025,4.0115259677,2025,5.800000000000001,2025,0.44285199999999997,2025
24015,Cecil County,MD,76.67777777777778,2010-2015,18,0.609172404,2020,24.6789608,2019,10.7490113,2022,0.019450333,2018,41.3,2023,13.2,2023,27.8,2023,8.0,2023,87592.0,2025,4.3233364574,2025,12.8,2025,0.3945912,2025
24017,Charles County,MD,79.66896551724139,2010-2015,29,0.778418362,2020,37.42512131,2019,10.7490113,2022,0.024767341,2018,41.9,2023,13.4,2023,23.3,2023,7.5,2023,105141.0,2025,3.5155249487,2025,9.0,2025,0.3793762,2025
24019,Dorchester County,MD,77.61111111111111,2010-2015,9,0.753461242,2020,13.85321426,2019,10.7490113,2022,0.031251952,2018,41.8,2023,16.6,2023,29.8,2023,10.1,2023,63087.0,2025,5.2020550727,2025,23.200000000000003,2025,0.33857610000000005,2025
24021,Frederick County,MD,80.0396551724138,2010-2015,58,0.773115218,2020,25.89675331,2019,10.7490113,2022,0.058674429,2018,34.7,2023,10.6,2023,20.1,2023,7.7,2023,114089.0,2025,3.6394800473,2025,7.3,2025,0.5610449,2025
24023,Garrett County,MD,78.01428571428572,2010-2015,7,0.935810328,2020,14.08914566,2019,10.7490113,2022,0.034290027,2018,36.3,2023,14.1,2023,27.1,2023,7.9,2023,65991.0,2025,4.3459032577,2025,14.6,2025,0.4877709,2025
24025,Harford County,MD,78.81176470588235,2010-2015,51,0.661980867,2020,28.2346859,2019,10.7490113,2022,0.01181307,2018,35.8,2023,11.6,2023,20.6,2023,6.8,2023,104553.0,2025,4.1057411273,2025,7.7,2025,0.5399712000000001,2025
24027,Howard County,MD,81.7074074074074,2010-2015,54,0.898842156,2020,22.55060959,2019,10.7490113,2022,0.018564586,2018,30.0,2023,10.4,2023,16.4,2023,5.7,2023,140113.0,2025,,,6.3,2025,1.8354164,2025
24029,Kent County,MD,78.86,2010-2015,5,0.729470611,2020,1.670009017,2019,10.7490113,2022,0.051591601,2018,35.1,2023,13.7,2023,24.4,2023,7.9,2023,69781.0,2025,4.2578854475,2025,19.1,2025,0.7265178999999999,2025
24031,Montgomery County,MD,83.01299999999999,2010-2015,200,0.783406973,2020,20.02664757,2019,10.7490113,2022,0.019001165,2018,26.1,2023,10.8,2023,19.2,2023,8.7,2023,125076.0,2025,,,7.1,2025,1.3471403,2025
24033,Prince George's County,MD,79.609,2010-2015,200,0.930066884,2020,24.04109764,2019,10.7490113,2022,0.024194222,2018,42.2,2023,15.2,2023,27.1,2023,12.5,2023,97171.0,2025,3.9621172582,2025,13.900000000000002,2025,0.4961761,2025
24035,Queen Anne's County,MD,79.17272727272727,2010-2015,11,0.723122299,2020,23.46410942,2019,10.7490113,2022,0.059700303,2018,29.4,2023,11.6,2023,20.9,2023,6.7,2023,112527.0,2025,4.2485672617,2025,7.9,2025,0.314973,2025
24037,St. Mary's County,MD,80.75,2010-2015,16,0.758586407,2020,21.74327087,2019,10.7490113,2022,0.035503797,2018,37.4,2023,11.4,2023,22.7,2023,7.6,2023,102345.0,2025,3.9400292448,2025,10.5,2025,0.3669148,2025
24039,Somerset County,MD,74.86666666666666,2010-2015,6,0.43216911,2020,18.27673149,2019,10.7490113,2022,0.116845183,2018,38.4,2023,14.2,2023,31.3,2023,10.9,2023,51841.0,2025,5.735462423,2025,26.700000000000003,2025,0.36609179999999997,2025
24041,Talbot County,MD,80.17,2010-2015,10,0.946662366,2020,13.67804813,2019,10.7490113,2022,0.0,2018,30.1,2023,13.1,2023,24.2,2023,7.7,2023,80371.0,2025,5.1126322152,2025,13.900000000000002,2025,1.1694041,2025
24043,Washington County,MD,76.15517241379311,2010-2015,29,0.813782692,2020,28.65318108,2019,10.7490113,2022,0.026503054,2018,39.0,2023,13.3,2023,29.5,2023,9.4,2023,71685.0,2025,4.7108571429,2025,15.4,2025,0.5486101,2025
24045,Wicomico County,MD,76.9421052631579,2010-2015,19,0.894316733,2020,29.73750687,2019,10.7490113,2022,0.029071176,2018,39.6,2023,12.6,2023,28.0,2023,9.1,2023,70975.0,2025,4.3161349693,2025,19.8,2025,0.6443547,2025
24047,Worcester County,MD,77.90714285714286,2010-2015,14,1.717458963,2020,30.65968513,2019,10.7490113,2022,0.057889353,2018,33.1,2023,13.7,2023,25.7,2023,7.1,2023,75459.0,2025,4.3106856964,2025,14.299999999999999,2025,0.8469472,2025
24510,Baltimore city,MD,73.03944444444444,2010-2015,180,1.117497683,2020,4.522172451,2019,10.7490113,2022,0.033195294,2018,38.7,2023,14.4,2023,27.4,2023,10.1,2023,58616.0,2025,6.4622551721,2025,26.200000000000003,2025,1.1587204,2025
25001,Barnstable County,MA,80.42745098039217,2010-2015,51,0.989848197,2020,51.04450226,2019,15.04849488,2022,0.089029253,2018,26.3,2023,10.7,2023,19.0,2023,3.6,2023,89448.0,2025,4.658597098,2025,11.5,2025,0.899269,2025
25003,Berkshire County,MA,80.25263157894737,2010-2015,38,0.842892826,2020,30.93593788,2019,15.04849488,2022,0.150378317,2018,31.2,2023,10.9,2023,22.2,2023,4.8,2023,74535.0,2025,4.9951817933,2025,16.5,2025,1.0959373000000001,2025
25005,Bristol County,MA,78.48852459016393,2010-2015,122,0.686351478,2020,26.43337059,2019,15.04849488,2022,0.042551532,2018,32.1,2023,10.8,2023,24.8,2023,5.9,2023,81047.0,2025,5.383401387,2025,18.4,2025,0.5050296000000001,2025
25007,Dukes County,MA,81.275,2010-2015,4,0.973598301,2020,32.19146347,2019,15.04849488,2022,0.172890738,2018,25.5,2023,10.6,2023,19.0,2023,3.9,2023,94059.0,2025,4.655846493,2025,11.600000000000001,2025,0.474001,2025
25009,Essex County,MA,80.59182389937106,2010-2015,159,0.750698566,2020,30.06750488,2019,15.04849488,2022,0.030355232,2018,30.0,2023,10.3,2023,24.1,2023,6.2,2023,96303.0,2025,5.3974760004,2025,12.5,2025,0.7409482000000001,2025
25011,Franklin County,MA,80.87777777777778,2010-2015,18,0.455405802,2020,19.07582855,2019,15.04849488,2022,0.155010357,2018,26.3,2023,10.8,2023,22.1,2023,4.7,2023,71256.0,2025,4.4994145395,2025,14.6,2025,0.6336689,2025
25013,Hampden County,MA,78.6108910891089,2010-2015,101,0.605621696,2020,23.81669617,2019,15.04849488,2022,0.04039064,2018,34.9,2023,12.1,2023,29.8,2023,8.1,2023,67155.0,2025,5.5477647059,2025,26.400000000000002,2025,0.6656322,2025
25015,Hampshire County,MA,81.62068965517241,2010-2015,29,0.625770569,2020,46.48748779,2019,15.04849488,2022,0.080567695,2018,22.2,2023,8.2,2023,17.4,2023,4.2,2023,80839.0,2025,4.835768039,2025,11.700000000000001,2025,1.2811626,2025
25017,Middlesex County,MA,81.70230263157895,2010-2015,304,0.814599931,2020,24.63314819,2019,15.04849488,2022,0.037158284,2018,23.8,2023,8.5,2023,18.3,2023,4.0,2023,123288.0,2025,4.9388341056,2025,7.6,2025,1.2460195,2025
25019,Nantucket County,MA,81.85,2010-2015,4,1.58227849,2020,13.6261797,2019,15.04849488,2022,0.176569253,2018,27.7,2023,8.6,2023,17.2,2023,4.5,2023,108671.0,2025,,,6.6000000000000005,2025,0.4140501,2025
25021,Norfolk County,MA,81.46328125,2010-2015,128,0.69917351,2020,35.69750214,2019,15.04849488,2022,0.03260617,2018,23.5,2023,9.0,2023,17.1,2023,3.8,2023,123449.0,2025,,,6.6000000000000005,2025,1.1966791,2025
25023,Plymouth County,MA,79.95483870967742,2010-2015,93,0.612901866,2020,41.64700317,2019,15.04849488,2022,0.034740184,2018,29.7,2023,10.3,2023,20.4,2023,4.4,2023,107828.0,2025,4.7315361555,2025,8.5,2025,0.6341428,2025
25025,Suffolk County,MA,79.62934131736527,2010-2015,167,0.969333172,2020,0.973512948,2019,15.04849488,2022,0.037163116,2018,24.2,2023,9.3,2023,23.8,2023,6.6,2023,91386.0,2025,7.6494989074,2025,20.3,2025,1.5740782999999998,2025
25027,Worcester County,MA,79.7355421686747,2010-2015,166,0.691017509,2020,34.47441101,2019,15.04849488,2022,0.072216161,2018,32.6,2023,10.4,2023,23.8,2023,5.4,2023,93561.0,2025,4.9909919777,2025,13.4,2025,0.9338432999999999,2025
26001,Alcona County,MI,76.475,2010-2015,4,0.475963831,2020,15.62345028,2019,13.72188368,2022,0.289519399,2018,39.0,2023,16.0,2023,28.7,2023,6.2,2023,53033.0,2025,4.1490949119,2025,25.6,2025,0.48851980000000006,2025
26003,Alger County,MI,81.2,2010-2015,3,0.998336077,2020,12.75315094,2019,13.72188368,2022,0.10992635,2018,36.1,2023,13.2,2023,25.8,2023,7.0,2023,62543.0,2025,4.0313177928,2025,16.0,2025,0.7935608,2025
26005,Allegan County,MI,79.57826086956521,2010-2015,23,0.554962277,2020,20.78973198,2019,13.72188368,2022,0.042615935,2018,35.6,2023,11.6,2023,24.9,2023,7.2,2023,78772.0,2025,3.7215470499,2025,12.2,2025,0.206697,2025
26007,Alpena County,MI,77.25555555555555,2010-2015,9,0.672852159,2020,15.90541267,2019,13.72188368,2022,0.070521861,2018,41.3,2023,14.2,2023,28.5,2023,7.0,2023,53480.0,2025,4.7065197344,2025,19.6,2025,0.7614301,2025
26009,Antrim County,MI,80.07142857142857,2010-2015,7,0.639686108,2020,0.166546971,2019,13.72188368,2022,0.213995293,2018,36.4,2023,12.8,2023,23.3,2023,5.5,2023,72369.0,2025,3.8457878198,2025,15.7,2025,0.6719019,2025
26011,Arenac County,MI,77.0,2010-2015,5,0.869390786,2020,0.005427375,2019,13.72188368,2022,0.132969886,2018,38.6,2023,14.7,2023,28.3,2023,7.3,2023,56213.0,2025,3.8236618872,2025,22.8,2025,0.4006678,2025
26013,Baraga County,MI,76.2,2010-2015,2,0.857422829,2020,15.41619778,2019,13.72188368,2022,0.120192304,2018,40.3,2023,14.5,2023,28.6,2023,7.9,2023,55856.0,2025,4.5163525621,2025,19.1,2025,0.7303713000000001,2025
26015,Barry County,MI,79.36363636363636,2010-2015,11,0.354489923,2020,0.031850263,2019,13.72188368,2022,0.032702714,2018,37.0,2023,11.2,2023,24.1,2023,6.3,2023,75377.0,2025,3.7427519305,2025,10.6,2025,0.3016256,2025
26017,Bay County,MI,77.02307692307691,2010-2015,26,0.712981164,2020,12.85762882,2019,13.72188368,2022,0.028867528,2018,38.0,2023,12.6,2023,26.3,2023,7.3,2023,59523.0,2025,4.3800434164,2025,16.1,2025,0.446667,2025
26019,Benzie County,MI,78.7,2010-2015,5,0.672193587,2020,0.0,2019,13.72188368,2022,0.281642526,2018,35.4,2023,12.8,2023,23.7,2023,5.6,2023,65594.0,2025,3.7082739791,2025,14.099999999999998,2025,0.6036328000000001,2025
26021,Berrien County,MI,76.83191489361703,2010-2015,47,0.738441408,2020,25.17030144,2019,13.72188368,2022,0.038925398,2018,38.8,2023,13.5,2023,27.2,2023,7.3,2023,62758.0,2025,4.8312681944,2025,17.0,2025,0.7968596,2025
26023,Branch County,MI,77.19166666666666,2010-2015,12,0.529661,2020,13.60886002,2019,13.72188368,2022,0.0,2018,36.0,2023,13.3,2023,28.2,2023,8.7,2023,57641.0,2025,3.8711555322,2025,20.4,2025,0.3556741,2025
26025,Calhoun County,MI,76.26756756756757,2010-2015,37,0.763587356,2020,29.09360886,2019,13.72188368,2022,0.059485305,2018,42.5,2023,13.3,2023,27.8,2023,7.7,2023,58617.0,2025,4.4370967742,2025,19.400000000000002,2025,0.5754041,2025
26027,Cass County,MI,77.87272727272727,2010-2015,11,0.329559565,2020,13.32979774,2019,13.72188368,2022,0.019359959,2018,36.2,2023,13.1,2023,26.8,2023,7.3,2023,68720.0,2025,4.6404279835,2025,16.7,2025,0.21366279999999999,2025
26029,Charlevoix County,MI,79.30833333333334,2010-2015,12,0.881057262,2020,1.426566482,2019,13.72188368,2022,0.114311844,2018,35.0,2023,12.3,2023,22.5,2023,5.4,2023,78405.0,2025,3.9953370675,2025,13.0,2025,0.8433643,2025
26031,Cheboygan County,MI,79.1625,2010-2015,8,0.670214891,2020,9.409393311,2019,13.72188368,2022,0.078699879,2018,41.1,2023,14.6,2023,26.7,2023,6.8,2023,61488.0,2025,4.1994768828,2025,22.900000000000002,2025,0.5436471,2025
26033,Chippewa County,MI,78.06363636363636,2010-2015,11,0.541154802,2020,19.81580925,2019,13.72188368,2022,0.053309165,2018,35.6,2023,12.7,2023,26.5,2023,7.4,2023,59852.0,2025,4.2388588331,2025,17.5,2025,0.7062147,2025
26035,Clare County,MI,75.19,2010-2015,10,0.649962604,2020,2.726153135,2019,13.72188368,2022,0.097538769,2018,40.5,2023,15.4,2023,30.4,2023,7.9,2023,47793.0,2025,4.1291043109,2025,28.799999999999997,2025,0.2897151,2025
26037,Clinton County,MI,79.9,2010-2015,20,0.589319527,2020,34.13660049,2019,13.72188368,2022,0.063026272,2018,35.2,2023,10.6,2023,21.8,2023,5.8,2023,91911.0,2025,3.9948510574,2025,7.3,2025,0.3021681,2025
26039,Crawford County,MI,78.2,2010-2015,4,0.786782086,2020,6.436742306,2019,13.72188368,2022,0.143874541,2018,37.5,2023,14.9,2023,28.9,2023,6.9,2023,59220.0,2025,4.4731709359,2025,21.9,2025,0.7573463,2025
26041,Delta County,MI,79.87272727272727,2010-2015,11,0.702010572,2020,15.31340218,2019,13.72188368,2022,0.055777114,2018,39.9,2023,13.8,2023,26.8,2023,6.7,2023,58072.0,2025,4.6455514208,2025,16.8,2025,0.8146418,2025
26043,Dickinson County,MI,79.89999999999999,2010-2015,7,0.716788769,2020,25.67452431,2019,13.72188368,2022,0.039396446,2018,38.1,2023,12.6,2023,25.7,2023,5.9,2023,61704.0,2025,3.9775671406,2025,14.399999999999999,2025,0.7368054,2025
26045,Eaton County,MI,78.81111111111112,2010-2015,27,0.808003783,2020,30.91036987,2019,13.72188368,2022,0.04552656,2018,38.9,2023,11.4,2023,24.0,2023,6.3,2023,73130.0,2025,3.591507899,2025,12.0,2025,0.330445,2025
26047,Emmet County,MI,80.07142857142857,2010-2015,7,0.899766088,2020,23.61491394,2019,13.72188368,2022,0.120091267,2018,32.7,2023,11.5,2023,21.4,2023,5.3,2023,77292.0,2025,4.3825329354,2025,10.6,2025,1.1687363,2025
26049,Genesee County,MI,75.28571428571429,2010-2015,119,0.684298694,2020,35.91704559,2019,13.72188368,2022,0.014745927,2018,40.6,2023,13.2,2023,28.1,2023,7.3,2023,60192.0,2025,4.5597836366,2025,24.8,2025,0.8287812,2025
26051,Gladwin County,MI,76.4,2010-2015,9,0.511327863,2020,13.09611225,2019,13.72188368,2022,0.039467972,2018,40.6,2023,15.0,2023,29.2,2023,7.2,2023,51395.0,2025,4.2452881514,2025,22.1,2025,0.1569551,2025
26053,Gogebic County,MI,77.41428571428571,2010-2015,7,0.577951193,2020,15.05071449,2019,13.72188368,2022,0.0,2018,37.0,2023,15.2,2023,28.4,2023,6.5,2023,48043.0,2025,4.7125671628,2025,26.1,2025,0.8355964,2025
26055,Grand Traverse County,MI,79.9625,2010-2015,16,1.047098041,2020,17.0298481,2019,13.72188368,2022,0.075616002,2018,35.3,2023,10.7,2023,22.5,2023,5.5,2023,82824.0,2025,3.8289012233,2025,9.1,2025,1.3248487,2025
26057,Gratiot County,MI,78.11111111111111,2010-2015,9,0.595784843,2020,39.56851196,2019,13.72188368,2022,0.073893443,2018,36.7,2023,11.6,2023,26.3,2023,8.2,2023,60251.0,2025,3.9881496881,2025,19.400000000000002,2025,0.4814173,2025
26059,Hillsdale County,MI,77.63333333333334,2010-2015,12,0.481843263,2020,5.373814583,2019,13.72188368,2022,0.021858402,2018,37.6,2023,13.5,2023,28.2,2023,7.4,2023,58676.0,2025,3.980534406,2025,18.9,2025,0.1976024,2025
26061,Houghton County,MI,78.76,2010-2015,10,0.59784776,2020,10.46077824,2019,13.72188368,2022,0.110439271,2018,33.7,2023,10.0,2023,21.8,2023,6.2,2023,56074.0,2025,5.1083206038,2025,14.000000000000002,2025,0.6968080999999999,2025
26063,Huron County,MI,77.86,2010-2015,10,0.717711151,2020,21.11886597,2019,13.72188368,2022,0.032086249,2018,38.6,2023,14.3,2023,28.8,2023,7.0,2023,59319.0,2025,4.3370063541,2025,18.099999999999998,2025,0.5759631000000001,2025
26065,Ingham County,MI,77.94590163934426,2010-2015,61,0.901555002,2020,38.00898361,2019,13.72188368,2022,0.040992707,2018,34.5,2023,10.2,2023,22.0,2023,6.9,2023,63483.0,2025,4.9069829323,2025,16.7,2025,1.1547912999999999,2025
26067,Ionia County,MI,78.53333333333333,2010-2015,12,0.43375212,2020,27.28025818,2019,13.72188368,2022,0.046721693,2018,40.2,2023,11.1,2023,24.9,2023,7.7,2023,70177.0,2025,3.6853643786,2025,14.799999999999999,2025,0.2529875,2025
26069,Iosco County,MI,76.05,2010-2015,8,0.636435986,2020,12.94721413,2019,13.72188368,2022,0.159483269,2018,38.8,2023,15.9,2023,30.7,2023,7.7,2023,52734.0,2025,4.6413712426,2025,27.200000000000003,2025,0.3153455,2025
26071,Iron County,MI,81.36,2010-2015,5,0.72293514,2020,14.02825356,2019,13.72188368,2022,0.089952327,2018,39.0,2023,15.3,2023,28.5,2023,6.7,2023,49137.0,2025,4.4527775277,2025,25.5,2025,0.6875806,2025
26073,Isabella County,MI,78.43076923076923,2010-2015,13,0.633057117,2020,9.162043571,2019,13.72188368,2022,0.028343868,2018,39.5,2023,10.5,2023,25.5,2023,7.5,2023,53213.0,2025,5.223787696,2025,16.3,2025,0.49372809999999995,2025
26075,Jackson County,MI,77.11891891891892,2010-2015,37,0.599031329,2020,30.36846924,2019,13.72188368,2022,0.018888952,2018,39.2,2023,12.5,2023,27.4,2023,7.1,2023,64070.0,2025,4.0622025493,2025,18.9,2025,0.4311153,2025
26077,Kalamazoo County,MI,78.92692307692307,2010-2015,52,0.785749733,2020,30.25986862,2019,13.72188368,2022,0.037754372,2018,37.4,2023,9.7,2023,22.8,2023,6.4,2023,67671.0,2025,4.6701393497,2025,14.499999999999998,2025,0.9880969000000001,2025
26079,Kalkaska County,MI,76.74,2010-2015,5,0.499916673,2020,4.603714943,2019,13.72188368,2022,0.112208262,2018,38.7,2023,13.5,2023,27.2,2023,7.3,2023,60410.0,2025,4.08261097,2025,20.4,2025,0.22248179999999998,2025
26081,Kent County,MI,79.66829268292683,2010-2015,123,0.768170416,2020,20.33683205,2019,13.72188368,2022,0.03059105,2018,34.8,2023,10.3,2023,21.6,2023,7.4,2023,79715.0,2025,4.0641145176,2025,13.0,2025,0.9361048000000001,2025
26083,Keweenaw County,MI,82.7,2010-2015,1,,,29.230196,2019,13.72188368,2022,0.0,2018,33.7,2023,13.4,2023,22.8,2023,4.7,2023,54912.0,2025,3.9748528625,2025,16.7,2025,,
26085,Lake County,MI,78.35,2010-2015,4,,,1.432641149,2019,13.72188368,2022,0.0,2018,40.5,2023,17.2,2023,34.1,2023,10.7,2023,50660.0,2025,4.1511000811,2025,33.0,2025,0.081248,2025
26087,Lapeer County,MI,77.99090909090908,2010-2015,22,0.570548296,2020,7.459937572,2019,13.72188368,2022,0.056800108,2018,35.5,2023,11.9,2023,25.5,2023,7.0,2023,71515.0,2025,3.9100200512,2025,12.3,2025,0.36152880000000004,2025
26089,Leelanau County,MI,82.67999999999999,2010-2015,5,0.689877212,2020,5.738732815,2019,13.72188368,2022,0.275684625,2018,31.7,2023,12.2,2023,20.5,2023,4.7,2023,91727.0,2025,3.9691867477,2025,10.299999999999999,2025,0.44202800000000003,2025
26091,Lenawee County,MI,77.94782608695652,2010-2015,23,0.623670876,2020,28.82805634,2019,13.72188368,2022,0.040705841,2018,40.6,2023,12.4,2023,26.4,2023,7.6,2023,65707.0,2025,3.8676113233,2025,13.200000000000001,2025,0.222321,2025
26093,Livingston County,MI,79.33859649122807,2010-2015,57,0.597915113,2020,28.88230324,2019,13.72188368,2022,0.031376816,2018,32.3,2023,9.7,2023,20.9,2023,4.7,2023,103737.0,2025,3.795546728,2025,5.7,2025,0.4922723,2025
26095,Luce County,MI,81.5,2010-2015,2,0.489715964,2020,28.49912453,2019,13.72188368,2022,0.159159631,2018,40.9,2023,14.1,2023,27.8,2023,8.2,2023,51664.0,2025,4.2588896875,2025,26.900000000000002,2025,1.3185156999999998,2025
26097,Mackinac County,MI,81.94,2010-2015,5,1.383891463,2020,34.64593124,2019,13.72188368,2022,0.185408369,2018,41.2,2023,16.4,2023,29.3,2023,7.3,2023,51353.0,2025,4.3001691775,2025,19.2,2025,0.6418485,2025
26099,Macomb County,MI,77.11960784313726,2010-2015,204,0.798124909,2020,27.27165222,2019,13.72188368,2022,0.009145376,2018,37.5,2023,11.4,2023,26.3,2023,6.5,2023,73929.0,2025,4.1386548539,2025,14.299999999999999,2025,0.5428882,2025
26101,Manistee County,MI,77.775,2010-2015,8,0.565930963,2020,9.570550919,2019,13.72188368,2022,0.040769733,2018,36.6,2023,13.7,2023,28.5,2023,7.1,2023,57434.0,2025,3.7954924295,2025,20.4,2025,0.5128205,2025
26103,Marquette County,MI,78.95,2010-2015,22,0.729106545,2020,17.11914825,2019,13.72188368,2022,0.060135908,2018,36.4,2023,10.6,2023,21.4,2023,5.9,2023,62319.0,2025,4.2279029463,2025,13.4,2025,1.1497209,2025
26105,Mason County,MI,77.9625,2010-2015,8,0.651488125,2020,25.74080467,2019,13.72188368,2022,0.068728521,2018,40.4,2023,13.8,2023,25.4,2023,7.0,2023,59543.0,2025,4.1759056564,2025,21.5,2025,0.7827655,2025
26107,Mecosta County,MI,77.80000000000001,2010-2015,9,0.501059055,2020,22.89638329,2019,13.72188368,2022,0.045929499,2018,37.1,2023,12.4,2023,27.2,2023,7.3,2023,59260.0,2025,4.1222906596,2025,24.099999999999998,2025,0.4746322,2025
26109,Menominee County,MI,82.17142857142858,2010-2015,7,0.530785561,2020,15.89992714,2019,13.72188368,2022,0.261062533,2018,38.9,2023,13.9,2023,27.7,2023,6.9,2023,55853.0,2025,4.4942740286,2025,20.200000000000003,2025,0.3433624,2025
26111,Midland County,MI,79.84210526315789,2010-2015,19,0.707086444,2020,19.38002205,2019,13.72188368,2022,0.024035862,2018,31.8,2023,10.8,2023,21.6,2023,5.8,2023,73722.0,2025,4.9064879977,2025,14.099999999999998,2025,1.0065063,2025
26113,Missaukee County,MI,78.1,2010-2015,4,0.263991565,2020,4.26048708,2019,13.72188368,2022,0.0,2018,39.3,2023,13.3,2023,28.2,2023,7.4,2023,66397.0,2025,3.9131666375,2025,16.6,2025,0.1982816,2025
26115,Monroe County,MI,77.10263157894737,2010-2015,38,0.670793235,2020,15.87775326,2019,13.72188368,2022,0.033236064,2018,40.6,2023,12.3,2023,24.9,2023,6.7,2023,73617.0,2025,4.3833217596,2025,12.9,2025,0.3542126,2025
26117,Montcalm County,MI,78.68461538461538,2010-2015,13,0.378095657,2020,2.494222641,2019,13.72188368,2022,0.078164086,2018,42.5,2023,12.4,2023,26.9,2023,8.3,2023,64912.0,2025,3.6994669404,2025,18.4,2025,0.312407,2025
26119,Montmorency County,MI,76.56,2010-2015,5,0.321302354,2020,3.858500719,2019,13.72188368,2022,0.107933082,2018,38.6,2023,16.5,2023,29.8,2023,7.0,2023,47374.0,2025,4.4052415412,2025,25.1,2025,0.7529311,2025
26121,Muskegon County,MI,76.95714285714286,2010-2015,42,0.695870221,2020,43.03689575,2019,13.72188368,2022,0.028803835,2018,44.3,2023,12.7,2023,27.9,2023,7.8,2023,61223.0,2025,4.122372857,2025,16.3,2025,0.5608716,2025
26123,Newaygo County,MI,78.05454545454546,2010-2015,11,0.52687037,2020,4.297062397,2019,13.72188368,2022,0.040906489,2018,37.8,2023,13.2,2023,27.8,2023,8.0,2023,61951.0,2025,4.0616748056,2025,17.9,2025,0.3578813,2025
26125,Oakland County,MI,78.96327160493827,2010-2015,324,0.853637815,2020,30.22327995,2019,13.72188368,2022,0.022236323,2018,31.3,2023,10.2,2023,19.1,2023,5.2,2023,92230.0,2025,4.6190042128,2025,9.5,2025,1.3779343,2025
26127,Oceana County,MI,79.23333333333333,2010-2015,6,0.335582972,2020,9.255616188,2019,13.72188368,2022,0.037558686,2018,40.6,2023,13.7,2023,28.3,2023,9.3,2023,61907.0,2025,3.8042550308,2025,20.7,2025,0.4848033,2025
26129,Ogemaw County,MI,75.97142857142856,2010-2015,7,0.621325791,2020,0.051518947,2019,13.72188368,2022,0.09545628,2018,39.4,2023,15.3,2023,29.5,2023,7.4,2023,51390.0,2025,4.44848539,2025,22.7,2025,0.1447457,2025
26131,Ontonagon County,MI,80.63333333333334,2010-2015,3,,,34.21987152,2019,13.72188368,2022,0.172562554,2018,37.0,2023,16.5,2023,28.9,2023,6.3,2023,51306.0,2025,3.7843200128,2025,23.9,2025,0.34083159999999996,2025
26133,Osceola County,MI,78.3,2010-2015,6,0.383533627,2020,0.052415684,2019,13.72188368,2022,0.128529191,2018,39.6,2023,13.7,2023,29.0,2023,7.6,2023,55388.0,2025,4.0391173901,2025,21.7,2025,0.3029647,2025
26135,Oscoda County,MI,76.5,2010-2015,5,0.717017233,2020,1.601777315,2019,13.72188368,2022,0.0,2018,38.4,2023,16.5,2023,31.4,2023,8.1,2023,49622.0,2025,3.9723590221,2025,27.800000000000004,2025,0.1203225,2025
26137,Otsego County,MI,78.46666666666667,2010-2015,6,0.767211795,2020,35.20252228,2019,13.72188368,2022,0.040543281,2018,38.1,2023,12.3,2023,25.7,2023,6.2,2023,69029.0,2025,3.9195513569,2025,15.299999999999999,2025,0.8699435000000001,2025
26139,Ottawa County,MI,80.97058823529412,2010-2015,51,0.576985061,2020,31.38675499,2019,13.72188368,2022,0.030981706,2018,32.3,2023,9.4,2023,20.1,2023,6.5,2023,81772.0,2025,3.8452581884,2025,7.5,2025,0.6618598,2025
26141,Presque Isle County,MI,77.81666666666666,2010-2015,6,0.315831035,2020,23.24465561,2019,13.72188368,2022,0.157010525,2018,40.9,2023,15.6,2023,28.5,2023,6.5,2023,54675.0,2025,4.0757908527,2025,18.8,2025,0.15275339999999998,2025
26143,Roscommon County,MI,76.3125,2010-2015,8,0.667055786,2020,13.32805729,2019,13.72188368,2022,0.041869033,2018,39.2,2023,15.7,2023,28.4,2023,6.5,2023,54305.0,2025,4.1983140561,2025,27.1,2025,0.4654509,2025
26145,Saginaw County,MI,76.40892857142856,2010-2015,56,0.790022552,2020,30.08481979,2019,13.72188368,2022,0.036687631,2018,36.6,2023,14.1,2023,30.6,2023,8.2,2023,59188.0,2025,4.7617167036,2025,22.6,2025,0.86502,2025
26147,St. Clair County,MI,76.17659574468085,2010-2015,47,0.54616338,2020,35.68595505,2019,13.72188368,2022,0.018828019,2018,36.5,2023,12.2,2023,25.8,2023,6.7,2023,68831.0,2025,4.0792154622,2025,14.299999999999999,2025,0.4373551,2025
26149,St. Joseph County,MI,76.62941176470588,2010-2015,17,0.542334974,2020,15.17158031,2019,13.72188368,2022,0.03276379,2018,38.3,2023,12.8,2023,26.2,2023,8.8,2023,65540.0,2025,4.0058405195,2025,14.2,2025,0.2797985,2025
26151,Sanilac County,MI,78.73333333333333,2010-2015,12,0.392666936,2020,14.27950478,2019,13.72188368,2022,0.024282454,2018,40.0,2023,13.8,2023,30.3,2023,7.7,2023,57382.0,2025,3.9595307709,2025,20.1,2025,0.3209401,2025
26153,Schoolcraft County,MI,79.60000000000001,2010-2015,3,0.863770962,2020,45.98495102,2019,13.72188368,2022,0.123946458,2018,40.3,2023,15.8,2023,29.5,2023,7.0,2023,56019.0,2025,4.2928482393,2025,21.9,2025,0.747198,2025
26155,Shiawassee County,MI,77.36470588235295,2010-2015,17,0.664324284,2020,27.31666756,2019,13.72188368,2022,0.117315814,2018,38.8,2023,12.5,2023,26.1,2023,6.8,2023,63988.0,2025,4.1123097086,2025,16.6,2025,0.3683133,2025
26157,Tuscola County,MI,78.21538461538461,2010-2015,13,0.4016141,2020,15.32678795,2019,13.72188368,2022,0.038083632,2018,41.7,2023,13.2,2023,27.5,2023,7.4,2023,64273.0,2025,3.8134749304,2025,19.7,2025,0.30236029999999997,2025
26159,Van Buren County,MI,78.31333333333333,2010-2015,15,0.62273103,2020,4.919363022,2019,13.72188368,2022,0.066270806,2018,39.4,2023,13.5,2023,28.0,2023,8.7,2023,66174.0,2025,4.291915013,2025,18.3,2025,0.5022602,2025
26161,Washtenaw County,MI,79.58875,2010-2015,80,0.799513221,2020,25.16417122,2019,13.72188368,2022,0.037739612,2018,27.5,2023,8.7,2023,16.1,2023,5.2,2023,84704.0,2025,5.0229767968,2025,13.900000000000002,2025,1.7759008,2025
26163,Wayne County,MI,74.46294964028777,2010-2015,556,0.785350978,2020,14.82906151,2019,13.72188368,2022,0.016534647,2018,37.4,2023,14.3,2023,29.7,2023,8.1,2023,57418.0,2025,5.6705280782,2025,29.2,2025,0.7014811999999999,2025
26165,Wexford County,MI,77.0875,2010-2015,8,0.770530164,2020,24.82717514,2019,13.72188368,2022,0.029881073,2018,39.0,2023,13.0,2023,26.4,2023,7.4,2023,59697.0,2025,4.1023255814,2025,18.7,2025,0.8554320000000001,2025
27001,Aitkin County,MN,79.48333333333333,2010-2015,6,0.567894995,2020,33.8019104,2019,7.738127722,2022,0.0,2018,33.2,2023,15.2,2023,28.8,2023,7.4,2023,59844.0,2025,4.638575152,2025,16.1,2025,0.8812236,2025
27003,Anoka County,MN,80.14025974025974,2010-2015,77,0.59735328,2020,38.25657654,2019,7.738127722,2022,0.01695811,2018,36.2,2023,10.6,2023,24.6,2023,7.5,2023,96661.0,2025,3.549591378,2025,7.6,2025,0.47136649999999997,2025
27005,Becker County,MN,80.35,2010-2015,10,0.522405386,2020,34.51247025,2019,7.738127722,2022,0.058188587,2018,37.3,2023,11.8,2023,24.6,2023,7.5,2023,71719.0,2025,4.0135893739,2025,14.6,2025,0.7950254,2025
27007,Beltrami County,MN,78.71000000000001,2010-2015,10,0.590194345,2020,32.31233597,2019,7.738127722,2022,0.04269217,2018,38.5,2023,11.3,2023,26.3,2023,8.2,2023,65855.0,2025,4.1164399431,2025,19.6,2025,1.0780509,2025
27009,Benton County,MN,79.71111111111111,2010-2015,9,0.561550856,2020,30.00787735,2019,7.738127722,2022,0.0,2018,41.5,2023,10.2,2023,23.8,2023,8.0,2023,74677.0,2025,3.8096806893,2025,14.000000000000002,2025,0.2170819,2025
27011,Big Stone County,MN,78.23333333333333,2010-2015,3,0.812512696,2020,38.40453339,2019,7.738127722,2022,0.0,2018,37.6,2023,13.2,2023,27.7,2023,7.9,2023,62245.0,2025,4.5429111944,2025,14.499999999999998,2025,1.7492711,2025
27013,Blue Earth County,MN,80.37333333333332,2010-2015,15,0.908544719,2020,38.87947464,2019,7.738127722,2022,0.014830854,2018,33.8,2023,9.4,2023,23.0,2023,7.9,2023,67236.0,2025,4.3297641769,2025,10.6,2025,0.9237875,2025
27015,Brown County,MN,81.3125,2010-2015,8,0.684214771,2020,17.19438171,2019,7.738127722,2022,0.0,2018,35.5,2023,11.5,2023,24.8,2023,8.1,2023,71884.0,2025,3.701879982,2025,6.800000000000001,2025,0.9295479999999999,2025
27017,Carlton County,MN,77.81428571428572,2010-2015,7,0.251614541,2020,18.86141014,2019,7.738127722,2022,0.055808242,2018,38.8,2023,11.7,2023,25.6,2023,8.0,2023,75512.0,2025,3.5956996551,2025,8.4,2025,0.8789036,2025
27019,Carver County,MN,82.37058823529412,2010-2015,17,0.553652704,2020,38.28910828,2019,7.738127722,2022,0.009657077,2018,32.0,2023,8.5,2023,19.0,2023,5.8,2023,129437.0,2025,3.9064472695,2025,3.8,2025,0.8469426999999999,2025
27021,Cass County,MN,79.76,2010-2015,10,0.334135264,2020,13.84890175,2019,7.738127722,2022,0.135505944,2018,36.9,2023,14.2,2023,28.1,2023,7.4,2023,61490.0,2025,4.1453986526,2025,20.7,2025,0.2937433,2025
27023,Chippewa County,MN,80.075,2010-2015,4,0.595339358,2020,16.23238754,2019,7.738127722,2022,0.083864473,2018,40.4,2023,12.8,2023,28.9,2023,9.9,2023,75774.0,2025,4.7504365652,2025,20.1,2025,0.9711095,2025
27025,Chisago County,MN,80.28,2010-2015,10,0.457794845,2020,38.66259766,2019,7.738127722,2022,0.107292302,2018,36.5,2023,10.3,2023,22.9,2023,7.0,2023,91338.0,2025,3.5767992818,2025,5.800000000000001,2025,0.4872192,2025
27027,Clay County,MN,79.89230769230768,2010-2015,13,0.602875233,2020,19.20739174,2019,7.738127722,2022,0.046907984,2018,32.9,2023,9.3,2023,21.7,2023,7.2,2023,72172.0,2025,4.4393746704,2025,13.0,2025,0.1982493,2025
27029,Clearwater County,MN,79.16666666666667,2010-2015,3,,,39.15169144,2019,7.738127722,2022,0.113507375,2018,34.5,2023,12.8,2023,28.6,2023,8.9,2023,62435.0,2025,4.798055461,2025,18.4,2025,0.3498134,2025
27031,Cook County,MN,81.4,2010-2015,2,0.923020124,2020,31.44690514,2019,7.738127722,2022,0.18542555,2018,35.3,2023,12.9,2023,24.0,2023,6.3,2023,62435.0,2025,3.3802272727,2025,16.3,2025,1.6022788000000001,2025
27033,Cottonwood County,MN,80.0,2010-2015,4,0.266856432,2020,8.788153648,2019,7.738127722,2022,0.0,2018,39.2,2023,13.1,2023,29.8,2023,10.2,2023,63898.0,2025,3.8844936192,2025,14.299999999999999,2025,0.6050653,2025
27035,Crow Wing County,MN,80.225,2010-2015,16,0.639814734,2020,13.42822647,2019,7.738127722,2022,0.030821865,2018,37.5,2023,11.8,2023,24.6,2023,7.0,2023,74540.0,2025,3.9125117592,2025,10.5,2025,1.0108518,2025
27037,Dakota County,MN,80.68333333333334,2010-2015,90,0.660017073,2020,34.62385178,2019,7.738127722,2022,0.018804813,2018,34.5,2023,9.7,2023,22.5,2023,7.1,2023,100012.0,2025,3.830480898,2025,6.4,2025,0.6040205,2025
27039,Dodge County,MN,81.67999999999999,2010-2015,5,0.333539814,2020,13.99119568,2019,7.738127722,2022,0.048026126,2018,35.2,2023,9.6,2023,22.6,2023,7.1,2023,87661.0,2025,3.1924496917,2025,8.4,2025,0.4299021,2025
27041,Douglas County,MN,81.73333333333333,2010-2015,9,0.626174092,2020,24.7042408,2019,7.738127722,2022,0.052681487,2018,35.2,2023,11.4,2023,23.7,2023,6.9,2023,76508.0,2025,3.8146176995,2025,8.5,2025,1.1213619000000001,2025
27043,Faribault County,MN,81.2,2010-2015,6,0.441144019,2020,12.53014851,2019,7.738127722,2022,0.0,2018,37.6,2023,12.8,2023,28.9,2023,9.3,2023,65264.0,2025,4.4353399199,2025,13.3,2025,0.5032713,2025
27045,Fillmore County,MN,82.53333333333333,2010-2015,6,0.61509347,2020,2.714550495,2019,7.738127722,2022,0.094975784,2018,40.5,2023,11.8,2023,25.5,2023,7.6,2023,69157.0,2025,3.7977292927,2025,12.2,2025,0.2820742,2025
27047,Freeborn County,MN,81.61,2010-2015,10,0.757475972,2020,23.69882393,2019,7.738127722,2022,0.032847196,2018,36.0,2023,12.9,2023,30.0,2023,9.8,2023,66215.0,2025,4.3309854244,2025,12.5,2025,0.6504276999999999,2025
27049,Goodhue County,MN,80.83,2010-2015,10,0.647696376,2020,14.3315897,2019,7.738127722,2022,0.021550331,2018,36.0,2023,10.9,2023,25.3,2023,7.7,2023,83979.0,2025,4.3100274889,2025,7.199999999999999,2025,0.813042,2025
27051,Grant County,MN,84.9,2010-2015,2,,,44.1004982,2019,7.738127722,2022,0.0,2018,39.7,2023,12.7,2023,26.7,2023,8.0,2023,72935.0,2025,4.1965111896,2025,12.2,2025,0.3250447,2025
27053,Hennepin County,MN,80.32043795620437,2010-2015,274,0.824655771,2020,25.49419022,2019,7.738127722,2022,0.034142483,2018,27.1,2023,8.1,2023,18.9,2023,7.5,2023,93642.0,2025,4.5804699889,2025,11.200000000000001,2025,1.2024466,2025
27055,Houston County,MN,82.88,2010-2015,5,0.268355519,2020,13.71372414,2019,7.738127722,2022,0.053827107,2018,34.1,2023,11.3,2023,25.7,2023,6.8,2023,77043.0,2025,3.7704455252,2025,7.199999999999999,2025,0.5857919,2025
27057,Hubbard County,MN,82.17142857142858,2010-2015,7,0.367258877,2020,23.10991287,2019,7.738127722,2022,0.093755856,2018,35.4,2023,13.3,2023,24.4,2023,6.9,2023,72166.0,2025,4.2259916837,2025,13.8,2025,0.5986645,2025
27059,Isanti County,MN,80.9125,2010-2015,8,0.362065226,2020,33.54854965,2019,7.738127722,2022,0.050042536,2018,32.8,2023,10.5,2023,24.8,2023,8.0,2023,85799.0,2025,3.6411556133,2025,7.8,2025,0.692025,2025
27061,Itasca County,MN,79.89090909090909,2010-2015,11,0.309269249,2020,25.36037254,2019,7.738127722,2022,0.022169016,2018,36.0,2023,13.7,2023,25.4,2023,7.1,2023,65386.0,2025,4.3795356079,2025,16.1,2025,1.0206346000000002,2025
27063,Jackson County,MN,84.75,2010-2015,4,,,17.4398098,2019,7.738127722,2022,0.0,2018,35.8,2023,11.7,2023,25.2,2023,7.7,2023,72413.0,2025,3.6836974891,2025,9.8,2025,0.1001001,2025
27065,Kanabec County,MN,80.225,2010-2015,4,0.243664712,2020,11.87412071,2019,7.738127722,2022,0.061701734,2018,37.6,2023,12.8,2023,28.0,2023,8.5,2023,70384.0,2025,3.9067159656,2025,12.5,2025,0.9901603,2025
27067,Kandiyohi County,MN,81.425,2010-2015,12,0.626014352,2020,39.75845718,2019,7.738127722,2022,0.070003502,2018,40.6,2023,12.3,2023,25.4,2023,10.0,2023,69160.0,2025,3.8793605498,2025,14.6,2025,0.8453858,2025
27069,Kittson County,MN,79.95,2010-2015,2,,,25.88676262,2019,7.738127722,2022,0.0,2018,34.0,2023,12.5,2023,25.9,2023,7.0,2023,72224.0,2025,3.7739697225,2025,12.4,2025,,
27071,Koochiching County,MN,78.75,2010-2015,4,0.580479324,2020,39.92807007,2019,7.738127722,2022,0.0,2018,37.0,2023,13.4,2023,27.8,2023,7.3,2023,64009.0,2025,3.8647298187,2025,15.4,2025,0.3349803,2025
27073,Lac qui Parle County,MN,79.16666666666667,2010-2015,3,0.459629238,2020,11.37378597,2019,7.738127722,2022,0.300390512,2018,34.0,2023,12.2,2023,25.9,2023,7.3,2023,67947.0,2025,4.0431421208,2025,10.4,2025,0.7480551,2025
27075,Lake County,MN,79.7,2010-2015,3,0.751950383,2020,11.62121677,2019,7.738127722,2022,0.0,2018,35.4,2023,12.5,2023,25.5,2023,7.2,2023,71573.0,2025,4.3148262123,2025,10.9,2025,0.9102494000000001,2025
27077,Lake of the Woods County,MN,83.35,2010-2015,2,,,41.18602371,2019,7.738127722,2022,0.266098976,2018,36.2,2023,12.9,2023,25.8,2023,7.0,2023,65778.0,2025,4.4306434783,2025,15.2,2025,0.2615747,2025
27079,Le Sueur County,MN,81.35000000000001,2010-2015,6,0.173967496,2020,5.037368298,2019,7.738127722,2022,0.035095107,2018,35.3,2023,10.9,2023,22.4,2023,7.7,2023,78885.0,2025,3.6658093361,2025,6.800000000000001,2025,0.1386914,2025
27081,Lincoln County,MN,81.3,2010-2015,2,,,12.21485138,2019,7.738127722,2022,0.352547139,2018,36.6,2023,12.0,2023,26.1,2023,7.7,2023,65021.0,2025,4.7136863275,2025,9.0,2025,0.5388898999999999,2025
27083,Lyon County,MN,80.02857142857142,2010-2015,7,0.910134137,2020,40.05039215,2019,7.738127722,2022,0.039018299,2018,37.9,2023,11.0,2023,24.9,2023,8.5,2023,69161.0,2025,4.7274911218,2025,10.6,2025,0.8323095,2025
27085,McLeod County,MN,82.18571428571428,2010-2015,7,0.644077301,2020,47.32771683,2019,7.738127722,2022,0.083628356,2018,42.0,2023,11.4,2023,25.8,2023,8.3,2023,75691.0,2025,3.8273445075,2025,8.6,2025,0.7349939,2025
27087,Mahnomen County,MN,77.19999999999999,2010-2015,2,0.548145413,2020,35.18780899,2019,7.738127722,2022,0.181192249,2018,43.8,2023,16.8,2023,34.5,2023,11.4,2023,54177.0,2025,5.1019289883,2025,27.1,2025,0.1847063,2025
27089,Marshall County,MN,85.35,2010-2015,4,,,60.95251083,2019,7.738127722,2022,0.212992549,2018,39.0,2023,12.1,2023,25.7,2023,8.2,2023,69843.0,2025,3.5906027074,2025,9.9,2025,0.1112595,2025
27091,Martin County,MN,81.3,2010-2015,6,0.718538284,2020,31.1127491,2019,7.738127722,2022,0.0,2018,36.3,2023,13.0,2023,28.7,2023,8.4,2023,59843.0,2025,4.1631905692,2025,15.1,2025,0.8034144999999999,2025
27093,Meeker County,MN,80.66666666666667,2010-2015,6,0.385587603,2020,26.13371849,2019,7.738127722,2022,0.043213345,2018,37.1,2023,12.2,2023,26.1,2023,7.8,2023,75351.0,2025,3.8902289809,2025,8.200000000000001,2025,0.513347,2025
27095,Mille Lacs County,MN,77.42857142857143,2010-2015,7,0.573701501,2020,7.808329105,2019,7.738127722,2022,0.076514021,2018,38.5,2023,12.0,2023,28.2,2023,8.3,2023,70512.0,2025,4.2868088159,2025,12.8,2025,0.6327465,2025
27097,Morrison County,MN,81.975,2010-2015,8,0.662910163,2020,31.02240753,2019,7.738127722,2022,0.060297266,2018,37.2,2023,12.0,2023,26.4,2023,7.7,2023,68639.0,2025,4.1730738194,2025,10.9,2025,0.558955,2025
27099,Mower County,MN,80.72727272727273,2010-2015,11,0.49813199,2020,18.77161407,2019,7.738127722,2022,0.049986254,2018,37.9,2023,11.8,2023,28.6,2023,10.6,2023,66578.0,2025,3.7406801927,2025,17.2,2025,0.42332790000000003,2025
27101,Murray County,MN,81.39999999999999,2010-2015,3,0.367872477,2020,14.47918701,2019,7.738127722,2022,0.120831318,2018,36.3,2023,12.6,2023,26.9,2023,8.3,2023,74801.0,2025,3.9233786372,2025,11.0,2025,0.36836939999999996,2025
27103,Nicollet County,MN,81.60000000000001,2010-2015,7,0.754016578,2020,44.9056778,2019,7.738127722,2022,0.029222677,2018,33.2,2023,9.8,2023,23.2,2023,7.3,2023,74482.0,2025,4.0742893345,2025,8.1,2025,0.844693,2025
27105,Nobles County,MN,82.08333333333333,2010-2015,6,0.467289716,2020,29.5118103,2019,7.738127722,2022,0.0,2018,38.6,2023,13.5,2023,33.7,2023,16.5,2023,63576.0,2025,3.9708541401,2025,13.0,2025,0.6366240999999999,2025
27107,Norman County,MN,78.16666666666667,2010-2015,3,,,25.99043655,2019,7.738127722,2022,0.0,2018,35.6,2023,12.5,2023,26.7,2023,8.3,2023,62716.0,2025,4.0406665151,2025,13.700000000000001,2025,,
27109,Olmsted County,MN,81.3,2010-2015,33,0.696807265,2020,20.02523994,2019,7.738127722,2022,0.025595577,2018,36.4,2023,9.5,2023,21.3,2023,6.7,2023,89431.0,2025,4.1464228603,2025,8.6,2025,2.3128319,2025
27111,Otter Tail County,MN,80.97647058823529,2010-2015,17,0.612859845,2020,23.424263,2019,7.738127722,2022,0.0,2018,34.3,2023,12.1,2023,25.9,2023,7.5,2023,69107.0,2025,4.1550268611,2025,12.1,2025,0.5329248,2025
27113,Pennington County,MN,80.02000000000001,2010-2015,5,0.288309067,2020,18.18004036,2019,7.738127722,2022,0.070531808,2018,40.2,2023,11.2,2023,24.8,2023,7.9,2023,73104.0,2025,3.9885565512,2025,10.6,2025,0.7982583000000001,2025
27115,Pine County,MN,79.6875,2010-2015,8,0.476855487,2020,12.01953411,2019,7.738127722,2022,0.033917852,2018,39.6,2023,13.1,2023,27.7,2023,8.7,2023,69619.0,2025,4.0840753368,2025,13.600000000000001,2025,0.1706368,2025
27117,Pipestone County,MN,80.06,2010-2015,5,0.657822609,2020,30.77983284,2019,7.738127722,2022,0.0,2018,38.5,2023,12.7,2023,28.0,2023,9.1,2023,69117.0,2025,4.1151474754,2025,12.4,2025,0.5368839000000001,2025
27119,Polk County,MN,78.39,2010-2015,10,0.485436887,2020,33.37074661,2019,7.738127722,2022,0.126867324,2018,39.4,2023,11.3,2023,25.9,2023,8.3,2023,68136.0,2025,4.7644864375,2025,11.899999999999999,2025,0.5527197,2025
27121,Pope County,MN,82.45,2010-2015,4,0.354704261,2020,12.44611835,2019,7.738127722,2022,0.180228889,2018,38.9,2023,12.2,2023,25.1,2023,7.2,2023,64480.0,2025,4.6055321913,2025,8.799999999999999,2025,1.1400508999999999,2025
27123,Ramsey County,MN,79.53384615384616,2010-2015,130,0.74100709,2020,20.80873489,2019,7.738127722,2022,0.023627343,2018,32.1,2023,10.5,2023,20.3,2023,7.8,2023,77764.0,2025,4.4239720714,2025,15.1,2025,1.1007681,2025
27125,Red Lake County,MN,80.80000000000001,2010-2015,2,0.741473079,2020,99.19235992,2019,7.738127722,2022,0.0,2018,38.6,2023,12.0,2023,26.6,2023,7.6,2023,70019.0,2025,4.0420335655,2025,11.4,2025,,
27127,Redwood County,MN,80.68333333333334,2010-2015,6,0.397904366,2020,38.86283875,2019,7.738127722,2022,0.0,2018,36.5,2023,12.8,2023,26.2,2023,8.5,2023,71012.0,2025,4.4840241478,2025,13.8,2025,0.4555512,2025
27129,Renville County,MN,78.61666666666666,2010-2015,6,0.347149909,2020,31.77104568,2019,7.738127722,2022,0.0,2018,38.8,2023,13.1,2023,28.1,2023,9.8,2023,70098.0,2025,4.1437092203,2025,12.6,2025,0.27382259999999997,2025
27131,Rice County,MN,81.32307692307693,2010-2015,13,0.536640644,2020,18.37875175,2019,7.738127722,2022,0.045097183,2018,37.5,2023,10.1,2023,25.5,2023,8.7,2023,81824.0,2025,4.2869172599,2025,11.1,2025,0.8622997,2025
27133,Rock County,MN,78.73333333333333,2010-2015,3,0.645091951,2020,21.11553383,2019,7.738127722,2022,0.106224775,2018,36.6,2023,11.4,2023,26.2,2023,8.0,2023,71923.0,2025,4.2056761473,2025,9.8,2025,0.9297521,2025
27135,Roseau County,MN,82.32000000000001,2010-2015,5,0.19845207,2020,37.81650925,2019,7.738127722,2022,0.066006601,2018,35.9,2023,11.8,2023,25.1,2023,7.8,2023,74057.0,2025,4.0151097217,2025,10.2,2025,0.5243150999999999,2025
27137,St. Louis County,MN,78.24666666666667,2010-2015,60,0.679970562,2020,27.28700066,2019,7.738127722,2022,0.06007389,2018,35.2,2023,11.2,2023,23.5,2023,6.8,2023,67311.0,2025,4.561185798,2025,12.4,2025,1.2350514,2025
27139,Scott County,MN,80.80952380952381,2010-2015,21,0.557439506,2020,29.08177948,2019,7.738127722,2022,0.006785135,2018,32.0,2023,9.4,2023,22.6,2023,6.6,2023,111370.0,2025,3.6856391082,2025,5.7,2025,0.48933889999999997,2025
27141,Sherburne County,MN,80.73636363636363,2010-2015,11,0.425053895,2020,16.30261803,2019,7.738127722,2022,0.010412762,2018,39.0,2023,9.0,2023,23.2,2023,7.1,2023,101487.0,2025,3.3393479639,2025,6.3,2025,0.37345819999999996,2025
27143,Sibley County,MN,80.825,2010-2015,4,0.203873605,2020,3.27188921,2019,7.738127722,2022,0.133084908,2018,38.8,2023,11.5,2023,27.4,2023,9.0,2023,76019.0,2025,3.6547760602,2025,9.9,2025,0.1340752,2025
27145,Stearns County,MN,81.92222222222223,2010-2015,27,0.703538656,2020,25.29802132,2019,7.738127722,2022,0.037675191,2018,36.0,2023,10.1,2023,23.1,2023,7.9,2023,75116.0,2025,4.1937758838,2025,12.1,2025,0.9751678,2025
27147,Steele County,MN,82.6125,2010-2015,8,0.710460186,2020,30.88448715,2019,7.738127722,2022,0.054343395,2018,37.4,2023,10.9,2023,24.3,2023,8.2,2023,78500.0,2025,4.0007706493,2025,9.700000000000001,2025,0.5890385,2025
27149,Stevens County,MN,83.66666666666667,2010-2015,3,0.614439309,2020,13.02660751,2019,7.738127722,2022,0.102532551,2018,36.8,2023,9.7,2023,24.7,2023,9.7,2023,74512.0,2025,4.1580558276,2025,7.9,2025,0.6185567000000001,2025
27151,Swift County,MN,83.67500000000001,2010-2015,4,0.653879702,2020,25.81141663,2019,7.738127722,2022,0.107009098,2018,38.4,2023,13.2,2023,28.2,2023,9.1,2023,69245.0,2025,4.430896318,2025,12.6,2025,0.41029849999999995,2025
27153,Todd County,MN,81.5125,2010-2015,8,0.283034116,2020,32.36234283,2019,7.738127722,2022,0.040680174,2018,39.3,2023,13.3,2023,28.9,2023,10.4,2023,60951.0,2025,3.7493572395,2025,14.299999999999999,2025,0.8321116,2025
27155,Traverse County,MN,78.0,2010-2015,2,,,15.48036194,2019,7.738127722,2022,0.0,2018,38.7,2023,13.2,2023,28.0,2023,8.5,2023,67634.0,2025,4.9841142857,2025,18.0,2025,,
27157,Wabasha County,MN,82.25,2010-2015,6,0.41585806,2020,10.49858952,2019,7.738127722,2022,0.046200044,2018,37.5,2023,11.6,2023,23.8,2023,7.0,2023,81349.0,2025,4.1844318572,2025,7.8,2025,0.7903667999999999,2025
27159,Wadena County,MN,77.86666666666667,2010-2015,3,0.869124353,2020,7.358362198,2019,7.738127722,2022,0.072605826,2018,38.4,2023,12.7,2023,29.3,2023,8.8,2023,55449.0,2025,4.5937125625,2025,15.299999999999999,2025,0.4937575,2025
27161,Waseca County,MN,81.1,2010-2015,5,0.646900296,2020,40.59436035,2019,7.738127722,2022,0.0,2018,39.1,2023,11.4,2023,26.4,2023,8.9,2023,70833.0,2025,4.0479141696,2025,10.2,2025,0.2631579,2025
27163,Washington County,MN,81.84791666666666,2010-2015,48,0.59892422,2020,45.84732056,2019,7.738127722,2022,0.023148058,2018,32.5,2023,10.3,2023,19.1,2023,5.8,2023,111118.0,2025,3.722756294,2025,5.2,2025,1.0431359,2025
27165,Watonwan County,MN,81.76666666666667,2010-2015,3,0.463306159,2020,3.342154503,2019,7.738127722,2022,0.182149366,2018,36.8,2023,12.9,2023,29.5,2023,13.4,2023,64868.0,2025,4.3371197024,2025,12.3,2025,0.5388415000000001,2025
27167,Wilkin County,MN,80.4,2010-2015,2,,,29.12862968,2019,7.738127722,2022,0.0,2018,38.6,2023,12.3,2023,26.4,2023,8.0,2023,75073.0,2025,4.3903999441,2025,10.6,2025,0.3127443,2025
27169,Winona County,MN,80.91111111111111,2010-2015,9,0.732890964,2020,12.14221954,2019,7.738127722,2022,0.039350715,2018,33.8,2023,9.8,2023,22.5,2023,7.3,2023,71907.0,2025,4.2927756654,2025,11.200000000000001,2025,0.3626839,2025
27171,Wright County,MN,81.23125,2010-2015,16,0.527633011,2020,25.88977432,2019,7.738127722,2022,0.029336482,2018,35.4,2023,9.2,2023,20.3,2023,6.8,2023,104303.0,2025,3.2954446196,2025,4.8,2025,0.3935241,2025
27173,Yellow Medicine County,MN,80.825,2010-2015,4,0.626304805,2020,32.3343277,2019,7.738127722,2022,0.102092907,2018,38.8,2023,12.4,2023,26.9,2023,8.5,2023,69009.0,2025,3.7427938562,2025,11.0,2025,0.5312932,2025
28001,Adams County,MS,73.14444444444445,2010-2015,9,0.891824961,2020,28.26030731,2019,13.97449097,2022,0.0,2018,41.2,2023,20.6,2023,41.6,2023,15.2,2023,44385.0,2025,6.691554559,2025,32.300000000000004,2025,0.7654304000000001,2025
28003,Alcorn County,MS,73.83333333333333,2010-2015,6,0.840358913,2020,18.86888695,2019,13.97449097,2022,0.054163847,2018,40.0,2023,15.0,2023,35.2,2023,11.8,2023,48556.0,2025,5.1570197044,2025,23.3,2025,0.4366939,2025
28005,Amite County,MS,77.89999999999999,2010-2015,3,0.245800897,2020,13.94737244,2019,13.97449097,2022,0.0,2018,45.0,2023,20.6,2023,41.5,2023,12.6,2023,46108.0,2025,6.0831923975,2025,29.299999999999997,2025,0.1582654,2025
28007,Attala County,MS,76.88333333333334,2010-2015,6,0.722061753,2020,27.09092903,2019,13.97449097,2022,0.054451402,2018,42.6,2023,16.9,2023,37.3,2023,12.2,2023,52128.0,2025,6.3588303416,2025,27.800000000000004,2025,0.5072709,2025
28009,Benton County,MS,73.0,2010-2015,2,,,35.73750305,2019,13.97449097,2022,0.0,2018,42.4,2023,17.4,2023,36.7,2023,12.7,2023,47969.0,2025,4.3751709627,2025,30.099999999999998,2025,0.1307873,2025
28011,Bolivar County,MS,74.7375,2010-2015,8,0.763054848,2020,50.92106628,2019,13.97449097,2022,0.063830465,2018,46.5,2023,20.5,2023,42.3,2023,13.7,2023,39920.0,2025,7.0467274891,2025,45.4,2025,0.49491879999999994,2025
28013,Calhoun County,MS,75.97999999999999,2010-2015,5,0.351098925,2020,3.123580694,2019,13.97449097,2022,0.069271266,2018,41.1,2023,18.2,2023,37.6,2023,14.0,2023,46966.0,2025,4.728372591,2025,25.5,2025,0.1536334,2025
28015,Carroll County,MS,76.35,2010-2015,2,,,56.14039612,2019,13.97449097,2022,0.10089799,2018,40.0,2023,18.6,2023,38.9,2023,13.0,2023,55290.0,2025,6.276031266,2025,23.7,2025,0.20244959999999998,2025
28017,Chickasaw County,MS,76.225,2010-2015,4,0.471948564,2020,9.381425858,2019,13.97449097,2022,0.0,2018,43.3,2023,18.4,2023,38.9,2023,14.0,2023,44599.0,2025,5.7815511084,2025,26.0,2025,0.5878549000000001,2025
28019,Choctaw County,MS,73.8,2010-2015,3,0.496093273,2020,12.91553879,2019,13.97449097,2022,0.241604254,2018,40.2,2023,16.9,2023,35.3,2023,11.4,2023,50545.0,2025,4.6932993213,2025,27.0,2025,0.12336540000000001,2025
28021,Claiborne County,MS,74.60000000000001,2010-2015,3,0.336662561,2020,12.87959862,2019,13.97449097,2022,0.0,2018,47.8,2023,20.4,2023,41.5,2023,13.9,2023,28579.0,2025,4.245254277,2025,41.699999999999996,2025,0.4490346,2025
28023,Clarke County,MS,73.075,2010-2015,4,0.392182499,2020,13.5469656,2019,13.97449097,2022,0.0,2018,38.6,2023,17.8,2023,35.7,2023,11.7,2023,47811.0,2025,5.3353376225,2025,26.5,2025,0.19453990000000002,2025
28025,Clay County,MS,74.45,2010-2015,4,0.826787949,2020,20.43335724,2019,13.97449097,2022,0.051583618,2018,47.6,2023,19.1,2023,38.8,2023,13.1,2023,52673.0,2025,4.9795108283,2025,31.1,2025,0.3776639,2025
28027,Coahoma County,MS,74.41428571428571,2010-2015,7,0.741977394,2020,22.26428604,2019,13.97449097,2022,0.088386074,2018,46.4,2023,21.8,2023,42.8,2023,15.1,2023,35552.0,2025,5.908523461,2025,42.6,2025,0.4324844,2025
28029,Copiah County,MS,74.0,2010-2015,6,0.572799206,2020,28.50428391,2019,13.97449097,2022,0.070069723,2018,41.8,2023,18.2,2023,37.3,2023,12.3,2023,47870.0,2025,5.854617206,2025,30.8,2025,0.2500447,2025
28031,Covington County,MS,74.9,2010-2015,4,0.756021142,2020,0.0,2019,13.97449097,2022,0.0,2018,40.4,2023,15.6,2023,35.1,2023,11.6,2023,48382.0,2025,7.1250154952,2025,29.799999999999997,2025,0.4376607,2025
28033,DeSoto County,MS,76.73030303030303,2010-2015,33,0.833886623,2020,48.6722641,2019,13.97449097,2022,0.016483426,2018,37.3,2023,12.4,2023,27.9,2023,9.7,2023,81956.0,2025,4.0685526243,2025,12.3,2025,0.2597637,2025
28035,Forrest County,MS,73.94375,2010-2015,16,0.999880016,2020,21.67761612,2019,13.97449097,2022,0.066634685,2018,35.8,2023,13.1,2023,29.8,2023,10.8,2023,51328.0,2025,5.2193229901,2025,20.9,2025,0.8731941999999999,2025
28037,Franklin County,MS,74.69999999999999,2010-2015,2,,,32.38736343,2019,13.97449097,2022,0.0,2018,40.4,2023,18.5,2023,38.2,2023,12.1,2023,48075.0,2025,4.7867842406,2025,24.8,2025,0.1302762,2025
28039,George County,MS,74.8,2010-2015,5,0.491299897,2020,10.61209106,2019,13.97449097,2022,0.0,2018,37.2,2023,13.1,2023,31.7,2023,11.3,2023,63349.0,2025,5.0741482033,2025,18.7,2025,0.4442291,2025
28041,Greene County,MS,73.05,2010-2015,2,0.222601473,2020,5.431140423,2019,13.97449097,2022,0.0,2018,41.9,2023,14.0,2023,33.7,2023,13.4,2023,54057.0,2025,5.3189823875,2025,25.0,2025,0.0733676,2025
28043,Grenada County,MS,73.28,2010-2015,5,1.115963101,2020,15.36354256,2019,13.97449097,2022,0.142483965,2018,46.1,2023,17.6,2023,37.0,2023,12.3,2023,49210.0,2025,4.4368982118,2025,29.2,2025,0.3744442,2025
28045,Hancock County,MS,76.27142857142857,2010-2015,7,0.583333313,2020,43.4798584,2019,13.97449097,2022,0.0,2018,37.3,2023,14.3,2023,31.2,2023,9.7,2023,61126.0,2025,4.7086605663,2025,20.3,2025,0.43426339999999997,2025
28047,Harrison County,MS,74.14500000000001,2010-2015,40,0.790226102,2020,33.68162918,2019,13.97449097,2022,0.0338737,2018,36.5,2023,14.1,2023,35.0,2023,11.1,2023,56692.0,2025,4.7525697504,2025,20.200000000000003,2025,0.5587499,2025
28049,Hinds County,MS,75.13333333333334,2010-2015,60,0.995762527,2020,34.89126205,2019,13.97449097,2022,0.021089483,2018,44.0,2023,17.0,2023,34.7,2023,11.1,2023,50965.0,2025,4.8573503074,2025,29.9,2025,0.8936630999999999,2025
28051,Holmes County,MS,73.62,2010-2015,5,0.298935801,2020,25.30367279,2019,13.97449097,2022,0.0,2018,50.7,2023,23.3,2023,45.0,2023,15.6,2023,30542.0,2025,7.6213111298,2025,45.7,2025,0.5455867999999999,2025
28053,Humphreys County,MS,77.06666666666666,2010-2015,3,0.383288622,2020,18.45992088,2019,13.97449097,2022,0.0,2018,52.4,2023,24.7,2023,47.9,2023,16.0,2023,31538.0,2025,5.6425792107,2025,47.099999999999994,2025,0.5297312000000001,2025
28055,Issaquena County,MS,72.2,2010-2015,1,,,25.83356094,2019,13.97449097,2022,0.0,2018,45.3,2023,16.4,2023,41.0,2023,21.3,2023,36986.0,2025,5.3767157683,2025,63.2,2025,0.0,2025
28057,Itawamba County,MS,74.96000000000001,2010-2015,5,0.515884936,2020,12.8355751,2019,13.97449097,2022,0.085044861,2018,36.2,2023,12.2,2023,31.8,2023,10.4,2023,56977.0,2025,4.2423320847,2025,17.1,2025,0.16779929999999998,2025
28059,Jackson County,MS,75.12083333333334,2010-2015,24,0.6397686,2020,32.37093735,2019,13.97449097,2022,0.020938462,2018,40.7,2023,15.0,2023,30.5,2023,11.1,2023,66751.0,2025,4.617359691,2025,17.599999999999998,2025,0.4583747,2025
28061,Jasper County,MS,74.575,2010-2015,4,0.244917959,2020,12.3099947,2019,13.97449097,2022,0.0,2018,44.9,2023,19.0,2023,40.2,2023,12.4,2023,46577.0,2025,5.5514693147,2025,28.199999999999996,2025,0.1841508,2025
28063,Jefferson County,MS,76.15,2010-2015,2,,,9.966205597,2019,13.97449097,2022,0.0,2018,51.5,2023,23.6,2023,45.0,2023,15.0,2023,37617.0,2025,4.634047619,2025,40.400000000000006,2025,0.277585,2025
28065,Jefferson Davis County,MS,74.46666666666667,2010-2015,3,0.367309451,2020,16.55020523,2019,13.97449097,2022,0.0,2018,45.4,2023,21.8,2023,41.6,2023,12.9,2023,39794.0,2025,4.828456052,2025,38.3,2025,0.2694449,2025
28067,Jones County,MS,75.26923076923077,2010-2015,13,0.838321567,2020,15.1901865,2019,13.97449097,2022,0.014606857,2018,41.6,2023,16.0,2023,36.2,2023,11.9,2023,50310.0,2025,5.3251370096,2025,25.0,2025,0.49442650000000005,2025
28069,Kemper County,MS,75.85,2010-2015,2,,,37.00979233,2019,13.97449097,2022,0.0,2018,43.7,2023,18.4,2023,37.9,2023,12.7,2023,42461.0,2025,5.4639014014,2025,35.9,2025,0.11326309999999999,2025
28071,Lafayette County,MS,77.87777777777778,2010-2015,9,1.029260397,2020,37.48615646,2019,13.97449097,2022,0.054751519,2018,34.4,2023,10.9,2023,26.6,2023,9.2,2023,72838.0,2025,5.8883465791,2025,14.7,2025,0.7031854,2025
28073,Lamar County,MS,76.3125,2010-2015,8,1.013013363,2020,38.03940201,2019,13.97449097,2022,0.016013579,2018,38.7,2023,12.4,2023,29.4,2023,9.5,2023,63079.0,2025,4.5687415738,2025,15.0,2025,1.2394228,2025
28075,Lauderdale County,MS,74.43333333333334,2010-2015,18,1.084731102,2020,32.06827164,2019,13.97449097,2022,0.013277215,2018,42.1,2023,16.7,2023,35.7,2023,12.0,2023,51437.0,2025,6.2618466899,2025,33.4,2025,1.0126511999999999,2025
28077,Lawrence County,MS,73.63333333333333,2010-2015,3,0.400641024,2020,20.39363098,2019,13.97449097,2022,0.0,2018,46.3,2023,18.8,2023,40.8,2023,13.6,2023,49431.0,2025,5.5593281779,2025,25.6,2025,0.16931929999999998,2025
28079,Leake County,MS,73.94,2010-2015,5,0.747548461,2020,20.40594101,2019,13.97449097,2022,0.0,2018,42.8,2023,17.0,2023,38.1,2023,13.6,2023,47849.0,2025,4.2498306768,2025,29.599999999999998,2025,0.2358936,2025
28081,Lee County,MS,77.37222222222222,2010-2015,18,1.06475091,2020,19.89297485,2019,13.97449097,2022,0.011736814,2018,36.4,2023,13.9,2023,32.1,2023,10.2,2023,64744.0,2025,4.9298279983,2025,18.3,2025,1.1823896,2025
28083,Leflore County,MS,72.6875,2010-2015,8,0.718029737,2020,29.1156044,2019,13.97449097,2022,0.0,2018,43.4,2023,20.9,2023,41.6,2023,14.6,2023,33945.0,2025,7.0006380603,2025,38.9,2025,0.7983452,2025
28085,Lincoln County,MS,73.26666666666667,2010-2015,6,0.854549766,2020,17.6719532,2019,13.97449097,2022,0.029235492,2018,40.5,2023,15.7,2023,34.9,2023,11.1,2023,52040.0,2025,6.3680316887,2025,24.2,2025,0.40065249999999997,2025
28087,Lowndes County,MS,76.06153846153846,2010-2015,13,0.840350568,2020,32.13298035,2019,13.97449097,2022,0.016969286,2018,37.5,2023,15.5,2023,33.2,2023,11.0,2023,53883.0,2025,5.9555520153,2025,26.8,2025,0.4815133,2025
28089,Madison County,MS,78.78999999999999,2010-2015,20,1.094777822,2020,23.96027184,2019,13.97449097,2022,0.028401023,2018,36.3,2023,12.4,2023,26.3,2023,8.1,2023,82057.0,2025,4.8062401218,2025,13.0,2025,1.2931074,2025
28091,Marion County,MS,71.64999999999999,2010-2015,6,0.818297148,2020,14.50341892,2019,13.97449097,2022,0.040461257,2018,43.5,2023,17.2,2023,37.3,2023,12.8,2023,47020.0,2025,4.5097071249,2025,26.900000000000002,2025,0.3691853,2025
28093,Marshall County,MS,74.02000000000001,2010-2015,5,0.424917132,2020,22.5421257,2019,13.97449097,2022,0.028207948,2018,41.9,2023,18.5,2023,38.2,2023,14.2,2023,52334.0,2025,5.174850466,2025,30.5,2025,0.148258,2025
28095,Monroe County,MS,75.8111111111111,2010-2015,9,0.626370192,2020,8.644698143,2019,13.97449097,2022,0.028118322,2018,42.9,2023,16.7,2023,38.3,2023,11.7,2023,50639.0,2025,5.0182586247,2025,23.599999999999998,2025,0.5017265000000001,2025
28097,Montgomery County,MS,73.03333333333335,2010-2015,3,0.931580603,2020,21.39158821,2019,13.97449097,2022,0.0,2018,43.5,2023,19.6,2023,40.1,2023,12.8,2023,46424.0,2025,6.8385093168,2025,33.2,2025,0.5139274,2025
28099,Neshoba County,MS,72.68571428571428,2010-2015,7,0.655262768,2020,4.501872063,2019,13.97449097,2022,0.034334764,2018,43.1,2023,16.5,2023,37.8,2023,12.8,2023,49446.0,2025,5.45713212,2025,28.199999999999996,2025,0.5518573,2025
28101,Newton County,MS,73.56,2010-2015,5,0.575098217,2020,16.01335716,2019,13.97449097,2022,0.0,2018,40.9,2023,15.7,2023,34.3,2023,11.7,2023,49338.0,2025,4.2796930149,2025,24.2,2025,0.1424772,2025
28103,Noxubee County,MS,76.89999999999999,2010-2015,3,0.488472074,2020,16.0714817,2019,13.97449097,2022,0.094921693,2018,46.4,2023,21.2,2023,42.1,2023,15.2,2023,37567.0,2025,6.0998201439,2025,37.1,2025,0.09878490000000001,2025
28105,Oktibbeha County,MS,77.5625,2010-2015,8,0.803390324,2020,33.64514923,2019,13.97449097,2022,0.040323395,2018,34.5,2023,10.9,2023,27.5,2023,10.1,2023,47584.0,2025,8.4247617584,2025,25.4,2025,0.405077,2025
28107,Panola County,MS,73.26666666666667,2010-2015,6,0.561333001,2020,21.30083656,2019,13.97449097,2022,0.029258586,2018,46.3,2023,18.4,2023,39.7,2023,13.2,2023,46097.0,2025,5.4260461342,2025,35.9,2025,0.2130833,2025
28109,Pearl River County,MS,74.5,2010-2015,9,0.590593457,2020,11.36539459,2019,13.97449097,2022,0.018054778,2018,38.0,2023,14.4,2023,33.0,2023,11.2,2023,54266.0,2025,5.2378289474,2025,23.400000000000002,2025,0.24777449999999998,2025
28111,Perry County,MS,74.16666666666667,2010-2015,3,,,21.77108002,2019,13.97449097,2022,0.0,2018,43.7,2023,16.2,2023,36.3,2023,11.7,2023,46201.0,2025,4.2174052371,2025,28.299999999999997,2025,0.086423,2025
28113,Pike County,MS,73.05,2010-2015,8,1.051362872,2020,10.47554874,2019,13.97449097,2022,0.050552282,2018,46.0,2023,18.9,2023,38.7,2023,13.5,2023,41815.0,2025,5.9978881445,2025,34.1,2025,0.37525329999999996,2025
28115,Pontotoc County,MS,77.78,2010-2015,5,0.585317791,2020,16.29561424,2019,13.97449097,2022,0.0,2018,38.9,2023,13.8,2023,34.2,2023,12.4,2023,51490.0,2025,4.139029052,2025,18.7,2025,0.19080930000000002,2025
28117,Prentiss County,MS,76.46000000000001,2010-2015,5,0.79958421,2020,5.989842415,2019,13.97449097,2022,0.039502271,2018,40.5,2023,13.9,2023,34.0,2023,11.0,2023,50292.0,2025,4.725765422,2025,23.599999999999998,2025,0.3200512,2025
28119,Quitman County,MS,72.10000000000001,2010-2015,3,0.591715991,2020,90.0791626,2019,13.97449097,2022,0.141823858,2018,51.2,2023,22.8,2023,45.1,2023,15.4,2023,35150.0,2025,5.6268358324,2025,45.6,2025,,
28121,Rankin County,MS,77.71666666666667,2010-2015,24,1.032216668,2020,28.41582108,2019,13.97449097,2022,0.0,2018,36.6,2023,12.1,2023,27.2,2023,8.9,2023,70794.0,2025,3.9890739847,2025,11.3,2025,0.5629491,2025
28123,Scott County,MS,74.11666666666666,2010-2015,6,0.712732971,2020,31.35785866,2019,13.97449097,2022,0.0,2018,43.4,2023,18.3,2023,40.9,2023,16.5,2023,48112.0,2025,4.7028974476,2025,28.199999999999996,2025,0.1811725,2025
28125,Sharkey County,MS,73.45,2010-2015,2,,,6.483279705,2019,13.97449097,2022,0.0,2018,50.3,2023,25.2,2023,46.6,2023,15.2,2023,37098.0,2025,6.0405294674,2025,51.5,2025,0.27300030000000003,2025
28127,Simpson County,MS,73.9,2010-2015,4,0.788613915,2020,12.42699051,2019,13.97449097,2022,0.0,2018,40.2,2023,16.2,2023,35.1,2023,11.9,2023,53352.0,2025,4.1229293474,2025,27.800000000000004,2025,0.3106796,2025
28129,Smith County,MS,79.2,2010-2015,3,0.253501475,2020,13.51381969,2019,13.97449097,2022,0.0,2018,43.6,2023,16.9,2023,37.6,2023,12.5,2023,53814.0,2025,5.2908036454,2025,23.5,2025,0.07046720000000001,2025
28131,Stone County,MS,74.10000000000001,2010-2015,3,0.816993475,2020,25.71004677,2019,13.97449097,2022,0.053427365,2018,41.0,2023,14.0,2023,33.2,2023,10.8,2023,56686.0,2025,5.0648873763,2025,22.1,2025,0.32181940000000003,2025
28133,Sunflower County,MS,73.60000000000001,2010-2015,7,0.606305599,2020,36.2136879,2019,13.97449097,2022,0.038857587,2018,48.6,2023,19.3,2023,41.8,2023,16.2,2023,43980.0,2025,6.4961319515,2025,39.6,2025,0.35430280000000003,2025
28135,Tallahatchie County,MS,70.85,2010-2015,4,0.364777118,2020,51.21316147,2019,13.97449097,2022,0.0,2018,44.9,2023,18.9,2023,40.7,2023,15.8,2023,42319.0,2025,4.1174018573,2025,40.300000000000004,2025,0.0808669,2025
28137,Tate County,MS,75.5,2010-2015,5,0.700795412,2020,29.56866837,2019,13.97449097,2022,0.034771722,2018,36.1,2023,14.2,2023,32.8,2023,11.1,2023,62784.0,2025,4.500949502,2025,19.8,2025,0.247928,2025
28139,Tippah County,MS,73.55,2010-2015,4,0.597756088,2020,4.542567253,2019,13.97449097,2022,0.045464877,2018,43.3,2023,15.3,2023,35.9,2023,12.4,2023,53452.0,2025,4.1318700017,2025,26.400000000000002,2025,0.09244279999999999,2025
28141,Tishomingo County,MS,73.43333333333334,2010-2015,3,0.778210104,2020,0.0,2019,13.97449097,2022,0.10280662,2018,39.5,2023,15.0,2023,35.2,2023,11.6,2023,47264.0,2025,6.5797242814,2025,18.099999999999998,2025,0.2666667,2025
28143,Tunica County,MS,72.75,2010-2015,2,0.958262324,2020,15.48108482,2019,13.97449097,2022,0.0,2018,51.0,2023,21.4,2023,45.1,2023,16.1,2023,39659.0,2025,5.9608280745,2025,41.5,2025,0.1031353,2025
28145,Union County,MS,76.01666666666667,2010-2015,6,0.658213794,2020,11.50175571,2019,13.97449097,2022,0.034957699,2018,41.6,2023,14.1,2023,33.5,2023,12.8,2023,55304.0,2025,3.9662357129,2025,19.5,2025,0.35774340000000004,2025
28147,Walthall County,MS,73.10000000000001,2010-2015,3,0.629634798,2020,23.00148964,2019,13.97449097,2022,0.069132388,2018,43.1,2023,17.8,2023,37.7,2023,13.0,2023,48909.0,2025,7.2128373842,2025,30.9,2025,0.5059266,2025
28149,Warren County,MS,74.21666666666667,2010-2015,12,0.981244862,2020,17.24686813,2019,13.97449097,2022,0.021656271,2018,43.8,2023,16.2,2023,32.9,2023,10.5,2023,55783.0,2025,5.4855443293,2025,32.1,2025,0.6654580999999999,2025
28151,Washington County,MS,72.26842105263158,2010-2015,19,0.723673463,2020,29.07113457,2019,13.97449097,2022,0.044382308,2018,44.2,2023,21.0,2023,40.8,2023,14.4,2023,39081.0,2025,5.5293531015,2025,46.9,2025,0.41202190000000005,2025
28153,Wayne County,MS,74.625,2010-2015,4,0.738297999,2020,17.91372108,2019,13.97449097,2022,0.0,2018,44.2,2023,17.8,2023,38.0,2023,13.2,2023,45573.0,2025,5.923840076,2025,30.7,2025,0.3044294,2025
28155,Webster County,MS,75.10000000000001,2010-2015,3,0.413393974,2020,10.53709602,2019,13.97449097,2022,0.102165915,2018,36.5,2023,13.7,2023,32.2,2023,10.7,2023,54929.0,2025,4.406271273,2025,22.6,2025,0.4006812,2025
28157,Wilkinson County,MS,74.4,2010-2015,2,,,11.75255871,2019,13.97449097,2022,0.0,2018,47.4,2023,20.6,2023,41.8,2023,14.3,2023,36240.0,2025,5.2324104122,2025,36.6,2025,0.3607937,2025
28159,Winston County,MS,75.5,2010-2015,5,0.896609724,2020,18.73144341,2019,13.97449097,2022,0.055050921,2018,41.7,2023,19.5,2023,37.9,2023,13.1,2023,48990.0,2025,5.4859401468,2025,42.1,2025,0.28415549999999995,2025
28161,Yalobusha County,MS,73.26666666666667,2010-2015,3,0.333834082,2020,22.17863083,2019,13.97449097,2022,0.080697224,2018,40.1,2023,19.0,2023,39.8,2023,13.2,2023,50790.0,2025,4.9692491579,2025,28.4,2025,0.0805477,2025
28163,Yazoo County,MS,73.5,2010-2015,6,0.481802672,2020,31.05688095,2019,13.97449097,2022,0.035400737,2018,50.5,2023,18.5,2023,42.6,2023,18.6,2023,42434.0,2025,5.827902767,2025,34.2,2025,0.2275054,2025
29001,Adair County,MO,77.72,2010-2015,5,0.787432551,2020,27.28122902,2019,10.85556277,2022,0.039464857,2018,34.7,2023,10.0,2023,28.1,2023,8.2,2023,56954.0,2025,6.2557423893,2025,16.900000000000002,2025,1.7470717,2025
29003,Andrew County,MO,79.675,2010-2015,4,0.227453649,2020,15.75180054,2019,10.85556277,2022,0.0,2018,36.0,2023,11.6,2023,27.3,2023,7.7,2023,75926.0,2025,4.1571803853,2025,9.700000000000001,2025,0.1110988,2025
29005,Atchison County,MO,76.94999999999999,2010-2015,2,,,5.091878414,2019,10.85556277,2022,0.0,2018,41.6,2023,14.9,2023,34.0,2023,8.9,2023,56797.0,2025,4.7083065294,2025,14.6,2025,0.3821169,2025
29007,Audrain County,MO,77.12857142857142,2010-2015,7,0.483189046,2020,22.64168549,2019,10.85556277,2022,0.039257254,2018,40.0,2023,14.1,2023,34.8,2023,10.0,2023,55957.0,2025,4.4007869124,2025,19.1,2025,0.40028820000000004,2025
29009,Barry County,MO,76.77142857142857,2010-2015,7,0.474621713,2020,19.71137428,2019,10.85556277,2022,0.055732042,2018,37.8,2023,15.0,2023,36.6,2023,12.0,2023,53303.0,2025,4.15296143,2025,20.200000000000003,2025,0.7490205000000001,2025
29011,Barton County,MO,77.60000000000001,2010-2015,3,0.690131128,2020,56.45072174,2019,10.85556277,2022,0.084760129,2018,40.7,2023,15.2,2023,35.8,2023,10.9,2023,50185.0,2025,5.0000967258,2025,22.0,2025,0.34311200000000003,2025
29013,Bates County,MO,78.9,2010-2015,4,0.738825262,2020,18.57286453,2019,10.85556277,2022,0.0,2018,41.2,2023,13.8,2023,34.0,2023,10.1,2023,56178.0,2025,4.6817030114,2025,16.400000000000002,2025,0.12418499999999999,2025
29015,Benton County,MO,75.61666666666666,2010-2015,6,0.356651545,2020,9.443569183,2019,10.85556277,2022,0.0518726,2018,38.9,2023,16.7,2023,34.7,2023,9.2,2023,50946.0,2025,4.9518172074,2025,24.0,2025,0.2511553,2025
29017,Bollinger County,MO,73.9,2010-2015,3,,,28.403965,2019,10.85556277,2022,0.082176022,2018,39.3,2023,14.1,2023,34.7,2023,9.9,2023,53134.0,2025,4.6540305799,2025,20.7,2025,0.18946570000000001,2025
29019,Boone County,MO,79.48260869565217,2010-2015,23,0.81971246,2020,34.40192795,2019,10.85556277,2022,0.055554014,2018,29.8,2023,9.5,2023,23.8,2023,7.5,2023,70153.0,2025,5.0207401529,2025,12.1,2025,1.1838140000000001,2025
29021,Buchanan County,MO,75.324,2010-2015,25,0.843638062,2020,32.59446716,2019,10.85556277,2022,0.022580754,2018,42.9,2023,13.0,2023,32.7,2023,10.6,2023,60575.0,2025,4.8145854398,2025,19.0,2025,0.6559097,2025
29023,Butler County,MO,72.56,2010-2015,10,0.806107461,2020,18.87792206,2019,10.85556277,2022,0.093810834,2018,41.1,2023,15.3,2023,37.7,2023,11.3,2023,48059.0,2025,4.7277785913,2025,24.6,2025,0.9500962,2025
29025,Caldwell County,MO,75.6,2010-2015,2,0.331455082,2020,18.66625595,2019,10.85556277,2022,0.109793589,2018,38.9,2023,13.0,2023,32.6,2023,9.2,2023,62916.0,2025,3.7807361541,2025,15.0,2025,0.11239740000000001,2025
29027,Callaway County,MO,77.5875,2010-2015,8,0.490119636,2020,19.62960243,2019,10.85556277,2022,0.066831514,2018,36.9,2023,11.9,2023,29.0,2023,8.6,2023,64214.0,2025,4.0951245448,2025,15.6,2025,0.3808414,2025
29029,Camden County,MO,79.50909090909092,2010-2015,11,0.581721008,2020,20.47204208,2019,10.85556277,2022,0.087307647,2018,35.6,2023,14.7,2023,31.7,2023,7.9,2023,63903.0,2025,4.5300395687,2025,17.0,2025,0.7597385,2025
29031,Cape Girardeau County,MO,77.50714285714285,2010-2015,14,1.056444287,2020,30.78977776,2019,10.85556277,2022,0.063489646,2018,34.7,2023,11.2,2023,28.4,2023,8.2,2023,67445.0,2025,4.4279601596,2025,13.600000000000001,2025,0.9011971,2025
29033,Carroll County,MO,77.36666666666666,2010-2015,3,0.818330586,2020,25.93873024,2019,10.85556277,2022,0.228754431,2018,38.6,2023,13.9,2023,33.7,2023,9.3,2023,56690.0,2025,3.8803871108,2025,17.4,2025,0.3581662,2025
29035,Carter County,MO,75.94999999999999,2010-2015,2,0.667668164,2020,51.03587341,2019,10.85556277,2022,0.0,2018,40.0,2023,15.7,2023,37.0,2023,10.9,2023,43801.0,2025,4.549964343,2025,30.0,2025,0.1879699,2025
29037,Cass County,MO,78.02105263157895,2010-2015,19,0.543040633,2020,32.60105896,2019,10.85556277,2022,0.057167903,2018,38.0,2023,11.5,2023,26.3,2023,8.0,2023,85283.0,2025,3.7511284008,2025,8.6,2025,0.246265,2025
29039,Cedar County,MO,74.89999999999999,2010-2015,3,0.768049181,2020,21.24638748,2019,10.85556277,2022,0.141193077,2018,39.8,2023,15.6,2023,35.3,2023,10.2,2023,48789.0,2025,4.11603729,2025,21.3,2025,0.4828918,2025
29041,Chariton County,MO,78.73333333333333,2010-2015,3,,,9.033442497,2019,10.85556277,2022,0.0,2018,38.3,2023,14.0,2023,32.1,2023,8.9,2023,56070.0,2025,3.7160750853,2025,13.200000000000001,2025,0.1359434,2025
29043,Christian County,MO,79.11428571428571,2010-2015,14,0.518449068,2020,21.54270744,2019,10.85556277,2022,0.057482496,2018,36.3,2023,10.7,2023,26.5,2023,7.4,2023,79714.0,2025,3.6688752295,2025,9.1,2025,0.41530510000000004,2025
29045,Clark County,MO,76.86666666666667,2010-2015,3,0.439238667,2020,12.73877239,2019,10.85556277,2022,0.146156088,2018,41.7,2023,14.9,2023,35.4,2023,9.9,2023,56191.0,2025,4.4300008516,2025,20.7,2025,0.2969121,2025
29047,Clay County,MO,78.41666666666667,2010-2015,42,0.702272117,2020,31.07230568,2019,10.85556277,2022,0.028413126,2018,37.4,2023,10.8,2023,24.5,2023,8.0,2023,84816.0,2025,3.6469492878,2025,8.9,2025,0.5948699999999999,2025
29049,Clinton County,MO,76.75,2010-2015,4,0.145964086,2020,11.68720245,2019,10.85556277,2022,0.048851978,2018,39.5,2023,12.0,2023,30.3,2023,8.2,2023,76875.0,2025,3.7778499814,2025,10.9,2025,0.6107014,2025
29051,Cole County,MO,77.6,2010-2015,15,0.866244018,2020,31.22801018,2019,10.85556277,2022,0.065107554,2018,36.6,2023,11.0,2023,27.4,2023,7.6,2023,74002.0,2025,4.2603665629,2025,11.3,2025,0.6994366,2025
29053,Cooper County,MO,76.82000000000001,2010-2015,5,0.701672316,2020,31.2970314,2019,10.85556277,2022,0.056808498,2018,37.5,2023,12.2,2023,30.7,2023,8.7,2023,70769.0,2025,4.4108595619,2025,13.3,2025,0.2337131,2025
29055,Crawford County,MO,75.16,2010-2015,5,0.631871581,2020,7.334821701,2019,10.85556277,2022,0.125224367,2018,41.9,2023,14.1,2023,33.7,2023,10.2,2023,55253.0,2025,4.1393843098,2025,21.099999999999998,2025,0.0438462,2025
29057,Dade County,MO,77.25,2010-2015,2,0.528541207,2020,8.959321022,2019,10.85556277,2022,0.0,2018,40.7,2023,16.0,2023,35.2,2023,9.6,2023,53959.0,2025,4.5184542655,2025,20.7,2025,0.6579813,2025
29059,Dallas County,MO,77.13333333333334,2010-2015,3,0.580753803,2020,25.95567894,2019,10.85556277,2022,0.119317502,2018,39.5,2023,14.9,2023,35.0,2023,10.2,2023,63112.0,2025,4.9696303422,2025,22.1,2025,0.057666800000000004,2025
29061,Daviess County,MO,76.0,2010-2015,2,0.362187624,2020,15.13676834,2019,10.85556277,2022,0.0,2018,38.4,2023,14.2,2023,33.8,2023,10.1,2023,59385.0,2025,4.2461399752,2025,18.0,2025,0.11906180000000001,2025
29063,DeKalb County,MO,79.15,2010-2015,2,0.548245609,2020,20.62247658,2019,10.85556277,2022,0.0,2018,38.9,2023,12.5,2023,30.3,2023,9.3,2023,63946.0,2025,4.155450336,2025,12.4,2025,0.270319,2025
29065,Dent County,MO,75.4,2010-2015,4,0.581357777,2020,18.87612534,2019,10.85556277,2022,0.064762644,2018,39.5,2023,14.6,2023,34.1,2023,9.8,2023,49324.0,2025,4.6801130755,2025,22.900000000000002,2025,0.27716189999999996,2025
29067,Douglas County,MO,74.8,2010-2015,3,0.224820137,2020,37.64400101,2019,10.85556277,2022,0.074777536,2018,38.0,2023,15.3,2023,34.8,2023,10.1,2023,43336.0,2025,4.3859235879,2025,24.0,2025,0.17047389999999998,2025
29069,Dunklin County,MO,73.17999999999999,2010-2015,10,0.657940328,2020,11.34885597,2019,10.85556277,2022,0.033987015,2018,46.2,2023,16.0,2023,42.4,2023,12.9,2023,45570.0,2025,5.0217759101,2025,29.099999999999998,2025,0.2525526,2025
29071,Franklin County,MO,77.09411764705882,2010-2015,17,0.689199686,2020,10.57576084,2019,10.85556277,2022,0.067521945,2018,39.6,2023,12.2,2023,29.4,2023,8.1,2023,70389.0,2025,3.8623477004,2025,10.6,2025,0.5986829,2025
29073,Gasconade County,MO,76.775,2010-2015,4,0.617877245,2020,8.860022545,2019,10.85556277,2022,0.204012245,2018,39.3,2023,13.5,2023,30.5,2023,8.4,2023,62203.0,2025,3.7598296422,2025,13.700000000000001,2025,0.4732608,2025
29075,Gentry County,MO,78.35,2010-2015,2,0.616903126,2020,21.85564804,2019,10.85556277,2022,0.0,2018,41.2,2023,13.2,2023,33.1,2023,9.6,2023,54610.0,2025,3.8766236183,2025,19.6,2025,0.32399160000000005,2025
29077,Greene County,MO,77.05689655172414,2010-2015,58,0.986450732,2020,23.5098877,2019,10.85556277,2022,0.027404487,2018,36.7,2023,11.0,2023,26.1,2023,8.4,2023,59740.0,2025,4.3066584748,2025,16.0,2025,0.9339737,2025
29079,Grundy County,MO,78.175,2010-2015,4,0.729546666,2020,33.44236374,2019,10.85556277,2022,0.100867458,2018,39.0,2023,14.3,2023,34.9,2023,10.2,2023,48491.0,2025,5.5437116155,2025,21.4,2025,0.20576129999999998,2025
29081,Harrison County,MO,77.13333333333334,2010-2015,3,0.96142292,2020,33.58274841,2019,10.85556277,2022,0.118849538,2018,39.3,2023,14.7,2023,34.8,2023,9.9,2023,50489.0,2025,4.5840355169,2025,20.5,2025,0.24497800000000003,2025
29083,Henry County,MO,74.95,2010-2015,6,0.724768996,2020,36.85824966,2019,10.85556277,2022,0.137665197,2018,38.5,2023,14.4,2023,33.8,2023,9.8,2023,55216.0,2025,4.2153318918,2025,22.400000000000002,2025,0.7655589,2025
29085,Hickory County,MO,82.2,2010-2015,3,,,4.392245293,2019,10.85556277,2022,0.10516353,2018,43.0,2023,19.7,2023,41.1,2023,10.7,2023,48213.0,2025,4.0322778973,2025,28.199999999999996,2025,0.11618450000000001,2025
29087,Holt County,MO,76.8,2010-2015,3,,,34.34149551,2019,10.85556277,2022,0.0,2018,36.6,2023,14.1,2023,33.3,2023,8.7,2023,61260.0,2025,3.5474576271,2025,14.799999999999999,2025,,
29089,Howard County,MO,78.5,2010-2015,3,,,15.25954056,2019,10.85556277,2022,0.098648518,2018,34.8,2023,12.0,2023,29.2,2023,8.2,2023,57674.0,2025,4.4877823882,2025,14.399999999999999,2025,0.393391,2025
29091,Howell County,MO,75.6375,2010-2015,8,0.819631398,2020,20.44738197,2019,10.85556277,2022,0.124762952,2018,36.8,2023,14.9,2023,34.4,2023,10.8,2023,48727.0,2025,5.0757649344,2025,20.3,2025,0.8755472,2025
29093,Iron County,MO,75.39999999999999,2010-2015,3,,,23.58337402,2019,10.85556277,2022,0.098260783,2018,42.3,2023,15.0,2023,35.3,2023,10.0,2023,48241.0,2025,4.9128185291,2025,25.6,2025,0.1062925,2025
29095,Jackson County,MO,75.77329545454546,2010-2015,176,0.719623208,2020,26.15658188,2019,10.85556277,2022,0.025703013,2018,37.2,2023,12.1,2023,30.9,2023,10.0,2023,66102.0,2025,4.6029503428,2025,14.7,2025,0.8439559999999999,2025
29097,Jasper County,MO,75.7,2010-2015,22,0.822043955,2020,26.12927246,2019,10.85556277,2022,0.024868198,2018,40.0,2023,12.8,2023,32.4,2023,10.9,2023,55152.0,2025,4.5302350694,2025,18.099999999999998,2025,0.8201047,2025
29099,Jefferson County,MO,76.46829268292683,2010-2015,41,0.600327551,2020,31.03054428,2019,10.85556277,2022,0.022286903,2018,40.3,2023,11.2,2023,27.7,2023,7.9,2023,81517.0,2025,3.7217211375,2025,10.9,2025,0.2546417,2025
29101,Johnson County,MO,77.7,2010-2015,8,0.608642697,2020,33.38888931,2019,10.85556277,2022,0.07455454,2018,35.3,2023,9.6,2023,26.0,2023,8.6,2023,68326.0,2025,3.5126698169,2025,13.200000000000001,2025,0.3508772,2025
29103,Knox County,MO,77.35,2010-2015,2,,,19.30865479,2019,10.85556277,2022,0.0,2018,39.5,2023,15.1,2023,35.2,2023,10.7,2023,50083.0,2025,4.503923445,2025,26.1,2025,,
29105,Laclede County,MO,75.71666666666667,2010-2015,6,0.696475804,2020,43.72945786,2019,10.85556277,2022,0.056002017,2018,38.5,2023,14.0,2023,34.6,2023,10.7,2023,52211.0,2025,4.0871902183,2025,20.0,2025,0.5535106,2025
29107,Lafayette County,MO,77.05714285714285,2010-2015,7,0.696842968,2020,19.45915031,2019,10.85556277,2022,0.184060365,2018,37.0,2023,11.8,2023,28.9,2023,8.6,2023,67178.0,2025,3.4863642411,2025,13.8,2025,0.2437761,2025
29109,Lawrence County,MO,76.55714285714285,2010-2015,7,0.523903072,2020,18.59644699,2019,10.85556277,2022,0.156417012,2018,40.1,2023,13.7,2023,35.3,2023,11.6,2023,58128.0,2025,4.5087386645,2025,20.1,2025,0.3914303,2025
29111,Lewis County,MO,77.07499999999999,2010-2015,4,0.305810392,2020,40.06546021,2019,10.85556277,2022,0.0,2018,36.6,2023,12.7,2023,32.6,2023,9.7,2023,57912.0,2025,4.5354560502,2025,18.7,2025,0.2,2025
29113,Lincoln County,MO,76.62857142857142,2010-2015,7,0.349307209,2020,8.962192535,2019,10.85556277,2022,0.034670457,2018,39.9,2023,11.1,2023,28.8,2023,8.7,2023,79954.0,2025,3.6463290512,2025,10.0,2025,0.048712399999999996,2025
29115,Linn County,MO,76.53999999999999,2010-2015,5,0.422654271,2020,20.87679482,2019,10.85556277,2022,0.166154355,2018,35.7,2023,13.5,2023,32.9,2023,9.6,2023,53836.0,2025,4.7608324397,2025,20.5,2025,0.3377523,2025
29117,Livingston County,MO,77.875,2010-2015,4,0.624436259,2020,10.20503426,2019,10.85556277,2022,0.066024035,2018,39.4,2023,12.6,2023,32.3,2023,9.5,2023,59389.0,2025,3.9758193736,2025,18.0,2025,0.74551,2025
29119,McDonald County,MO,76.775,2010-2015,4,0.436681211,2020,3.832087755,2019,10.85556277,2022,0.12999393,2018,43.0,2023,15.8,2023,38.5,2023,13.9,2023,54452.0,2025,4.2789057854,2025,23.7,2025,0.08553219999999999,2025
29121,Macon County,MO,77.32000000000001,2010-2015,5,0.529976785,2020,29.14684677,2019,10.85556277,2022,0.065993533,2018,34.4,2023,12.9,2023,31.5,2023,8.5,2023,58887.0,2025,3.8404038882,2025,16.6,2025,0.3951788,2025
29123,Madison County,MO,74.15,2010-2015,2,0.660447478,2020,20.46402931,2019,10.85556277,2022,0.164095834,2018,37.7,2023,13.2,2023,32.2,2023,9.6,2023,52339.0,2025,4.0099932377,2025,20.7,2025,0.3161555,2025
29125,Maries County,MO,79.2,2010-2015,3,,,5.47873354,2019,10.85556277,2022,0.0,2018,38.2,2023,13.6,2023,33.1,2023,9.3,2023,58983.0,2025,4.1761018533,2025,16.0,2025,,
29127,Marion County,MO,76.775,2010-2015,8,0.879569352,2020,15.95082188,2019,10.85556277,2022,0.034974817,2018,39.6,2023,12.8,2023,31.4,2023,8.8,2023,60780.0,2025,4.17150705,2025,14.899999999999999,2025,1.0169016,2025
29129,Mercer County,MO,76.35,2010-2015,2,,,99.76810455,2019,10.85556277,2022,0.274649829,2018,41.1,2023,15.6,2023,35.7,2023,10.5,2023,55282.0,2025,4.1981613038,2025,19.0,2025,0.2866972,2025
29131,Miller County,MO,76.5,2010-2015,5,0.465278596,2020,7.968950272,2019,10.85556277,2022,0.078939058,2018,37.5,2023,13.2,2023,31.5,2023,9.2,2023,55031.0,2025,5.0780271518,2025,17.599999999999998,2025,0.3211691,2025
29133,Mississippi County,MO,75.65,2010-2015,4,0.630367994,2020,2.951439142,2019,10.85556277,2022,0.074985005,2018,47.6,2023,16.7,2023,41.4,2023,12.8,2023,48342.0,2025,5.5015135639,2025,28.1,2025,0.1595151,2025
29135,Moniteau County,MO,77.85,2010-2015,4,0.449149817,2020,10.98256016,2019,10.85556277,2022,0.0,2018,39.2,2023,11.9,2023,30.7,2023,10.3,2023,63971.0,2025,3.7581778859,2025,14.000000000000002,2025,0.0645828,2025
29137,Monroe County,MO,80.63333333333333,2010-2015,3,0.461254627,2020,14.11414623,2019,10.85556277,2022,0.230840266,2018,37.8,2023,15.0,2023,33.9,2023,9.5,2023,54624.0,2025,5.6775434983,2025,15.299999999999999,2025,0.3443526,2025
29139,Montgomery County,MO,76.475,2010-2015,4,0.619798124,2020,17.7027626,2019,10.85556277,2022,0.086700194,2018,37.3,2023,13.9,2023,33.7,2023,9.5,2023,57686.0,2025,4.9616152651,2025,19.5,2025,0.1752081,2025
29141,Morgan County,MO,75.35999999999999,2010-2015,5,0.434446812,2020,3.196646214,2019,10.85556277,2022,0.098241478,2018,38.2,2023,15.8,2023,36.9,2023,11.1,2023,52072.0,2025,5.0379771456,2025,20.4,2025,0.28064920000000004,2025
29143,New Madrid County,MO,76.96000000000001,2010-2015,5,0.838674903,2020,4.680326939,2019,10.85556277,2022,0.0,2018,43.2,2023,16.1,2023,39.0,2023,11.2,2023,53843.0,2025,4.6826589053,2025,26.0,2025,0.0623636,2025
29145,Newton County,MO,76.33333333333333,2010-2015,12,0.530358791,2020,16.45462036,2019,10.85556277,2022,0.034325335,2018,38.8,2023,13.4,2023,31.4,2023,10.0,2023,63292.0,2025,3.6741468426,2025,16.6,2025,0.11787289999999999,2025
29147,Nodaway County,MO,77.46000000000001,2010-2015,5,0.597893596,2020,54.2928772,2019,10.85556277,2022,0.044835009,2018,36.1,2023,10.6,2023,27.8,2023,8.2,2023,55749.0,2025,4.4457075337,2025,13.0,2025,0.3780718,2025
29149,Oregon County,MO,75.10000000000001,2010-2015,3,0.480261266,2020,16.47314453,2019,10.85556277,2022,0.094867662,2018,41.1,2023,16.5,2023,37.0,2023,10.9,2023,41462.0,2025,4.4954133333,2025,27.6,2025,,
29151,Osage County,MO,78.825,2010-2015,4,0.369412631,2020,11.1386776,2019,10.85556277,2022,0.072918184,2018,35.6,2023,11.2,2023,27.8,2023,7.6,2023,73660.0,2025,4.7471843207,2025,11.600000000000001,2025,0.224232,2025
29153,Ozark County,MO,81.15,2010-2015,2,,,36.94941711,2019,10.85556277,2022,0.110901631,2018,42.5,2023,18.3,2023,39.2,2023,11.2,2023,45234.0,2025,5.0273849607,2025,30.9,2025,0.11386929999999999,2025
29155,Pemiscot County,MO,72.85000000000001,2010-2015,6,0.512820542,2020,10.38738728,2019,10.85556277,2022,0.0,2018,44.9,2023,17.9,2023,42.1,2023,13.1,2023,42080.0,2025,6.4068668969,2025,35.9,2025,0.39380410000000005,2025
29157,Perry County,MO,81.38,2010-2015,5,0.520996153,2020,15.16512012,2019,10.85556277,2022,0.0,2018,36.0,2023,12.5,2023,31.0,2023,9.0,2023,64302.0,2025,4.2376557924,2025,13.0,2025,0.3699398,2025
29159,Pettis County,MO,77.80909090909091,2010-2015,11,0.776653349,2020,16.09342766,2019,10.85556277,2022,0.023506181,2018,36.1,2023,12.6,2023,32.1,2023,10.6,2023,55021.0,2025,3.8776209401,2025,16.2,2025,0.5557099,2025
29161,Phelps County,MO,77.03,2010-2015,10,0.788039804,2020,18.9620285,2019,10.85556277,2022,0.067066081,2018,34.6,2023,11.7,2023,29.1,2023,8.7,2023,53151.0,2025,4.7702459771,2025,17.0,2025,0.8233748999999999,2025
29163,Pike County,MO,76.4,2010-2015,5,0.683682799,2020,24.67807961,2019,10.85556277,2022,0.162127107,2018,38.3,2023,13.5,2023,33.5,2023,10.8,2023,59147.0,2025,4.732944951,2025,18.7,2025,0.1689094,2025
29165,Platte County,MO,79.62352941176471,2010-2015,17,0.563211083,2020,37.58786011,2019,10.85556277,2022,0.029130455,2018,37.0,2023,10.0,2023,22.8,2023,7.0,2023,96353.0,2025,3.9852920707,2025,6.3,2025,0.8105443999999999,2025
29167,Polk County,MO,77.85,2010-2015,4,0.492459208,2020,3.662695169,2019,10.85556277,2022,0.031054936,2018,38.7,2023,13.0,2023,33.2,2023,9.8,2023,56628.0,2025,4.8151977255,2025,18.099999999999998,2025,0.8114097,2025
29169,Pulaski County,MO,75.01666666666667,2010-2015,6,0.474302292,2020,63.31956863,2019,10.85556277,2022,0.057676781,2018,35.8,2023,8.6,2023,26.6,2023,10.6,2023,71856.0,2025,3.8537609899,2025,11.899999999999999,2025,0.2787275,2025
29171,Putnam County,MO,83.3,2010-2015,1,,,26.66386795,2019,10.85556277,2022,0.210216522,2018,35.0,2023,13.6,2023,31.5,2023,8.6,2023,51967.0,2025,4.7926574696,2025,20.8,2025,0.6366723,2025
29173,Ralls County,MO,78.2,2010-2015,3,,,7.462122917,2019,10.85556277,2022,0.0,2018,40.1,2023,14.1,2023,32.6,2023,8.8,2023,68550.0,2025,4.2798655133,2025,14.899999999999999,2025,0.0965158,2025
29175,Randolph County,MO,75.56666666666666,2010-2015,6,0.491621941,2020,15.77645111,2019,10.85556277,2022,0.121148489,2018,37.7,2023,12.7,2023,31.9,2023,9.8,2023,59692.0,2025,3.8628954568,2025,18.3,2025,0.2827141,2025
29177,Ray County,MO,77.225,2010-2015,4,0.349116296,2020,6.803191662,2019,10.85556277,2022,0.043700565,2018,39.6,2023,13.3,2023,33.2,2023,9.1,2023,70993.0,2025,4.2520132322,2025,12.8,2025,0.2173157,2025
29179,Reynolds County,MO,78.2,2010-2015,2,,,45.45417023,2019,10.85556277,2022,0.0,2018,41.2,2023,15.9,2023,36.7,2023,10.7,2023,43674.0,2025,4.10608139,2025,30.2,2025,0.3285691,2025
29181,Ripley County,MO,71.875,2010-2015,4,0.60150373,2020,8.45126915,2019,10.85556277,2022,0.074621297,2018,41.3,2023,15.6,2023,37.4,2023,11.2,2023,43485.0,2025,4.9930285714,2025,27.700000000000003,2025,0.0941886,2025
29183,St. Charles County,MO,79.93376623376624,2010-2015,77,0.748392463,2020,39.23477173,2019,10.85556277,2022,0.012525615,2018,35.7,2023,10.3,2023,23.2,2023,6.4,2023,98765.0,2025,3.586853989,2025,5.6000000000000005,2025,0.46831439999999996,2025
29185,St. Clair County,MO,77.89999999999999,2010-2015,3,,,9.821046829,2019,10.85556277,2022,0.0,2018,37.6,2023,16.2,2023,36.9,2023,10.2,2023,50578.0,2025,4.4040081177,2025,27.800000000000004,2025,0.4266212,2025
29186,Ste. Genevieve County,MO,77.375,2010-2015,4,0.446328938,2020,31.95874596,2019,10.85556277,2022,0.111806795,2018,37.2,2023,12.5,2023,30.2,2023,8.4,2023,71557.0,2025,4.3297370867,2025,12.1,2025,0.43038519999999997,2025
29187,St. Francois County,MO,74.10000000000001,2010-2015,11,0.812213302,2020,20.63009071,2019,10.85556277,2022,0.014994302,2018,40.3,2023,12.9,2023,34.4,2023,10.5,2023,55578.0,2025,4.7275413205,2025,15.9,2025,0.666262,2025
29189,St. Louis County,MO,78.62408376963351,2010-2015,191,0.860143661,2020,26.75626945,2019,10.85556277,2022,0.016049029,2018,31.3,2023,11.5,2023,25.4,2023,7.0,2023,81631.0,2025,4.6693080357,2025,12.6,2025,1.2144161999999998,2025
29195,Saline County,MO,77.5625,2010-2015,8,0.656225383,2020,34.04630661,2019,10.85556277,2022,0.043677658,2018,37.7,2023,12.4,2023,31.8,2023,10.7,2023,53943.0,2025,4.1399644058,2025,21.6,2025,0.5152647,2025
29197,Schuyler County,MO,78.1,2010-2015,2,,,82.24952698,2019,10.85556277,2022,0.217438579,2018,38.8,2023,12.2,2023,31.2,2023,8.5,2023,52078.0,2025,3.7850082994,2025,23.3,2025,0.2484472,2025
29199,Scotland County,MO,73.55,2010-2015,2,,,9.621943474,2019,10.85556277,2022,0.402738631,2018,37.1,2023,12.8,2023,33.3,2023,10.7,2023,57063.0,2025,3.1868100358,2025,16.0,2025,1.7046665,2025
29201,Scott County,MO,77.19999999999999,2010-2015,9,0.600710392,2020,18.25972748,2019,10.85556277,2022,0.026002392,2018,38.1,2023,13.4,2023,36.3,2023,9.8,2023,60088.0,2025,4.4598524939,2025,21.9,2025,0.5021142,2025
29203,Shannon County,MO,76.85,2010-2015,2,,,10.10774899,2019,10.85556277,2022,0.244230062,2018,37.0,2023,15.2,2023,34.6,2023,10.1,2023,44439.0,2025,4.1730270639,2025,33.300000000000004,2025,0.1407261,2025
29205,Shelby County,MO,75.96666666666665,2010-2015,3,,,38.52551651,2019,10.85556277,2022,0.165289253,2018,40.3,2023,14.9,2023,34.9,2023,10.0,2023,56121.0,2025,4.6107953274,2025,19.1,2025,0.16733599999999998,2025
29207,Stoddard County,MO,75.35,2010-2015,8,0.517223537,2020,7.041247845,2019,10.85556277,2022,0.034239538,2018,37.6,2023,14.2,2023,35.2,2023,10.8,2023,51741.0,2025,4.5872463768,2025,17.9,2025,0.4915903,2025
29209,Stone County,MO,77.64999999999999,2010-2015,6,0.431233644,2020,14.64611721,2019,10.85556277,2022,0.094491161,2018,41.1,2023,15.6,2023,32.9,2023,8.4,2023,62394.0,2025,4.1191471884,2025,20.1,2025,0.2535818,2025
29211,Sullivan County,MO,77.23333333333333,2010-2015,3,,,27.24845505,2019,10.85556277,2022,0.0,2018,40.1,2023,15.1,2023,35.4,2023,13.2,2023,51492.0,2025,4.1873456282,2025,18.7,2025,0.3370408,2025
29213,Taney County,MO,77.03,2010-2015,10,1.069442511,2020,41.3652916,2019,10.85556277,2022,0.071617849,2018,35.7,2023,13.3,2023,31.0,2023,9.5,2023,54514.0,2025,4.3352501438,2025,18.5,2025,0.7980563,2025
29215,Texas County,MO,76.475,2010-2015,4,0.398215979,2020,12.56141853,2019,10.85556277,2022,0.078213602,2018,42.1,2023,15.8,2023,36.5,2023,11.2,2023,47273.0,2025,4.8438129682,2025,25.7,2025,0.4002081,2025
29217,Vernon County,MO,75.93333333333332,2010-2015,6,0.441436142,2020,32.87752151,2019,10.85556277,2022,0.048713952,2018,37.8,2023,14.3,2023,34.4,2023,10.1,2023,53602.0,2025,3.9976178941,2025,21.3,2025,0.25516710000000004,2025
29219,Warren County,MO,79.08,2010-2015,5,0.519210815,2020,12.58303738,2019,10.85556277,2022,0.115237243,2018,39.0,2023,12.3,2023,31.1,2023,8.9,2023,77075.0,2025,3.6977744958,2025,10.9,2025,0.21907000000000001,2025
29221,Washington County,MO,74.24,2010-2015,5,0.406437963,2020,12.14640617,2019,10.85556277,2022,0.0,2018,41.9,2023,14.8,2023,35.3,2023,11.0,2023,49510.0,2025,4.4950135596,2025,25.4,2025,0.29784700000000003,2025
29223,Wayne County,MO,75.1,2010-2015,4,0.39157334,2020,34.69417572,2019,10.85556277,2022,0.0,2018,41.5,2023,17.4,2023,39.1,2023,11.4,2023,41315.0,2025,4.891682442,2025,32.2,2025,0.45812719999999996,2025
29225,Webster County,MO,76.9,2010-2015,8,0.602122486,2020,8.868201256,2019,10.85556277,2022,0.025569562,2018,41.7,2023,12.2,2023,31.1,2023,9.7,2023,69841.0,2025,3.833605167,2025,19.7,2025,0.3775009,2025
29227,Worth County,MO,77.0,2010-2015,1,,,14.01086044,2019,10.85556277,2022,0.490196079,2018,40.2,2023,15.5,2023,35.1,2023,9.3,2023,50765.0,2025,4.4973317266,2025,20.8,2025,0.5042864,2025
29229,Wright County,MO,75.175,2010-2015,4,0.436562061,2020,17.95997047,2019,10.85556277,2022,0.108825773,2018,42.2,2023,15.5,2023,38.2,2023,11.5,2023,47612.0,2025,4.1336004736,2025,24.9,2025,0.1612037,2025
29510,St. Louis city,MO,73.39484536082475,2010-2015,97,1.038149476,2020,6.021296501,2019,10.85556277,2022,0.029718859,2018,37.0,2023,13.3,2023,27.0,2023,9.2,2023,55231.0,2025,5.9894306868,2025,27.1,2025,0.9682588,2025
30001,Beaverhead County,MT,79.8,2010-2015,3,0.949066758,2020,20.07289505,2019,7.804040906,2022,0.106337726,2018,28.3,2023,10.5,2023,21.0,2023,9.5,2023,63084.0,2025,4.6492110874,2025,15.5,2025,1.4699706,2025
30003,Big Horn County,MT,77.52000000000001,2010-2015,5,,,42.52916718,2019,7.804040906,2022,0.074973762,2018,35.5,2023,15.1,2023,28.3,2023,14.1,2023,51259.0,2025,4.8380728879,2025,23.799999999999997,2025,0.5402484999999999,2025
30005,Blaine County,MT,77.7,2010-2015,3,,,34.0127449,2019,7.804040906,2022,0.0,2018,41.1,2023,14.3,2023,27.6,2023,11.9,2023,56865.0,2025,5.7151303148,2025,21.8,2025,0.5730659,2025
30007,Broadwater County,MT,72.3,2010-2015,1,,,15.38936043,2019,7.804040906,2022,0.0,2018,30.7,2023,10.4,2023,21.6,2023,9.2,2023,72933.0,2025,4.4682709741,2025,11.1,2025,0.1372119,2025
30009,Carbon County,MT,79.5,2010-2015,5,0.54940021,2020,14.93563938,2019,7.804040906,2022,0.093335822,2018,33.0,2023,11.8,2023,22.2,2023,8.5,2023,72463.0,2025,4.7018930344,2025,12.4,2025,0.6453397,2025
30011,Carter County,MT,78.7,2010-2015,1,,,100.0,2019,7.804040906,2022,0.0,2018,32.9,2023,12.3,2023,24.9,2023,9.5,2023,55704.0,2025,3.7976397084,2025,16.2,2025,0.0,2025
30013,Cascade County,MT,76.86190476190477,2010-2015,21,0.934280753,2020,26.26444817,2019,7.804040906,2022,0.024496894,2018,35.3,2023,10.4,2023,23.5,2023,10.0,2023,65018.0,2025,4.1754523997,2025,12.7,2025,0.7454651,2025
30015,Chouteau County,MT,81.6,2010-2015,2,,,49.55866623,2019,7.804040906,2022,0.174064398,2018,35.6,2023,12.2,2023,24.3,2023,10.3,2023,61903.0,2025,4.1902290183,2025,19.2,2025,,
30017,Custer County,MT,76.76666666666667,2010-2015,6,0.885582685,2020,19.52969551,2019,7.804040906,2022,0.086311065,2018,32.6,2023,10.5,2023,23.6,2023,9.1,2023,58850.0,2025,4.3439157205,2025,13.4,2025,0.6713662,2025
30019,Daniels County,MT,81.4,2010-2015,1,,,26.80077171,2019,7.804040906,2022,0.0,2018,33.5,2023,11.2,2023,22.6,2023,9.1,2023,56695.0,2025,3.6508040267,2025,11.5,2025,0.0,2025
30021,Dawson County,MT,80.36666666666667,2010-2015,3,0.584453523,2020,52.46206284,2019,7.804040906,2022,0.230414748,2018,32.8,2023,10.1,2023,22.5,2023,9.0,2023,60663.0,2025,3.57024,2025,13.700000000000001,2025,0.4492363,2025
30023,Deer Lodge County,MT,76.53333333333333,2010-2015,3,0.543242097,2020,7.248456001,2019,7.804040906,2022,0.10951703,2018,32.4,2023,12.9,2023,25.2,2023,10.7,2023,56648.0,2025,4.6977522011,2025,14.099999999999998,2025,0.8429038000000001,2025
30025,Fallon County,MT,79.1,2010-2015,1,,,22.43639755,2019,7.804040906,2022,0.0,2018,31.4,2023,10.2,2023,23.3,2023,9.1,2023,66776.0,2025,6.4705747126,2025,12.5,2025,0.9943653,2025
30027,Fergus County,MT,79.55,2010-2015,2,0.630403459,2020,39.38310623,2019,7.804040906,2022,0.0899847,2018,31.2,2023,11.4,2023,23.8,2023,9.4,2023,63717.0,2025,3.9573661227,2025,13.8,2025,0.8608074,2025
30029,Flathead County,MT,79.89444444444445,2010-2015,18,0.614070714,2020,12.88271427,2019,7.804040906,2022,0.048968717,2018,31.2,2023,9.3,2023,19.3,2023,9.0,2023,74150.0,2025,4.2017639542,2025,9.8,2025,0.9220499,2025
30031,Gallatin County,MT,80.91578947368421,2010-2015,19,0.924610019,2020,16.60403252,2019,7.804040906,2022,0.071507737,2018,23.0,2023,6.7,2023,13.9,2023,8.3,2023,90942.0,2025,4.1611572314,2025,5.800000000000001,2025,0.7823132,2025
30033,Garfield County,MT,79.9,2010-2015,1,,,55.30102539,2019,7.804040906,2022,0.0,2018,30.6,2023,11.5,2023,24.6,2023,9.3,2023,53069.0,2025,4.3694590194,2025,22.3,2025,0.0,2025
30035,Glacier County,MT,75.06666666666666,2010-2015,3,0.51493305,2020,28.09794426,2019,7.804040906,2022,0.0,2018,39.7,2023,15.5,2023,32.2,2023,14.3,2023,51416.0,2025,7.5037389056,2025,30.4,2025,0.7979687999999999,2025
30039,Granite County,MT,87.0,2010-2015,1,,,98.32987976,2019,7.804040906,2022,0.0,2018,30.4,2023,12.3,2023,24.2,2023,9.7,2023,65695.0,2025,4.2847864976,2025,16.8,2025,0.2990431,2025
30041,Hill County,MT,77.93333333333334,2010-2015,6,0.855850339,2020,53.49515533,2019,7.804040906,2022,0.061173305,2018,38.5,2023,12.1,2023,25.3,2023,11.5,2023,51435.0,2025,4.0123182332,2025,21.8,2025,0.6798937,2025
30043,Jefferson County,MT,79.8,2010-2015,3,0.404530734,2020,30.26221848,2019,7.804040906,2022,0.165330246,2018,32.8,2023,10.3,2023,21.3,2023,8.1,2023,85163.0,2025,3.7359313483,2025,9.6,2025,0.6415397,2025
30045,Judith Basin County,MT,82.7,2010-2015,1,,,61.25503922,2019,7.804040906,2022,0.512295067,2018,31.5,2023,12.9,2023,25.0,2023,9.3,2023,57166.0,2025,5.1216216216,2025,19.2,2025,,
30047,Lake County,MT,79.9375,2010-2015,8,0.645452797,2020,5.677994251,2019,7.804040906,2022,0.0661157,2018,33.0,2023,12.2,2023,23.7,2023,10.2,2023,60882.0,2025,5.1948240519,2025,18.0,2025,0.7492274,2025
30049,Lewis and Clark County,MT,79.27857142857144,2010-2015,14,0.697717488,2020,17.07622719,2019,7.804040906,2022,0.014556041,2018,31.0,2023,9.3,2023,18.3,2023,8.1,2023,76816.0,2025,4.2218419051,2025,9.6,2025,0.9415283,2025
30051,Liberty County,MT,77.9,2010-2015,1,,,56.22702789,2019,7.804040906,2022,0.823045254,2018,34.0,2023,13.1,2023,27.9,2023,11.8,2023,60846.0,2025,4.5975371065,2025,20.599999999999998,2025,0.5138746,2025
30053,Lincoln County,MT,78.82000000000001,2010-2015,5,0.491569579,2020,7.497186184,2019,7.804040906,2022,0.101040721,2018,37.8,2023,14.0,2023,27.0,2023,10.7,2023,51941.0,2025,4.5554177183,2025,22.900000000000002,2025,0.7308161000000001,2025
30055,McCone County,MT,81.8,2010-2015,1,,,40.13272476,2019,7.804040906,2022,0.597014904,2018,32.4,2023,11.1,2023,22.6,2023,8.4,2023,56696.0,2025,3.8254384672,2025,19.0,2025,0.0,2025
30057,Madison County,MT,84.13333333333333,2010-2015,3,0.446478397,2020,30.19206047,2019,7.804040906,2022,0.456204385,2018,28.7,2023,10.6,2023,19.4,2023,8.7,2023,73316.0,2025,3.3638288979,2025,11.700000000000001,2025,0.5607267,2025
30059,Meagher County,MT,75.8,2010-2015,1,,,100.0,2019,7.804040906,2022,0.0,2018,32.3,2023,12.5,2023,23.7,2023,8.8,2023,55193.0,2025,5.1859912052,2025,17.7,2025,1.0183299,2025
30061,Mineral County,MT,77.85,2010-2015,2,,,27.1718235,2019,7.804040906,2022,0.0,2018,36.0,2023,12.8,2023,25.0,2023,9.7,2023,58832.0,2025,4.3580053259,2025,18.3,2025,0.41152259999999996,2025
30063,Missoula County,MT,79.13888888888889,2010-2015,18,0.822165608,2020,19.56306648,2019,7.804040906,2022,0.050508875,2018,26.2,2023,8.3,2023,16.5,2023,8.5,2023,72882.0,2025,4.5136410991,2025,9.4,2025,1.1544929000000002,2025
30065,Musselshell County,MT,77.85,2010-2015,2,,,31.89033127,2019,7.804040906,2022,0.0,2018,35.6,2023,12.7,2023,26.7,2023,10.4,2023,55991.0,2025,4.3687697161,2025,23.1,2025,0.2042484,2025
30067,Park County,MT,78.5,2010-2015,5,1.133651495,2020,41.57567596,2019,7.804040906,2022,0.119502865,2018,30.4,2023,10.5,2023,22.2,2023,8.2,2023,63958.0,2025,4.4453004622,2025,12.5,2025,1.087392,2025
30071,Phillips County,MT,78.6,2010-2015,1,0.76550138,2020,36.11307144,2019,7.804040906,2022,0.0,2018,38.8,2023,12.0,2023,24.8,2023,9.3,2023,53212.0,2025,4.1558739882,2025,22.0,2025,0.2385496,2025
30073,Pondera County,MT,78.7,2010-2015,2,,,25.46754456,2019,7.804040906,2022,0.0,2018,37.2,2023,13.6,2023,29.1,2023,11.7,2023,47659.0,2025,4.9351877479,2025,21.9,2025,0.5005005,2025
30075,Powder River County,MT,77.9,2010-2015,1,,,52.37716675,2019,7.804040906,2022,0.0,2018,30.4,2023,11.9,2023,22.2,2023,9.2,2023,56746.0,2025,4.3053459832,2025,17.1,2025,0.0,2025
30077,Powell County,MT,77.95,2010-2015,2,,,19.2307415,2019,7.804040906,2022,0.143513203,2018,35.8,2023,11.3,2023,25.1,2023,11.2,2023,61354.0,2025,3.8922880155,2025,17.1,2025,0.7143878,2025
30079,Prairie County,MT,77.9,2010-2015,1,,,100.0,2019,7.804040906,2022,0.0,2018,33.5,2023,16.2,2023,30.9,2023,12.2,2023,52555.0,2025,5.6106708268,2025,18.4,2025,0.0,2025
30081,Ravalli County,MT,80.17,2010-2015,10,0.488867164,2020,2.735879183,2019,7.804040906,2022,0.092652649,2018,31.9,2023,10.4,2023,20.4,2023,9.1,2023,70624.0,2025,3.9941543614,2025,14.000000000000002,2025,0.6092387,2025
30083,Richland County,MT,78.15,2010-2015,4,1.08666122,2020,53.84511948,2019,7.804040906,2022,0.091633834,2018,37.9,2023,9.2,2023,23.3,2023,9.3,2023,74540.0,2025,4.112244898,2025,11.799999999999999,2025,0.2658867,2025
30085,Roosevelt County,MT,75.8,2010-2015,3,0.638453126,2020,26.0825386,2019,7.804040906,2022,0.090424091,2018,41.0,2023,14.1,2023,29.4,2023,12.9,2023,51596.0,2025,6.8369633728,2025,26.200000000000003,2025,0.6468903,2025
30087,Rosebud County,MT,79.525,2010-2015,4,0.679040313,2020,24.10190201,2019,7.804040906,2022,0.0,2018,39.5,2023,13.6,2023,27.4,2023,12.2,2023,60218.0,2025,5.6300987437,2025,24.099999999999998,2025,0.4923683,2025
30089,Sanders County,MT,79.56666666666666,2010-2015,3,0.24677141,2020,31.13269615,2019,7.804040906,2022,0.337723732,2018,34.9,2023,13.7,2023,26.2,2023,10.5,2023,54599.0,2025,4.339815676,2025,20.4,2025,0.7716645,2025
30091,Sheridan County,MT,77.4,2010-2015,2,,,35.23910904,2019,7.804040906,2022,0.0,2018,35.5,2023,11.5,2023,23.7,2023,9.9,2023,58094.0,2025,4.5698826454,2025,15.2,2025,0.2835271,2025
30093,Silver Bow County,MT,75.7,2010-2015,8,0.966458201,2020,6.923048973,2019,7.804040906,2022,0.028577143,2018,32.3,2023,10.2,2023,22.0,2023,10.0,2023,58406.0,2025,4.9340883855,2025,15.6,2025,0.7907147,2025
30095,Stillwater County,MT,79.76666666666667,2010-2015,3,,,15.30505657,2019,7.804040906,2022,0.104887769,2018,30.2,2023,10.8,2023,21.0,2023,8.7,2023,81392.0,2025,4.5118891487,2025,8.7,2025,0.3317116,2025
30097,Sweet Grass County,MT,79.8,2010-2015,1,,,22.61458969,2019,7.804040906,2022,0.26954177,2018,29.4,2023,10.9,2023,22.0,2023,8.6,2023,70052.0,2025,3.5728635402,2025,11.4,2025,0.8058018,2025
30099,Teton County,MT,83.8,2010-2015,3,,,60.16043091,2019,7.804040906,2022,0.16228497,2018,30.9,2023,11.0,2023,24.0,2023,9.5,2023,71393.0,2025,3.4618456664,2025,17.599999999999998,2025,0.31903010000000004,2025
30101,Toole County,MT,78.35,2010-2015,2,,,43.64525986,2019,7.804040906,2022,0.206058115,2018,35.6,2023,11.5,2023,26.7,2023,13.2,2023,52399.0,2025,4.3315433649,2025,16.400000000000002,2025,0.5986829,2025
30105,Valley County,MT,76.8,2010-2015,3,0.815328181,2020,41.89451599,2019,7.804040906,2022,0.268925637,2018,32.7,2023,11.6,2023,24.6,2023,9.3,2023,63507.0,2025,3.4810424311,2025,20.7,2025,0.9287515,2025
30107,Wheatland County,MT,80.8,2010-2015,1,,,34.48288727,2019,7.804040906,2022,0.0,2018,32.0,2023,13.0,2023,26.8,2023,11.7,2023,47545.0,2025,7.8011948746,2025,25.4,2025,,
30109,Wibaux County,MT,77.9,2010-2015,1,,,100.0,2019,7.804040906,2022,0.0,2018,32.5,2023,11.6,2023,24.1,2023,9.3,2023,56108.0,2025,3.7311196356,2025,16.5,2025,0.0,2025
30111,Yellowstone County,MT,78.12903225806451,2010-2015,31,0.773053586,2020,21.31267166,2019,7.804040906,2022,0.01873396,2018,34.0,2023,9.5,2023,20.8,2023,9.0,2023,70221.0,2025,4.2213964231,2025,10.4,2025,1.0769028,2025
31001,Adams County,NE,79.21111111111111,2010-2015,9,0.925896347,2020,35.02439499,2019,7.93877606,2022,0.063469902,2018,41.2,2023,11.8,2023,26.9,2023,9.8,2023,66695.0,2025,5.202515421,2025,12.5,2025,0.9024398,2025
31003,Antelope County,NE,82.23333333333333,2010-2015,3,0.638569593,2020,12.86044216,2019,7.93877606,2022,0.473484844,2018,42.4,2023,12.9,2023,28.5,2023,8.7,2023,65907.0,2025,3.7251240152,2025,12.1,2025,0.3185221,2025
31011,Boone County,NE,80.05000000000001,2010-2015,2,,,12.25124836,2019,7.93877606,2022,0.0,2018,33.1,2023,12.7,2023,29.4,2023,9.2,2023,66345.0,2025,3.5357224443,2025,10.5,2025,1.4853322999999998,2025
31013,Box Butte County,NE,78.2,2010-2015,3,0.560957372,2020,32.5735817,2019,7.93877606,2022,0.092833273,2018,38.8,2023,13.0,2023,30.4,2023,10.8,2023,66613.0,2025,4.9245845093,2025,14.7,2025,0.4715202,2025
31015,Boyd County,NE,79.2,2010-2015,1,,,36.2842865,2019,7.93877606,2022,0.0,2018,37.9,2023,14.8,2023,30.5,2023,8.4,2023,49077.0,2025,4.7845028785,2025,19.6,2025,0.5589715,2025
31017,Brown County,NE,81.6,2010-2015,1,,,10.08354664,2019,7.93877606,2022,1.009081721,2018,40.2,2023,13.2,2023,29.2,2023,10.0,2023,58896.0,2025,4.0678777941,2025,14.7,2025,1.0316368999999999,2025
31019,Buffalo County,NE,80.81818181818181,2010-2015,11,0.937861681,2020,30.71222878,2019,7.93877606,2022,0.080620781,2018,37.3,2023,9.6,2023,23.7,2023,9.2,2023,76686.0,2025,4.4158569634,2025,8.6,2025,0.8740738,2025
31021,Burt County,NE,77.33333333333333,2010-2015,3,,,0.671959102,2019,7.93877606,2022,0.154130697,2018,40.3,2023,13.1,2023,29.1,2023,8.7,2023,67113.0,2025,3.9332406603,2025,12.1,2025,0.298107,2025
31023,Butler County,NE,79.5,2010-2015,3,,,15.52475929,2019,7.93877606,2022,0.124100275,2018,38.6,2023,11.3,2023,27.3,2023,8.8,2023,74710.0,2025,4.105326152,2025,9.9,2025,0.7105637,2025
31025,Cass County,NE,78.8,2010-2015,6,0.419335157,2020,18.41707802,2019,7.93877606,2022,0.038227759,2018,40.2,2023,10.8,2023,25.2,2023,7.5,2023,83291.0,2025,3.807815106,2025,8.3,2025,0.2961099,2025
31027,Cedar County,NE,81.25,2010-2015,2,0.475398153,2020,18.27926826,2019,7.93877606,2022,0.11839924,2018,40.2,2023,11.3,2023,25.4,2023,7.5,2023,69895.0,2025,3.5931811037,2025,9.0,2025,0.120048,2025
31029,Chase County,NE,78.4,2010-2015,1,0.78125,2020,29.42085457,2019,7.93877606,2022,0.0,2018,36.9,2023,12.7,2023,30.0,2023,11.2,2023,67334.0,2025,3.7713784732,2025,12.3,2025,0.2613696,2025
31031,Cherry County,NE,78.5,2010-2015,2,0.69192183,2020,38.75593185,2019,7.93877606,2022,0.173580974,2018,40.8,2023,13.1,2023,28.4,2023,8.6,2023,55132.0,2025,3.6092152806,2025,16.2,2025,0.7328692,2025
31033,Cheyenne County,NE,80.60000000000001,2010-2015,3,0.548787177,2020,21.46989059,2019,7.93877606,2022,0.107411385,2018,34.7,2023,12.9,2023,29.9,2023,9.6,2023,60177.0,2025,4.2098658099,2025,16.1,2025,0.524714,2025
31035,Clay County,NE,79.6,2010-2015,2,,,24.67325783,2019,7.93877606,2022,0.160926938,2018,40.1,2023,11.8,2023,27.6,2023,9.6,2023,67568.0,2025,4.132244143,2025,9.9,2025,0.3290556,2025
31037,Colfax County,NE,80.73333333333333,2010-2015,3,0.377821863,2020,31.62817764,2019,7.93877606,2022,0.091903314,2018,38.8,2023,13.2,2023,32.3,2023,19.8,2023,70792.0,2025,3.2551226417,2025,11.899999999999999,2025,,
31039,Cuming County,NE,80.96666666666665,2010-2015,3,0.568310976,2020,22.15513229,2019,7.93877606,2022,0.223713651,2018,40.4,2023,12.1,2023,28.4,2023,10.1,2023,65814.0,2025,3.3664176256,2025,10.0,2025,0.445236,2025
31041,Custer County,NE,79.675,2010-2015,4,0.470543951,2020,44.5680275,2019,7.93877606,2022,0.092250921,2018,40.0,2023,12.2,2023,28.3,2023,8.3,2023,65151.0,2025,4.0065255451,2025,12.9,2025,0.5736138,2025
31043,Dakota County,NE,78.3,2010-2015,4,0.697558522,2020,16.20956612,2019,7.93877606,2022,0.049793359,2018,44.3,2023,12.8,2023,32.9,2023,17.5,2023,70126.0,2025,3.6841133005,2025,20.200000000000003,2025,0.1412363,2025
31045,Dawes County,NE,82.2,2010-2015,2,0.478411674,2020,29.00628281,2019,7.93877606,2022,0.114731528,2018,35.5,2023,10.6,2023,25.7,2023,7.8,2023,54925.0,2025,4.1292176769,2025,17.299999999999997,2025,0.736377,2025
31047,Dawson County,NE,79.64285714285714,2010-2015,7,0.72309655,2020,41.33106995,2019,7.93877606,2022,0.210890383,2018,41.1,2023,13.5,2023,32.8,2023,18.0,2023,67619.0,2025,4.0033176004,2025,13.8,2025,0.5439786,2025
31049,Deuel County,NE,82.8,2010-2015,1,,,26.81713676,2019,7.93877606,2022,0.0,2018,39.8,2023,14.2,2023,29.4,2023,9.1,2023,58676.0,2025,3.9282980081,2025,18.8,2025,0.0,2025
31051,Dixon County,NE,80.55,2010-2015,2,,,33.94021606,2019,7.93877606,2022,0.0,2018,43.3,2023,13.2,2023,31.3,2023,12.0,2023,67521.0,2025,4.3189282627,2025,9.9,2025,0.1803427,2025
31053,Dodge County,NE,78.42222222222222,2010-2015,9,0.690188289,2020,28.17715454,2019,7.93877606,2022,0.05436112,2018,39.7,2023,11.9,2023,28.4,2023,12.2,2023,66833.0,2025,3.5118649925,2025,11.3,2025,0.485136,2025
31055,Douglas County,NE,77.83241379310346,2010-2015,145,0.834012389,2020,11.87993717,2019,7.93877606,2022,0.017640417,2018,36.9,2023,9.8,2023,22.1,2023,10.3,2023,77747.0,2025,4.4764810134,2025,12.4,2025,1.0871646000000001,2025
31057,Dundy County,NE,79.3,2010-2015,1,,,33.26264191,2019,7.93877606,2022,0.0,2018,37.0,2023,14.2,2023,29.6,2023,9.2,2023,55818.0,2025,4.4388796492,2025,18.8,2025,1.2232416,2025
31059,Fillmore County,NE,77.4,2010-2015,2,,,22.18545151,2019,7.93877606,2022,0.180929974,2018,42.1,2023,12.3,2023,28.6,2023,8.1,2023,69021.0,2025,4.0418293532,2025,10.0,2025,0.3606203,2025
31061,Franklin County,NE,80.55,2010-2015,2,,,47.02106476,2019,7.93877606,2022,0.0,2018,39.2,2023,14.2,2023,30.7,2023,8.9,2023,58346.0,2025,4.5589858844,2025,16.8,2025,0.6889425,2025
31063,Frontier County,NE,86.2,2010-2015,1,,,37.80621719,2019,7.93877606,2022,0.383435577,2018,37.4,2023,11.9,2023,26.7,2023,8.1,2023,62676.0,2025,4.2412071211,2025,17.0,2025,,
31065,Furnas County,NE,78.8,2010-2015,1,0.64474535,2020,4.063536167,2019,7.93877606,2022,0.0,2018,44.4,2023,13.5,2023,29.1,2023,9.5,2023,59530.0,2025,4.3899422918,2025,16.2,2025,1.0860121999999999,2025
31067,Gage County,NE,77.55714285714285,2010-2015,7,0.559936523,2020,32.3925209,2019,7.93877606,2022,0.139580324,2018,41.8,2023,12.6,2023,28.7,2023,8.9,2023,66947.0,2025,4.0607603417,2025,11.700000000000001,2025,0.7401925,2025
31069,Garden County,NE,78.4,2010-2015,1,,,37.86807632,2019,7.93877606,2022,0.0,2018,40.2,2023,15.5,2023,32.6,2023,9.2,2023,44135.0,2025,3.2852854039,2025,23.1,2025,0.0,2025
31071,Garfield County,NE,76.7,2010-2015,1,,,10.10106373,2019,7.93877606,2022,0.503271282,2018,38.8,2023,12.3,2023,26.7,2023,7.2,2023,51135.0,2025,4.5151917796,2025,12.4,2025,0.5437738,2025
31073,Gosper County,NE,78.4,2010-2015,1,,,64.07082367,2019,7.93877606,2022,0.0,2018,38.4,2023,12.4,2023,26.5,2023,8.0,2023,73056.0,2025,4.1332908367,2025,13.100000000000001,2025,0.5482456,2025
31077,Greeley County,NE,79.9,2010-2015,1,,,66.1456604,2019,7.93877606,2022,0.0,2018,34.7,2023,12.6,2023,28.5,2023,8.9,2023,60686.0,2025,4.0066119305,2025,13.3,2025,,
31079,Hall County,NE,79.49285714285715,2010-2015,14,0.802910149,2020,27.07136726,2019,7.93877606,2022,0.032463845,2018,41.2,2023,12.0,2023,31.2,2023,16.1,2023,69725.0,2025,4.1628508379,2025,13.100000000000001,2025,0.5808419,2025
31081,Hamilton County,NE,80.36666666666667,2010-2015,3,0.54130131,2020,17.31442833,2019,7.93877606,2022,0.0,2018,40.7,2023,10.5,2023,24.7,2023,7.5,2023,84805.0,2025,3.2115706709,2025,9.0,2025,1.0654166,2025
31083,Harlan County,NE,81.1,2010-2015,1,,,6.881371498,2019,7.93877606,2022,0.588062346,2018,35.4,2023,13.0,2023,29.3,2023,8.2,2023,63159.0,2025,5.501358861,2025,12.3,2025,0.6470398,2025
31085,Hayes County,NE,77.9,2010-2015,1,,,100.0,2019,7.93877606,2022,0.0,2018,41.0,2023,14.1,2023,31.2,2023,9.6,2023,59966.0,2025,4.0893864986,2025,17.8,2025,0.0,2025
31087,Hitchcock County,NE,78.8,2010-2015,1,,,94.99758148,2019,7.93877606,2022,0.0,2018,41.6,2023,13.4,2023,29.8,2023,8.8,2023,55551.0,2025,4.2469312861,2025,18.8,2025,0.38669760000000003,2025
31089,Holt County,NE,79.425,2010-2015,4,0.602651656,2020,29.83032417,2019,7.93877606,2022,0.0,2018,38.4,2023,12.9,2023,29.4,2023,9.2,2023,65815.0,2025,4.1675929267,2025,14.299999999999999,2025,0.8956115,2025
31093,Howard County,NE,83.94999999999999,2010-2015,2,,,20.05903435,2019,7.93877606,2022,0.0,2018,38.6,2023,11.5,2023,27.6,2023,7.8,2023,68795.0,2025,3.4987224758,2025,11.799999999999999,2025,0.7655795,2025
31095,Jefferson County,NE,76.33333333333333,2010-2015,3,0.563459635,2020,29.84672928,2019,7.93877606,2022,0.140904605,2018,37.4,2023,13.4,2023,29.4,2023,8.8,2023,63707.0,2025,3.8833438397,2025,13.8,2025,0.5574136,2025
31097,Johnson County,NE,78.69999999999999,2010-2015,2,,,26.24922371,2019,7.93877606,2022,0.0,2018,38.1,2023,11.6,2023,30.3,2023,12.3,2023,64134.0,2025,3.8438617004,2025,12.8,2025,0.1881114,2025
31099,Kearney County,NE,78.3,2010-2015,2,0.450992197,2020,2.488844156,2019,7.93877606,2022,0.305623472,2018,38.3,2023,10.8,2023,24.8,2023,7.8,2023,77458.0,2025,3.6679369388,2025,9.2,2025,0.2996704,2025
31101,Keith County,NE,77.06666666666666,2010-2015,3,1.002129555,2020,27.62597466,2019,7.93877606,2022,0.124672733,2018,35.4,2023,13.2,2023,31.1,2023,9.4,2023,57160.0,2025,4.0523400822,2025,17.2,2025,0.7247252000000001,2025
31105,Kimball County,NE,77.3,2010-2015,1,,,6.779146194,2019,7.93877606,2022,0.0,2018,42.1,2023,15.2,2023,34.1,2023,11.6,2023,59686.0,2025,4.0496652465,2025,15.4,2025,,
31107,Knox County,NE,79.63333333333334,2010-2015,3,,,30.69829941,2019,7.93877606,2022,0.118778951,2018,39.8,2023,14.1,2023,29.9,2023,8.9,2023,60057.0,2025,4.0498579545,2025,17.5,2025,0.4761338,2025
31109,Lancaster County,NE,79.26615384615386,2010-2015,65,0.863870263,2020,16.95071983,2019,7.93877606,2022,0.025214957,2018,34.4,2023,9.6,2023,20.2,2023,8.7,2023,71171.0,2025,4.1705197079,2025,9.0,2025,0.6933445,2025
31111,Lincoln County,NE,79.7125,2010-2015,8,0.873438716,2020,14.35563946,2019,7.93877606,2022,0.056842405,2018,40.1,2023,12.9,2023,29.4,2023,10.0,2023,63632.0,2025,4.2482599458,2025,14.6,2025,0.5273488999999999,2025
31113,Logan County,NE,77.6,2010-2015,1,,,14.0432272,2019,7.93877606,2022,0.0,2018,35.9,2023,12.0,2023,26.4,2023,7.1,2023,66333.0,2025,4.147113656,2025,11.0,2025,0.0,2025
31119,Madison County,NE,79.66666666666667,2010-2015,9,0.804297268,2020,29.5572567,2019,7.93877606,2022,0.08476492,2018,40.0,2023,11.8,2023,27.7,2023,10.7,2023,68218.0,2025,4.0993113692,2025,10.8,2025,0.6225769,2025
31121,Merrick County,NE,78.8,2010-2015,3,0.640286863,2020,31.59469986,2019,7.93877606,2022,0.0,2018,39.3,2023,11.7,2023,28.8,2023,9.3,2023,72297.0,2025,4.0098988974,2025,10.6,2025,0.3913894,2025
31123,Morrill County,NE,78.5,2010-2015,1,0.864864886,2020,50.33340836,2019,7.93877606,2022,0.213401616,2018,41.6,2023,13.3,2023,32.1,2023,11.8,2023,62245.0,2025,5.4392034505,2025,19.1,2025,0.437254,2025
31125,Nance County,NE,76.7,2010-2015,1,,,4.620869637,2019,7.93877606,2022,0.0,2018,41.0,2023,12.7,2023,28.6,2023,8.7,2023,61228.0,2025,3.8994137931,2025,13.3,2025,,
31127,Nemaha County,NE,77.4,2010-2015,2,0.567859173,2020,3.987722158,2019,7.93877606,2022,0.287438929,2018,40.7,2023,11.7,2023,29.6,2023,9.1,2023,65868.0,2025,4.7470394029,2025,12.8,2025,0.8493771,2025
31129,Nuckolls County,NE,78.0,2010-2015,2,,,37.33560181,2019,7.93877606,2022,0.0,2018,41.8,2023,12.7,2023,27.8,2023,8.4,2023,58951.0,2025,3.7580130293,2025,15.2,2025,1.2315271,2025
31131,Otoe County,NE,78.8,2010-2015,5,0.751644194,2020,71.81031036,2019,7.93877606,2022,0.125117302,2018,40.7,2023,11.9,2023,27.3,2023,9.0,2023,76448.0,2025,4.1649954421,2025,9.1,2025,0.7532957,2025
31133,Pawnee County,NE,80.1,2010-2015,1,,,18.10644913,2019,7.93877606,2022,0.0,2018,37.5,2023,14.4,2023,33.2,2023,9.6,2023,55574.0,2025,4.3878496579,2025,20.3,2025,0.3924647,2025
31135,Perkins County,NE,82.9,2010-2015,1,,,29.57969475,2019,7.93877606,2022,0.0,2018,40.6,2023,11.9,2023,26.7,2023,8.9,2023,71521.0,2025,3.9807206068,2025,11.600000000000001,2025,1.0593219999999999,2025
31137,Phelps County,NE,80.06666666666666,2010-2015,3,0.777259588,2020,22.28773499,2019,7.93877606,2022,0.111160517,2018,38.6,2023,11.5,2023,27.2,2023,9.3,2023,70550.0,2025,5.3022360939,2025,10.2,2025,1.0070493,2025
31139,Pierce County,NE,80.25,2010-2015,2,0.556792855,2020,46.46928024,2019,7.93877606,2022,0.140016809,2018,38.9,2023,10.9,2023,26.9,2023,7.9,2023,78454.0,2025,3.6859497063,2025,10.2,2025,0.4102284,2025
31141,Platte County,NE,81.18571428571428,2010-2015,7,0.839227915,2020,19.24462509,2019,7.93877606,2022,0.029973324,2018,41.8,2023,11.9,2023,27.2,2023,12.4,2023,76785.0,2025,3.6564393939,2025,8.1,2025,0.7593236,2025
31143,Polk County,NE,79.85,2010-2015,2,,,4.771343231,2019,7.93877606,2022,0.189465702,2018,40.4,2023,12.0,2023,28.3,2023,9.1,2023,79938.0,2025,3.517208489,2025,8.6,2025,0.5798222,2025
31145,Red Willow County,NE,79.5,2010-2015,3,0.564599633,2020,58.20906448,2019,7.93877606,2022,0.093231402,2018,42.1,2023,12.1,2023,29.6,2023,9.0,2023,60614.0,2025,4.3662560741,2025,13.3,2025,0.7530829,2025
31147,Richardson County,NE,79.56666666666666,2010-2015,3,0.641766131,2020,30.66542244,2019,7.93877606,2022,0.0,2018,45.3,2023,14.0,2023,31.5,2023,8.7,2023,60839.0,2025,4.6222744848,2025,12.9,2025,0.5155303999999999,2025
31149,Rock County,NE,77.0,2010-2015,1,,,28.02030373,2019,7.93877606,2022,0.735294104,2018,38.8,2023,12.5,2023,27.6,2023,8.0,2023,56969.0,2025,4.1357142857,2025,18.9,2025,0.7911392,2025
31151,Saline County,NE,77.425,2010-2015,4,0.428969771,2020,32.17123032,2019,7.93877606,2022,0.0,2018,40.4,2023,11.8,2023,29.2,2023,14.4,2023,76586.0,2025,3.5490497056,2025,11.700000000000001,2025,0.4227734,2025
31153,Sarpy County,NE,80.18947368421053,2010-2015,38,0.640699804,2020,36.73703766,2019,7.93877606,2022,0.010842518,2018,35.9,2023,9.4,2023,21.3,2023,7.9,2023,101902.0,2025,3.5827514896,2025,5.0,2025,0.4963344,2025
31155,Saunders County,NE,79.9,2010-2015,5,0.273635238,2020,24.45220566,2019,7.93877606,2022,0.140825242,2018,39.3,2023,10.5,2023,23.5,2023,7.2,2023,85732.0,2025,3.820854065,2025,6.9,2025,0.4388467,2025
31157,Scotts Bluff County,NE,78.89999999999999,2010-2015,11,0.849882424,2020,7.665017128,2019,7.93877606,2022,0.083358802,2018,39.1,2023,13.0,2023,29.4,2023,12.1,2023,57571.0,2025,4.718700223,2025,20.1,2025,0.6993985,2025
31159,Seward County,NE,79.075,2010-2015,4,0.640055835,2020,32.38161087,2019,7.93877606,2022,0.057743389,2018,34.5,2023,9.5,2023,23.7,2023,7.4,2023,81819.0,2025,3.5389285026,2025,6.800000000000001,2025,0.6248935,2025
31161,Sheridan County,NE,80.1,2010-2015,2,0.5825243,2020,31.9896946,2019,7.93877606,2022,0.385356456,2018,36.0,2023,13.9,2023,32.1,2023,9.8,2023,59842.0,2025,3.9208258029,2025,21.3,2025,0.3925417,2025
31163,Sherman County,NE,77.3,2010-2015,1,,,20.15662384,2019,7.93877606,2022,0.329163909,2018,41.4,2023,13.7,2023,29.8,2023,9.1,2023,57592.0,2025,3.8114208022,2025,15.6,2025,,
31165,Sioux County,NE,86.6,2010-2015,1,,,63.73807907,2019,7.93877606,2022,0.0,2018,42.6,2023,16.0,2023,32.5,2023,10.2,2023,61344.0,2025,4.0102389078,2025,20.5,2025,0.8748906,2025
31167,Stanton County,NE,79.15,2010-2015,2,,,7.455537796,2019,7.93877606,2022,0.0,2018,39.8,2023,11.5,2023,27.5,2023,8.7,2023,78112.0,2025,3.698745113,2025,8.1,2025,,
31169,Thayer County,NE,78.85,2010-2015,2,,,18.75260925,2019,7.93877606,2022,0.595356226,2018,40.0,2023,13.2,2023,29.2,2023,8.5,2023,63574.0,2025,3.8809817633,2025,12.0,2025,0.8141665,2025
31173,Thurston County,NE,81.69999999999999,2010-2015,2,,,3.297801971,2019,7.93877606,2022,0.0,2018,45.4,2023,13.4,2023,30.0,2023,10.9,2023,57810.0,2025,4.5605262174,2025,25.5,2025,0.9063444,2025
31175,Valley County,NE,79.69999999999999,2010-2015,2,0.731172323,2020,11.53827095,2019,7.93877606,2022,0.23866348,2018,41.8,2023,12.9,2023,28.6,2023,8.6,2023,56604.0,2025,3.4487456544,2025,15.9,2025,1.2297098,2025
31177,Washington County,NE,81.3,2010-2015,5,0.430601418,2020,20.37345695,2019,7.93877606,2022,0.048386317,2018,41.2,2023,10.7,2023,23.1,2023,7.0,2023,88234.0,2025,3.9920098341,2025,6.5,2025,0.429205,2025
31179,Wayne County,NE,81.65,2010-2015,2,1.053518772,2020,8.983746529,2019,7.93877606,2022,0.106349036,2018,37.3,2023,9.7,2023,25.2,2023,8.9,2023,68309.0,2025,4.6418446876,2025,10.0,2025,0.6132461,2025
31181,Webster County,NE,77.35,2010-2015,2,,,52.41216278,2019,7.93877606,2022,0.28304556,2018,39.1,2023,12.9,2023,27.0,2023,8.8,2023,57002.0,2025,3.4743750785,2025,14.499999999999998,2025,0.29316919999999996,2025
31183,Wheeler County,NE,77.6,2010-2015,1,,,89.08621216,2019,7.93877606,2022,0.0,2018,38.4,2023,13.2,2023,26.7,2023,7.5,2023,56377.0,2025,4.144617548,2025,18.8,2025,0.0,2025
31185,York County,NE,79.5,2010-2015,4,0.740137637,2020,19.72568321,2019,7.93877606,2022,0.072611094,2018,40.9,2023,11.2,2023,26.8,2023,9.2,2023,73671.0,2025,3.4849081183,2025,9.700000000000001,2025,0.772255,2025
32001,Churchill County,NV,78.06666666666666,2010-2015,6,0.670267701,2020,18.93802071,2019,14.92737679,2022,0.122749589,2018,37.8,2023,11.7,2023,26.4,2023,11.4,2023,72065.0,2025,4.2010275542,2025,13.700000000000001,2025,0.4665086,2025
32003,Clark County,NV,77.289336492891,2010-2015,422,0.891637743,2020,19.02440643,2019,14.92737679,2022,0.004929095,2018,31.4,2023,12.4,2023,27.1,2023,15.4,2023,75103.0,2025,4.4635605966,2025,17.7,2025,0.5461344,2025
32005,Douglas County,NV,79.76666666666667,2010-2015,15,0.774119973,2020,50.1302948,2019,14.92737679,2022,0.061897784,2018,27.1,2023,12.2,2023,21.4,2023,8.6,2023,82025.0,2025,4.5004167451,2025,12.0,2025,0.5213555,2025
32007,Elko County,NV,78.11428571428571,2010-2015,14,0.773497343,2020,16.1278019,2019,14.92737679,2022,0.019062143,2018,38.0,2023,11.0,2023,25.8,2023,13.9,2023,85829.0,2025,4.3088592936,2025,11.4,2025,0.35240659999999996,2025
32011,Eureka County,NV,81.4,2010-2015,1,,,46.80164719,2019,14.92737679,2022,0.499251127,2018,38.8,2023,16.1,2023,31.5,2023,12.3,2023,81661.0,2025,3.5977140366,2025,13.5,2025,0.0,2025
32013,Humboldt County,NV,77.89999999999999,2010-2015,3,0.707463741,2020,15.65531445,2019,14.92737679,2022,0.059573453,2018,36.2,2023,11.5,2023,26.8,2023,14.0,2023,81500.0,2025,4.4309641667,2025,13.600000000000001,2025,0.4533092,2025
32015,Lander County,NV,79.8,2010-2015,1,0.906782746,2020,15.21286774,2019,14.92737679,2022,0.0,2018,35.1,2023,13.0,2023,28.5,2023,13.9,2023,87398.0,2025,4.4413261465,2025,12.6,2025,0.3449465,2025
32017,Lincoln County,NV,78.85,2010-2015,2,,,52.59182739,2019,14.92737679,2022,0.576812148,2018,31.6,2023,11.8,2023,24.2,2023,9.4,2023,67577.0,2025,2.8045852056,2025,18.2,2025,0.441989,2025
32019,Lyon County,NV,78.0375,2010-2015,8,0.41152969,2020,39.28164673,2019,14.92737679,2022,0.053755734,2018,35.2,2023,12.3,2023,27.4,2023,12.4,2023,75195.0,2025,3.7711799983,2025,11.899999999999999,2025,0.1313564,2025
32021,Mineral County,NV,80.3,2010-2015,2,0.664010644,2020,92.62212372,2019,14.92737679,2022,0.221533015,2018,38.2,2023,17.6,2023,34.4,2023,13.9,2023,58039.0,2025,4.6066780659,2025,22.6,2025,1.0902747,2025
32023,Nye County,NV,75.0,2010-2015,9,0.665917516,2020,87.13883209,2019,14.92737679,2022,0.0,2018,39.7,2023,15.7,2023,32.1,2023,13.1,2023,63071.0,2025,4.5378945744,2025,24.099999999999998,2025,0.243218,2025
32027,Pershing County,NV,79.6,2010-2015,1,,,15.33655167,2019,14.92737679,2022,0.0,2018,35.7,2023,12.1,2023,26.5,2023,15.0,2023,66928.0,2025,4.1834264142,2025,18.3,2025,0.2966919,2025
32029,Storey County,NV,80.6,2010-2015,1,,,0.382494807,2019,14.92737679,2022,0.248200551,2018,31.6,2023,12.4,2023,22.4,2023,8.7,2023,88684.0,2025,4.3422170722,2025,9.8,2025,,
32031,Washoe County,NV,78.19468085106384,2010-2015,94,0.802797019,2020,30.14311028,2019,14.92737679,2022,0.01717715,2018,28.5,2023,10.0,2023,21.6,2023,12.0,2023,84282.0,2025,4.2043099107,2025,11.3,2025,0.7884198,2025
32033,White Pine County,NV,78.86666666666666,2010-2015,3,0.633847475,2020,54.53480911,2019,14.92737679,2022,0.105540894,2018,34.4,2023,12.6,2023,26.8,2023,13.2,2023,70635.0,2025,4.2516922041,2025,14.000000000000002,2025,0.7623610999999999,2025
32510,Carson City,NV,77.5,2010-2015,12,0.749544919,2020,14.26247215,2019,14.92737679,2022,0.036091961,2018,33.1,2023,12.1,2023,24.9,2023,12.9,2023,72823.0,2025,4.1106395109,2025,13.600000000000001,2025,0.6441442,2025
33001,Belknap County,NH,80.21428571428571,2010-2015,14,0.89356792,2020,11.35223961,2019,5.078083844,2022,0.262200505,2018,30.5,2023,10.5,2023,20.8,2023,6.6,2023,91333.0,2025,4.5630016051,2025,10.7,2025,0.4809184,2025
33003,Carroll County,NH,82.52727272727272,2010-2015,11,0.752537251,2020,1.534890771,2019,5.078083844,2022,0.143504381,2018,30.7,2023,10.7,2023,20.5,2023,6.2,2023,77303.0,2025,4.2613396474,2025,11.899999999999999,2025,0.815534,2025
33005,Cheshire County,NH,80.42,2010-2015,15,0.590334237,2020,19.2833519,2019,5.078083844,2022,0.065365456,2018,29.9,2023,9.5,2023,20.8,2023,7.0,2023,84008.0,2025,4.0772762474,2025,10.8,2025,0.6724515,2025
33007,Coos County,NH,78.8,2010-2015,11,0.73779434,2020,16.93179893,2019,5.078083844,2022,0.094969764,2018,36.4,2023,13.0,2023,28.1,2023,8.6,2023,59592.0,2025,4.3351197132,2025,17.599999999999998,2025,1.118604,2025
33009,Grafton County,NH,81.67894736842106,2010-2015,19,0.849036813,2020,10.48892117,2019,5.078083844,2022,0.089100748,2018,25.8,2023,9.3,2023,19.7,2023,6.7,2023,81537.0,2025,4.8454221524,2025,9.8,2025,1.8871813,2025
33011,Hillsborough County,NH,79.05975609756098,2010-2015,82,0.678233266,2020,32.28143311,2019,5.078083844,2022,0.040939488,2018,33.1,2023,9.2,2023,22.2,2023,7.4,2023,103181.0,2025,4.0732517976,2025,7.8,2025,0.8347501,2025
33013,Merrimack County,NH,79.50285714285714,2010-2015,35,0.668317795,2020,16.15127754,2019,5.078083844,2022,0.086017519,2018,33.2,2023,9.1,2023,19.8,2023,6.7,2023,91357.0,2025,4.2298130494,2025,8.0,2025,0.9855834000000001,2025
33015,Rockingham County,NH,80.58730158730158,2010-2015,63,0.963678956,2020,43.04330063,2019,5.078083844,2022,0.045281652,2018,31.2,2023,9.1,2023,18.8,2023,5.9,2023,109660.0,2025,3.8784807265,2025,5.2,2025,0.7856203,2025
33017,Strafford County,NH,79.51363636363637,2010-2015,22,0.669033647,2020,24.24682236,2019,5.078083844,2022,0.07686986,2018,32.4,2023,8.6,2023,19.3,2023,6.7,2023,84762.0,2025,4.4414750907,2025,9.5,2025,0.6645723,2025
33019,Sullivan County,NH,80.0,2010-2015,10,0.46224606,2020,33.86808014,2019,5.078083844,2022,0.069534585,2018,33.5,2023,11.2,2023,24.6,2023,7.8,2023,74730.0,2025,4.5416841223,2025,12.0,2025,0.7121035,2025
34001,Atlantic County,NJ,77.55,2010-2015,64,0.764418423,2020,30.11383247,2019,8.52830566,2022,0.01883743,2018,30.7,2023,12.7,2023,27.9,2023,11.9,2023,75904.0,2025,4.7880552374,2025,15.8,2025,0.7164522,2025
34003,Bergen County,NJ,82.34943181818181,2010-2015,176,0.902843297,2020,10.25940514,2019,8.52830566,2022,0.013878629,2018,25.6,2023,9.7,2023,21.7,2023,9.8,2023,116157.0,2025,4.8161118059,2025,7.1,2025,1.1343870999999999,2025
34005,Burlington County,NJ,78.78921568627452,2010-2015,102,0.745640337,2020,36.28916168,2019,8.52830566,2022,0.017962027,2018,30.2,2023,10.5,2023,23.6,2023,8.3,2023,102384.0,2025,4.0767525688,2025,8.1,2025,0.7581810999999999,2025
34007,Camden County,NJ,77.80560000000001,2010-2015,125,0.785305679,2020,20.00115395,2019,8.52830566,2022,0.023664998,2018,29.8,2023,11.4,2023,26.3,2023,11.6,2023,82678.0,2025,5.0863357434,2025,17.0,2025,0.9851634,2025
34009,Cape May County,NJ,78.33999999999999,2010-2015,30,1.92253077,2020,32.8264122,2019,8.52830566,2022,0.054019015,2018,33.5,2023,11.7,2023,22.9,2023,8.3,2023,81007.0,2025,4.6065709627,2025,13.200000000000001,2025,0.5331326,2025
34011,Cumberland County,NJ,76.32903225806452,2010-2015,31,0.571397483,2020,35.17203903,2019,8.52830566,2022,0.01324749,2018,40.4,2023,13.5,2023,32.8,2023,18.4,2023,64240.0,2025,5.0498636241,2025,21.9,2025,0.3905563,2025
34013,Essex County,NJ,78.113,2010-2015,200,0.727044702,2020,8.099606514,2019,8.52830566,2022,0.013754006,2018,29.6,2023,12.0,2023,28.9,2023,14.5,2023,80005.0,2025,6.7671157244,2025,18.4,2025,0.7544592,2025
34015,Gloucester County,NJ,77.635,2010-2015,60,0.750225902,2020,41.32143021,2019,8.52830566,2022,0.003431615,2018,31.5,2023,10.3,2023,23.4,2023,8.4,2023,96965.0,2025,4.1721614951,2025,9.8,2025,0.5320598999999999,2025
34017,Hudson County,NJ,79.79403973509933,2010-2015,151,0.798015654,2020,0.680313051,2019,8.52830566,2022,0.011833251,2018,27.9,2023,10.5,2023,27.9,2023,14.6,2023,88469.0,2025,6.0607926244,2025,22.900000000000002,2025,0.4740463,2025
34019,Hunterdon County,NJ,82.604,2010-2015,25,0.673093081,2020,20.42158318,2019,8.52830566,2022,0.040091731,2018,26.3,2023,9.2,2023,19.4,2023,6.6,2023,136407.0,2025,,,4.3,2025,1.1006435,2025
34021,Mercer County,NJ,78.86027397260274,2010-2015,73,0.776061356,2020,27.95477104,2019,8.52830566,2022,0.037857175,2018,25.4,2023,11.1,2023,24.4,2023,11.4,2023,95502.0,2025,5.5675735518,2025,13.100000000000001,2025,0.9043841,2025
34023,Middlesex County,NJ,80.70182926829268,2010-2015,164,0.80220145,2020,25.04345894,2019,8.52830566,2022,0.008436937,2018,29.9,2023,11.6,2023,25.3,2023,10.8,2023,104637.0,2025,4.3837104654,2025,10.100000000000001,2025,0.9038031000000001,2025
34025,Monmouth County,NJ,79.84626865671642,2010-2015,134,0.937933087,2020,34.07674789,2019,8.52830566,2022,0.014484497,2018,30.4,2023,9.8,2023,19.5,2023,7.7,2023,117752.0,2025,5.0202954721,2025,8.0,2025,1.0970723,2025
34027,Morris County,NJ,82.0295918367347,2010-2015,98,0.832846344,2020,40.34281921,2019,8.52830566,2022,0.026303649,2018,22.8,2023,9.0,2023,19.2,2023,7.9,2023,134308.0,2025,,,5.1,2025,0.9315415,2025
34029,Ocean County,NJ,78.41743119266054,2010-2015,109,0.722847998,2020,43.64505768,2019,8.52830566,2022,0.019945119,2018,29.8,2023,11.4,2023,25.8,2023,9.5,2023,85239.0,2025,4.4514891577,2025,14.7,2025,0.3836684,2025
34031,Passaic County,NJ,79.26842105263158,2010-2015,95,0.7314412,2020,15.21968079,2019,8.52830566,2022,0.011921083,2018,31.0,2023,12.7,2023,31.2,2023,18.3,2023,81823.0,2025,5.3734125171,2025,20.200000000000003,2025,0.5191878,2025
34033,Salem County,NJ,76.97500000000001,2010-2015,24,0.640502155,2020,20.82210159,2019,8.52830566,2022,0.015972655,2018,34.0,2023,11.9,2023,27.9,2023,11.0,2023,84008.0,2025,4.9788075071,2025,15.0,2025,0.24597980000000003,2025
34035,Somerset County,NJ,81.79076923076923,2010-2015,65,0.807698011,2020,40.21159744,2019,8.52830566,2022,0.01509826,2018,26.3,2023,10.1,2023,20.8,2023,8.5,2023,140242.0,2025,,,6.1,2025,1.1022807,2025
34037,Sussex County,NJ,79.6921052631579,2010-2015,38,0.535706639,2020,42.72038269,2019,8.52830566,2022,0.021306969,2018,26.9,2023,9.5,2023,21.3,2023,8.3,2023,109884.0,2025,3.727331237,2025,6.1,2025,0.4534742,2025
34039,Union County,NJ,80.15377358490565,2010-2015,106,0.788629353,2020,10.96178722,2019,8.52830566,2022,0.010751397,2018,29.7,2023,11.6,2023,25.5,2023,15.0,2023,100031.0,2025,4.8566166185,2025,11.200000000000001,2025,0.615262,2025
34041,Warren County,NJ,79.95,2010-2015,22,0.738468528,2020,35.05494308,2019,8.52830566,2022,0.037814688,2018,32.5,2023,10.0,2023,25.0,2023,9.1,2023,98857.0,2025,3.9602339451,2025,10.4,2025,0.5418537,2025
35001,Bernalillo County,NM,78.53669064748202,2010-2015,139,0.883130431,2020,19.41802979,2019,23.60921838,2022,0.011787223,2018,33.0,2023,11.6,2023,23.2,2023,14.0,2023,68286.0,2025,5.1501863879,2025,17.9,2025,1.0616955000000001,2025
35003,Catron County,NM,78.7,2010-2015,1,,,100.0,2019,23.60921838,2022,0.0,2018,31.6,2023,17.7,2023,27.3,2023,10.0,2023,45802.0,2025,4.5963050504,2025,34.1,2025,,
35005,Chaves County,NM,77.16875,2010-2015,16,0.664492905,2020,28.15223312,2019,23.60921838,2022,0.015458579,2018,39.8,2023,14.3,2023,31.0,2023,20.2,2023,51179.0,2025,5.8227712712,2025,25.1,2025,0.6189172000000001,2025
35006,Cibola County,NM,76.97142857142856,2010-2015,7,0.531228662,2020,39.30725098,2019,23.60921838,2022,0.037388768,2018,39.1,2023,16.6,2023,29.5,2023,16.1,2023,47530.0,2025,5.9763208763,2025,31.0,2025,0.4782225,2025
35007,Colfax County,NM,81.53333333333333,2010-2015,3,0.586903691,2020,28.47649574,2019,23.60921838,2022,0.165152773,2018,31.5,2023,15.5,2023,27.5,2023,15.8,2023,54255.0,2025,3.8417007359,2025,26.200000000000003,2025,0.4042364,2025
35009,Curry County,NM,76.64545454545454,2010-2015,11,0.573852777,2020,32.3706665,2019,23.60921838,2022,0.020227764,2018,39.4,2023,12.0,2023,28.5,2023,17.6,2023,53858.0,2025,4.9253935984,2025,22.3,2025,0.4166753,2025
35011,DeBaca County,NM,76.5,2010-2015,1,,,17.28959084,2019,23.60921838,2022,0.56148231,2018,32.5,2023,15.3,2023,27.7,2023,15.3,2023,48234.0,2025,5.3802232398,2025,30.599999999999998,2025,0.5952381,2025
35013,Dona Ana County,NM,79.48205128205129,2010-2015,39,0.619175434,2020,32.85469437,2019,23.60921838,2022,0.022986181,2018,35.9,2023,13.7,2023,27.7,2023,19.7,2023,56233.0,2025,5.4797758285,2025,24.2,2025,0.6184878,2025
35015,Eddy County,NM,75.75,2010-2015,12,0.667602479,2020,30.46512794,2019,23.60921838,2022,0.017271157,2018,39.8,2023,11.6,2023,26.7,2023,16.9,2023,66485.0,2025,5.5643324271,2025,18.9,2025,0.2955131,2025
35017,Grant County,NM,80.25,2010-2015,8,0.592438996,2020,26.57279205,2019,23.60921838,2022,0.073136836,2018,32.8,2023,15.9,2023,28.3,2023,15.7,2023,48454.0,2025,5.3839932936,2025,27.200000000000003,2025,0.6454158000000001,2025
35019,Guadalupe County,NM,84.0,2010-2015,1,,,28.48679352,2019,23.60921838,2022,0.0,2018,36.8,2023,16.5,2023,33.2,2023,24.5,2023,43463.0,2025,5.2612839506,2025,30.2,2025,0.4495392,2025
35023,Hidalgo County,NM,79.75,2010-2015,2,,,34.43521118,2019,23.60921838,2022,0.0,2018,34.5,2023,16.4,2023,31.1,2023,19.6,2023,45343.0,2025,5.0100918813,2025,32.7,2025,0.245459,2025
35025,Lea County,NM,76.94375,2010-2015,16,0.779618561,2020,20.69598007,2019,23.60921838,2022,0.0,2018,37.0,2023,12.0,2023,29.8,2023,21.6,2023,60820.0,2025,5.3485571283,2025,20.0,2025,0.3013534,2025
35027,Lincoln County,NM,81.675,2010-2015,4,0.852600455,2020,38.3944664,2019,23.60921838,2022,0.204540804,2018,30.0,2023,14.4,2023,25.4,2023,12.4,2023,59386.0,2025,4.9945044795,2025,28.1,2025,0.6361323,2025
35028,Los Alamos County,NM,83.16666666666667,2010-2015,3,0.822114885,2020,44.5509758,2019,23.60921838,2022,0.052353282,2018,25.4,2023,8.0,2023,13.5,2023,5.7,2023,146208.0,2025,3.1989568911,2025,3.4000000000000004,2025,1.5519917,2025
35029,Luna County,NM,76.76666666666667,2010-2015,6,0.75298053,2020,37.4185524,2019,23.60921838,2022,0.041731004,2018,35.7,2023,17.7,2023,35.7,2023,25.8,2023,38641.0,2025,4.0796580838,2025,37.6,2025,0.1566661,2025
35031,McKinley County,NM,76.075,2010-2015,16,0.762453377,2020,54.69831085,2019,23.60921838,2022,0.027666343,2018,41.3,2023,19.0,2023,32.1,2023,15.1,2023,41427.0,2025,7.5129341033,2025,41.8,2025,0.821956,2025
35033,Mora County,NM,77.7,2010-2015,1,,,99.99931335,2019,23.60921838,2022,0.221926317,2018,33.1,2023,18.5,2023,30.6,2023,19.4,2023,45685.0,2025,4.8637468179,2025,27.6,2025,,
35035,Otero County,NM,77.43076923076923,2010-2015,13,0.456103683,2020,23.91879654,2019,23.60921838,2022,0.089845911,2018,37.1,2023,12.7,2023,24.6,2023,15.7,2023,51298.0,2025,4.2742961297,2025,30.8,2025,0.4523104,2025
35037,Quay County,NM,75.89999999999999,2010-2015,3,0.853970945,2020,38.03369141,2019,23.60921838,2022,0.121168062,2018,37.6,2023,17.2,2023,31.6,2023,17.5,2023,43312.0,2025,6.5996163138,2025,32.7,2025,0.11552680000000001,2025
35039,Rio Arriba County,NM,79.25,2010-2015,8,0.623036802,2020,38.16836929,2019,23.60921838,2022,0.076911241,2018,39.9,2023,17.2,2023,30.8,2023,19.3,2023,51703.0,2025,5.82873702,2025,27.1,2025,0.4977725,2025
35041,Roosevelt County,NM,78.3,2010-2015,5,0.599455059,2020,31.61528206,2019,23.60921838,2022,0.05335325,2018,32.6,2023,11.5,2023,26.9,2023,16.2,2023,51111.0,2025,5.4765995106,2025,26.1,2025,0.420632,2025
35043,Sandoval County,NM,79.3076923076923,2010-2015,26,0.496964484,2020,53.10556793,2019,23.60921838,2022,0.048216339,2018,32.6,2023,11.8,2023,22.1,2023,12.3,2023,81557.0,2025,3.8082913306,2025,16.0,2025,0.6606373000000001,2025
35045,San Juan County,NM,78.39090909090909,2010-2015,33,0.875827193,2020,39.11338425,2019,23.60921838,2022,0.023991747,2018,35.1,2023,14.5,2023,26.5,2023,12.9,2023,57296.0,2025,4.8888593223,2025,26.3,2025,0.5289562,2025
35047,San Miguel County,NM,77.77142857142857,2010-2015,7,0.699970543,2020,45.40672684,2019,23.60921838,2022,0.072487406,2018,37.3,2023,17.1,2023,31.7,2023,20.1,2023,46318.0,2025,6.5648796148,2025,30.0,2025,0.4788214,2025
35049,Santa Fe County,NM,80.49111111111111,2010-2015,45,0.730522692,2020,30.20224571,2019,23.60921838,2022,0.033320893,2018,25.6,2023,12.6,2023,21.4,2023,13.1,2023,78366.0,2025,4.9814345168,2025,18.8,2025,1.1017970000000001,2025
35051,Sierra County,NM,75.525,2010-2015,4,0.644152045,2020,29.21414757,2019,23.60921838,2022,0.091174327,2018,36.8,2023,18.2,2023,30.9,2023,14.7,2023,40498.0,2025,5.1667204128,2025,35.4,2025,0.434707,2025
35053,Socorro County,NM,77.35,2010-2015,4,0.483646691,2020,50.15951157,2019,23.60921838,2022,0.11951001,2018,36.2,2023,15.7,2023,30.9,2023,18.0,2023,46070.0,2025,6.8489311164,2025,32.4,2025,0.4291582,2025
35055,Taos County,NM,81.41666666666667,2010-2015,6,0.889761627,2020,28.21139526,2019,23.60921838,2022,0.121821225,2018,27.9,2023,15.2,2023,25.2,2023,13.8,2023,53935.0,2025,6.5230455686,2025,23.1,2025,0.866476,2025
35057,Torrance County,NM,81.325,2010-2015,4,0.387446731,2020,40.66382599,2019,23.60921838,2022,0.064139567,2018,34.5,2023,16.5,2023,30.7,2023,17.8,2023,44780.0,2025,4.227978797,2025,32.300000000000004,2025,0.0653296,2025
35059,Union County,NM,78.5,2010-2015,1,1.490312934,2020,26.81342697,2019,23.60921838,2022,0.242836326,2018,34.3,2023,14.7,2023,28.2,2023,17.0,2023,45458.0,2025,4.8882162828,2025,25.4,2025,0.2434867,2025
35061,Valencia County,NM,77.61764705882354,2010-2015,17,0.567200363,2020,58.79921341,2019,23.60921838,2022,0.026158836,2018,35.4,2023,14.6,2023,29.0,2023,18.6,2023,56785.0,2025,4.4716995682,2025,23.9,2025,0.2979661,2025
36001,Albany County,NY,79.4820895522388,2010-2015,67,1.10652256,2020,31.40259743,2019,14.61834592,2022,0.05209741,2018,29.8,2023,9.2,2023,21.2,2023,5.5,2023,81193.0,2025,4.6358145944,2025,14.6,2025,0.9625712999999999,2025
36003,Allegany County,NY,81.26666666666667,2010-2015,12,0.39484942,2020,3.880245447,2019,14.61834592,2022,0.129226789,2018,34.4,2023,11.1,2023,25.5,2023,6.0,2023,57488.0,2025,4.424328422,2025,17.2,2025,0.34702639999999996,2025
36007,Broome County,NY,79.32244897959184,2010-2015,49,0.791891038,2020,16.36899757,2019,14.61834592,2022,0.041740801,2018,33.1,2023,10.9,2023,24.4,2023,6.4,2023,63590.0,2025,5.0979134563,2025,19.8,2025,0.7858447,2025
36009,Cattaraugus County,NY,79.39999999999999,2010-2015,19,0.645901144,2020,7.871064186,2019,14.61834592,2022,0.052056219,2018,35.7,2023,12.1,2023,28.4,2023,6.6,2023,55944.0,2025,4.8234150136,2025,25.5,2025,0.4317902,2025
36011,Cayuga County,NY,80.92631578947368,2010-2015,19,0.618185163,2020,3.304559946,2019,14.61834592,2022,0.07777562,2018,35.7,2023,11.8,2023,28.1,2023,6.6,2023,66431.0,2025,4.6472783379,2025,17.7,2025,0.2899315,2025
36013,Chautauqua County,NY,78.8529411764706,2010-2015,34,0.745842338,2020,14.42107487,2019,14.61834592,2022,0.062529802,2018,36.3,2023,12.6,2023,27.8,2023,7.3,2023,56040.0,2025,4.8477991188,2025,23.400000000000002,2025,0.63088,2025
36015,Chemung County,NY,77.56666666666668,2010-2015,21,0.593062401,2020,24.90143013,2019,14.61834592,2022,0.047475491,2018,30.7,2023,11.5,2023,26.5,2023,6.4,2023,60456.0,2025,4.5677210667,2025,22.3,2025,0.7827082,2025
36017,Chenango County,NY,80.56666666666666,2010-2015,12,0.534988225,2020,4.061108589,2019,14.61834592,2022,0.105183437,2018,36.3,2023,12.3,2023,27.8,2023,6.4,2023,57407.0,2025,4.1708017665,2025,18.7,2025,0.3008359,2025
36019,Clinton County,NY,79.6375,2010-2015,16,0.68941313,2020,9.279558182,2019,14.61834592,2022,0.074354053,2018,33.2,2023,10.7,2023,26.7,2023,6.3,2023,64282.0,2025,4.8719408726,2025,15.8,2025,0.8040605,2025
36021,Columbia County,NY,81.765,2010-2015,20,0.755870581,2020,16.74766731,2019,14.61834592,2022,0.13352026,2018,30.8,2023,11.8,2023,24.6,2023,5.7,2023,73112.0,2025,4.923698069,2025,17.5,2025,0.4046748,2025
36023,Cortland County,NY,80.24545454545455,2010-2015,11,0.805545568,2020,17.63157845,2019,14.61834592,2022,0.08364176,2018,30.5,2023,9.3,2023,23.8,2023,5.8,2023,63890.0,2025,4.2927219499,2025,16.5,2025,0.3670834,2025
36025,Delaware County,NY,81.43846153846154,2010-2015,13,0.523464859,2020,11.44576931,2019,14.61834592,2022,0.179666266,2018,32.8,2023,12.5,2023,28.6,2023,6.5,2023,56163.0,2025,4.7715339467,2025,21.5,2025,0.3830727,2025
36027,Dutchess County,NY,80.55675675675676,2010-2015,74,0.886485517,2020,35.86144638,2019,14.61834592,2022,0.054474019,2018,28.2,2023,9.9,2023,21.6,2023,6.5,2023,96374.0,2025,4.5868596068,2025,8.799999999999999,2025,0.7101698999999999,2025
36029,Erie County,NY,77.66696832579186,2010-2015,221,0.829662025,2020,20.90292358,2019,14.61834592,2022,0.026094927,2018,32.8,2023,10.8,2023,24.8,2023,5.9,2023,70443.0,2025,5.0336885774,2025,17.9,2025,0.7321052,2025
36031,Essex County,NY,81.03846153846153,2010-2015,13,0.758992732,2020,2.862895489,2019,14.61834592,2022,0.268096507,2018,34.8,2023,11.8,2023,25.8,2023,5.8,2023,70902.0,2025,4.4263165103,2025,16.5,2025,0.5098208,2025
36033,Franklin County,NY,79.28571428571429,2010-2015,14,0.640448332,2020,20.72543526,2019,14.61834592,2022,0.139184386,2018,40.7,2023,12.2,2023,28.9,2023,6.9,2023,63624.0,2025,4.4733206566,2025,18.5,2025,0.5268038,2025
36035,Fulton County,NY,79.52666666666667,2010-2015,15,0.738468528,2020,12.5445919,2019,14.61834592,2022,0.05597955,2018,35.8,2023,12.1,2023,28.5,2023,6.7,2023,63409.0,2025,4.2535433649,2025,20.200000000000003,2025,0.3200542,2025
36037,Genesee County,NY,79.81428571428572,2010-2015,14,0.614099741,2020,9.766950607,2019,14.61834592,2022,0.069551915,2018,30.2,2023,10.7,2023,24.8,2023,5.9,2023,71749.0,2025,4.0302156508,2025,14.099999999999998,2025,0.3111334,2025
36039,Greene County,NY,80.39285714285714,2010-2015,14,0.657099843,2020,11.70697117,2019,14.61834592,2022,0.084226482,2018,34.4,2023,11.7,2023,26.2,2023,6.6,2023,70789.0,2025,5.1061813331,2025,18.8,2025,0.28866569999999997,2025
36041,Hamilton County,NY,79.25,2010-2015,4,1.150748014,2020,53.34661102,2019,14.61834592,2022,0.451059997,2018,31.0,2023,13.4,2023,27.0,2023,5.4,2023,68529.0,2025,3.929215005,2025,13.900000000000002,2025,0.39070130000000003,2025
36043,Herkimer County,NY,79.58421052631579,2010-2015,19,0.623512983,2020,12.39382076,2019,14.61834592,2022,0.080862969,2018,37.0,2023,11.3,2023,28.1,2023,5.9,2023,63771.0,2025,4.4266613378,2025,16.6,2025,0.26694700000000005,2025
36045,Jefferson County,NY,80.05909090909091,2010-2015,22,0.730838597,2020,15.23918629,2019,14.61834592,2022,0.143170327,2018,37.8,2023,10.0,2023,25.4,2023,7.2,2023,61664.0,2025,4.0462615901,2025,18.8,2025,0.5073305,2025
36049,Lewis County,NY,84.74285714285715,2010-2015,7,0.420055747,2020,13.56959057,2019,14.61834592,2022,0.151245892,2018,40.9,2023,11.8,2023,27.8,2023,6.2,2023,64941.0,2025,3.9756326777,2025,15.299999999999999,2025,0.6773793,2025
36051,Livingston County,NY,81.16153846153846,2010-2015,13,0.737203121,2020,17.98459435,2019,14.61834592,2022,0.110712193,2018,30.8,2023,10.1,2023,23.1,2023,5.7,2023,70185.0,2025,4.0904942285,2025,12.2,2025,0.4547079,2025
36053,Madison County,NY,81.89999999999999,2010-2015,6,0.624308288,2020,16.78334618,2019,14.61834592,2022,0.11300233,2018,36.4,2023,10.3,2023,22.7,2023,5.3,2023,73680.0,2025,4.4876317214,2025,13.0,2025,0.7390109,2025
36055,Monroe County,NY,79.30113636363636,2010-2015,176,0.767984867,2020,33.90509796,2019,14.61834592,2022,0.039058607,2018,31.4,2023,11.2,2023,25.4,2023,6.0,2023,73263.0,2025,4.8620176077,2025,17.7,2025,1.0739446000000001,2025
36057,Montgomery County,NY,79.32666666666667,2010-2015,15,0.69147855,2020,37.94712067,2019,14.61834592,2022,0.141542822,2018,38.8,2023,11.5,2023,27.7,2023,8.3,2023,61463.0,2025,4.8103125622,2025,22.8,2025,0.5246377999999999,2025
36059,Nassau County,NY,82.36617100371747,2010-2015,269,1.024913192,2020,5.554959297,2019,14.61834592,2022,0.017668586,2018,28.4,2023,10.1,2023,23.2,2023,6.0,2023,140466.0,2025,,,6.3,2025,1.3631393,2025
36063,Niagara County,NY,77.13620689655171,2010-2015,58,0.748574853,2020,19.84074402,2019,14.61834592,2022,0.038016852,2018,39.5,2023,11.3,2023,26.3,2023,5.8,2023,65932.0,2025,4.8000359518,2025,20.0,2025,0.3827019,2025
36065,Oneida County,NY,78.7578125,2010-2015,64,0.690577328,2020,18.24695396,2019,14.61834592,2022,0.078405067,2018,36.1,2023,11.5,2023,28.1,2023,6.7,2023,61566.0,2025,4.5691405841,2025,19.6,2025,0.7035097,2025
36067,Onondaga County,NY,79.40153846153846,2010-2015,130,0.857987761,2020,26.73101807,2019,14.61834592,2022,0.032480963,2018,36.9,2023,10.9,2023,23.1,2023,5.8,2023,74388.0,2025,4.9595945991,2025,19.2,2025,0.9234293,2025
36069,Ontario County,NY,80.244,2010-2015,25,0.753921747,2020,9.89011097,2019,14.61834592,2022,0.072817303,2018,30.7,2023,10.5,2023,22.0,2023,5.4,2023,79364.0,2025,4.0486299144,2025,10.100000000000001,2025,0.8266079000000001,2025
36071,Orange County,NY,80.21866666666666,2010-2015,75,0.789130747,2020,33.80535889,2019,14.61834592,2022,0.041890189,2018,32.2,2023,11.2,2023,26.0,2023,8.6,2023,93492.0,2025,4.7906767077,2025,19.1,2025,0.6674495,2025
36073,Orleans County,NY,78.26,2010-2015,10,0.350192606,2020,9.242123604,2019,14.61834592,2022,0.049246527,2018,32.9,2023,11.7,2023,28.3,2023,7.2,2023,65156.0,2025,4.3816477312,2025,15.2,2025,0.0746436,2025
36075,Oswego County,NY,79.65714285714286,2010-2015,28,0.653223991,2020,7.887203217,2019,14.61834592,2022,0.042409539,2018,36.4,2023,11.2,2023,28.5,2023,6.4,2023,68613.0,2025,4.5788956021,2025,18.8,2025,0.4003851,2025
36077,Otsego County,NY,81.07333333333332,2010-2015,15,0.562170982,2020,34.20439911,2019,14.61834592,2022,0.13389346,2018,29.9,2023,10.2,2023,24.2,2023,5.9,2023,63863.0,2025,4.3298829883,2025,18.6,2025,1.3763914,2025
36079,Putnam County,NY,81.8529411764706,2010-2015,17,0.751025021,2020,53.55994415,2019,14.61834592,2022,0.030336125,2018,27.5,2023,9.7,2023,21.6,2023,6.3,2023,120930.0,2025,4.1523153824,2025,7.1,2025,0.530959,2025
36083,Rensselaer County,NY,79.05121951219512,2010-2015,41,0.765299678,2020,23.62350082,2019,14.61834592,2022,0.062718734,2018,31.5,2023,9.9,2023,23.2,2023,5.7,2023,82846.0,2025,4.6197471614,2025,16.3,2025,0.4805532,2025
36087,Rockland County,NY,82.3125,2010-2015,64,0.827649653,2020,27.64845657,2019,14.61834592,2022,0.024562858,2018,30.5,2023,11.3,2023,27.2,2023,8.2,2023,105923.0,2025,5.4183212445,2025,23.1,2025,0.848989,2025
36089,St. Lawrence County,NY,81.08,2010-2015,25,0.494472176,2020,16.42942238,2019,14.61834592,2022,0.129573241,2018,41.8,2023,11.9,2023,28.0,2023,6.5,2023,57832.0,2025,5.4625459765,2025,21.4,2025,0.5460384,2025
36091,Saratoga County,NY,81.69166666666666,2010-2015,48,0.703436434,2020,24.36357689,2019,14.61834592,2022,0.052136965,2018,33.1,2023,9.6,2023,19.8,2023,4.7,2023,94394.0,2025,4.1608415338,2025,8.3,2025,0.6951495,2025
36093,Schenectady County,NY,78.84186046511627,2010-2015,43,0.740225792,2020,18.82271385,2019,14.61834592,2022,0.025748311,2018,34.3,2023,10.2,2023,22.6,2023,6.2,2023,74791.0,2025,4.3947831796,2025,18.7,2025,0.7970193999999999,2025
36095,Schoharie County,NY,81.91428571428571,2010-2015,7,0.353334188,2020,6.876482964,2019,14.61834592,2022,0.128629774,2018,32.4,2023,11.3,2023,25.3,2023,5.9,2023,63768.0,2025,4.2128650432,2025,16.5,2025,0.3013763,2025
36097,Schuyler County,NY,81.14,2010-2015,5,0.508905828,2020,0.816811085,2019,14.61834592,2022,0.223313972,2018,31.7,2023,12.4,2023,26.2,2023,6.0,2023,65210.0,2025,4.8935147498,2025,18.9,2025,0.6196485,2025
36099,Seneca County,NY,80.65,2010-2015,10,0.706069231,2020,6.570611,2019,14.61834592,2022,0.116618074,2018,34.7,2023,11.6,2023,28.4,2023,7.2,2023,58581.0,2025,4.1509923242,2025,21.0,2025,0.2671574,2025
36101,Steuben County,NY,79.78620689655173,2010-2015,29,0.570480764,2020,14.14418221,2019,14.61834592,2022,0.062633097,2018,34.8,2023,11.5,2023,26.2,2023,5.9,2023,64261.0,2025,4.4849927697,2025,19.1,2025,0.5594526,2025
36103,Suffolk County,NY,80.68045602605864,2010-2015,307,0.944194198,2020,28.50735474,2019,14.61834592,2022,0.015529072,2018,29.7,2023,10.0,2023,24.1,2023,7.2,2023,123219.0,2025,4.1977385699,2025,8.6,2025,0.7128144,2025
36105,Sullivan County,NY,79.99565217391304,2010-2015,23,0.804728091,2020,4.648905754,2019,14.61834592,2022,0.105963074,2018,31.9,2023,12.1,2023,28.7,2023,8.5,2023,68063.0,2025,5.1430587405,2025,20.599999999999998,2025,0.32579,2025
36107,Tioga County,NY,80.55,2010-2015,10,0.459251851,2020,8.309746742,2019,14.61834592,2022,0.061779242,2018,30.5,2023,11.3,2023,26.1,2023,5.8,2023,67616.0,2025,4.3193402349,2025,18.0,2025,0.2709462,2025
36109,Tompkins County,NY,81.31176470588235,2010-2015,17,0.692671537,2020,15.15502834,2019,14.61834592,2022,0.058369733,2018,24.6,2023,7.6,2023,17.9,2023,4.7,2023,68222.0,2025,5.6186738053,2025,12.5,2025,0.7987676,2025
36111,Ulster County,NY,80.21707317073171,2010-2015,41,0.821535468,2020,23.35189056,2019,14.61834592,2022,0.078387894,2018,30.5,2023,10.9,2023,24.1,2023,6.5,2023,84593.0,2025,5.2266339505,2025,13.0,2025,0.5957878999999999,2025
36113,Warren County,NY,79.66111111111111,2010-2015,18,0.988142312,2020,31.80028915,2019,14.61834592,2022,0.108923987,2018,31.0,2023,11.2,2023,23.5,2023,5.3,2023,73115.0,2025,4.6421444066,2025,15.0,2025,1.1124996,2025
36115,Washington County,NY,81.43529411764706,2010-2015,17,0.610500634,2020,7.454498291,2019,14.61834592,2022,0.114384688,2018,31.4,2023,11.2,2023,26.7,2023,6.2,2023,71396.0,2025,3.909221902,2025,15.5,2025,0.3609161,2025
36117,Wayne County,NY,80.11428571428571,2010-2015,21,0.749952435,2020,6.118927479,2019,14.61834592,2022,0.066619292,2018,37.4,2023,11.2,2023,26.0,2023,6.2,2023,73028.0,2025,4.2418888532,2025,14.299999999999999,2025,0.2309647,2025
36119,Westchester County,NY,82.36875,2010-2015,208,0.824185491,2020,14.04479885,2019,14.61834592,2022,0.035138052,2018,26.0,2023,10.5,2023,22.0,2023,7.5,2023,114020.0,2025,,,11.1,2025,1.3157697000000002,2025
36121,Wyoming County,NY,79.37272727272727,2010-2015,11,0.608133793,2020,21.70919418,2019,14.61834592,2022,0.099787951,2018,35.6,2023,11.2,2023,26.1,2023,7.0,2023,70775.0,2025,3.8734460076,2025,13.200000000000001,2025,0.3457558,2025
36123,Yates County,NY,80.58,2010-2015,5,0.403551251,2020,0.594209492,2019,14.61834592,2022,0.120768085,2018,33.9,2023,11.6,2023,26.6,2023,6.8,2023,66155.0,2025,4.2543847814,2025,18.3,2025,0.4875472,2025
37001,Alamance County,NC,77.94,2010-2015,35,0.747026503,2020,24.99435997,2019,13.89383822,2022,0.024033261,2018,38.5,2023,12.2,2023,24.4,2023,11.7,2023,66395.0,2025,4.3171938505,2025,16.0,2025,0.3853299,2025
37003,Alexander County,NC,77.17142857142858,2010-2015,7,0.400630325,2020,20.40504646,2019,13.89383822,2022,0.026771611,2018,36.5,2023,12.7,2023,26.3,2023,11.1,2023,62976.0,2025,3.8472704757,2025,17.4,2025,0.1910272,2025
37005,Alleghany County,NC,79.03333333333333,2010-2015,3,0.625334978,2020,4.276329994,2019,13.89383822,2022,0.089597709,2018,36.5,2023,16.0,2023,29.6,2023,12.4,2023,46571.0,2025,4.3874273187,2025,24.5,2025,0.9955651999999999,2025
37007,Anson County,NC,75.71666666666665,2010-2015,6,0.705482006,2020,8.414905548,2019,13.89383822,2022,0.08039555,2018,43.3,2023,17.2,2023,33.1,2023,14.0,2023,50503.0,2025,4.6597134429,2025,33.0,2025,0.4533092,2025
37009,Ashe County,NC,77.48333333333333,2010-2015,6,0.625782251,2020,22.15604019,2019,13.89383822,2022,0.036888119,2018,36.2,2023,14.0,2023,26.3,2023,10.2,2023,54589.0,2025,4.3057689025,2025,22.0,2025,0.4866909,2025
37011,Avery County,NC,79.16,2010-2015,5,0.682943463,2020,0.301313251,2019,13.89383822,2022,0.057126537,2018,37.1,2023,12.9,2023,25.4,2023,10.8,2023,55922.0,2025,4.7146460786,2025,22.1,2025,0.223914,2025
37013,Beaufort County,NC,75.49090909090908,2010-2015,11,0.807256818,2020,20.74079895,2019,13.89383822,2022,0.021240894,2018,36.8,2023,15.6,2023,28.3,2023,10.9,2023,55960.0,2025,5.1506526951,2025,30.5,2025,0.5172259,2025
37015,Bertie County,NC,77.0,2010-2015,4,0.42753312,2020,45.94849014,2019,13.89383822,2022,0.0,2018,43.0,2023,19.3,2023,34.2,2023,13.2,2023,44371.0,2025,5.2912664731,2025,33.5,2025,0.28563269999999996,2025
37017,Bladen County,NC,76.85000000000001,2010-2015,6,0.729239464,2020,14.38751698,2019,13.89383822,2022,0.0,2018,41.3,2023,16.6,2023,31.3,2023,12.0,2023,49661.0,2025,6.1479119397,2025,29.099999999999998,2025,0.2370872,2025
37019,Brunswick County,NC,77.12083333333334,2010-2015,24,0.751481175,2020,28.02647972,2019,13.89383822,2022,0.014625871,2018,32.8,2023,13.5,2023,22.5,2023,7.9,2023,76797.0,2025,3.9159118485,2025,16.8,2025,0.43684779999999995,2025
37021,Buncombe County,NC,77.93207547169811,2010-2015,53,1.001984954,2020,29.42600441,2019,13.89383822,2022,0.065610975,2018,31.3,2023,10.9,2023,20.3,2023,9.0,2023,71218.0,2025,4.5837174598,2025,16.400000000000002,2025,1.406822,2025
37023,Burke County,NC,76.74705882352941,2010-2015,17,0.696763933,2020,24.90929031,2019,13.89383822,2022,0.033192448,2018,36.8,2023,13.8,2023,28.4,2023,11.6,2023,55616.0,2025,4.5535655468,2025,24.4,2025,0.6277751,2025
37025,Cabarrus County,NC,77.3027027027027,2010-2015,37,0.835293651,2020,31.66428757,2019,13.89383822,2022,0.023658335,2018,33.3,2023,10.8,2023,21.7,2023,9.9,2023,85540.0,2025,4.2368651263,2025,12.4,2025,0.7912555,2025
37027,Caldwell County,NC,75.85625,2010-2015,16,0.730816066,2020,35.098526,2019,13.89383822,2022,0.03657243,2018,33.4,2023,13.2,2023,27.3,2023,11.3,2023,56239.0,2025,4.4030418251,2025,18.099999999999998,2025,0.4971229,2025
37029,Camden County,NC,81.05,2010-2015,2,0.273124546,2020,3.623453617,2019,13.89383822,2022,0.0,2018,35.2,2023,10.7,2023,21.2,2023,8.2,2023,84656.0,2025,3.476926765,2025,8.5,2025,0.184587,2025
37031,Carteret County,NC,78.071875,2010-2015,32,0.948848426,2020,33.18582916,2019,13.89383822,2022,0.028767044,2018,34.0,2023,12.5,2023,22.1,2023,8.0,2023,76397.0,2025,4.6667469051,2025,14.399999999999999,2025,0.6127719,2025
37033,Caswell County,NC,75.71666666666667,2010-2015,6,0.356458575,2020,8.656970024,2019,13.89383822,2022,0.044056743,2018,39.3,2023,15.5,2023,28.9,2023,11.8,2023,57865.0,2025,4.8294125615,2025,23.3,2025,0.2201286,2025
37035,Catawba County,NC,75.94333333333334,2010-2015,30,0.854610205,2020,28.24795151,2019,13.89383822,2022,0.044121727,2018,37.4,2023,12.1,2023,24.3,2023,10.9,2023,65898.0,2025,4.2779578324,2025,15.6,2025,0.6368914999999999,2025
37037,Chatham County,NC,82.09166666666667,2010-2015,12,0.58087343,2020,11.23697281,2019,13.89383822,2022,0.054690383,2018,30.1,2023,12.9,2023,22.5,2023,9.3,2023,95716.0,2025,5.2364624478,2025,11.700000000000001,2025,0.9372312,2025
37039,Cherokee County,NC,76.17142857142858,2010-2015,7,0.756715834,2020,8.741196632,2019,13.89383822,2022,0.070464715,2018,34.8,2023,15.2,2023,27.1,2023,9.2,2023,53926.0,2025,4.1197899838,2025,24.5,2025,0.4114239,2025
37041,Chowan County,NC,77.3,2010-2015,3,0.796235979,2020,35.099823,2019,13.89383822,2022,0.071280919,2018,40.4,2023,17.0,2023,30.2,2023,11.2,2023,60808.0,2025,4.9034722222,2025,24.6,2025,0.7287567,2025
37043,Clay County,NC,78.19999999999999,2010-2015,2,0.260756195,2020,3.236461878,2019,13.89383822,2022,0.089774668,2018,35.3,2023,14.3,2023,25.5,2023,8.5,2023,53229.0,2025,5.8089455388,2025,22.2,2025,0.4421257,2025
37045,Cleveland County,NC,74.56190476190476,2010-2015,21,0.76740545,2020,13.78273106,2019,13.89383822,2022,0.020482359,2018,38.6,2023,13.6,2023,27.5,2023,10.9,2023,61411.0,2025,4.7998380981,2025,26.0,2025,0.4384261,2025
37047,Columbus County,NC,74.16923076923078,2010-2015,13,0.785330772,2020,8.215513229,2019,13.89383822,2022,0.035935674,2018,41.1,2023,15.6,2023,31.1,2023,12.3,2023,50837.0,2025,4.7790830235,2025,30.2,2025,0.39926540000000005,2025
37049,Craven County,NC,76.60526315789474,2010-2015,19,0.898916364,2020,34.35746002,2019,13.89383822,2022,0.01943408,2018,36.9,2023,12.5,2023,24.8,2023,10.2,2023,61761.0,2025,4.3340113628,2025,25.1,2025,0.7449788,2025
37051,Cumberland County,NC,75.09642857142856,2010-2015,56,0.894863904,2020,29.24068069,2019,13.89383822,2022,0.003009057,2018,40.1,2023,12.2,2023,25.3,2023,11.8,2023,61511.0,2025,4.3235955056,2025,22.0,2025,0.7063915,2025
37053,Currituck County,NC,76.10000000000001,2010-2015,6,0.860525966,2020,1.516551495,2019,13.89383822,2022,0.0,2018,34.5,2023,10.7,2023,21.6,2023,8.1,2023,86047.0,2025,3.8926533353,2025,10.5,2025,0.2697872,2025
37055,Dare County,NC,78.75555555555555,2010-2015,9,1.811063409,2020,35.63447189,2019,13.89383822,2022,0.054793019,2018,31.6,2023,11.2,2023,20.2,2023,7.3,2023,79646.0,2025,4.1639159185,2025,13.3,2025,0.5816105,2025
37057,Davidson County,NC,75.946875,2010-2015,32,0.531808019,2020,25.24644661,2019,13.89383822,2022,0.01800569,2018,36.2,2023,12.7,2023,26.5,2023,11.1,2023,63551.0,2025,4.236292195,2025,21.2,2025,0.2812989,2025
37059,Davie County,NC,77.57142857142857,2010-2015,7,0.554451764,2020,31.47609138,2019,13.89383822,2022,0.070203356,2018,33.4,2023,12.1,2023,23.6,2023,9.4,2023,76153.0,2025,3.8535782456,2025,13.900000000000002,2025,0.4134794,2025
37061,Duplin County,NC,79.5,2010-2015,10,0.629315913,2020,11.00034714,2019,13.89383822,2022,0.0,2018,39.4,2023,15.5,2023,29.9,2023,15.8,2023,52947.0,2025,4.4357003257,2025,26.8,2025,0.226734,2025
37063,Durham County,NC,78.52941176470588,2010-2015,51,0.922683954,2020,32.98355103,2019,13.89383822,2022,0.018943042,2018,36.1,2023,10.5,2023,21.6,2023,9.6,2023,81413.0,2025,4.4889165347,2025,15.1,2025,1.1958568,2025
37065,Edgecombe County,NC,76.30714285714285,2010-2015,14,0.49184522,2020,17.57352066,2019,13.89383822,2022,0.01922892,2018,43.7,2023,17.9,2023,33.5,2023,13.0,2023,49972.0,2025,4.9976649154,2025,39.0,2025,0.39289480000000004,2025
37067,Forsyth County,NC,77.14545454545454,2010-2015,88,0.765938163,2020,40.88824844,2019,13.89383822,2022,0.018464833,2018,41.2,2023,12.4,2023,25.2,2023,10.9,2023,65556.0,2025,4.6186132687,2025,23.200000000000003,2025,1.1387129,2025
37069,Franklin County,NC,77.05833333333334,2010-2015,12,0.500981092,2020,4.240715027,2019,13.89383822,2022,0.014801658,2018,38.8,2023,12.8,2023,25.0,2023,11.1,2023,70898.0,2025,4.1830806846,2025,15.0,2025,0.1255178,2025
37071,Gaston County,NC,75.00172413793103,2010-2015,58,0.759153962,2020,33.18917847,2019,13.89383822,2022,0.022437019,2018,36.2,2023,12.3,2023,25.3,2023,10.9,2023,67076.0,2025,4.6921491406,2025,18.5,2025,0.5241363,2025
37073,Gates County,NC,77.56666666666666,2010-2015,3,,,25.92558861,2019,13.89383822,2022,0.0,2018,39.0,2023,15.8,2023,29.2,2023,10.1,2023,64047.0,2025,4.0758988527,2025,19.5,2025,,
37075,Graham County,NC,75.23333333333333,2010-2015,3,0.354024082,2020,2.652107239,2019,13.89383822,2022,0.11786893,2018,35.1,2023,13.1,2023,25.7,2023,9.9,2023,51841.0,2025,4.5561888912,2025,23.3,2025,0.3729952,2025
37077,Granville County,NC,77.82727272727273,2010-2015,11,0.512515306,2020,23.05311394,2019,13.89383822,2022,0.04990435,2018,36.2,2023,13.6,2023,26.5,2023,11.6,2023,72896.0,2025,4.8581583916,2025,15.8,2025,0.5162456,2025
37079,Greene County,NC,77.075,2010-2015,4,0.286697239,2020,0.125812262,2019,13.89383822,2022,0.047591854,2018,42.8,2023,15.9,2023,32.4,2023,16.9,2023,52145.0,2025,4.0283889594,2025,29.7,2025,0.1469364,2025
37081,Guilford County,NC,78.17706422018348,2010-2015,109,0.830680013,2020,24.20009041,2019,13.89383822,2022,0.007495269,2018,38.0,2023,12.2,2023,23.7,2023,10.3,2023,65890.0,2025,4.6303901437,2025,20.599999999999998,2025,0.8075072,2025
37083,Halifax County,NC,75.41818181818182,2010-2015,11,0.949897945,2020,10.80055714,2019,13.89383822,2022,0.019773006,2018,42.6,2023,19.4,2023,35.2,2023,13.6,2023,48520.0,2025,6.0637506414,2025,41.6,2025,0.4764667,2025
37085,Harnett County,NC,76.74,2010-2015,25,0.612879217,2020,17.92393875,2019,13.89383822,2022,0.022352362,2018,36.9,2023,11.8,2023,25.9,2023,12.1,2023,70074.0,2025,4.3032535083,2025,18.3,2025,0.2721269,2025
37087,Haywood County,NC,77.10714285714286,2010-2015,14,0.746363461,2020,9.498391151,2019,13.89383822,2022,0.064546317,2018,33.3,2023,12.4,2023,23.9,2023,9.0,2023,64553.0,2025,4.404026698,2025,17.299999999999997,2025,0.6882642999999999,2025
37089,Henderson County,NC,79.35000000000001,2010-2015,22,0.565663397,2020,25.74621773,2019,13.89383822,2022,0.03426183,2018,30.3,2023,12.5,2023,23.2,2023,9.9,2023,63765.0,2025,4.195447207,2025,15.5,2025,0.8730709,2025
37091,Hertford County,NC,76.17999999999999,2010-2015,5,0.908776164,2020,22.41112137,2019,13.89383822,2022,0.0,2018,42.5,2023,18.9,2023,33.2,2023,12.9,2023,48964.0,2025,4.8069800224,2025,32.0,2025,0.6109597,2025
37093,Hoke County,NC,76.65,2010-2015,8,0.286584288,2020,18.18270111,2019,13.89383822,2022,0.018260172,2018,38.5,2023,13.3,2023,28.0,2023,13.0,2023,60257.0,2025,5.0625721133,2025,24.3,2025,0.2071017,2025
37095,Hyde County,NC,78.7,2010-2015,1,,,60.47061157,2019,13.89383822,2022,0.0,2018,41.0,2023,17.0,2023,31.5,2023,13.7,2023,49781.0,2025,3.5433249035,2025,31.2,2025,0.2218279,2025
37097,Iredell County,NC,76.965,2010-2015,40,0.775152087,2020,22.22760391,2019,13.89383822,2022,0.044834252,2018,32.8,2023,10.7,2023,21.6,2023,9.1,2023,84335.0,2025,4.2127203364,2025,11.899999999999999,2025,0.6771962,2025
37099,Jackson County,NC,78.30000000000001,2010-2015,9,0.658596933,2020,6.02341938,2019,13.89383822,2022,0.092321187,2018,34.5,2023,12.1,2023,24.2,2023,9.8,2023,55462.0,2025,4.7229921983,2025,21.3,2025,0.7141212,2025
37101,Johnston County,NC,77.16250000000001,2010-2015,24,0.596542835,2020,12.45061779,2019,13.89383822,2022,0.014802023,2018,35.1,2023,11.6,2023,23.6,2023,11.4,2023,79666.0,2025,4.2844518749,2025,14.099999999999998,2025,0.2693109,2025
37103,Jones County,NC,77.10000000000001,2010-2015,3,,,0.175716534,2019,13.89383822,2022,0.0,2018,40.0,2023,17.0,2023,30.9,2023,11.8,2023,53001.0,2025,4.654438599,2025,30.3,2025,0.6482982,2025
37105,Lee County,NC,75.94615384615385,2010-2015,13,0.753772855,2020,22.99479675,2019,13.89383822,2022,0.0,2018,37.8,2023,13.5,2023,27.4,2023,13.8,2023,62680.0,2025,4.3254835997,2025,22.900000000000002,2025,0.5145156,2025
37107,Lenoir County,NC,74.28571428571429,2010-2015,14,0.879396975,2020,31.29149437,2019,13.89383822,2022,0.017864799,2018,42.4,2023,17.8,2023,34.2,2023,13.9,2023,51601.0,2025,5.0389372916,2025,32.0,2025,0.5666654,2025
37109,Lincoln County,NC,77.27222222222223,2010-2015,18,0.681067467,2020,25.27218056,2019,13.89383822,2022,0.035812344,2018,35.0,2023,11.5,2023,22.9,2023,9.4,2023,79109.0,2025,4.6036408138,2025,13.200000000000001,2025,0.4349281,2025
37111,McDowell County,NC,76.64,2010-2015,10,0.698964655,2020,2.787841797,2019,13.89383822,2022,0.021974642,2018,35.2,2023,13.0,2023,26.3,2023,11.2,2023,53697.0,2025,4.0766046365,2025,20.1,2025,0.3354429,2025
37113,Macon County,NC,78.04444444444444,2010-2015,9,0.69456023,2020,8.00935173,2019,13.89383822,2022,0.028340654,2018,35.3,2023,14.2,2023,27.0,2023,10.4,2023,58765.0,2025,4.8224413743,2025,20.5,2025,0.5590459,2025
37115,Madison County,NC,78.66666666666667,2010-2015,6,0.643974245,2020,13.1020155,2019,13.89383822,2022,0.137848645,2018,34.6,2023,11.6,2023,23.0,2023,8.8,2023,59505.0,2025,4.8495917852,2025,20.0,2025,0.5580875999999999,2025
37117,Martin County,NC,77.08,2010-2015,5,0.946884274,2020,9.465067863,2019,13.89383822,2022,0.088218428,2018,40.4,2023,17.8,2023,31.2,2023,11.8,2023,49033.0,2025,4.544252845,2025,30.8,2025,0.413717,2025
37119,Mecklenburg County,NC,78.51632653061225,2010-2015,196,0.828206837,2020,21.30596161,2019,13.89383822,2022,0.014626552,2018,29.7,2023,10.1,2023,20.9,2023,10.1,2023,84796.0,2025,4.4408691801,2025,14.2,2025,0.9275793,2025
37121,Mitchell County,NC,77.43333333333334,2010-2015,3,0.671997845,2020,6.514845371,2019,13.89383822,2022,0.13333334,2018,37.2,2023,12.8,2023,24.9,2023,9.3,2023,56746.0,2025,5.0520108001,2025,19.8,2025,0.46782060000000003,2025
37123,Montgomery County,NC,76.10000000000001,2010-2015,6,0.770981729,2020,16.95298958,2019,13.89383822,2022,0.07333798,2018,38.7,2023,15.1,2023,28.9,2023,13.5,2023,55005.0,2025,4.4934880722,2025,21.2,2025,0.2713389,2025
37125,Moore County,NC,80.76875,2010-2015,16,0.715999663,2020,26.81064034,2019,13.89383822,2022,0.03040068,2018,32.6,2023,11.5,2023,21.0,2023,8.4,2023,78955.0,2025,4.218961234,2025,12.6,2025,1.1093487,2025
37127,Nash County,NC,76.37222222222222,2010-2015,18,0.737937331,2020,17.74091148,2019,13.89383822,2022,0.010636487,2018,38.4,2023,15.0,2023,28.9,2023,11.6,2023,65457.0,2025,4.4227362956,2025,21.3,2025,0.5043288,2025
37129,New Hanover County,NC,77.83783783783784,2010-2015,37,0.94669354,2020,28.69141388,2019,13.89383822,2022,0.017221041,2018,31.1,2023,10.6,2023,20.9,2023,8.4,2023,79106.0,2025,4.7257904028,2025,15.5,2025,0.921325,2025
37131,Northampton County,NC,76.96,2010-2015,5,0.314333618,2020,1.159337044,2019,13.89383822,2022,0.0,2018,42.7,2023,20.3,2023,33.6,2023,11.7,2023,44182.0,2025,6.5976814337,2025,31.8,2025,0.116761,2025
37133,Onslow County,NC,77.008,2010-2015,25,0.794339597,2020,38.93157959,2019,13.89383822,2022,0.015175812,2018,33.4,2023,8.6,2023,20.9,2023,11.7,2023,66982.0,2025,3.8325182577,2025,16.2,2025,0.3104385,2025
37135,Orange County,NC,79.85000000000001,2010-2015,22,0.650670469,2020,8.682192802,2019,13.89383822,2022,0.041088291,2018,28.0,2023,9.3,2023,18.1,2023,7.5,2023,86736.0,2025,5.7702391031,2025,8.200000000000001,2025,1.820209,2025
37137,Pamlico County,NC,79.575,2010-2015,4,0.707825422,2020,5.911385536,2019,13.89383822,2022,0.078926601,2018,36.0,2023,15.2,2023,26.5,2023,9.6,2023,61996.0,2025,5.5233270901,2025,25.4,2025,0.3240441,2025
37139,Pasquotank County,NC,76.1888888888889,2010-2015,9,0.94124639,2020,17.78544807,2019,13.89383822,2022,0.025227679,2018,38.3,2023,13.0,2023,25.2,2023,10.0,2023,59463.0,2025,4.0315650421,2025,23.200000000000003,2025,0.5634355,2025
37141,Pender County,NC,77.23846153846154,2010-2015,13,0.587589502,2020,23.55072975,2019,13.89383822,2022,0.016086999,2018,36.3,2023,11.8,2023,22.1,2023,9.6,2023,72161.0,2025,4.2204062155,2025,14.399999999999999,2025,0.3343151,2025
37143,Perquimans County,NC,77.0,2010-2015,3,0.365844727,2020,5.430092812,2019,13.89383822,2022,0.0,2018,37.3,2023,15.3,2023,27.4,2023,9.9,2023,61157.0,2025,4.5936143342,2025,24.8,2025,0.15232289999999998,2025
37145,Person County,NC,76.39999999999999,2010-2015,7,0.651221037,2020,10.85702133,2019,13.89383822,2022,0.025311969,2018,38.8,2023,14.9,2023,28.4,2023,10.8,2023,64466.0,2025,5.1236256923,2025,19.2,2025,0.3578092,2025
37147,Pitt County,NC,77.71379310344827,2010-2015,29,0.891080439,2020,21.70211029,2019,13.89383822,2022,0.033349268,2018,39.0,2023,12.0,2023,25.2,2023,10.2,2023,60268.0,2025,4.8976800034,2025,23.200000000000003,2025,1.1384163,2025
37149,Polk County,NC,79.48571428571428,2010-2015,7,0.665715635,2020,5.682321072,2019,13.89383822,2022,0.097035564,2018,35.2,2023,14.1,2023,25.1,2023,8.8,2023,59012.0,2025,4.951221469,2025,19.8,2025,0.7631258,2025
37151,Randolph County,NC,76.46428571428571,2010-2015,28,0.629509449,2020,23.32804298,2019,13.89383822,2022,0.020927653,2018,39.9,2023,13.2,2023,27.8,2023,13.0,2023,59336.0,2025,4.1646270723,2025,20.599999999999998,2025,0.4270796,2025
37153,Richmond County,NC,74.38888888888889,2010-2015,9,0.631597936,2020,22.72092438,2019,13.89383822,2022,0.022278165,2018,42.9,2023,16.4,2023,32.1,2023,13.4,2023,50242.0,2025,5.4714789589,2025,31.0,2025,0.21065440000000002,2025
37155,Robeson County,NC,74.33333333333333,2010-2015,30,0.58461988,2020,8.484329224,2019,13.89383822,2022,0.007585469,2018,47.9,2023,18.4,2023,35.6,2023,16.2,2023,42180.0,2025,5.8415841584,2025,37.9,2025,0.5071865999999999,2025
37157,Rockingham County,NC,75.8047619047619,2010-2015,21,0.701100945,2020,17.65070724,2019,13.89383822,2022,0.044106297,2018,37.3,2023,14.5,2023,28.6,2023,11.7,2023,58508.0,2025,5.1011446886,2025,18.6,2025,0.3067955,2025
37159,Rowan County,NC,74.97586206896553,2010-2015,29,0.60352993,2020,22.68913078,2019,13.89383822,2022,0.028316179,2018,37.4,2023,12.7,2023,27.3,2023,11.7,2023,65139.0,2025,4.4845364713,2025,20.7,2025,0.3442457,2025
37161,Rutherford County,NC,75.31666666666668,2010-2015,12,0.506887734,2020,14.51753044,2019,13.89383822,2022,0.044892706,2018,38.1,2023,14.4,2023,28.8,2023,11.2,2023,50714.0,2025,4.245745614,2025,20.3,2025,0.44901369999999996,2025
37163,Sampson County,NC,75.60000000000001,2010-2015,11,0.552207232,2020,7.17832756,2019,13.89383822,2022,0.015716845,2018,41.8,2023,15.6,2023,30.6,2023,15.4,2023,53637.0,2025,4.8381684249,2025,26.0,2025,0.42380059999999997,2025
37165,Scotland County,NC,75.58571428571429,2010-2015,7,0.692900658,2020,20.77415276,2019,13.89383822,2022,0.028727377,2018,45.2,2023,17.4,2023,33.7,2023,14.2,2023,45604.0,2025,5.3453589774,2025,42.9,2025,0.584334,2025
37167,Stanly County,NC,76.75384615384615,2010-2015,13,0.72739923,2020,5.20566082,2019,13.89383822,2022,0.03221909,2018,36.3,2023,12.7,2023,25.4,2023,10.8,2023,65784.0,2025,4.6686188193,2025,14.499999999999998,2025,0.3783997,2025
37169,Stokes County,NC,77.23333333333333,2010-2015,9,0.480947912,2020,13.61723804,2019,13.89383822,2022,0.043987948,2018,37.1,2023,13.2,2023,26.3,2023,9.8,2023,61374.0,2025,3.9122974611,2025,15.2,2025,0.2693421,2025
37171,Surry County,NC,76.59,2010-2015,20,0.68356514,2020,9.341554642,2019,13.89383822,2022,0.055595707,2018,40.9,2023,13.7,2023,28.8,2023,12.5,2023,58211.0,2025,5.0837696335,2025,16.3,2025,0.5621767,2025
37173,Swain County,NC,75.525,2010-2015,4,1.198956251,2020,2.897196293,2019,13.89383822,2022,0.210600212,2018,40.7,2023,15.2,2023,28.0,2023,11.4,2023,54357.0,2025,5.5041349192,2025,23.3,2025,0.6366723,2025
37175,Transylvania County,NC,79.88571428571429,2010-2015,7,0.550756574,2020,8.31539917,2019,13.89383822,2022,0.029226948,2018,33.7,2023,12.9,2023,22.3,2023,7.9,2023,62002.0,2025,4.7631558877,2025,18.4,2025,0.6633499,2025
37177,Tyrrell County,NC,80.2,2010-2015,1,,,10.50700188,2019,13.89383822,2022,0.0,2018,41.3,2023,17.5,2023,32.1,2023,14.1,2023,46072.0,2025,4.0502657329,2025,29.9,2025,,
37179,Union County,NC,78.34705882352942,2010-2015,34,0.54791832,2020,39.32279968,2019,13.89383822,2022,0.008477882,2018,33.4,2023,10.5,2023,21.6,2023,9.3,2023,98776.0,2025,4.1614049714,2025,10.2,2025,0.685415,2025
37181,Vance County,NC,74.21000000000001,2010-2015,10,0.64850843,2020,6.13735342,2019,13.89383822,2022,0.022430578,2018,42.6,2023,16.8,2023,31.3,2023,13.2,2023,45408.0,2025,4.6391398047,2025,36.7,2025,0.3792817,2025
37183,Wake County,NC,80.25064102564103,2010-2015,156,0.846970379,2020,25.36093903,2019,13.89383822,2022,0.012816933,2018,29.3,2023,9.5,2023,18.0,2023,7.9,2023,103084.0,2025,4.4759623063,2025,8.200000000000001,2025,0.8641945000000001,2025
37185,Warren County,NC,76.12,2010-2015,5,0.409794092,2020,2.4759655,2019,13.89383822,2022,0.050487202,2018,43.9,2023,20.0,2023,33.8,2023,12.7,2023,47866.0,2025,4.9831872099,2025,30.599999999999998,2025,0.0532992,2025
37187,Washington County,NC,77.26666666666667,2010-2015,3,0.783630848,2020,1.350218773,2019,13.89383822,2022,0.084324144,2018,43.6,2023,20.6,2023,35.0,2023,12.8,2023,47239.0,2025,5.520504934,2025,35.8,2025,0.45905250000000003,2025
37189,Watauga County,NC,80.25,2010-2015,8,0.584681332,2020,8.307226181,2019,13.89383822,2022,0.071498796,2018,33.0,2023,9.8,2023,21.5,2023,8.8,2023,62045.0,2025,6.5434559499,2025,12.3,2025,0.7928606,2025
37191,Wayne County,NC,75.53750000000001,2010-2015,24,0.75826633,2020,23.0530529,2019,13.89383822,2022,0.008113722,2018,39.5,2023,14.2,2023,28.3,2023,13.0,2023,56313.0,2025,4.2570883315,2025,22.2,2025,0.5135447000000001,2025
37193,Wilkes County,NC,76.47692307692307,2010-2015,13,0.617256761,2020,6.924359322,2019,13.89383822,2022,0.014586402,2018,38.0,2023,13.9,2023,28.0,2023,11.8,2023,50848.0,2025,3.9927342409,2025,20.7,2025,0.37990460000000004,2025
37195,Wilson County,NC,77.28333333333333,2010-2015,18,0.792885959,2020,9.285118103,2019,13.89383822,2022,0.036830153,2018,38.4,2023,16.8,2023,31.9,2023,13.8,2023,52620.0,2025,5.5804742554,2025,27.0,2025,0.3955646,2025
37197,Yadkin County,NC,76.18571428571428,2010-2015,7,0.372093022,2020,12.16784286,2019,13.89383822,2022,0.079908371,2018,36.3,2023,13.3,2023,27.1,2023,11.9,2023,61626.0,2025,4.6435284747,2025,17.8,2025,0.2419875,2025
37199,Yancey County,NC,76.67999999999999,2010-2015,5,0.442013383,2020,1.184018135,2019,13.89383822,2022,0.055856559,2018,35.6,2023,13.7,2023,26.5,2023,10.4,2023,54913.0,2025,5.2323002559,2025,22.0,2025,0.5864477,2025
38001,Adams County,ND,79.3,2010-2015,1,,,22.63745499,2019,5.89597067,2022,0.0,2018,34.8,2023,14.1,2023,29.0,2023,8.0,2023,58192.0,2025,5.9617364281,2025,12.8,2025,5.0761421,2025
38003,Barnes County,ND,78.95,2010-2015,4,0.769082844,2020,30.15914726,2019,5.89597067,2022,0.094858661,2018,37.7,2023,11.5,2023,23.8,2023,6.8,2023,70559.0,2025,5.079989133,2025,11.200000000000001,2025,0.9254118,2025
38005,Benson County,ND,73.35,2010-2015,4,,,42.70840454,2019,5.89597067,2022,0.143636882,2018,43.3,2023,15.4,2023,31.3,2023,9.8,2023,60632.0,2025,6.7478215708,2025,28.299999999999997,2025,0.17214669999999999,2025
38007,Billings County,ND,79.6,2010-2015,1,,,100.0,2019,5.89597067,2022,0.0,2018,36.4,2023,12.1,2023,24.8,2023,7.2,2023,82565.0,2025,4.685265992,2025,14.7,2025,0.0,2025
38009,Bottineau County,ND,81.33333333333333,2010-2015,3,0.636233509,2020,45.4178772,2019,5.89597067,2022,0.155981913,2018,37.7,2023,11.9,2023,24.4,2023,6.7,2023,74272.0,2025,4.2426657222,2025,11.600000000000001,2025,0.4694836,2025
38011,Bowman County,ND,79.0,2010-2015,2,1.339584708,2020,29.76260376,2019,5.89597067,2022,0.325097531,2018,36.3,2023,11.4,2023,24.5,2023,7.9,2023,68434.0,2025,3.4880704075,2025,10.8,2025,0.34447120000000003,2025
38013,Burke County,ND,78.0,2010-2015,1,,,68.78623962,2019,5.89597067,2022,0.952380955,2018,37.3,2023,11.1,2023,22.6,2023,6.9,2023,79188.0,2025,4.5637060322,2025,9.4,2025,,
38015,Burleigh County,ND,81.01111111111112,2010-2015,18,0.706772566,2020,27.15967751,2019,5.89597067,2022,0.052480765,2018,35.2,2023,9.3,2023,18.4,2023,6.3,2023,86521.0,2025,4.1712444623,2025,7.199999999999999,2025,1.1219714,2025
38017,Cass County,ND,79.69032258064516,2010-2015,31,0.793892443,2020,21.0301342,2019,5.89597067,2022,0.022036625,2018,33.8,2023,7.9,2023,17.6,2023,6.3,2023,75477.0,2025,4.4057712106,2025,8.0,2025,0.9862673,2025
38019,Cavalier County,ND,81.25,2010-2015,2,,,36.29232788,2019,5.89597067,2022,0.261164784,2018,39.5,2023,11.8,2023,23.9,2023,6.6,2023,80749.0,2025,4.1379426929,2025,11.0,2025,0.2730748,2025
38021,Dickey County,ND,80.93333333333334,2010-2015,3,,,14.24509048,2019,5.89597067,2022,0.0,2018,38.7,2023,11.2,2023,24.3,2023,7.4,2023,72643.0,2025,4.6310834199,2025,12.9,2025,0.8168266,2025
38023,Divide County,ND,85.1,2010-2015,1,,,33.03077698,2019,5.89597067,2022,0.43802014,2018,37.4,2023,12.6,2023,25.6,2023,7.6,2023,75310.0,2025,3.9745730906,2025,11.700000000000001,2025,,
38025,Dunn County,ND,84.8,2010-2015,1,,,52.77820969,2019,5.89597067,2022,0.230840266,2018,36.7,2023,11.5,2023,24.0,2023,7.8,2023,87618.0,2025,4.3758416797,2025,15.299999999999999,2025,,
38027,Eddy County,ND,72.2,2010-2015,1,,,28.86808777,2019,5.89597067,2022,0.0,2018,38.7,2023,13.5,2023,27.5,2023,8.1,2023,66603.0,2025,4.3352481713,2025,11.200000000000001,2025,,
38029,Emmons County,ND,79.6,2010-2015,1,,,45.72673798,2019,5.89597067,2022,0.0,2018,38.1,2023,13.5,2023,26.0,2023,7.5,2023,65012.0,2025,5.4605292616,2025,15.0,2025,,
38031,Foster County,ND,80.4,2010-2015,1,1.263823032,2020,18.32585907,2019,5.89597067,2022,0.0,2018,35.7,2023,11.8,2023,24.4,2023,6.6,2023,71345.0,2025,4.7718331473,2025,10.0,2025,0.2972652,2025
38033,Golden Valley County,ND,80.9,2010-2015,1,,,100.0,2019,5.89597067,2022,0.565291107,2018,37.6,2023,13.7,2023,28.7,2023,7.6,2023,59464.0,2025,4.0020079761,2025,15.5,2025,0.0,2025
38035,Grand Forks County,ND,79.06,2010-2015,15,0.69083637,2020,24.96489334,2019,5.89597067,2022,0.028260563,2018,35.2,2023,9.1,2023,21.5,2023,7.1,2023,72369.0,2025,4.2765294407,2025,9.4,2025,1.2241248999999998,2025
38037,Grant County,ND,79.3,2010-2015,1,,,52.32372665,2019,5.89597067,2022,0.0,2018,41.3,2023,15.2,2023,30.9,2023,8.0,2023,51827.0,2025,5.5925214755,2025,22.900000000000002,2025,,
38039,Griggs County,ND,80.0,2010-2015,1,1.359311223,2020,32.8230896,2019,5.89597067,2022,0.448028684,2018,36.8,2023,12.3,2023,23.9,2023,6.5,2023,71071.0,2025,5.3302036199,2025,15.6,2025,0.4384042,2025
38041,Hettinger County,ND,77.0,2010-2015,2,,,99.97951508,2019,5.89597067,2022,0.0,2018,37.4,2023,11.7,2023,25.1,2023,7.3,2023,64506.0,2025,5.3162197653,2025,15.8,2025,,
38043,Kidder County,ND,84.6,2010-2015,1,,,100.0,2019,5.89597067,2022,0.0,2018,39.9,2023,12.8,2023,26.9,2023,7.4,2023,60473.0,2025,4.4342040816,2025,16.1,2025,,
38045,LaMoure County,ND,80.35,2010-2015,2,,,74.72528839,2019,5.89597067,2022,0.492368281,2018,34.4,2023,12.5,2023,25.8,2023,7.3,2023,69797.0,2025,4.2830793651,2025,9.5,2025,,
38047,Logan County,ND,79.3,2010-2015,1,,,95.83237457,2019,5.89597067,2022,0.0,2018,39.8,2023,13.2,2023,27.9,2023,8.1,2023,61043.0,2025,4.2437369733,2025,17.8,2025,0.0,2025
38049,McHenry County,ND,79.19999999999999,2010-2015,2,,,69.00283051,2019,5.89597067,2022,0.515818417,2018,42.1,2023,11.9,2023,26.2,2023,7.5,2023,68973.0,2025,4.5464812639,2025,14.799999999999999,2025,,
38051,McIntosh County,ND,80.3,2010-2015,1,,,19.89786148,2019,5.89597067,2022,0.386847198,2018,35.8,2023,14.4,2023,29.2,2023,8.6,2023,60218.0,2025,5.3532163179,2025,16.3,2025,0.7958615,2025
38053,McKenzie County,ND,81.5,2010-2015,3,0.590473711,2020,44.79772186,2019,5.89597067,2022,0.073356807,2018,41.1,2023,9.6,2023,23.9,2023,9.4,2023,99157.0,2025,3.8052031407,2025,8.9,2025,0.1447283,2025
38055,McLean County,ND,79.35,2010-2015,2,0.42480883,2020,55.16633224,2019,5.89597067,2022,0.104810819,2018,40.2,2023,12.1,2023,25.2,2023,6.6,2023,78277.0,2025,3.7365668581,2025,10.100000000000001,2025,0.3062474,2025
38057,Mercer County,ND,82.53333333333335,2010-2015,3,0.734034717,2020,23.35392189,2019,5.89597067,2022,0.362888604,2018,39.8,2023,12.2,2023,25.3,2023,7.5,2023,85274.0,2025,4.3948717949,2025,8.200000000000001,2025,0.8410429,2025
38059,Morton County,ND,80.8,2010-2015,5,0.571374178,2020,30.69410515,2019,5.89597067,2022,0.096478537,2018,38.6,2023,9.6,2023,22.5,2023,7.1,2023,80159.0,2025,3.7457691528,2025,10.2,2025,0.38677809999999996,2025
38061,Mountrail County,ND,74.1,2010-2015,3,0.666539729,2020,12.15344334,2019,5.89597067,2022,0.195733026,2018,42.2,2023,12.8,2023,29.8,2023,10.1,2023,73541.0,2025,4.5435186907,2025,14.799999999999999,2025,0.5221387000000001,2025
38063,Nelson County,ND,77.6,2010-2015,1,,,100.0,2019,5.89597067,2022,0.0,2018,39.6,2023,12.4,2023,23.8,2023,6.9,2023,69274.0,2025,4.8748446582,2025,8.5,2025,,
38065,Oliver County,ND,84.3,2010-2015,1,,,83.82313538,2019,5.89597067,2022,0.0,2018,34.6,2023,11.7,2023,24.0,2023,6.4,2023,81382.0,2025,4.0450314343,2025,15.0,2025,0.0,2025
38067,Pembina County,ND,81.17999999999999,2010-2015,5,,,45.94187927,2019,5.89597067,2022,0.431841075,2018,41.9,2023,12.8,2023,26.5,2023,8.0,2023,75603.0,2025,4.4581960941,2025,8.4,2025,0.2955519,2025
38069,Pierce County,ND,78.05000000000001,2010-2015,2,,,19.29914474,2019,5.89597067,2022,0.245037988,2018,40.7,2023,12.1,2023,25.8,2023,7.0,2023,61222.0,2025,4.3217391304,2025,12.1,2025,0.2529724,2025
38071,Ramsey County,ND,78.16666666666667,2010-2015,3,0.790305614,2020,27.61503029,2019,5.89597067,2022,0.174200848,2018,40.8,2023,12.3,2023,26.0,2023,7.7,2023,70084.0,2025,5.1827593234,2025,15.1,2025,0.9505703,2025
38073,Ransom County,ND,77.8,2010-2015,3,,,12.21264648,2019,5.89597067,2022,0.381898046,2018,37.9,2023,12.1,2023,25.1,2023,7.7,2023,78270.0,2025,4.201011656,2025,10.9,2025,0.3524229,2025
38075,Renville County,ND,78.1,2010-2015,1,,,57.53666306,2019,5.89597067,2022,0.421229988,2018,39.0,2023,11.1,2023,24.4,2023,7.0,2023,74336.0,2025,3.2748621554,2025,8.200000000000001,2025,,
38077,Richland County,ND,81.08333333333333,2010-2015,6,0.557068586,2020,29.8524437,2019,5.89597067,2022,0.061580148,2018,36.1,2023,10.5,2023,23.7,2023,7.1,2023,76371.0,2025,4.5492139552,2025,10.9,2025,0.4830918,2025
38079,Rolette County,ND,74.9,2010-2015,4,0.3529827,2020,9.603563309,2019,5.89597067,2022,0.069925182,2018,50.2,2023,17.9,2023,34.5,2023,10.8,2023,56952.0,2025,7.4189526185,2025,24.9,2025,0.498008,2025
38081,Sargent County,ND,81.69999999999999,2010-2015,2,,,9.675611496,2019,5.89597067,2022,0.0,2018,41.2,2023,11.8,2023,24.5,2023,7.5,2023,79053.0,2025,3.423231144,2025,10.5,2025,,
38083,Sheridan County,ND,77.6,2010-2015,1,,,90.69168854,2019,5.89597067,2022,0.741289854,2018,36.2,2023,13.9,2023,28.2,2023,7.5,2023,62251.0,2025,3.558635004,2025,22.900000000000002,2025,0.0,2025
38085,Sioux County,ND,71.44999999999999,2010-2015,2,,,40.33055115,2019,5.89597067,2022,0.229463056,2018,49.1,2023,20.2,2023,39.1,2023,13.3,2023,46931.0,2025,7.0708275968,2025,39.300000000000004,2025,,
38089,Stark County,ND,80.725,2010-2015,8,0.654062986,2020,26.8044796,2019,5.89597067,2022,0.032261185,2018,37.4,2023,9.5,2023,23.5,2023,8.5,2023,82174.0,2025,4.4396639511,2025,9.0,2025,0.605217,2025
38091,Steele County,ND,84.5,2010-2015,1,,,84.51081085,2019,5.89597067,2022,0.0,2018,35.0,2023,12.7,2023,24.9,2023,7.1,2023,87300.0,2025,5.2562107467,2025,10.8,2025,0.0,2025
38093,Stutsman County,ND,78.61666666666667,2010-2015,6,0.439067215,2020,27.74855423,2019,5.89597067,2022,0.143424004,2018,39.7,2023,10.9,2023,24.7,2023,7.9,2023,69088.0,2025,5.9829584498,2025,11.0,2025,0.7879125,2025
38095,Towner County,ND,79.4,2010-2015,1,,,34.79986572,2019,5.89597067,2022,0.456204385,2018,43.9,2023,15.0,2023,30.3,2023,8.6,2023,76241.0,2025,6.7241710473,2025,13.200000000000001,2025,,
38097,Traill County,ND,78.125,2010-2015,4,0.502575696,2020,17.78193665,2019,5.89597067,2022,0.0,2018,38.2,2023,10.5,2023,22.5,2023,6.8,2023,82020.0,2025,3.6238346372,2025,7.1,2025,0.3748594,2025
38099,Walsh County,ND,78.23333333333333,2010-2015,6,0.383251905,2020,19.52493858,2019,5.89597067,2022,0.093747072,2018,35.8,2023,12.4,2023,26.7,2023,9.9,2023,80235.0,2025,3.9282003888,2025,11.899999999999999,2025,0.3820804,2025
38101,Ward County,ND,78.99090909090908,2010-2015,11,0.77410686,2020,24.18597412,2019,5.89597067,2022,0.059045818,2018,33.9,2023,8.8,2023,22.6,2023,7.7,2023,71754.0,2025,3.8638929766,2025,9.4,2025,0.7818042000000001,2025
38103,Wells County,ND,78.75,2010-2015,2,0.808843374,2020,44.7921524,2019,5.89597067,2022,0.25271669,2018,37.8,2023,13.8,2023,27.0,2023,7.3,2023,74681.0,2025,5.1576229542,2025,14.6,2025,1.2804096999999999,2025
38105,Williams County,ND,78.31428571428572,2010-2015,7,0.671834648,2020,30.60493851,2019,5.89597067,2022,0.08486563,2018,40.4,2023,8.9,2023,24.1,2023,9.5,2023,92537.0,2025,4.3933809215,2025,8.6,2025,0.441742,2025
39001,Adams County,OH,74.02000000000001,2010-2015,5,0.762776494,2020,22.00570488,2019,12.65085626,2022,0.0,2018,40.3,2023,15.7,2023,35.3,2023,9.6,2023,55693.0,2025,5.4631774928,2025,25.8,2025,0.4356982,2025
39003,Allen County,OH,76.88333333333334,2010-2015,30,0.921749353,2020,17.44320869,2019,12.65085626,2022,0.038962431,2018,39.7,2023,14.5,2023,29.3,2023,8.3,2023,65665.0,2025,4.1894491297,2025,18.6,2025,0.6491589999999999,2025
39005,Ashland County,OH,77.91818181818182,2010-2015,11,0.618417621,2020,4.980051041,2019,12.65085626,2022,0.037212763,2018,38.3,2023,13.9,2023,30.7,2023,8.2,2023,66149.0,2025,3.6729450369,2025,18.9,2025,0.43963610000000003,2025
39007,Ashtabula County,OH,75.796,2010-2015,25,0.828903854,2020,21.93755722,2019,12.65085626,2022,0.082057171,2018,45.8,2023,16.2,2023,34.5,2023,10.0,2023,58152.0,2025,4.30409666,2025,27.900000000000002,2025,0.2876604,2025
39009,Athens County,OH,76.85833333333333,2010-2015,12,1.05374074,2020,16.95980453,2019,12.65085626,2022,0.030386824,2018,34.5,2023,11.5,2023,24.8,2023,7.8,2023,53616.0,2025,5.6179969497,2025,21.2,2025,0.6284646,2025
39011,Auglaize County,OH,78.44545454545454,2010-2015,11,0.744308233,2020,9.873385429,2019,12.65085626,2022,0.04366431,2018,39.5,2023,12.2,2023,26.5,2023,7.2,2023,73542.0,2025,3.6344047455,2025,10.2,2025,0.3467632,2025
39013,Belmont County,OH,75.65,2010-2015,20,0.834192812,2020,22.25018501,2019,12.65085626,2022,0.05925487,2018,40.9,2023,14.5,2023,32.1,2023,8.2,2023,56716.0,2025,4.3454273209,2025,21.0,2025,0.2733527,2025
39015,Brown County,OH,75.07777777777778,2010-2015,9,0.506748974,2020,6.829142094,2019,12.65085626,2022,0.091738909,2018,41.6,2023,14.5,2023,34.1,2023,8.7,2023,68289.0,2025,5.0758988558,2025,22.5,2025,0.2519353,2025
39017,Butler County,OH,76.19027777777778,2010-2015,72,0.816807032,2020,42.65906143,2019,12.65085626,2022,0.015691279,2018,39.0,2023,12.5,2023,27.8,2023,7.9,2023,80066.0,2025,4.5230960192,2025,13.3,2025,0.5202007,2025
39019,Carroll County,OH,77.47142857142856,2010-2015,7,0.557682991,2020,6.431942463,2019,12.65085626,2022,0.073852517,2018,38.9,2023,14.9,2023,32.4,2023,8.4,2023,67044.0,2025,4.0665914221,2025,18.7,2025,0.2622607,2025
39021,Champaign County,OH,76.97777777777777,2010-2015,9,0.48767966,2020,3.377480984,2019,12.65085626,2022,0.077411361,2018,43.2,2023,12.7,2023,27.5,2023,7.6,2023,70230.0,2025,3.554150804,2025,12.3,2025,0.1550428,2025
39023,Clark County,OH,74.31463414634146,2010-2015,41,0.793454766,2020,20.34616089,2019,12.65085626,2022,0.014860497,2018,42.2,2023,15.0,2023,33.5,2023,8.9,2023,58684.0,2025,4.3525750278,2025,21.4,2025,0.4497431,2025
39025,Clermont County,OH,77.6236842105263,2010-2015,38,0.69896698,2020,45.37541199,2019,12.65085626,2022,0.014600956,2018,34.7,2023,12.6,2023,25.3,2023,7.2,2023,82143.0,2025,4.359322408,2025,11.3,2025,0.658265,2025
39027,Clinton County,OH,75.23333333333332,2010-2015,9,0.572505414,2020,29.29204178,2019,12.65085626,2022,0.023777254,2018,39.7,2023,13.5,2023,30.3,2023,8.1,2023,67813.0,2025,4.3068129041,2025,15.9,2025,0.6189887000000001,2025
39029,Columbiana County,OH,76.175,2010-2015,24,0.801044345,2020,17.760849,2019,12.65085626,2022,0.0,2018,41.1,2023,15.2,2023,32.0,2023,8.6,2023,55744.0,2025,4.6233401751,2025,20.3,2025,0.29612079999999996,2025
39031,Coshocton County,OH,77.03,2010-2015,10,0.658454299,2020,8.09031868,2019,12.65085626,2022,0.027300773,2018,41.5,2023,15.3,2023,32.3,2023,9.4,2023,57694.0,2025,4.6345227475,2025,21.5,2025,0.3550167,2025
39033,Crawford County,OH,76.1,2010-2015,13,0.749915361,2020,31.5239296,2019,12.65085626,2022,0.048134778,2018,39.5,2023,14.6,2023,32.2,2023,8.7,2023,58982.0,2025,4.1419381693,2025,17.299999999999997,2025,0.359247,2025
39035,Cuyahoga County,OH,76.25062034739454,2010-2015,403,0.955302715,2020,16.83550072,2019,12.65085626,2022,0.024118528,2018,35.3,2023,13.4,2023,24.7,2023,8.4,2023,61912.0,2025,5.4166529673,2025,23.0,2025,1.1125456,2025
39037,Darke County,OH,78.60833333333333,2010-2015,12,0.527292252,2020,9.756703377,2019,12.65085626,2022,0.019484442,2018,36.4,2023,14.3,2023,30.0,2023,8.3,2023,67609.0,2025,4.0790404483,2025,11.3,2025,0.4651433,2025
39039,Defiance County,OH,77.76666666666667,2010-2015,9,0.847053826,2020,17.27102852,2019,12.65085626,2022,0.078606054,2018,35.3,2023,13.3,2023,27.8,2023,9.2,2023,72241.0,2025,3.6778956676,2025,12.9,2025,0.5505453,2025
39041,Delaware County,OH,79.83529411764707,2010-2015,34,0.941213906,2020,44.06491089,2019,12.65085626,2022,0.024410963,2018,31.5,2023,10.1,2023,17.7,2023,5.0,2023,128300.0,2025,3.9470851712,2025,5.5,2025,1.4768506000000001,2025
39043,Erie County,OH,76.58888888888889,2010-2015,18,1.030941844,2020,22.21696091,2019,12.65085626,2022,0.026804263,2018,40.1,2023,14.4,2023,28.0,2023,7.7,2023,62547.0,2025,4.6147626033,2025,18.6,2025,0.7748624,2025
39045,Fairfield County,OH,78.36785714285715,2010-2015,28,0.669968486,2020,24.64043617,2019,12.65085626,2022,0.019257681,2018,35.6,2023,12.2,2023,24.4,2023,7.1,2023,84701.0,2025,4.0252973871,2025,11.1,2025,0.5587841,2025
39047,Fayette County,OH,74.98571428571428,2010-2015,7,1.154693961,2020,10.56671047,2019,12.65085626,2022,0.034884531,2018,41.3,2023,14.3,2023,32.3,2023,9.4,2023,63348.0,2025,4.4818735218,2025,18.4,2025,0.311354,2025
39049,Franklin County,OH,76.24710743801653,2010-2015,242,0.916486502,2020,24.39048195,2019,12.65085626,2022,0.022895521,2018,33.7,2023,11.8,2023,23.7,2023,8.4,2023,71730.0,2025,4.4824297804,2025,19.8,2025,1.0155788,2025
39051,Fulton County,OH,78.72222222222223,2010-2015,9,0.740051091,2020,17.75691032,2019,12.65085626,2022,0.047308166,2018,37.0,2023,13.3,2023,27.3,2023,8.5,2023,70724.0,2025,3.7976815337,2025,11.0,2025,0.376914,2025
39053,Gallia County,OH,73.92857142857143,2010-2015,7,0.973089039,2020,14.02512264,2019,12.65085626,2022,0.066713363,2018,36.6,2023,15.3,2023,35.2,2023,9.3,2023,53956.0,2025,4.9523809524,2025,23.7,2025,0.7545099,2025
39055,Geauga County,OH,80.5,2010-2015,20,0.611122429,2020,24.44158363,2019,12.65085626,2022,0.031904373,2018,32.6,2023,12.4,2023,23.2,2023,6.4,2023,99863.0,2025,4.082290109,2025,6.4,2025,0.6906294000000001,2025
39057,Greene County,OH,78.3,2010-2015,34,0.864085793,2020,29.36239624,2019,12.65085626,2022,0.071430698,2018,37.8,2023,11.2,2023,22.6,2023,6.5,2023,84015.0,2025,4.5662427937,2025,10.7,2025,0.8966107,2025
39059,Guernsey County,OH,76.28999999999999,2010-2015,10,0.928337514,2020,28.99843979,2019,12.65085626,2022,0.05125314,2018,38.3,2023,14.8,2023,32.5,2023,9.1,2023,54757.0,2025,4.297032918,2025,21.6,2025,0.36565939999999997,2025
39061,Hamilton County,OH,76.13596059113301,2010-2015,203,0.858206451,2020,31.14102936,2019,12.65085626,2022,0.019591421,2018,35.6,2023,13.2,2023,24.4,2023,7.7,2023,68810.0,2025,5.3742378327,2025,16.900000000000002,2025,1.0966678,2025
39063,Hancock County,OH,78.6,2010-2015,13,0.87525028,2020,13.01658058,2019,12.65085626,2022,0.026340051,2018,39.3,2023,12.5,2023,26.7,2023,7.5,2023,72065.0,2025,4.2688467938,2025,10.8,2025,0.5223961,2025
39065,Hardin County,OH,77.60000000000001,2010-2015,7,0.667323411,2020,9.144113541,2019,12.65085626,2022,0.063532405,2018,40.3,2023,12.9,2023,30.4,2023,8.7,2023,59713.0,2025,4.2438997702,2025,17.9,2025,0.2939159,2025
39067,Harrison County,OH,77.35999999999999,2010-2015,5,0.66604501,2020,15.1536026,2019,12.65085626,2022,0.065902203,2018,41.4,2023,15.6,2023,31.6,2023,8.6,2023,57050.0,2025,4.412725023,2025,19.7,2025,0.2072253,2025
39069,Henry County,OH,80.3,2010-2015,7,0.817722261,2020,8.821240425,2019,12.65085626,2022,0.0,2018,38.6,2023,13.1,2023,28.0,2023,8.5,2023,81899.0,2025,3.4999863652,2025,10.8,2025,0.2905077,2025
39071,Highland County,OH,75.16666666666667,2010-2015,9,0.623498976,2020,6.103389263,2019,12.65085626,2022,0.092897952,2018,41.3,2023,14.7,2023,32.7,2023,9.0,2023,61760.0,2025,4.4373577189,2025,18.0,2025,0.2767911,2025
39073,Hocking County,OH,77.24285714285713,2010-2015,7,0.569496334,2020,14.12870312,2019,12.65085626,2022,0.0,2018,36.1,2023,15.7,2023,33.4,2023,8.7,2023,58018.0,2025,4.2518719718,2025,21.5,2025,0.42709189999999997,2025
39075,Holmes County,OH,83.0,2010-2015,8,0.29542768,2020,5.186865807,2019,12.65085626,2022,0.15948236,2018,38.2,2023,12.7,2023,33.9,2023,12.3,2023,74490.0,2025,3.5662377373,2025,10.100000000000001,2025,0.2032934,2025
39077,Huron County,OH,77.13076923076923,2010-2015,13,0.724400222,2020,13.28030777,2019,12.65085626,2022,0.034185696,2018,35.0,2023,13.5,2023,30.3,2023,9.0,2023,64331.0,2025,3.9452225021,2025,20.0,2025,0.5482549999999999,2025
39079,Jackson County,OH,73.48571428571428,2010-2015,7,0.861724079,2020,5.712972164,2019,12.65085626,2022,0.0,2018,44.9,2023,14.9,2023,33.8,2023,9.1,2023,54431.0,2025,4.6372329428,2025,22.400000000000002,2025,0.4306235,2025
39081,Jefferson County,OH,74.17391304347827,2010-2015,23,0.66215986,2020,23.11209869,2019,12.65085626,2022,0.045615584,2018,42.5,2023,15.1,2023,31.3,2023,8.0,2023,56276.0,2025,4.8184863578,2025,22.0,2025,0.385868,2025
39083,Knox County,OH,77.175,2010-2015,12,0.865065753,2020,20.31363869,2019,12.65085626,2022,0.048470747,2018,37.1,2023,12.6,2023,27.6,2023,7.6,2023,66844.0,2025,3.7845811541,2025,14.099999999999998,2025,0.39747520000000003,2025
39085,Lake County,OH,78.00714285714285,2010-2015,56,0.836349845,2020,38.26296997,2019,12.65085626,2022,0.03470505,2018,36.9,2023,12.9,2023,25.4,2023,7.1,2023,73559.0,2025,3.9667720626,2025,15.1,2025,0.4137521,2025
39087,Lawrence County,OH,74.225,2010-2015,16,0.710768163,2020,12.11939621,2019,12.65085626,2022,0.0,2018,41.6,2023,15.1,2023,32.4,2023,8.6,2023,56879.0,2025,4.6529619603,2025,20.9,2025,0.4700148,2025
39089,Licking County,OH,77.02903225806452,2010-2015,31,0.696238041,2020,35.14570999,2019,12.65085626,2022,0.039824996,2018,37.5,2023,12.9,2023,24.1,2023,7.2,2023,76496.0,2025,4.2329297147,2025,11.899999999999999,2025,0.37139479999999997,2025
39091,Logan County,OH,76.91818181818182,2010-2015,11,0.728058934,2020,5.731298447,2019,12.65085626,2022,0.022046827,2018,39.3,2023,14.0,2023,29.2,2023,7.8,2023,68964.0,2025,3.8453837597,2025,14.499999999999998,2025,0.3910068,2025
39093,Lorain County,OH,76.86666666666667,2010-2015,69,0.679112792,2020,27.86970901,2019,12.65085626,2022,0.016157124,2018,36.8,2023,14.2,2023,29.0,2023,8.6,2023,75496.0,2025,4.6711663067,2025,14.899999999999999,2025,0.5164847,2025
39095,Lucas County,OH,75.12357723577236,2010-2015,123,0.919928849,2020,18.27772903,2019,12.65085626,2022,0.009304511,2018,36.1,2023,14.0,2023,29.8,2023,9.0,2023,60525.0,2025,5.060996921,2025,24.2,2025,0.864417,2025
39097,Madison County,OH,76.5909090909091,2010-2015,11,0.516169548,2020,36.30168915,2019,12.65085626,2022,0.067547791,2018,37.3,2023,12.4,2023,26.9,2023,8.4,2023,81836.0,2025,3.6822605646,2025,11.799999999999999,2025,0.3154148,2025
39099,Mahoning County,OH,75.20882352941176,2010-2015,68,0.911202013,2020,35.5404892,2019,12.65085626,2022,0.02177302,2018,38.6,2023,14.8,2023,28.2,2023,9.1,2023,52914.0,2025,4.9971335333,2025,27.700000000000003,2025,1.027509,2025
39101,Marion County,OH,75.02941176470588,2010-2015,17,0.725084841,2020,32.19493103,2019,12.65085626,2022,0.015324261,2018,44.2,2023,14.8,2023,33.8,2023,9.5,2023,56991.0,2025,4.3312840193,2025,20.3,2025,0.2756888,2025
39103,Medina County,OH,79.48888888888888,2010-2015,36,0.690943658,2020,23.22322083,2019,12.65085626,2022,0.033492234,2018,36.3,2023,11.9,2023,24.2,2023,6.2,2023,90211.0,2025,3.8665104843,2025,8.7,2025,0.6226378,2025
39105,Meigs County,OH,76.75,2010-2015,6,0.749625206,2020,33.91938019,2019,12.65085626,2022,0.0,2018,44.5,2023,17.3,2023,39.1,2023,9.6,2023,50127.0,2025,4.7609543356,2025,29.5,2025,0.1360606,2025
39107,Mercer County,OH,78.93333333333334,2010-2015,9,0.775306463,2020,12.96682167,2019,12.65085626,2022,0.024414659,2018,36.3,2023,12.1,2023,27.5,2023,7.2,2023,79974.0,2025,3.8150708607,2025,8.200000000000001,2025,0.49634829999999996,2025
39109,Miami County,OH,77.67142857142856,2010-2015,21,0.799880922,2020,15.97285175,2019,12.65085626,2022,0.056485474,2018,33.6,2023,12.7,2023,26.1,2023,7.2,2023,75735.0,2025,3.9158349301,2025,11.4,2025,0.4484551,2025
39111,Monroe County,OH,77.67500000000001,2010-2015,4,0.662446618,2020,6.351624012,2019,12.65085626,2022,0.0,2018,40.4,2023,16.1,2023,34.0,2023,8.7,2023,54285.0,2025,4.2202866925,2025,22.1,2025,0.1500488,2025
39113,Montgomery County,OH,75.34861111111111,2010-2015,144,0.944301248,2020,28.76849937,2019,12.65085626,2022,0.022542365,2018,37.0,2023,14.5,2023,29.3,2023,7.9,2023,62650.0,2025,4.6566924428,2025,21.5,2025,0.9480442,2025
39115,Morgan County,OH,76.575,2010-2015,4,0.349528134,2020,14.93042469,2019,12.65085626,2022,0.136948779,2018,41.1,2023,16.0,2023,33.5,2023,8.8,2023,52585.0,2025,4.7687282835,2025,22.0,2025,0.07308869999999999,2025
39117,Morrow County,OH,77.06666666666666,2010-2015,6,0.423597187,2020,2.164244652,2019,12.65085626,2022,0.056960583,2018,40.0,2023,13.8,2023,29.8,2023,8.0,2023,70109.0,2025,3.2767118329,2025,13.100000000000001,2025,0.1991408,2025
39119,Muskingum County,OH,76.07894736842105,2010-2015,19,0.918391049,2020,23.66942406,2019,12.65085626,2022,0.034809649,2018,43.9,2023,14.4,2023,29.9,2023,8.2,2023,58806.0,2025,4.8381878362,2025,24.2,2025,0.5323581,2025
39121,Noble County,OH,78.5,2010-2015,3,0.696184933,2020,42.92465591,2019,12.65085626,2022,0.0,2018,41.6,2023,18.0,2023,33.6,2023,8.8,2023,61751.0,2025,5.4174743709,2025,15.2,2025,0.0705418,2025
39123,Ottawa County,OH,78.6,2010-2015,10,0.919186175,2020,30.97589111,2019,12.65085626,2022,0.02452844,2018,38.0,2023,13.8,2023,28.4,2023,7.0,2023,76582.0,2025,4.0891889517,2025,12.0,2025,0.47376820000000003,2025
39125,Paulding County,OH,77.64,2010-2015,5,0.536250532,2020,19.50806999,2019,12.65085626,2022,0.0,2018,41.3,2023,14.1,2023,30.8,2023,8.7,2023,67692.0,2025,3.7108022742,2025,13.900000000000002,2025,0.2119654,2025
39127,Perry County,OH,77.2,2010-2015,6,0.414193004,2020,3.619321823,2019,12.65085626,2022,0.083257012,2018,38.6,2023,14.3,2023,32.1,2023,8.8,2023,62677.0,2025,4.8224037055,2025,18.2,2025,0.28200790000000003,2025
39129,Pickaway County,OH,75.60000000000001,2010-2015,12,0.681918919,2020,15.62946796,2019,12.65085626,2022,0.017215852,2018,39.8,2023,12.6,2023,29.4,2023,8.5,2023,76471.0,2025,4.0120939771,2025,14.499999999999998,2025,0.4044967,2025
39131,Pike County,OH,73.64999999999999,2010-2015,6,0.577721596,2020,4.896713734,2019,12.65085626,2022,0.106887095,2018,43.2,2023,16.2,2023,36.6,2023,10.2,2023,54256.0,2025,6.2617330586,2025,25.900000000000002,2025,0.2584075,2025
39133,Portage County,OH,77.66969696969697,2010-2015,33,0.781139493,2020,34.72175598,2019,12.65085626,2022,0.024550872,2018,32.9,2023,11.8,2023,25.0,2023,7.1,2023,73911.0,2025,4.6655824759,2025,15.1,2025,0.3941324,2025
39135,Preble County,OH,76.53333333333333,2010-2015,12,0.563228548,2020,13.51635265,2019,12.65085626,2022,0.048784059,2018,39.7,2023,13.4,2023,30.3,2023,7.5,2023,76621.0,2025,4.0121692954,2025,14.499999999999998,2025,0.1712873,2025
39137,Putnam County,OH,80.57142857142857,2010-2015,7,0.772567868,2020,23.92667007,2019,12.65085626,2022,0.029603316,2018,43.7,2023,12.3,2023,24.7,2023,7.3,2023,79412.0,2025,3.4827795172,2025,6.0,2025,0.46622759999999996,2025
39139,Richland County,OH,75.37241379310345,2010-2015,29,0.744472265,2020,36.38857651,2019,12.65085626,2022,0.066061653,2018,39.0,2023,14.5,2023,30.2,2023,9.2,2023,57261.0,2025,4.2202187064,2025,20.3,2025,0.4712648,2025
39141,Ross County,OH,74.75625,2010-2015,16,0.706621289,2020,13.44465351,2019,12.65085626,2022,0.012998661,2018,44.3,2023,15.0,2023,30.8,2023,9.3,2023,61651.0,2025,4.3948569219,2025,22.8,2025,0.6632766,2025
39143,Sandusky County,OH,77.57333333333332,2010-2015,15,0.754057348,2020,10.71753025,2019,12.65085626,2022,0.017007092,2018,40.7,2023,14.4,2023,29.3,2023,9.2,2023,64744.0,2025,4.453097087,2025,13.900000000000002,2025,0.3065656,2025
39145,Scioto County,OH,73.57000000000001,2010-2015,20,0.780125618,2020,7.331828117,2019,12.65085626,2022,0.013244682,2018,44.7,2023,15.3,2023,35.9,2023,9.5,2023,52447.0,2025,5.6344597065,2025,24.099999999999998,2025,0.5589944,2025
39147,Seneca County,OH,78.37142857142858,2010-2015,14,0.47326076,2020,24.11486053,2019,12.65085626,2022,0.018113645,2018,35.8,2023,13.2,2023,29.3,2023,8.2,2023,62966.0,2025,4.1060680809,2025,17.1,2025,0.3642589,2025
39149,Shelby County,OH,78.75,2010-2015,10,0.641330659,2020,14.75920105,2019,12.65085626,2022,0.020564707,2018,39.6,2023,13.3,2023,29.3,2023,8.0,2023,67351.0,2025,3.7858198352,2025,14.899999999999999,2025,0.4585531,2025
39151,Stark County,OH,76.91411764705882,2010-2015,85,0.916781127,2020,28.92909241,2019,12.65085626,2022,0.04036881,2018,40.4,2023,13.7,2023,29.1,2023,7.8,2023,63673.0,2025,4.2877883642,2025,16.8,2025,0.7730703999999999,2025
39153,Summit County,OH,76.43565891472869,2010-2015,129,0.909316957,2020,31.07135582,2019,12.65085626,2022,0.031370059,2018,37.6,2023,13.7,2023,26.2,2023,7.4,2023,69786.0,2025,4.817245509,2025,19.7,2025,0.9765026,2025
39155,Trumbull County,OH,75.65818181818182,2010-2015,55,0.772357702,2020,29.85401726,2019,12.65085626,2022,0.020138249,2018,39.7,2023,15.5,2023,31.3,2023,8.7,2023,51668.0,2025,4.5858418367,2025,25.4,2025,0.45198299999999997,2025
39157,Tuscarawas County,OH,78.31428571428572,2010-2015,21,0.806311011,2020,11.54372883,2019,12.65085626,2022,0.010848811,2018,43.4,2023,13.6,2023,29.9,2023,9.1,2023,62098.0,2025,4.2363838725,2025,17.0,2025,0.3567568,2025
39159,Union County,OH,78.27777777777777,2010-2015,9,0.483164221,2020,38.26631165,2019,12.65085626,2022,0.034581136,2018,39.8,2023,10.2,2023,23.2,2023,6.3,2023,104592.0,2025,3.5898068712,2025,5.3,2025,0.5694848,2025
39161,Van Wert County,OH,77.11111111111111,2010-2015,9,0.781277716,2020,20.23229218,2019,12.65085626,2022,0.070718855,2018,37.3,2023,13.2,2023,29.3,2023,8.1,2023,60555.0,2025,3.4706766483,2025,14.399999999999999,2025,0.4524572,2025
39163,Vinton County,OH,75.16666666666667,2010-2015,3,0.462534696,2020,4.97219038,2019,12.65085626,2022,0.0,2018,40.3,2023,15.4,2023,33.0,2023,9.5,2023,52999.0,2025,5.006005244,2025,27.0,2025,0.1575299,2025
39165,Warren County,OH,78.984375,2010-2015,32,0.629162967,2020,45.73768234,2019,12.65085626,2022,0.012921399,2018,32.6,2023,11.0,2023,20.4,2023,6.0,2023,107973.0,2025,3.81792831,2025,6.1,2025,0.8517438,2025
39167,Washington County,OH,76.725,2010-2015,16,0.871722639,2020,11.16706753,2019,12.65085626,2022,0.049871165,2018,43.7,2023,13.8,2023,29.9,2023,7.7,2023,59646.0,2025,4.4773917732,2025,16.1,2025,0.7236255,2025
39169,Wayne County,OH,78.56129032258065,2010-2015,31,0.648261786,2020,16.47765541,2019,12.65085626,2022,0.051738858,2018,37.5,2023,12.9,2023,27.3,2023,8.5,2023,69834.0,2025,3.8216002434,2025,11.600000000000001,2025,0.4969583,2025
39171,Williams County,OH,79.35555555555555,2010-2015,9,0.793108165,2020,29.77626228,2019,12.65085626,2022,0.02717096,2018,40.6,2023,14.4,2023,31.6,2023,9.0,2023,61183.0,2025,3.5530189246,2025,13.900000000000002,2025,0.4085412,2025
39173,Wood County,OH,78.848,2010-2015,25,0.84659797,2020,30.8134346,2019,12.65085626,2022,0.030605374,2018,37.4,2023,10.7,2023,22.9,2023,7.0,2023,73906.0,2025,4.5594269377,2025,9.3,2025,0.6793889000000001,2025
39175,Wyandot County,OH,80.73333333333333,2010-2015,6,0.783013225,2020,6.652029514,2019,12.65085626,2022,0.045589242,2018,35.6,2023,13.0,2023,27.1,2023,7.4,2023,69913.0,2025,3.8498570067,2025,11.5,2025,0.27639579999999997,2025
40001,Adair County,OK,75.34,2010-2015,5,0.546572506,2020,9.651418686,2019,16.71289616,2022,0.0,2018,46.2,2023,17.5,2023,40.8,2023,13.5,2023,44808.0,2025,5.0858997932,2025,30.7,2025,0.2575461,2025
40003,Alfalfa County,OK,78.76666666666667,2010-2015,3,,,58.50933456,2019,16.71289616,2022,0.0,2018,40.6,2023,13.5,2023,31.7,2023,11.2,2023,57517.0,2025,4.6250902266,2025,21.5,2025,0.35026270000000004,2025
40005,Atoka County,OK,77.05,2010-2015,4,0.503162742,2020,34.67367935,2019,16.71289616,2022,0.0,2018,40.3,2023,14.6,2023,34.7,2023,12.7,2023,49815.0,2025,5.0962378871,2025,24.099999999999998,2025,0.1396258,2025
40007,Beaver County,OK,78.3,2010-2015,3,,,38.18638611,2019,16.71289616,2022,0.0,2018,38.4,2023,13.9,2023,33.9,2023,15.2,2023,67112.0,2025,4.0300685536,2025,18.5,2025,,
40009,Beckham County,OK,74.9,2010-2015,4,1.071362019,2020,26.51234818,2019,16.71289616,2022,0.046063844,2018,40.0,2023,13.3,2023,35.0,2023,14.8,2023,51960.0,2025,6.0916698783,2025,29.799999999999997,2025,0.4989567,2025
40011,Blaine County,OK,74.92,2010-2015,5,0.63512224,2020,61.38960266,2019,16.71289616,2022,0.0,2018,38.3,2023,14.3,2023,33.2,2023,12.1,2023,58573.0,2025,4.0791927092,2025,21.7,2025,0.5839757000000001,2025
40013,Bryan County,OK,76.91818181818182,2010-2015,11,0.59186089,2020,26.43148994,2019,16.71289616,2022,0.0,2018,40.0,2023,13.4,2023,34.1,2023,11.5,2023,50105.0,2025,4.267811576,2025,22.400000000000002,2025,0.382125,2025
40015,Caddo County,OK,79.7125,2010-2015,8,0.522939622,2020,22.88853455,2019,16.71289616,2022,0.0,2018,40.2,2023,14.9,2023,37.4,2023,15.8,2023,50742.0,2025,4.200166113,2025,23.200000000000003,2025,0.22754850000000001,2025
40017,Canadian County,OK,77.22962962962963,2010-2015,27,0.613609076,2020,34.24821091,2019,16.71289616,2022,0.013845908,2018,39.0,2023,10.4,2023,26.8,2023,9.4,2023,86539.0,2025,3.4447819788,2025,8.7,2025,0.34624109999999997,2025
40019,Carter County,OK,74.28181818181818,2010-2015,11,0.744524658,2020,18.06987381,2019,16.71289616,2022,0.020756792,2018,39.7,2023,13.7,2023,34.6,2023,11.1,2023,56270.0,2025,4.6094523574,2025,22.8,2025,0.5798182000000001,2025
40021,Cherokee County,OK,74.76666666666667,2010-2015,9,0.489606082,2020,27.90363884,2019,16.71289616,2022,0.020544427,2018,42.9,2023,14.3,2023,31.6,2023,10.8,2023,50434.0,2025,4.5549778714,2025,24.099999999999998,2025,0.7348773,2025
40023,Choctaw County,OK,73.88,2010-2015,5,0.614502251,2020,37.17069626,2019,16.71289616,2022,0.068175621,2018,45.4,2023,17.2,2023,38.6,2023,11.9,2023,44307.0,2025,5.7735040118,2025,31.1,2025,0.4193751,2025
40025,Cimarron County,OK,82.45,2010-2015,2,,,40.42378235,2019,16.71289616,2022,0.0,2018,37.6,2023,13.7,2023,31.7,2023,13.0,2023,56166.0,2025,5.2985781991,2025,26.900000000000002,2025,,
40027,Cleveland County,OK,76.62884615384615,2010-2015,52,0.794242442,2020,22.53600121,2019,16.71289616,2022,0.003550266,2018,36.3,2023,10.9,2023,26.6,2023,9.4,2023,74889.0,2025,4.1285385466,2025,13.700000000000001,2025,0.5141180999999999,2025
40029,Coal County,OK,75.0,2010-2015,2,0.536960781,2020,27.38805389,2019,16.71289616,2022,0.0,2018,42.6,2023,17.2,2023,39.2,2023,12.6,2023,46921.0,2025,4.7170204325,2025,29.799999999999997,2025,0.1895375,2025
40031,Comanche County,OK,74.76428571428572,2010-2015,28,0.73493588,2020,27.92495155,2019,16.71289616,2022,0.00830413,2018,43.0,2023,12.8,2023,33.1,2023,12.1,2023,56973.0,2025,4.4890046526,2025,26.0,2025,0.7045542,2025
40033,Cotton County,OK,78.15,2010-2015,2,,,23.48892784,2019,16.71289616,2022,0.0,2018,43.1,2023,15.4,2023,35.0,2023,11.3,2023,52735.0,2025,5.7288886625,2025,23.200000000000003,2025,,
40035,Craig County,OK,75.64,2010-2015,5,0.563618422,2020,26.772995,2019,16.71289616,2022,0.069900744,2018,41.8,2023,15.9,2023,36.1,2023,12.0,2023,49914.0,2025,3.9641857161,2025,27.800000000000004,2025,0.4250797,2025
40037,Creek County,OK,75.27619047619048,2010-2015,21,0.489613205,2020,15.85748482,2019,16.71289616,2022,0.0,2018,39.8,2023,13.4,2023,31.3,2023,10.1,2023,58195.0,2025,4.5762958984,2025,20.0,2025,0.2221328,2025
40039,Custer County,OK,76.42,2010-2015,5,0.767941892,2020,42.10711288,2019,16.71289616,2022,0.034440007,2018,41.0,2023,11.8,2023,31.4,2023,12.0,2023,55458.0,2025,4.8261845281,2025,21.099999999999998,2025,0.5326137000000001,2025
40041,Delaware County,OK,75.72222222222223,2010-2015,9,0.301372409,2020,21.14766121,2019,16.71289616,2022,0.0,2018,37.8,2023,16.7,2023,35.9,2023,10.8,2023,48763.0,2025,4.6941059114,2025,29.599999999999998,2025,0.39024390000000003,2025
40043,Dewey County,OK,78.2,2010-2015,3,,,64.11483002,2019,16.71289616,2022,0.0,2018,38.2,2023,13.5,2023,32.5,2023,10.1,2023,55952.0,2025,3.9085989176,2025,17.8,2025,0.452796,2025
40045,Ellis County,OK,79.35,2010-2015,2,,,42.67454529,2019,16.71289616,2022,0.0,2018,39.6,2023,14.1,2023,33.2,2023,10.6,2023,57212.0,2025,4.1858888889,2025,18.7,2025,0.5316321,2025
40047,Garfield County,OK,76.27499999999999,2010-2015,12,0.788578749,2020,19.05841255,2019,16.71289616,2022,0.016416857,2018,41.7,2023,12.6,2023,32.0,2023,12.3,2023,61132.0,2025,4.2570615587,2025,20.5,2025,0.419856,2025
40049,Garvin County,OK,73.9,2010-2015,9,0.866707623,2020,12.94130898,2019,16.71289616,2022,0.0,2018,38.6,2023,14.1,2023,34.4,2023,12.0,2023,57170.0,2025,4.3135172047,2025,22.2,2025,0.3487831,2025
40051,Grady County,OK,77.06666666666666,2010-2015,9,0.482953519,2020,27.88529587,2019,16.71289616,2022,0.036002953,2018,38.4,2023,12.0,2023,29.3,2023,10.0,2023,70838.0,2025,4.4366261152,2025,15.6,2025,0.2342005,2025
40053,Grant County,OK,76.65,2010-2015,2,,,65.34024048,2019,16.71289616,2022,0.231160432,2018,36.3,2023,13.5,2023,32.5,2023,9.6,2023,57737.0,2025,4.5197793538,2025,17.5,2025,,
40055,Greer County,OK,78.6,2010-2015,2,,,16.99923325,2019,16.71289616,2022,0.171791792,2018,42.1,2023,13.0,2023,33.1,2023,12.9,2023,43089.0,2025,5.3111111111,2025,30.5,2025,0.182249,2025
40057,Harmon County,OK,79.1,2010-2015,1,,,8.287625313,2019,16.71289616,2022,0.0,2018,42.4,2023,17.0,2023,39.3,2023,16.7,2023,45931.0,2025,4.5183945071,2025,36.8,2025,0.41356489999999996,2025
40059,Harper County,OK,83.35,2010-2015,2,,,51.22367096,2019,16.71289616,2022,0.0,2018,39.4,2023,14.0,2023,33.3,2023,13.8,2023,62950.0,2025,4.1881312619,2025,16.7,2025,,
40061,Haskell County,OK,79.1,2010-2015,4,0.316155553,2020,38.16976166,2019,16.71289616,2022,0.078939058,2018,42.2,2023,15.4,2023,36.3,2023,11.6,2023,49471.0,2025,4.4868630755,2025,25.4,2025,0.2585761,2025
40063,Hughes County,OK,73.42,2010-2015,5,0.457108021,2020,18.78614235,2019,16.71289616,2022,0.0,2018,41.9,2023,15.1,2023,36.5,2023,13.3,2023,50872.0,2025,4.0665362946,2025,30.099999999999998,2025,0.2237971,2025
40065,Jackson County,OK,75.8625,2010-2015,8,0.617156982,2020,31.70923424,2019,16.71289616,2022,0.040081766,2018,40.4,2023,13.2,2023,34.4,2023,13.9,2023,58371.0,2025,4.2876853833,2025,23.3,2025,0.7264802,2025
40067,Jefferson County,OK,75.93333333333334,2010-2015,3,,,26.06135559,2019,16.71289616,2022,0.0,2018,41.2,2023,16.3,2023,38.3,2023,13.0,2023,43298.0,2025,5.072168469,2025,35.199999999999996,2025,0.1838911,2025
40069,Johnston County,OK,78.73333333333333,2010-2015,3,0.277161866,2020,33.73973465,2019,16.71289616,2022,0.0,2018,39.4,2023,15.3,2023,36.9,2023,11.7,2023,49984.0,2025,4.4143995726,2025,24.7,2025,0.2912339,2025
40071,Kay County,OK,74.83636363636364,2010-2015,11,0.808799744,2020,38.18689728,2019,16.71289616,2022,0.045288831,2018,42.6,2023,14.1,2023,32.1,2023,11.2,2023,55440.0,2025,4.1352030138,2025,27.0,2025,0.3887314,2025
40073,Kingfisher County,OK,80.7,2010-2015,4,0.506136894,2020,18.861866,2019,16.71289616,2022,0.0,2018,37.1,2023,11.9,2023,33.6,2023,12.1,2023,72345.0,2025,4.0192834114,2025,15.5,2025,0.4604052,2025
40075,Kiowa County,OK,72.2,2010-2015,3,,,41.75582886,2019,16.71289616,2022,0.114560656,2018,42.7,2023,16.6,2023,36.4,2023,12.9,2023,44393.0,2025,4.8428253096,2025,30.0,2025,0.35671820000000004,2025
40077,Latimer County,OK,76.56666666666666,2010-2015,3,,,19.52877998,2019,16.71289616,2022,0.097742155,2018,42.3,2023,17.0,2023,37.9,2023,12.2,2023,41241.0,2025,4.6928865255,2025,29.299999999999997,2025,0.2121566,2025
40079,Le Flore County,OK,74.41666666666667,2010-2015,12,0.42054671,2020,18.03305054,2019,16.71289616,2022,0.040016007,2018,40.3,2023,15.1,2023,37.9,2023,12.7,2023,50469.0,2025,4.3962461371,2025,25.3,2025,0.2888027,2025
40081,Lincoln County,OK,76.67142857142858,2010-2015,7,0.570694804,2020,27.3223114,2019,16.71289616,2022,0.0,2018,44.1,2023,14.1,2023,33.3,2023,10.3,2023,56344.0,2025,4.5993027121,2025,31.2,2025,0.23648349999999999,2025
40083,Logan County,OK,77.9875,2010-2015,8,0.26651907,2020,53.40716171,2019,16.71289616,2022,0.0,2018,40.2,2023,12.0,2023,28.8,2023,9.4,2023,77836.0,2025,4.8234880656,2025,14.000000000000002,2025,0.0393043,2025
40085,Love County,OK,76.10000000000001,2010-2015,3,0.488758564,2020,19.37078094,2019,16.71289616,2022,0.0,2018,38.8,2023,14.4,2023,35.0,2023,13.7,2023,58771.0,2025,4.080589494,2025,18.7,2025,0.4894283,2025
40087,McClain County,OK,76.35000000000001,2010-2015,6,0.749733984,2020,9.290120125,2019,16.71289616,2022,0.050018758,2018,38.5,2023,11.3,2023,28.6,2023,9.8,2023,80952.0,2025,3.952908737,2025,12.6,2025,0.436621,2025
40089,McCurtain County,OK,75.65,2010-2015,8,0.457707793,2020,28.40285683,2019,16.71289616,2022,0.06115647,2018,42.6,2023,15.5,2023,36.5,2023,12.4,2023,48589.0,2025,5.0047219047,2025,29.299999999999997,2025,0.4533092,2025
40091,McIntosh County,OK,69.71666666666665,2010-2015,6,0.560224116,2020,14.20057964,2019,16.71289616,2022,0.050466817,2018,44.8,2023,17.7,2023,39.8,2023,11.3,2023,46509.0,2025,5.1432197653,2025,28.199999999999996,2025,0.10392309999999999,2025
40093,Major County,OK,76.86666666666666,2010-2015,3,0.395830572,2020,10.81095219,2019,16.71289616,2022,0.0,2018,41.9,2023,13.3,2023,33.9,2023,11.0,2023,64527.0,2025,4.2727716047,2025,16.7,2025,0.5216484,2025
40095,Marshall County,OK,77.825,2010-2015,4,0.525885224,2020,29.1362133,2019,16.71289616,2022,0.0,2018,39.4,2023,15.7,2023,37.3,2023,13.6,2023,54966.0,2025,4.8924522476,2025,19.400000000000002,2025,0.2565089,2025
40097,Mayes County,OK,76.1,2010-2015,9,0.704704523,2020,12.58083057,2019,16.71289616,2022,0.024326757,2018,41.8,2023,14.6,2023,34.9,2023,10.5,2023,59498.0,2025,4.5815869746,2025,22.8,2025,0.3575168,2025
40099,Murray County,OK,76.89999999999999,2010-2015,3,0.788247943,2020,15.85858727,2019,16.71289616,2022,0.0,2018,41.4,2023,14.3,2023,34.9,2023,11.0,2023,63623.0,2025,4.6547438254,2025,17.5,2025,0.2915877,2025
40101,Muskogee County,OK,73.5375,2010-2015,16,0.85786128,2020,14.63655949,2019,16.71289616,2022,0.01462801,2018,41.5,2023,15.2,2023,35.8,2023,12.1,2023,52188.0,2025,4.491758604,2025,26.5,2025,0.4535422,2025
40103,Noble County,OK,75.9,2010-2015,4,0.629892945,2020,31.78634834,2019,16.71289616,2022,0.088581808,2018,41.6,2023,13.3,2023,33.3,2023,9.4,2023,60758.0,2025,4.5082030496,2025,17.4,2025,0.457331,2025
40105,Nowata County,OK,75.35,2010-2015,4,,,24.94752884,2019,16.71289616,2022,0.195733026,2018,40.5,2023,15.2,2023,35.1,2023,10.2,2023,54831.0,2025,4.5190852602,2025,24.9,2025,0.1074922,2025
40107,Okfuskee County,OK,77.4,2010-2015,4,0.254993618,2020,14.84899235,2019,16.71289616,2022,0.0,2018,45.8,2023,17.3,2023,39.0,2023,13.5,2023,44661.0,2025,5.3357617992,2025,28.1,2025,0.0893096,2025
40109,Oklahoma County,OK,75.36697674418605,2010-2015,215,0.970099807,2020,21.86232376,2019,16.71289616,2022,0.015140389,2018,37.7,2023,12.6,2023,29.2,2023,12.5,2023,65979.0,2025,4.7362660944,2025,22.2,2025,0.8126976,2025
40111,Okmulgee County,OK,73.78999999999999,2010-2015,10,0.549249351,2020,27.0287571,2019,16.71289616,2022,0.026085822,2018,45.0,2023,15.4,2023,37.2,2023,11.1,2023,53938.0,2025,4.7115616487,2025,25.8,2025,0.2985642,2025
40113,Osage County,OK,77.60000000000001,2010-2015,11,0.40735817,2020,37.55539322,2019,16.71289616,2022,0.0,2018,46.4,2023,14.4,2023,31.9,2023,10.1,2023,61279.0,2025,4.4332120863,2025,18.7,2025,0.1747793,2025
40115,Ottawa County,OK,74.01111111111112,2010-2015,9,0.453382552,2020,15.91348553,2019,16.71289616,2022,0.064153969,2018,41.7,2023,15.2,2023,36.3,2023,11.8,2023,48937.0,2025,4.2502095557,2025,26.5,2025,0.461437,2025
40117,Pawnee County,OK,76.38000000000001,2010-2015,5,0.610463321,2020,5.602851391,2019,16.71289616,2022,0.0,2018,39.7,2023,14.3,2023,33.3,2023,10.7,2023,52744.0,2025,4.5337966143,2025,22.400000000000002,2025,0.2541135,2025
40119,Payne County,OK,77.00666666666666,2010-2015,15,0.795058429,2020,25.2799778,2019,16.71289616,2022,0.048756704,2018,33.9,2023,9.8,2023,27.1,2023,9.4,2023,56811.0,2025,5.7810101235,2025,20.0,2025,0.46347679999999997,2025
40121,Pittsburg County,OK,75.89166666666667,2010-2015,12,0.663934588,2020,36.01762772,2019,16.71289616,2022,0.022790983,2018,40.1,2023,14.3,2023,33.8,2023,11.2,2023,51514.0,2025,4.8735483295,2025,24.099999999999998,2025,0.4354502,2025
40123,Pontotoc County,OK,75.28,2010-2015,10,0.703179955,2020,28.5971241,2019,16.71289616,2022,0.026145842,2018,39.9,2023,12.3,2023,29.7,2023,9.8,2023,61269.0,2025,4.1747479426,2025,15.7,2025,0.7074915,2025
40125,Pottawatomie County,OK,74.00625,2010-2015,16,0.849338353,2020,17.28829193,2019,16.71289616,2022,0.027518265,2018,41.2,2023,13.0,2023,32.2,2023,10.3,2023,57089.0,2025,4.5257563042,2025,22.400000000000002,2025,0.3012914,2025
40127,Pushmataha County,OK,78.46666666666667,2010-2015,3,0.364630818,2020,24.45699692,2019,16.71289616,2022,0.0,2018,39.1,2023,17.7,2023,39.6,2023,12.2,2023,45012.0,2025,5.3443285292,2025,29.5,2025,0.1849283,2025
40129,Roger Mills County,OK,82.4,2010-2015,1,,,54.73823929,2019,16.71289616,2022,0.0,2018,40.3,2023,14.6,2023,33.5,2023,10.0,2023,57132.0,2025,4.339538843,2025,27.1,2025,0.5906675,2025
40131,Rogers County,OK,76.47142857142856,2010-2015,28,0.504535437,2020,21.86498642,2019,16.71289616,2022,0.0,2018,40.1,2023,12.4,2023,28.5,2023,9.0,2023,73688.0,2025,3.7785471718,2025,12.0,2025,0.37230470000000004,2025
40133,Seminole County,OK,75.94444444444444,2010-2015,9,0.6186077,2020,23.20309258,2019,16.71289616,2022,0.0,2018,45.0,2023,16.1,2023,37.9,2023,12.3,2023,49000.0,2025,4.9260557769,2025,25.0,2025,0.33945770000000003,2025
40135,Sequoyah County,OK,75.33333333333333,2010-2015,9,0.625932872,2020,20.2821846,2019,16.71289616,2022,0.0,2018,47.1,2023,16.6,2023,37.4,2023,12.2,2023,48050.0,2025,4.5120470676,2025,32.7,2025,0.3543586,2025
40137,Stephens County,OK,75.19090909090909,2010-2015,11,0.556844532,2020,27.38076019,2019,16.71289616,2022,0.0,2018,39.1,2023,14.2,2023,34.3,2023,11.3,2023,56649.0,2025,4.7610412637,2025,20.0,2025,0.39416629999999997,2025
40139,Texas County,OK,79.14,2010-2015,5,0.550082505,2020,28.8474617,2019,16.71289616,2022,0.0,2018,44.1,2023,13.7,2023,37.4,2023,21.5,2023,67901.0,2025,4.7941228614,2025,15.2,2025,0.3834172,2025
40141,Tillman County,OK,75.1,2010-2015,5,0.553326905,2020,40.65195465,2019,16.71289616,2022,0.0,2018,44.0,2023,16.2,2023,37.4,2023,15.9,2023,46314.0,2025,4.6196611189,2025,28.799999999999997,2025,0.1413228,2025
40143,Tulsa County,OK,76.07321428571429,2010-2015,168,0.913944721,2020,25.5191288,2019,16.71289616,2022,0.016965883,2018,35.7,2023,11.7,2023,30.8,2023,11.6,2023,65619.0,2025,4.6148660152,2025,19.8,2025,1.0537142,2025
40145,Wagoner County,OK,76.02000000000001,2010-2015,20,0.349713594,2020,40.38547897,2019,16.71289616,2022,0.012482836,2018,36.1,2023,11.9,2023,28.4,2023,9.4,2023,80246.0,2025,3.8312887626,2025,12.2,2025,0.27364659999999996,2025
40147,Washington County,OK,76.5923076923077,2010-2015,13,0.61276859,2020,33.49536133,2019,16.71289616,2022,0.019289007,2018,42.4,2023,13.2,2023,30.9,2023,10.0,2023,66236.0,2025,4.9847151635,2025,19.1,2025,0.43583720000000004,2025
40149,Washita County,OK,79.975,2010-2015,4,,,47.49957275,2019,16.71289616,2022,0.0,2018,39.5,2023,13.4,2023,32.5,2023,10.9,2023,54874.0,2025,4.3991874423,2025,22.400000000000002,2025,0.27485109999999996,2025
40151,Woods County,OK,76.73333333333333,2010-2015,3,0.57557267,2020,26.5980072,2019,16.71289616,2022,0.11239744,2018,36.6,2023,11.1,2023,29.1,2023,10.1,2023,56740.0,2025,4.3491748651,2025,19.3,2025,0.5825469,2025
40153,Woodward County,OK,75.56,2010-2015,5,0.858065844,2020,30.09266281,2019,16.71289616,2022,0.049451094,2018,41.5,2023,12.1,2023,30.7,2023,12.2,2023,59312.0,2025,4.0573910139,2025,19.1,2025,0.2969562,2025
41001,Baker County,OR,77.60000000000001,2010-2015,6,0.491279781,2020,37.89080048,2019,17.53157976,2022,0.062476572,2018,37.7,2023,13.6,2023,21.3,2023,7.7,2023,59123.0,2025,5.0376375953,2025,20.0,2025,0.7122930000000001,2025
41003,Benton County,OR,81.91538461538462,2010-2015,13,0.740033686,2020,27.92724991,2019,17.53157976,2022,0.021715291,2018,25.9,2023,9.3,2023,16.2,2023,6.7,2023,74800.0,2025,5.5525251066,2025,11.5,2025,1.1664601,2025
41005,Clackamas County,OR,79.8974025974026,2010-2015,77,0.578753114,2020,17.28423119,2019,17.53157976,2022,0.040858019,2018,34.0,2023,10.5,2023,19.7,2023,6.7,2023,100376.0,2025,4.1675481886,2025,6.9,2025,0.9158961,2025
41007,Clatsop County,OR,77.99090909090908,2010-2015,11,0.915320516,2020,12.43290138,2019,17.53157976,2022,0.1005935,2018,34.8,2023,12.6,2023,21.5,2023,8.2,2023,65160.0,2025,4.2882533743,2025,18.6,2025,0.6218608,2025
41009,Columbia County,OR,78.72,2010-2015,10,0.453892112,2020,6.096260071,2019,17.53157976,2022,0.038184699,2018,33.5,2023,12.1,2023,22.1,2023,8.1,2023,81463.0,2025,3.9470453211,2025,11.5,2025,0.2637826,2025
41011,Coos County,OR,76.20833333333333,2010-2015,12,0.587226272,2020,10.55284691,2019,17.53157976,2022,0.046591811,2018,34.1,2023,14.2,2023,24.1,2023,8.6,2023,61386.0,2025,5.0809593941,2025,20.9,2025,0.8307819999999999,2025
41013,Crook County,OR,77.25,2010-2015,4,0.358494312,2020,16.50672913,2019,17.53157976,2022,0.041898858,2018,36.1,2023,12.5,2023,21.2,2023,7.9,2023,73421.0,2025,3.8005265729,2025,16.8,2025,0.34966389999999997,2025
41015,Curry County,OR,75.85,2010-2015,4,0.600729465,2020,6.565009594,2019,17.53157976,2022,0.087669313,2018,38.4,2023,15.7,2023,23.8,2023,8.1,2023,55238.0,2025,4.6507906768,2025,22.6,2025,0.6755901000000001,2025
41017,Deschutes County,OR,79.91363636363636,2010-2015,22,0.783073723,2020,22.97898865,2019,17.53157976,2022,0.010416884,2018,27.2,2023,10.2,2023,16.6,2023,6.8,2023,95414.0,2025,4.1081703392,2025,10.299999999999999,2025,0.9863233,2025
41019,Douglas County,OR,76.87272727272727,2010-2015,22,0.610610247,2020,23.16909409,2019,17.53157976,2022,0.054405484,2018,37.6,2023,14.3,2023,25.8,2023,8.6,2023,60296.0,2025,4.402719945,2025,21.0,2025,0.6429834,2025
41021,Gilliam County,OR,80.5,2010-2015,1,1.518987298,2020,54.60178375,2019,17.53157976,2022,0.527983129,2018,35.4,2023,14.8,2023,25.5,2023,9.1,2023,74010.0,2025,4.9045562213,2025,15.1,2025,0.49875310000000006,2025
41023,Grant County,OR,81.4,2010-2015,2,0.417827308,2020,39.80830765,2019,17.53157976,2022,0.278706789,2018,33.6,2023,14.6,2023,24.7,2023,8.0,2023,61024.0,2025,4.1927555471,2025,21.0,2025,0.9625963000000001,2025
41025,Harney County,OR,77.8,2010-2015,2,0.949410021,2020,38.09376144,2019,17.53157976,2022,0.136444256,2018,38.8,2023,15.0,2023,26.5,2023,8.9,2023,56649.0,2025,4.5896592244,2025,20.8,2025,0.5280528000000001,2025
41027,Hood River County,OR,81.3,2010-2015,4,1.116838455,2020,15.00495148,2019,17.53157976,2022,0.170735866,2018,31.5,2023,11.3,2023,20.7,2023,11.3,2023,79092.0,2025,4.2867787637,2025,12.8,2025,2.2031009999999998,2025
41029,Jackson County,OR,78.34,2010-2015,40,0.712212205,2020,20.0916748,2019,17.53157976,2022,0.040990327,2018,32.8,2023,12.7,2023,21.8,2023,9.3,2023,71030.0,2025,4.2766504902,2025,14.000000000000002,2025,0.9609626,2025
41031,Jefferson County,OR,78.0,2010-2015,6,0.482780814,2020,12.50694942,2019,17.53157976,2022,0.041335978,2018,35.5,2023,13.4,2023,23.3,2023,11.2,2023,68419.0,2025,4.1496136012,2025,19.1,2025,0.6382639,2025
41033,Josephine County,OR,76.85625,2010-2015,16,0.635980606,2020,22.21060181,2019,17.53157976,2022,0.034327693,2018,33.8,2023,14.8,2023,25.7,2023,9.6,2023,61575.0,2025,4.9486658815,2025,20.7,2025,0.7357435999999999,2025
41035,Klamath County,OR,77.63000000000001,2010-2015,20,0.741936862,2020,34.3188858,2019,17.53157976,2022,0.059125241,2018,37.9,2023,14.1,2023,26.3,2023,10.3,2023,54630.0,2025,5.2426111187,2025,23.599999999999998,2025,1.0404196,2025
41037,Lake County,OR,79.15,2010-2015,2,0.629009962,2020,40.53071594,2019,17.53157976,2022,0.253839314,2018,37.7,2023,14.7,2023,25.7,2023,10.0,2023,56518.0,2025,5.3588742999,2025,21.099999999999998,2025,0.4833253,2025
41039,Lane County,OR,78.76455696202531,2010-2015,79,0.778096318,2020,17.86822319,2019,17.53157976,2022,0.034245584,2018,34.3,2023,10.8,2023,19.2,2023,8.1,2023,70065.0,2025,4.5819074334,2025,14.000000000000002,2025,0.8220486,2025
41041,Lincoln County,OR,77.91176470588235,2010-2015,17,0.553545654,2020,14.2103548,2019,17.53157976,2022,0.121486999,2018,35.7,2023,14.9,2023,23.6,2023,8.3,2023,61603.0,2025,4.440834564,2025,21.3,2025,0.5701703,2025
41043,Linn County,OR,77.88571428571429,2010-2015,21,0.595174491,2020,34.73357391,2019,17.53157976,2022,0.031413201,2018,40.1,2023,12.0,2023,22.6,2023,8.9,2023,70242.0,2025,3.9599061699,2025,18.4,2025,0.5853403,2025
41045,Malheur County,OR,77.77142857142857,2010-2015,7,0.548687994,2020,8.92370224,2019,17.53157976,2022,0.065093569,2018,41.2,2023,13.9,2023,28.3,2023,15.7,2023,53762.0,2025,4.7807321071,2025,23.799999999999997,2025,0.25242169999999997,2025
41047,Marion County,OR,79.30877192982457,2010-2015,57,0.727368534,2020,17.35728264,2019,17.53157976,2022,0.028829411,2018,43.4,2023,12.5,2023,22.2,2023,12.3,2023,73210.0,2025,4.1778822962,2025,18.5,2025,0.7144524,2025
41049,Morrow County,OR,80.5,2010-2015,2,0.256410271,2020,4.515288353,2019,17.53157976,2022,0.0,2018,39.2,2023,14.5,2023,27.9,2023,17.8,2023,80508.0,2025,4.0101938082,2025,15.4,2025,0.4064049,2025
41051,Multnomah County,OR,78.87278481012657,2010-2015,158,0.877841473,2020,7.608291626,2019,17.53157976,2022,0.033256147,2018,28.9,2023,9.5,2023,17.6,2023,7.5,2023,83290.0,2025,4.8799932957,2025,13.0,2025,1.4712893,2025
41053,Polk County,OR,79.26363636363637,2010-2015,11,0.547045946,2020,25.89521599,2019,17.53157976,2022,0.023464814,2018,32.5,2023,10.9,2023,20.2,2023,8.9,2023,79970.0,2025,4.625191154,2025,11.3,2025,0.5719797000000001,2025
41055,Sherman County,OR,81.7,2010-2015,1,,,47.75307465,2019,17.53157976,2022,1.170960188,2018,36.6,2023,14.2,2023,24.7,2023,9.0,2023,73123.0,2025,4.3809504418,2025,20.200000000000003,2025,0.5243838,2025
41057,Tillamook County,OR,78.325,2010-2015,8,0.4372859,2020,2.879510403,2019,17.53157976,2022,0.149326161,2018,32.1,2023,13.5,2023,22.1,2023,8.7,2023,68717.0,2025,4.0824738771,2025,16.2,2025,0.5405795,2025
41059,Umatilla County,OR,78.97142857142856,2010-2015,14,0.553040445,2020,30.501688,2019,17.53157976,2022,0.064502813,2018,37.7,2023,12.5,2023,25.0,2023,13.6,2023,62890.0,2025,4.3787255563,2025,21.8,2025,0.4625694,2025
41061,Union County,OR,78.4125,2010-2015,8,0.677940547,2020,12.1145649,2019,17.53157976,2022,0.037791468,2018,35.8,2023,12.2,2023,21.7,2023,8.1,2023,63524.0,2025,4.2193983033,2025,16.400000000000002,2025,0.8393102,2025
41063,Wallowa County,OR,78.89999999999999,2010-2015,3,0.835538208,2020,25.06251144,2019,17.53157976,2022,0.423668981,2018,34.2,2023,12.6,2023,20.4,2023,6.6,2023,61173.0,2025,3.4482506845,2025,16.400000000000002,2025,1.7229954,2025
41065,Wasco County,OR,77.8875,2010-2015,8,0.719615221,2020,39.95554733,2019,17.53157976,2022,0.113186188,2018,37.9,2023,13.3,2023,23.6,2023,11.4,2023,65701.0,2025,4.3801235658,2025,18.3,2025,1.0476689,2025
41067,Washington County,OR,81.2010101010101,2010-2015,99,0.685982406,2020,14.30418015,2019,17.53157976,2022,0.023423318,2018,32.4,2023,9.9,2023,17.7,2023,7.8,2023,103486.0,2025,4.0148942384,2025,8.7,2025,0.922087,2025
41069,Wheeler County,OR,78.2,2010-2015,1,,,100.0,2019,17.53157976,2022,0.0,2018,35.8,2023,16.5,2023,25.8,2023,8.5,2023,46315.0,2025,3.930429712,2025,31.0,2025,0.0,2025
41071,Yamhill County,OR,79.61176470588236,2010-2015,17,0.464407802,2020,15.67876816,2019,17.53157976,2022,0.03738248,2018,37.0,2023,11.2,2023,20.8,2023,9.4,2023,86887.0,2025,4.2469337694,2025,10.0,2025,0.5820453,2025
42001,Adams County,PA,79.99545454545455,2010-2015,22,0.603453338,2020,15.85733128,2019,14.15400761,2022,0.019453172,2018,,,,,,,,,77041.0,2025,3.6076841198,2025,12.6,2025,0.5378048,2025
42003,Allegheny County,PA,77.23613445378152,2010-2015,357,0.880829632,2020,26.44296455,2019,14.15400761,2022,0.019697124,2018,,,,,,,,,76488.0,2025,5.0773063271,2025,15.2,2025,1.0928123,2025
42005,Armstrong County,PA,77.78947368421052,2010-2015,19,0.405224264,2020,5.173372269,2019,14.15400761,2022,0.0,2018,,,,,,,,,61521.0,2025,4.0766444963,2025,15.4,2025,0.43015380000000003,2025
42007,Beaver County,PA,77.204,2010-2015,50,0.738120854,2020,32.52877808,2019,14.15400761,2022,0.02428039,2018,,,,,,,,,66846.0,2025,4.4208721704,2025,12.7,2025,0.3900999,2025
42009,Bedford County,PA,78.58181818181818,2010-2015,11,0.522826612,2020,22.7117157,2019,14.15400761,2022,0.041514449,2018,,,,,,,,,58319.0,2025,4.6445280881,2025,14.299999999999999,2025,0.3371189,2025
42011,Berks County,PA,78.46477272727272,2010-2015,88,0.638929069,2020,17.45006371,2019,14.15400761,2022,0.011900455,2018,,,,,,,,,75655.0,2025,4.4976326481,2025,17.9,2025,0.6288693,2025
42013,Blair County,PA,77.53823529411765,2010-2015,34,0.859454393,2020,16.2413559,2019,14.15400761,2022,0.040818993,2018,,,,,,,,,54909.0,2025,4.4891959042,2025,18.0,2025,0.7719661000000001,2025
42015,Bradford County,PA,79.19285714285715,2010-2015,14,0.54798162,2020,14.19464016,2019,14.15400761,2022,0.0,2018,,,,,,,,,61270.0,2025,4.5577191052,2025,17.599999999999998,2025,1.0185000000000002,2025
42017,Bucks County,PA,79.60857142857144,2010-2015,140,0.759569883,2020,34.60395432,2019,14.15400761,2022,0.017510487,2018,,,,,,,,,107006.0,2025,4.2348987821,2025,7.5,2025,0.807927,2025
42019,Butler County,PA,78.86744186046512,2010-2015,43,0.713775873,2020,24.32904816,2019,14.15400761,2022,0.010644639,2018,,,,,,,,,80978.0,2025,4.6121307513,2025,9.8,2025,0.6794562,2025
42021,Cambria County,PA,77.34358974358975,2010-2015,39,0.73053968,2020,22.2890625,2019,14.15400761,2022,0.030365141,2018,,,,,,,,,55592.0,2025,4.6438063109,2025,17.599999999999998,2025,0.696089,2025
42023,Cameron County,PA,79.4,2010-2015,2,,,7.551332951,2019,14.15400761,2022,0.0,2018,,,,,,,,,51035.0,2025,4.2347400151,2025,25.7,2025,0.44853109999999996,2025
42025,Carbon County,PA,77.00833333333334,2010-2015,12,0.530578494,2020,4.975941658,2019,14.15400761,2022,0.015569776,2018,,,,,,,,,64894.0,2025,4.0883313395,2025,17.599999999999998,2025,0.33632969999999995,2025
42027,Centre County,PA,81.78260869565217,2010-2015,23,0.681131423,2020,16.12185669,2019,14.15400761,2022,0.073707812,2018,,,,,,,,,69999.0,2025,5.1837975399,2025,10.0,2025,0.8316035,2025
42029,Chester County,PA,80.77272727272727,2010-2015,110,0.645456433,2020,45.07774353,2019,14.15400761,2022,0.02681756,2018,,,,,,,,,120925.0,2025,4.4170378925,2025,6.5,2025,0.80015,2025
42031,Clarion County,PA,79.17999999999999,2010-2015,10,0.678762555,2020,15.68650723,2019,14.15400761,2022,0.025787152,2018,,,,,,,,,56911.0,2025,4.4711005845,2025,17.299999999999997,2025,0.4575304,2025
42033,Clearfield County,PA,78.12,2010-2015,20,0.585152388,2020,19.27971458,2019,14.15400761,2022,0.037789088,2018,,,,,,,,,60213.0,2025,4.2424573592,2025,19.8,2025,0.4620264,2025
42035,Clinton County,PA,79.16666666666667,2010-2015,9,0.579603255,2020,11.2790451,2019,14.15400761,2022,0.02585048,2018,,,,,,,,,55946.0,2025,4.7713716869,2025,18.5,2025,0.3469905,2025
42037,Columbia County,PA,78.41428571428571,2010-2015,14,0.77110517,2020,8.378909111,2019,14.15400761,2022,0.030554876,2018,,,,,,,,,63605.0,2025,4.7893486837,2025,13.8,2025,0.5703539,2025
42039,Crawford County,PA,77.71363636363637,2010-2015,22,0.573497236,2020,14.50422096,2019,14.15400761,2022,0.035267979,2018,,,,,,,,,60545.0,2025,4.169349985,2025,17.5,2025,0.6118703,2025
42041,Cumberland County,PA,79.81304347826087,2010-2015,46,0.777778208,2020,26.96913147,2019,14.15400761,2022,0.031818885,2018,,,,,,,,,82507.0,2025,3.8352682774,2025,9.1,2025,0.8671872,2025
42043,Dauphin County,PA,78.06923076923077,2010-2015,65,0.836090505,2020,35.35398102,2019,14.15400761,2022,0.021653067,2018,,,,,,,,,73929.0,2025,4.3440119203,2025,19.0,2025,1.0334029,2025
42045,Delaware County,PA,77.65971223021583,2010-2015,139,0.758707941,2020,15.85291195,2019,14.15400761,2022,0.010624151,2018,,,,,,,,,84180.0,2025,5.0542911069,2025,13.700000000000001,2025,1.0054910000000001,2025
42047,Elk County,PA,78.33333333333333,2010-2015,9,0.472861141,2020,17.26659393,2019,14.15400761,2022,0.0,2018,,,,,,,,,66378.0,2025,3.7105691057,2025,13.8,2025,0.35734010000000005,2025
42049,Erie County,PA,77.3030303030303,2010-2015,66,0.700379252,2020,34.04052734,2019,14.15400761,2022,0.025729524,2018,,,,,,,,,60721.0,2025,4.7694097236,2025,20.8,2025,0.8103758,2025
42051,Fayette County,PA,76.33714285714287,2010-2015,35,0.757067263,2020,16.82693863,2019,14.15400761,2022,0.045997806,2018,,,,,,,,,54030.0,2025,5.2281431379,2025,27.1,2025,0.3702799,2025
42053,Forest County,PA,76.0,2010-2015,3,0.430725068,2020,39.42614746,2019,14.15400761,2022,0.137381509,2018,,,,,,,,,48084.0,2025,3.8935233612,2025,29.299999999999997,2025,,
42055,Franklin County,PA,80.05555555555556,2010-2015,27,0.648945928,2020,24.26099586,2019,14.15400761,2022,0.012916977,2018,,,,,,,,,75532.0,2025,3.6102370807,2025,11.3,2025,0.6142466999999999,2025
42057,Fulton County,PA,76.96666666666667,2010-2015,3,0.275843054,2020,2.359087229,2019,14.15400761,2022,0.137712598,2018,,,,,,,,,62044.0,2025,4.4096189926,2025,18.7,2025,0.2065689,2025
42059,Greene County,PA,77.83333333333333,2010-2015,9,0.982566476,2020,22.59093475,2019,14.15400761,2022,0.054785516,2018,,,,,,,,,60627.0,2025,4.8445104089,2025,18.4,2025,0.4523735,2025
42061,Huntingdon County,PA,79.95833333333333,2010-2015,12,0.470957607,2020,1.654925823,2019,14.15400761,2022,0.044279136,2018,,,,,,,,,61812.0,2025,4.2695683197,2025,17.7,2025,0.3189865,2025
42063,Indiana County,PA,78.82000000000001,2010-2015,20,0.549818337,2020,8.238246918,2019,14.15400761,2022,0.023668358,2018,,,,,,,,,57110.0,2025,4.8168377823,2025,18.5,2025,0.5067201,2025
42065,Jefferson County,PA,77.74615384615385,2010-2015,13,0.649531424,2020,7.920552254,2019,14.15400761,2022,0.022914233,2018,,,,,,,,,49430.0,2025,4.3351329573,2025,23.5,2025,0.4760394,2025
42067,Juniata County,PA,79.38,2010-2015,5,0.284333229,2020,5.620579243,2019,14.15400761,2022,0.0,2018,,,,,,,,,59755.0,2025,3.6207724265,2025,13.4,2025,0.1716959,2025
42069,Lackawanna County,PA,76.66491228070174,2010-2015,57,0.794300199,2020,15.2504015,2019,14.15400761,2022,0.033207934,2018,,,,,,,,,57570.0,2025,4.9884144451,2025,19.5,2025,0.8253618,2025
42071,Lancaster County,PA,79.84183673469387,2010-2015,98,0.646292865,2020,20.43885803,2019,14.15400761,2022,0.023916535,2018,,,,,,,,,80210.0,2025,3.8139092982,2025,11.5,2025,0.7224755,2025
42073,Lawrence County,PA,76.98928571428571,2010-2015,28,0.63467437,2020,18.52605057,2019,14.15400761,2022,0.05801541,2018,,,,,,,,,61686.0,2025,4.3827707694,2025,18.5,2025,0.4093711,2025
42075,Lebanon County,PA,78.9483870967742,2010-2015,31,0.57177949,2020,19.52481461,2019,14.15400761,2022,0.021229319,2018,,,,,,,,,78284.0,2025,4.0561218546,2025,11.3,2025,0.5784254,2025
42077,Lehigh County,PA,79.35,2010-2015,74,0.717364013,2020,25.48513412,2019,14.15400761,2022,0.016299918,2018,,,,,,,,,76270.0,2025,4.6127654526,2025,17.599999999999998,2025,0.9639478,2025
42079,Luzerne County,PA,76.52828282828283,2010-2015,99,0.646724403,2020,20.29522896,2019,14.15400761,2022,0.009444476,2018,,,,,,,,,60165.0,2025,4.7017510249,2025,25.3,2025,0.7575455999999999,2025
42081,Lycoming County,PA,79.07037037037037,2010-2015,27,0.706657588,2020,23.28651619,2019,14.15400761,2022,0.043989301,2018,,,,,,,,,62063.0,2025,4.1667707899,2025,16.7,2025,0.7658113999999999,2025
42083,Mc Kean County,PA,77.05,2010-2015,12,0.669427037,2020,2.796860695,2019,14.15400761,2022,0.0,2018,,,,,,,,,59522.0,2025,4.1746940901,2025,21.0,2025,0.5758494000000001,2025
42085,Mercer County,PA,77.26785714285714,2010-2015,28,0.718595982,2020,18.19691086,2019,14.15400761,2022,0.036139246,2018,,,,,,,,,61530.0,2025,4.5194446575,2025,18.8,2025,0.6183392000000001,2025
42087,Mifflin County,PA,78.59166666666667,2010-2015,12,0.521014214,2020,19.56762695,2019,14.15400761,2022,0.064904161,2018,,,,,,,,,58758.0,2025,3.8576324432,2025,21.5,2025,0.6069013,2025
42089,Monroe County,PA,79.59333333333333,2010-2015,30,0.652350247,2020,23.42515945,2019,14.15400761,2022,0.023597846,2018,,,,,,,,,73408.0,2025,4.1861865273,2025,13.900000000000002,2025,0.40171789999999996,2025
42091,Montgomery County,PA,80.24660194174757,2010-2015,206,0.775901258,2020,31.25239182,2019,14.15400761,2022,0.016895888,2018,,,,,,,,,106780.0,2025,4.5798505745,2025,7.9,2025,1.3060989,2025
42093,Montour County,PA,79.375,2010-2015,4,0.60968852,2020,19.29822731,2019,14.15400761,2022,0.0,2018,,,,,,,,,73087.0,2025,5.13983185,2025,12.9,2025,5.8052744999999994,2025
42095,Northampton County,PA,79.68030303030302,2010-2015,66,0.725746334,2020,24.54721451,2019,14.15400761,2022,0.022965351,2018,,,,,,,,,84051.0,2025,4.0492639447,2025,14.6,2025,0.8066882000000001,2025
42097,Northumberland County,PA,77.03333333333333,2010-2015,24,0.587205589,2020,6.583264828,2019,14.15400761,2022,0.021957994,2018,,,,,,,,,58834.0,2025,4.3621996756,2025,15.8,2025,0.43827930000000004,2025
42099,Perry County,PA,77.17,2010-2015,10,0.389509231,2020,6.259481907,2019,14.15400761,2022,0.0,2018,,,,,,,,,71392.0,2025,3.8245916692,2025,14.6,2025,0.260949,2025
42101,Philadelphia County,PA,75.37971830985916,2010-2015,355,0.898328602,2020,1.076196194,2019,14.15400761,2022,0.031562906,2018,,,,,,,,,60196.0,2025,6.2592029802,2025,25.8,2025,0.7080091000000001,2025
42103,Pike County,PA,80.48,2010-2015,15,0.428021103,2020,12.58837986,2019,14.15400761,2022,0.017878532,2018,,,,,,,,,71698.0,2025,3.8856620415,2025,13.4,2025,0.25020020000000004,2025
42105,Potter County,PA,79.72,2010-2015,5,0.486233503,2020,4.791255951,2019,14.15400761,2022,0.120322466,2018,,,,,,,,,57850.0,2025,3.944051972,2025,17.7,2025,0.3690264,2025
42107,Schuylkill County,PA,76.29230769230769,2010-2015,39,0.469053149,2020,8.367783546,2019,14.15400761,2022,0.021116797,2018,,,,,,,,,63479.0,2025,4.4390587216,2025,21.0,2025,0.5025687,2025
42109,Snyder County,PA,81.17142857142858,2010-2015,7,0.719299555,2020,6.229284763,2019,14.15400761,2022,0.024666995,2018,,,,,,,,,68089.0,2025,3.890386927,2025,13.5,2025,0.4038263,2025
42111,Somerset County,PA,78.05714285714286,2010-2015,21,0.466289967,2020,15.90955544,2019,14.15400761,2022,0.013522285,2018,,,,,,,,,59562.0,2025,4.1873604288,2025,15.9,2025,0.3667133,2025
42113,Sullivan County,PA,76.95,2010-2015,2,1.014713287,2020,34.39587784,2019,14.15400761,2022,0.16471751,2018,,,,,,,,,59604.0,2025,4.7587131367,2025,19.900000000000002,2025,,
42115,Susquehanna County,PA,79.26363636363637,2010-2015,11,0.474928766,2020,18.1141777,2019,14.15400761,2022,0.0,2018,,,,,,,,,70021.0,2025,4.3774312427,2025,16.1,2025,0.3646878,2025
42117,Tioga County,PA,78.57000000000001,2010-2015,10,0.470518321,2020,23.37827301,2019,14.15400761,2022,0.049064104,2018,,,,,,,,,62918.0,2025,4.2888311876,2025,18.2,2025,0.439786,2025
42119,Union County,PA,80.55714285714285,2010-2015,7,0.609563351,2020,18.44298553,2019,14.15400761,2022,0.044657808,2018,,,,,,,,,82708.0,2025,4.2681035031,2025,11.600000000000001,2025,1.0806239,2025
42121,Venango County,PA,77.275,2010-2015,16,0.496741384,2020,5.269283772,2019,14.15400761,2022,0.039012212,2018,,,,,,,,,57256.0,2025,4.1708013887,2025,20.8,2025,0.6007449,2025
42123,Warren County,PA,78.53076923076922,2010-2015,13,0.513993502,2020,10.82820797,2019,14.15400761,2022,0.025317738,2018,,,,,,,,,57469.0,2025,3.9528592142,2025,17.1,2025,0.39334979999999997,2025
42125,Washington County,PA,76.98596491228069,2010-2015,57,0.77368319,2020,34.43283844,2019,14.15400761,2022,0.014468569,2018,,,,,,,,,76957.0,2025,4.5464839633,2025,12.2,2025,0.7733804,2025
42127,Wayne County,PA,77.73333333333333,2010-2015,12,0.37136212,2020,1.955829501,2019,14.15400761,2022,0.019502301,2018,,,,,,,,,68429.0,2025,4.0527539403,2025,16.5,2025,0.369427,2025
42129,Westmoreland County,PA,77.95510204081633,2010-2015,98,0.723161638,2020,32.76404953,2019,14.15400761,2022,0.028521638,2018,,,,,,,,,70985.0,2025,4.6460877958,2025,13.8,2025,0.722263,2025
42131,Wyoming County,PA,79.38571428571429,2010-2015,7,0.564822853,2020,0.87787205,2019,14.15400761,2022,0.036974043,2018,,,,,,,,,66855.0,2025,4.2287244401,2025,17.0,2025,0.5761696,2025
42133,York County,PA,78.3625,2010-2015,88,0.71040386,2020,29.48576355,2019,14.15400761,2022,0.020077052,2018,,,,,,,,,81213.0,2025,3.9698876163,2025,12.0,2025,0.6736487999999999,2025
44001,Bristol County,RI,80.69999999999999,2010-2015,9,0.744570851,2020,56.01336288,2019,12.85595949,2022,0.06166622,2018,25.6,2023,9.8,2023,18.8,2023,5.0,2023,99802.0,2025,4.5642505005,2025,7.8,2025,2.0071628,2025
44003,Kent County,RI,78.87027027027027,2010-2015,37,0.801720083,2020,32.15211868,2019,12.85595949,2022,0.024410933,2018,33.0,2023,11.8,2023,23.7,2023,6.3,2023,89914.0,2025,4.5340890775,2025,10.5,2025,0.8435111,2025
44005,Newport County,RI,80.515,2010-2015,20,1.014223576,2020,33.48879242,2019,12.85595949,2022,0.036345132,2018,27.4,2023,10.3,2023,20.1,2023,5.4,2023,99912.0,2025,4.6339837239,2025,14.2,2025,0.8327078,2025
44007,Providence County,RI,78.52857142857142,2010-2015,133,0.818478465,2020,15.93440628,2019,12.85595949,2022,0.028298149,2018,33.4,2023,11.6,2023,28.7,2023,10.1,2023,75307.0,2025,5.013898214,2025,17.299999999999997,2025,0.9662408,2025
44009,Washington County,RI,80.64,2010-2015,25,0.763443768,2020,31.24183655,2019,12.85595949,2022,0.06340199,2018,27.0,2023,9.0,2023,17.8,2023,4.9,2023,101749.0,2025,4.3197469973,2025,11.1,2025,0.8193457,2025
45001,Abbeville County,SC,77.64999999999999,2010-2015,6,0.573676467,2020,20.36270714,2019,11.8182331,2022,0.081496269,2018,37.6,2023,16.9,2023,31.0,2023,12.5,2023,51580.0,2025,4.6178231919,2025,22.0,2025,0.5350014000000001,2025
45003,Aiken County,SC,77.08,2010-2015,30,0.717198312,2020,29.12863159,2019,11.8182331,2022,0.005903153,2018,34.4,2023,13.9,2023,26.5,2023,11.8,2023,67769.0,2025,4.6703645008,2025,17.7,2025,0.3396262,2025
45005,Allendale County,SC,72.5,2010-2015,3,0.480134428,2020,2.333132505,2019,11.8182331,2022,0.11232169,2018,46.7,2023,21.6,2023,38.4,2023,17.6,2023,35477.0,2025,5.1378966132,2025,44.6,2025,0.5090354,2025
45007,Anderson County,SC,76.52051282051282,2010-2015,39,0.748704433,2020,36.07876587,2019,11.8182331,2022,0.024939895,2018,36.3,2023,13.3,2023,26.4,2023,12.2,2023,64813.0,2025,4.4597974556,2025,18.4,2025,0.657297,2025
45009,Bamberg County,SC,75.6,2010-2015,4,0.79102546,2020,27.10024261,2019,11.8182331,2022,0.0,2018,42.0,2023,19.5,2023,32.7,2023,14.1,2023,41555.0,2025,6.6179612003,2025,36.3,2025,0.3791038,2025
45011,Barnwell County,SC,75.74,2010-2015,5,0.865176618,2020,0.030652694,2019,11.8182331,2022,0.094732851,2018,44.2,2023,19.4,2023,36.2,2023,15.9,2023,46482.0,2025,7.4133727373,2025,45.800000000000004,2025,0.2429543,2025
45013,Beaufort County,SC,80.01875,2010-2015,32,0.725763559,2020,48.99441147,2019,11.8182331,2022,0.042391967,2018,29.6,2023,12.7,2023,19.9,2023,10.6,2023,82199.0,2025,4.2612638214,2025,14.000000000000002,2025,0.6936187,2025
45015,Berkeley County,SC,76.95526315789475,2010-2015,38,0.546640277,2020,29.03096962,2019,11.8182331,2022,0.018092098,2018,37.9,2023,12.9,2023,25.6,2023,11.6,2023,82414.0,2025,3.835415535,2025,12.6,2025,0.3295297,2025
45017,Calhoun County,SC,75.93333333333334,2010-2015,3,0.343548179,2020,0.980033636,2019,11.8182331,2022,0.068870522,2018,40.7,2023,17.3,2023,29.1,2023,11.6,2023,58916.0,2025,5.1809124972,2025,24.3,2025,0.2117896,2025
45019,Charleston County,SC,77.616,2010-2015,75,0.909132242,2020,20.78396034,2019,11.8182331,2022,0.027099937,2018,30.0,2023,11.4,2023,20.3,2023,9.5,2023,88111.0,2025,4.9573639001,2025,14.2,2025,1.2396374,2025
45021,Cherokee County,SC,74.18461538461538,2010-2015,13,0.645543993,2020,11.53052044,2019,11.8182331,2022,0.017519886,2018,38.8,2023,15.0,2023,31.4,2023,14.0,2023,57768.0,2025,4.5438653891,2025,23.5,2025,0.33897099999999997,2025
45023,Chester County,SC,73.75454545454545,2010-2015,11,0.527426183,2020,15.9163065,2019,11.8182331,2022,0.031006791,2018,37.9,2023,16.9,2023,32.8,2023,13.8,2023,51383.0,2025,4.562302494,2025,30.8,2025,0.279425,2025
45025,Chesterfield County,SC,75.42,2010-2015,10,0.526246548,2020,11.09169483,2019,11.8182331,2022,0.065568037,2018,45.2,2023,18.1,2023,34.6,2023,15.5,2023,50962.0,2025,4.9241158521,2025,30.0,2025,0.300453,2025
45027,Clarendon County,SC,75.39999999999999,2010-2015,11,0.508753538,2020,16.54156303,2019,11.8182331,2022,0.059347183,2018,38.0,2023,19.6,2023,33.7,2023,14.3,2023,47675.0,2025,5.398679345,2025,29.7,2025,0.3223311,2025
45029,Colleton County,SC,73.53333333333333,2010-2015,9,0.773725331,2020,37.98973846,2019,11.8182331,2022,0.053106744,2018,39.3,2023,17.3,2023,33.2,2023,13.8,2023,48504.0,2025,4.6769167504,2025,33.6,2025,0.415995,2025
45031,Darlington County,SC,73.45333333333333,2010-2015,15,0.57135123,2020,12.48615456,2019,11.8182331,2022,0.014969612,2018,45.6,2023,17.6,2023,30.3,2023,13.1,2023,46249.0,2025,5.2412490922,2025,30.099999999999998,2025,0.5417895,2025
45033,Dillon County,SC,75.05,2010-2015,6,0.724470615,2020,4.468746185,2019,11.8182331,2022,0.0,2018,45.3,2023,20.3,2023,35.8,2023,16.6,2023,45269.0,2025,5.269399173,2025,34.599999999999994,2025,0.3916403,2025
45035,Dorchester County,SC,78.00434782608696,2010-2015,23,0.555096328,2020,24.97842598,2019,11.8182331,2022,0.006224828,2018,35.4,2023,12.8,2023,24.6,2023,11.2,2023,78329.0,2025,3.9582011312,2025,12.8,2025,0.3183797,2025
45037,Edgefield County,SC,77.05,2010-2015,6,0.258112103,2020,29.7927227,2019,11.8182331,2022,0.073931687,2018,39.9,2023,16.2,2023,29.0,2023,14.9,2023,62851.0,2025,5.6617372826,2025,22.400000000000002,2025,0.3441288,2025
45039,Fairfield County,SC,76.25,2010-2015,4,0.407996744,2020,23.39931107,2019,11.8182331,2022,0.0,2018,45.7,2023,20.5,2023,33.4,2023,13.6,2023,48123.0,2025,6.183720813,2025,33.1,2025,0.4349928,2025
45041,Florence County,SC,74.50625,2010-2015,32,0.806756377,2020,17.76611137,2019,11.8182331,2022,0.014476075,2018,40.6,2023,15.5,2023,30.1,2023,12.2,2023,56144.0,2025,5.4759703405,2025,28.000000000000004,2025,0.988982,2025
45043,Georgetown County,SC,76.26428571428572,2010-2015,14,0.599813759,2020,26.39408684,2019,11.8182331,2022,0.048193544,2018,31.8,2023,16.9,2023,25.2,2023,9.8,2023,69379.0,2025,4.9339812815,2025,22.8,2025,0.6257724,2025
45045,Greenville County,SC,77.54311926605506,2010-2015,109,0.860116482,2020,35.70973587,2019,11.8182331,2022,0.017502476,2018,32.5,2023,12.2,2023,23.2,2023,11.4,2023,76281.0,2025,4.3947948963,2025,14.6,2025,1.1164519,2025
45047,Greenwood County,SC,77.88571428571427,2010-2015,14,0.816050887,2020,13.57332325,2019,11.8182331,2022,0.04240822,2018,36.8,2023,15.4,2023,28.5,2023,12.6,2023,56726.0,2025,5.2925897992,2025,23.7,2025,1.1698271,2025
45049,Hampton County,SC,75.72,2010-2015,5,0.997064173,2020,12.73285389,2019,11.8182331,2022,0.103353828,2018,41.6,2023,20.2,2023,35.1,2023,16.6,2023,44774.0,2025,4.4806253547,2025,32.1,2025,0.33003299999999997,2025
45051,Horry County,SC,77.03432835820895,2010-2015,67,0.911207855,2020,23.42155075,2019,11.8182331,2022,0.02324588,2018,32.3,2023,14.9,2023,25.0,2023,11.9,2023,68684.0,2025,4.0943402671,2025,19.8,2025,0.6236682,2025
45053,Jasper County,SC,75.85000000000001,2010-2015,4,0.601494253,2020,9.823148727,2019,11.8182331,2022,0.034517277,2018,35.0,2023,17.0,2023,30.2,2023,14.8,2023,61816.0,2025,5.0587613891,2025,29.2,2025,0.2308403,2025
45055,Kershaw County,SC,75.38000000000001,2010-2015,15,0.563196599,2020,33.50849915,2019,11.8182331,2022,0.015245762,2018,36.6,2023,14.8,2023,27.5,2023,11.9,2023,69277.0,2025,4.7820372399,2025,17.8,2025,0.5746257,2025
45057,Lancaster County,SC,75.46153846153847,2010-2015,13,0.594494998,2020,28.47920799,2019,11.8182331,2022,0.010484378,2018,36.1,2023,14.1,2023,26.5,2023,11.4,2023,74417.0,2025,4.9708271068,2025,13.700000000000001,2025,0.408627,2025
45059,Laurens County,SC,75.45333333333333,2010-2015,15,0.530324221,2020,15.74491787,2019,11.8182331,2022,0.01492671,2018,36.3,2023,15.6,2023,31.9,2023,14.0,2023,56237.0,2025,4.5795143639,2025,24.0,2025,0.5014527,2025
45061,Lee County,SC,73.28333333333333,2010-2015,6,0.419136584,2020,4.971880913,2019,11.8182331,2022,0.0,2018,43.7,2023,20.1,2023,36.2,2023,15.9,2023,46256.0,2025,4.9521359616,2025,33.800000000000004,2025,0.12285010000000002,2025
45063,Lexington County,SC,77.7394366197183,2010-2015,71,0.796194077,2020,32.81361389,2019,11.8182331,2022,0.030505165,2018,36.2,2023,12.3,2023,25.9,2023,10.7,2023,76559.0,2025,4.1598464331,2025,14.399999999999999,2025,0.6297124,2025
45065,McCormick County,SC,77.44999999999999,2010-2015,2,0.530222714,2020,6.275514126,2019,11.8182331,2022,0.106269926,2018,36.9,2023,20.6,2023,30.6,2023,12.2,2023,58475.0,2025,4.8446313947,2025,32.6,2025,0.5122951,2025
45067,Marion County,SC,73.75,2010-2015,8,0.828967452,2020,0.211481452,2019,11.8182331,2022,0.032217532,2018,45.3,2023,22.0,2023,36.8,2023,16.1,2023,40171.0,2025,5.3331467749,2025,35.9,2025,0.38215679999999996,2025
45069,Marlboro County,SC,73.72857142857143,2010-2015,7,0.469098151,2020,20.5607338,2019,11.8182331,2022,0.037881657,2018,41.0,2023,20.5,2023,38.8,2023,17.6,2023,42308.0,2025,5.3836455331,2025,35.6,2025,0.11371389999999999,2025
45071,Newberry County,SC,77.3875,2010-2015,8,0.598257244,2020,28.70879936,2019,11.8182331,2022,0.02596054,2018,38.1,2023,16.1,2023,30.8,2023,13.2,2023,57325.0,2025,4.5563193868,2025,28.299999999999997,2025,0.657964,2025
45073,Oconee County,SC,76.05,2010-2015,14,0.562394559,2020,22.81996918,2019,11.8182331,2022,0.025518667,2018,38.2,2023,15.3,2023,28.6,2023,12.0,2023,67161.0,2025,4.7843704218,2025,20.1,2025,0.5176572,2025
45075,Orangeburg County,SC,74.33333333333333,2010-2015,18,0.87880671,2020,28.44432449,2019,11.8182331,2022,0.046011917,2018,42.2,2023,19.0,2023,33.9,2023,14.5,2023,50959.0,2025,6.450367893,2025,29.099999999999998,2025,0.48214850000000004,2025
45077,Pickens County,SC,75.53478260869565,2010-2015,23,0.828234971,2020,42.57255554,2019,11.8182331,2022,0.040020172,2018,35.4,2023,12.1,2023,25.6,2023,11.6,2023,58480.0,2025,4.9649666653,2025,17.599999999999998,2025,0.5898857,2025
45079,Richland County,SC,76.78356164383561,2010-2015,73,0.787493646,2020,46.48968124,2019,11.8182331,2022,0.043417852,2018,34.7,2023,13.0,2023,21.7,2023,11.1,2023,61508.0,2025,5.102634214,2025,19.900000000000002,2025,0.8247531,2025
45081,Saluda County,SC,78.2,2010-2015,5,0.295348257,2020,2.948939323,2019,11.8182331,2022,0.048676014,2018,43.6,2023,16.8,2023,32.2,2023,16.1,2023,60220.0,2025,4.4978336769,2025,24.4,2025,0.1593964,2025
45083,Spartanburg County,SC,76.24179104477612,2010-2015,67,0.714274764,2020,34.01483154,2019,11.8182331,2022,0.012743399,2018,37.9,2023,13.5,2023,27.4,2023,13.0,2023,64649.0,2025,4.3787053842,2025,19.7,2025,0.6192983,2025
45085,Sumter County,SC,75.26666666666667,2010-2015,21,0.705152333,2020,18.95896339,2019,11.8182331,2022,0.02816584,2018,42.7,2023,15.8,2023,27.4,2023,12.7,2023,55481.0,2025,5.1967336921,2025,23.9,2025,0.5345654,2025
45087,Union County,SC,73.48888888888888,2010-2015,9,0.518691421,2020,7.914997101,2019,11.8182331,2022,0.036483034,2018,44.0,2023,19.1,2023,34.0,2023,14.8,2023,40008.0,2025,4.9577790304,2025,34.8,2025,0.3331359,2025
45089,Williamsburg County,SC,73.17999999999999,2010-2015,10,0.33528918,2020,8.049659729,2019,11.8182331,2022,0.032673333,2018,45.0,2023,20.4,2023,34.9,2023,15.5,2023,43711.0,2025,6.6127058468,2025,31.6,2025,0.1968246,2025
45091,York County,SC,77.17555555555556,2010-2015,45,0.563808978,2020,31.85037804,2019,11.8182331,2022,0.014592255,2018,37.3,2023,11.8,2023,23.3,2023,9.7,2023,82495.0,2025,4.3001178614,2025,12.0,2025,0.4816438,2025
46003,Aurora County,SD,83.5,2010-2015,1,,,70.41963196,2019,7.812280177,2022,0.0,2018,36.4,2023,12.2,2023,25.2,2023,9.9,2023,66789.0,2025,3.448818233,2025,15.299999999999999,2025,,
46005,Beadle County,SD,78.76666666666667,2010-2015,6,0.594177067,2020,28.97086716,2019,7.812280177,2022,0.052957688,2018,35.4,2023,13.4,2023,29.7,2023,12.3,2023,59721.0,2025,4.4935133704,2025,19.3,2025,0.4706867,2025
46007,Bennett County,SD,76.25,2010-2015,2,,,39.24375153,2019,7.812280177,2022,0.0,2018,42.4,2023,18.7,2023,35.1,2023,13.7,2023,48547.0,2025,6.5435288979,2025,35.6,2025,,
46009,Bon Homme County,SD,83.75,2010-2015,2,,,80.1966629,2019,7.812280177,2022,0.0,2018,37.0,2023,12.8,2023,26.7,2023,10.4,2023,67069.0,2025,3.7505448155,2025,10.100000000000001,2025,0.5702879999999999,2025
46011,Brookings County,SD,80.01666666666667,2010-2015,6,0.730275512,2020,45.35110474,2019,7.812280177,2022,0.028383289,2018,35.7,2023,8.5,2023,18.4,2023,7.3,2023,75209.0,2025,4.0736669857,2025,7.3999999999999995,2025,0.5773839,2025
46013,Brown County,SD,79.7375,2010-2015,8,0.851876736,2020,42.12817383,2019,7.812280177,2022,0.025434937,2018,35.1,2023,11.2,2023,24.4,2023,8.2,2023,67491.0,2025,4.3298708129,2025,9.9,2025,0.6299047,2025
46015,Brule County,SD,78.9,2010-2015,2,0.951655865,2020,32.63670349,2019,7.812280177,2022,0.19124116,2018,38.2,2023,13.2,2023,26.2,2023,8.9,2023,69383.0,2025,4.915581089,2025,14.6,2025,1.1446013,2025
46017,Buffalo County,SD,74.8,2010-2015,1,,,18.13111877,2019,7.812280177,2022,0.0,2018,48.5,2023,17.5,2023,36.4,2023,14.6,2023,32803.0,2025,8.0547214182,2025,38.1,2025,0.0,2025
46019,Butte County,SD,81.9,2010-2015,2,0.569368005,2020,42.45508194,2019,7.812280177,2022,0.097828217,2018,35.7,2023,12.5,2023,27.7,2023,9.9,2023,62368.0,2025,5.0381290347,2025,15.1,2025,0.2869166,2025
46021,Campbell County,SD,81.6,2010-2015,1,,,40.49100876,2019,7.812280177,2022,0.726216435,2018,33.0,2023,13.8,2023,25.7,2023,8.2,2023,64367.0,2025,3.7269404852,2025,12.8,2025,0.0,2025
46023,Charles Mix County,SD,80.26666666666667,2010-2015,3,0.647808254,2020,9.423670769,2019,7.812280177,2022,0.107089311,2018,40.4,2023,15.3,2023,30.0,2023,10.3,2023,59721.0,2025,5.5483565535,2025,26.1,2025,0.3274037,2025
46025,Clark County,SD,80.9,2010-2015,1,,,46.27931213,2019,7.812280177,2022,0.0,2018,34.1,2023,13.1,2023,27.3,2023,10.4,2023,65768.0,2025,4.0724349525,2025,13.700000000000001,2025,,
46027,Clay County,SD,78.86666666666666,2010-2015,3,0.772146583,2020,33.29525375,2019,7.812280177,2022,0.142439991,2018,34.7,2023,8.1,2023,21.7,2023,8.1,2023,63752.0,2025,5.7657408828,2025,14.6,2025,0.46204619999999996,2025
46029,Codington County,SD,82.47142857142856,2010-2015,7,0.709572136,2020,32.54798508,2019,7.812280177,2022,0.071390323,2018,35.9,2023,12.1,2023,26.5,2023,8.7,2023,66288.0,2025,4.0233505011,2025,11.799999999999999,2025,0.9498012,2025
46031,Corson County,SD,78.5,2010-2015,2,,,36.11452103,2019,7.812280177,2022,0.0,2018,43.5,2023,19.9,2023,37.3,2023,14.0,2023,42911.0,2025,6.5223650068,2025,40.400000000000006,2025,,
46033,Custer County,SD,80.15,2010-2015,2,0.665409803,2020,35.25918579,2019,7.812280177,2022,0.114600047,2018,33.9,2023,13.9,2023,25.1,2023,7.0,2023,76579.0,2025,3.9558870368,2025,13.3,2025,0.46463,2025
46035,Davison County,SD,80.875,2010-2015,4,0.908540249,2020,32.6647644,2019,7.812280177,2022,0.0,2018,38.0,2023,12.2,2023,25.4,2023,9.3,2023,67847.0,2025,4.7189791947,2025,11.700000000000001,2025,0.80491,2025
46037,Day County,SD,78.66666666666667,2010-2015,3,0.748362958,2020,48.97493744,2019,7.812280177,2022,0.0,2018,34.8,2023,14.7,2023,26.8,2023,8.8,2023,60503.0,2025,4.0456399881,2025,16.7,2025,0.3694126,2025
46039,Deuel County,SD,83.55,2010-2015,2,,,32.71463394,2019,7.812280177,2022,0.0,2018,33.3,2023,11.9,2023,23.9,2023,8.2,2023,67290.0,2025,4.1133874119,2025,8.799999999999999,2025,0.2340824,2025
46041,Dewey County,SD,78.80000000000001,2010-2015,2,,,48.52059555,2019,7.812280177,2022,0.0,2018,43.6,2023,18.0,2023,36.3,2023,13.4,2023,48477.0,2025,5.3003241819,2025,29.299999999999997,2025,0.1906214,2025
46043,Douglas County,SD,82.7,2010-2015,1,,,7.109363556,2019,7.812280177,2022,0.0,2018,35.1,2023,13.6,2023,26.3,2023,9.3,2023,68324.0,2025,4.0547800587,2025,11.3,2025,0.35448419999999997,2025
46045,Edmunds County,SD,81.1,2010-2015,2,,,46.18645096,2019,7.812280177,2022,0.0,2018,33.7,2023,12.4,2023,23.1,2023,7.6,2023,74870.0,2025,4.1317750304,2025,11.799999999999999,2025,0.49590880000000004,2025
46047,Fall River County,SD,76.75,2010-2015,2,0.44722718,2020,34.08222961,2019,7.812280177,2022,0.147972777,2018,38.0,2023,16.4,2023,30.5,2023,8.9,2023,58834.0,2025,6.1042368926,2025,20.0,2025,0.6942516,2025
46049,Faulk County,SD,81.8,2010-2015,1,,,48.21984863,2019,7.812280177,2022,0.0,2018,36.3,2023,14.4,2023,27.8,2023,9.3,2023,66810.0,2025,5.3140189202,2025,15.6,2025,0.4679457,2025
46051,Grant County,SD,81.55000000000001,2010-2015,2,0.857142866,2020,18.93068886,2019,7.812280177,2022,0.139918849,2018,37.3,2023,12.8,2023,26.5,2023,9.4,2023,73409.0,2025,4.2209609028,2025,11.600000000000001,2025,0.7979785,2025
46053,Gregory County,SD,76.6,2010-2015,2,,,27.95304871,2019,7.812280177,2022,0.237416908,2018,35.9,2023,14.1,2023,27.0,2023,9.0,2023,54134.0,2025,4.3168209256,2025,17.4,2025,1.0057833,2025
46055,Haakon County,SD,81.9,2010-2015,1,,,41.32684708,2019,7.812280177,2022,0.0,2018,33.7,2023,13.5,2023,26.8,2023,8.5,2023,62682.0,2025,4.5777247978,2025,12.8,2025,1.0899183,2025
46057,Hamlin County,SD,81.7,2010-2015,2,,,96.07843018,2019,7.812280177,2022,0.163639337,2018,34.6,2023,10.1,2023,23.2,2023,9.1,2023,87571.0,2025,2.9508271617,2025,7.5,2025,0.15987210000000002,2025
46059,Hand County,SD,81.25,2010-2015,2,1.279181361,2020,33.12080383,2019,7.812280177,2022,0.0,2018,33.9,2023,11.9,2023,22.8,2023,7.1,2023,69681.0,2025,4.9986968016,2025,9.3,2025,0.6462036,2025
46063,Harding County,SD,84.1,2010-2015,1,,,100.0,2019,7.812280177,2022,0.0,2018,35.3,2023,11.2,2023,21.4,2023,7.5,2023,59255.0,2025,2.7571941639,2025,13.600000000000001,2025,0.0,2025
46065,Hughes County,SD,79.85,2010-2015,4,0.634517789,2020,34.84174728,2019,7.812280177,2022,0.169971675,2018,34.0,2023,10.8,2023,21.9,2023,7.3,2023,75885.0,2025,3.7832606704,2025,10.8,2025,0.7912287,2025
46067,Hutchinson County,SD,80.53333333333333,2010-2015,3,0.411974728,2020,8.866562843,2019,7.812280177,2022,0.0,2018,34.4,2023,12.1,2023,24.0,2023,8.0,2023,68648.0,2025,3.5809186882,2025,13.700000000000001,2025,1.2144110000000001,2025
46069,Hyde County,SD,80.8,2010-2015,1,,,14.78574562,2019,7.812280177,2022,0.780031204,2018,35.3,2023,13.6,2023,26.1,2023,9.1,2023,66253.0,2025,4.4474757185,2025,13.200000000000001,2025,0.0,2025
46071,Jackson County,SD,80.2,2010-2015,2,,,63.92193985,2019,7.812280177,2022,0.0,2018,40.9,2023,18.6,2023,35.2,2023,13.9,2023,47946.0,2025,7.8653885797,2025,36.0,2025,,
46073,Jerauld County,SD,80.5,2010-2015,1,,,100.0,2019,7.812280177,2022,0.489476264,2018,35.6,2023,13.8,2023,26.2,2023,8.9,2023,57613.0,2025,4.1218207948,2025,17.2,2025,0.0,2025
46077,Kingsbury County,SD,79.35,2010-2015,2,,,16.7575016,2019,7.812280177,2022,0.0,2018,35.6,2023,12.1,2023,24.6,2023,8.5,2023,67518.0,2025,3.8787401575,2025,12.0,2025,0.385208,2025
46079,Lake County,SD,83.53333333333335,2010-2015,3,0.560538113,2020,19.07955933,2019,7.812280177,2022,0.0,2018,32.5,2023,12.0,2023,22.5,2023,7.7,2023,70136.0,2025,4.3109361384,2025,8.9,2025,0.6451018,2025
46081,Lawrence County,SD,79.26,2010-2015,5,0.800884783,2020,20.10943604,2019,7.812280177,2022,0.155394122,2018,32.7,2023,11.4,2023,23.5,2023,8.0,2023,69088.0,2025,4.5784623019,2025,11.4,2025,0.9554749,2025
46083,Lincoln County,SD,80.75,2010-2015,8,0.412573993,2020,16.57478142,2019,7.812280177,2022,0.0,2018,34.9,2023,8.8,2023,17.6,2023,6.7,2023,102130.0,2025,3.3135688915,2025,3.8,2025,1.3260645,2025
46085,Lyman County,SD,82.35,2010-2015,2,,,54.9031601,2019,7.812280177,2022,0.0,2018,40.1,2023,15.8,2023,30.1,2023,10.8,2023,55274.0,2025,4.0547777778,2025,26.0,2025,,
46087,McCook County,SD,77.35,2010-2015,2,,,47.75208282,2019,7.812280177,2022,0.0,2018,36.1,2023,11.0,2023,22.9,2023,7.9,2023,85702.0,2025,3.3995834797,2025,9.3,2025,0.17559260000000002,2025
46089,McPherson County,SD,80.4,2010-2015,1,,,55.68772888,2019,7.812280177,2022,0.0,2018,34.9,2023,14.8,2023,29.2,2023,10.2,2023,55704.0,2025,5.0176401411,2025,19.0,2025,0.41322309999999995,2025
46093,Meade County,SD,81.0,2010-2015,4,0.34979713,2020,15.34177017,2019,7.812280177,2022,0.070686363,2018,30.4,2023,9.5,2023,21.4,2023,8.4,2023,74577.0,2025,3.8572501878,2025,8.5,2025,0.5965598000000001,2025
46095,Mellette County,SD,77.2,2010-2015,1,,,40.40450287,2019,7.812280177,2022,0.489715964,2018,45.6,2023,21.1,2023,38.5,2023,14.6,2023,48596.0,2025,7.0161110699,2025,33.0,2025,0.0,2025
46097,Miner County,SD,79.4,2010-2015,1,,,24.27747154,2019,7.812280177,2022,0.0,2018,35.7,2023,13.3,2023,26.6,2023,8.7,2023,69943.0,2025,4.5095855856,2025,10.4,2025,0.43215210000000004,2025
46099,Minnehaha County,SD,79.225,2010-2015,40,0.849185646,2020,19.78236961,2019,7.812280177,2022,0.025923392,2018,37.4,2023,10.6,2023,23.3,2023,8.8,2023,73277.0,2025,3.8625243678,2025,10.299999999999999,2025,1.021609,2025
46101,Moody County,SD,77.2,2010-2015,2,,,17.32047844,2019,7.812280177,2022,0.0,2018,33.6,2023,12.1,2023,23.8,2023,8.1,2023,72783.0,2025,4.1499162717,2025,11.1,2025,0.47505939999999997,2025
46103,Pennington County,SD,79.31363636363636,2010-2015,22,0.698721588,2020,32.76581192,2019,7.812280177,2022,0.035800911,2018,33.7,2023,12.1,2023,23.3,2023,8.5,2023,74641.0,2025,4.2401550028,2025,16.3,2025,1.1358961,2025
46105,Perkins County,SD,78.2,2010-2015,1,,,31.76331139,2019,7.812280177,2022,0.0,2018,36.0,2023,14.3,2023,26.6,2023,8.4,2023,56922.0,2025,4.452467879,2025,18.3,2025,0.3547357,2025
46107,Potter County,SD,80.2,2010-2015,1,,,39.61787033,2019,7.812280177,2022,0.0,2018,34.8,2023,13.1,2023,24.3,2023,7.2,2023,70243.0,2025,3.7212308205,2025,11.0,2025,0.4040404,2025
46109,Roberts County,SD,77.625,2010-2015,4,,,35.3164978,2019,7.812280177,2022,0.09572126,2018,43.0,2023,16.3,2023,31.7,2023,10.4,2023,65069.0,2025,3.9767125616,2025,19.900000000000002,2025,0.2951884,2025
46111,Sanborn County,SD,79.2,2010-2015,1,,,98.87176514,2019,7.812280177,2022,0.0,2018,36.3,2023,12.6,2023,25.5,2023,9.3,2023,67523.0,2025,4.1917713892,2025,13.3,2025,,
46115,Spink County,SD,81.23333333333333,2010-2015,3,,,43.33292007,2019,7.812280177,2022,0.0,2018,36.0,2023,12.9,2023,25.6,2023,8.4,2023,69262.0,2025,3.9444193548,2025,12.6,2025,0.4785452,2025
46117,Stanley County,SD,80.9,2010-2015,1,,,13.4569006,2019,7.812280177,2022,0.0,2018,35.2,2023,11.1,2023,21.8,2023,7.1,2023,82778.0,2025,4.8918119552,2025,9.4,2025,0.9894458999999999,2025
46119,Sully County,SD,79.4,2010-2015,1,,,99.71192932,2019,7.812280177,2022,0.0,2018,34.7,2023,12.5,2023,23.4,2023,7.7,2023,74496.0,2025,3.1440677966,2025,7.3999999999999995,2025,0.0,2025
46121,Todd County,SD,74.69999999999999,2010-2015,2,,,17.03748322,2019,7.812280177,2022,0.0,2018,49.3,2023,20.7,2023,40.8,2023,17.6,2023,50268.0,2025,6.614265525,2025,37.9,2025,0.21537800000000001,2025
46123,Tripp County,SD,80.55,2010-2015,2,0.74390924,2020,32.09334564,2019,7.812280177,2022,0.0,2018,37.0,2023,15.3,2023,29.4,2023,10.1,2023,58195.0,2025,4.6883680556,2025,21.4,2025,0.8978273,2025
46125,Turner County,SD,80.1,2010-2015,2,,,2.15063858,2019,7.812280177,2022,0.0,2018,34.0,2023,11.8,2023,24.2,2023,8.3,2023,75454.0,2025,4.0661326379,2025,8.3,2025,,
46127,Union County,SD,80.66666666666667,2010-2015,3,0.308794469,2020,0.993045747,2019,7.812280177,2022,0.0,2018,31.2,2023,10.6,2023,21.1,2023,7.6,2023,97016.0,2025,3.8426743427,2025,5.6000000000000005,2025,0.4741584,2025
46129,Walworth County,SD,78.55000000000001,2010-2015,2,1.499250412,2020,32.94265747,2019,7.812280177,2022,0.0,2018,34.3,2023,13.4,2023,25.1,2023,8.3,2023,57426.0,2025,4.4600501987,2025,18.8,2025,1.1432927,2025
46135,Yankton County,SD,79.58,2010-2015,5,0.70354408,2020,25.45351219,2019,7.812280177,2022,0.043727316,2018,38.3,2023,11.8,2023,24.5,2023,8.8,2023,73061.0,2025,3.6507338129,2025,12.2,2025,1.0301756,2025
46137,Ziebach County,SD,75.2,2010-2015,1,,,37.49684143,2019,7.812280177,2022,0.0,2018,47.2,2023,18.7,2023,37.8,2023,13.7,2023,42254.0,2025,7.6779576588,2025,55.7,2025,,
47001,Anderson County,TN,76.4875,2010-2015,16,0.928337514,2020,10.89867592,2019,11.15393828,2022,0.026149943,2018,42.0,2023,14.1,2023,27.4,2023,11.0,2023,61009.0,2025,4.9488039788,2025,18.2,2025,0.5027328000000001,2025
47003,Bedford County,TN,76.33333333333333,2010-2015,9,0.498216391,2020,23.00352287,2019,11.15393828,2022,0.0,2018,44.4,2023,13.5,2023,29.6,2023,15.1,2023,69272.0,2025,3.8867904584,2025,19.0,2025,0.293433,2025
47005,Benton County,TN,72.78,2010-2015,5,0.619924366,2020,12.58396244,2019,11.15393828,2022,0.0,2018,40.8,2023,16.9,2023,33.8,2023,12.9,2023,52795.0,2025,4.0081290096,2025,27.3,2025,0.2520161,2025
47007,Bledsoe County,TN,76.56666666666666,2010-2015,3,,,4.677407265,2019,11.15393828,2022,0.0,2018,41.9,2023,17.3,2023,34.7,2023,15.6,2023,50731.0,2025,5.0224916172,2025,28.1,2025,0.1312853,2025
47009,Blount County,TN,76.51904761904763,2010-2015,21,0.615950882,2020,30.12894249,2019,11.15393828,2022,0.007613305,2018,36.3,2023,13.4,2023,25.8,2023,10.2,2023,77206.0,2025,3.7183760804,2025,13.100000000000001,2025,0.6831147,2025
47011,Bradley County,TN,75.19473684210527,2010-2015,19,0.779308915,2020,32.87549973,2019,11.15393828,2022,0.0093697,2018,41.5,2023,13.4,2023,25.9,2023,11.9,2023,61440.0,2025,4.3361937314,2025,19.3,2025,0.4811096,2025
47013,Campbell County,TN,72.84,2010-2015,10,0.727966487,2020,13.80813217,2019,11.15393828,2022,0.0,2018,42.6,2023,15.7,2023,32.3,2023,13.2,2023,50443.0,2025,5.2414586743,2025,25.7,2025,0.3537319,2025
47015,Cannon County,TN,74.8,2010-2015,3,0.404122055,2020,2.319384098,2019,11.15393828,2022,0.0,2018,43.1,2023,14.5,2023,29.5,2023,12.6,2023,60098.0,2025,5.3309799888,2025,21.8,2025,0.2061431,2025
47017,Carroll County,TN,74.44285714285715,2010-2015,7,0.467979401,2020,9.402409554,2019,11.15393828,2022,0.0,2018,42.8,2023,15.2,2023,30.3,2023,12.0,2023,51159.0,2025,5.3676374428,2025,21.9,2025,0.3517164,2025
47019,Carter County,TN,75.02941176470588,2010-2015,17,0.655819058,2020,47.02855301,2019,11.15393828,2022,0.0,2018,37.9,2023,15.9,2023,31.4,2023,11.9,2023,48885.0,2025,4.8161011444,2025,23.0,2025,0.3028468,2025
47021,Cheatham County,TN,75.0,2010-2015,8,0.583927393,2020,7.570446968,2019,11.15393828,2022,0.024728604,2018,39.6,2023,12.4,2023,24.6,2023,10.7,2023,82030.0,2025,3.7895144904,2025,12.4,2025,0.5779929,2025
47023,Chester County,TN,75.10000000000001,2010-2015,3,0.573657632,2020,11.38388729,2019,11.15393828,2022,0.0,2018,39.0,2023,13.9,2023,28.6,2023,12.1,2023,65714.0,2025,4.5312056145,2025,21.3,2025,0.28564900000000004,2025
47025,Claiborne County,TN,73.5625,2010-2015,8,0.468413323,2020,8.414941788,2019,11.15393828,2022,0.031490114,2018,42.3,2023,15.0,2023,30.3,2023,12.4,2023,53195.0,2025,4.592120394,2025,27.0,2025,0.5268541,2025
47027,Clay County,TN,73.05,2010-2015,2,0.524315119,2020,0.176703066,2019,11.15393828,2022,0.0,2018,39.9,2023,17.8,2023,34.2,2023,13.4,2023,46575.0,2025,5.7090587938,2025,29.799999999999997,2025,0.397088,2025
47029,Cocke County,TN,72.7,2010-2015,8,0.55210489,2020,21.94882965,2019,11.15393828,2022,0.027953262,2018,40.3,2023,17.2,2023,33.3,2023,14.0,2023,47491.0,2025,4.2410901468,2025,28.7,2025,0.38442529999999997,2025
47031,Coffee County,TN,74.4090909090909,2010-2015,11,0.694058836,2020,13.74099731,2019,11.15393828,2022,0.053859964,2018,39.5,2023,13.9,2023,28.3,2023,12.6,2023,65038.0,2025,3.8929597198,2025,19.400000000000002,2025,0.5251389,2025
47033,Crockett County,TN,74.6,2010-2015,5,0.493653029,2020,14.52877808,2019,11.15393828,2022,0.069793411,2018,42.1,2023,15.5,2023,30.9,2023,14.2,2023,56083.0,2025,4.5776345291,2025,20.5,2025,,
47035,Cumberland County,TN,75.73076923076923,2010-2015,13,0.535688221,2020,26.86806488,2019,11.15393828,2022,0.016757999,2018,39.5,2023,17.3,2023,29.7,2023,11.5,2023,60632.0,2025,3.6768343249,2025,24.3,2025,0.6405022,2025
47037,Davidson County,TN,76.50785714285715,2010-2015,140,1.089061022,2020,26.57374763,2019,11.15393828,2022,0.020214068,2018,32.3,2023,11.2,2023,24.7,2023,11.8,2023,80216.0,2025,4.3765094588,2025,17.299999999999997,2025,0.90489,2025
47039,Decatur County,TN,76.3,2010-2015,3,0.430997342,2020,6.205018044,2019,11.15393828,2022,0.0,2018,43.0,2023,17.8,2023,33.5,2023,14.0,2023,52000.0,2025,5.2067572948,2025,24.0,2025,0.2633658,2025
47041,DeKalb County,TN,73.325,2010-2015,4,0.335940868,2020,14.63652611,2019,11.15393828,2022,0.049657363,2018,40.4,2023,15.9,2023,32.2,2023,14.4,2023,57936.0,2025,4.8421783031,2025,22.0,2025,0.3906632,2025
47043,Dickson County,TN,75.76,2010-2015,10,0.809180498,2020,12.18622875,2019,11.15393828,2022,0.018710474,2018,37.6,2023,12.7,2023,27.1,2023,11.2,2023,74028.0,2025,3.3791182171,2025,13.600000000000001,2025,0.3074586,2025
47045,Dyer County,TN,75.4875,2010-2015,8,0.654075682,2020,27.47529793,2019,11.15393828,2022,0.026795285,2018,39.4,2023,14.9,2023,30.5,2023,12.5,2023,57548.0,2025,5.365571629,2025,23.9,2025,0.3277345,2025
47047,Fayette County,TN,76.06363636363636,2010-2015,11,0.336376756,2020,16.88828659,2019,11.15393828,2022,0.024687091,2018,39.0,2023,15.9,2023,26.8,2023,10.3,2023,76680.0,2025,4.6808425707,2025,18.5,2025,0.3035114,2025
47049,Fentress County,TN,73.82499999999999,2010-2015,4,0.372598082,2020,0.319655806,2019,11.15393828,2022,0.0,2018,44.9,2023,17.1,2023,32.6,2023,12.9,2023,47860.0,2025,4.4756077926,2025,26.6,2025,0.3183024,2025
47051,Franklin County,TN,75.25,2010-2015,8,0.423678935,2020,19.10997009,2019,11.15393828,2022,0.023872046,2018,35.0,2023,13.9,2023,28.8,2023,10.9,2023,64243.0,2025,4.2368984721,2025,19.1,2025,0.5553627,2025
47053,Gibson County,TN,74.41538461538461,2010-2015,13,0.508553863,2020,21.51243782,2019,11.15393828,2022,0.020389438,2018,39.6,2023,14.7,2023,29.8,2023,12.2,2023,57630.0,2025,4.6598144365,2025,19.2,2025,0.39571829999999997,2025
47055,Giles County,TN,74.8,2010-2015,8,0.745005071,2020,12.01928234,2019,11.15393828,2022,0.033894859,2018,39.8,2023,15.4,2023,28.8,2023,11.8,2023,60422.0,2025,5.1374157395,2025,21.9,2025,0.3601598,2025
47057,Grainger County,TN,73.3,2010-2015,5,0.339486539,2020,0.0,2019,11.15393828,2022,0.0,2018,41.2,2023,15.7,2023,30.8,2023,12.7,2023,57132.0,2025,5.293490769,2025,21.7,2025,0.1262467,2025
47059,Greene County,TN,74.91538461538462,2010-2015,13,0.718690276,2020,28.59536934,2019,11.15393828,2022,0.028949006,2018,40.6,2023,15.4,2023,31.1,2023,12.3,2023,54188.0,2025,4.5348971523,2025,19.8,2025,0.5239235,2025
47061,Grundy County,TN,74.05,2010-2015,4,0.222469404,2020,6.94611454,2019,11.15393828,2022,0.07492882,2018,40.6,2023,16.5,2023,33.0,2023,14.1,2023,41370.0,2025,4.9200971079,2025,26.900000000000002,2025,,
47063,Hamblen County,TN,74.43333333333332,2010-2015,12,0.936876059,2020,42.65865326,2019,11.15393828,2022,0.015487309,2018,40.5,2023,15.2,2023,31.1,2023,14.9,2023,55904.0,2025,4.6443979058,2025,21.7,2025,0.5739282,2025
47065,Hamilton County,TN,76.28108108108108,2010-2015,74,0.941715837,2020,43.85080719,2019,11.15393828,2022,0.019215671,2018,34.5,2023,12.7,2023,22.4,2023,10.7,2023,73319.0,2025,4.5470171891,2025,19.0,2025,1.0917415,2025
47067,Hancock County,TN,72.65,2010-2015,2,,,1.071048737,2019,11.15393828,2022,0.0,2018,43.0,2023,20.3,2023,39.0,2023,16.1,2023,39077.0,2025,6.3560504002,2025,36.0,2025,,
47069,Hardeman County,TN,73.98333333333333,2010-2015,6,0.523433745,2020,12.45892525,2019,11.15393828,2022,0.0,2018,43.7,2023,17.2,2023,34.1,2023,14.8,2023,47551.0,2025,4.5702146256,2025,29.5,2025,0.1573193,2025
47071,Hardin County,TN,73.43333333333332,2010-2015,6,0.508149922,2020,19.02426147,2019,11.15393828,2022,0.077591561,2018,38.1,2023,17.1,2023,33.3,2023,13.1,2023,49126.0,2025,4.8622617028,2025,24.2,2025,0.5577867000000001,2025
47073,Hawkins County,TN,74.19166666666666,2010-2015,12,0.493174821,2020,16.84938812,2019,11.15393828,2022,0.017689722,2018,41.1,2023,16.0,2023,31.6,2023,12.0,2023,54454.0,2025,4.6433059671,2025,22.2,2025,0.3142019,2025
47075,Haywood County,TN,74.16666666666667,2010-2015,6,0.941065729,2020,25.36029053,2019,11.15393828,2022,0.0,2018,46.6,2023,20.7,2023,38.7,2023,15.3,2023,42579.0,2025,5.6180200757,2025,28.9,2025,0.2260653,2025
47077,Henderson County,TN,73.23333333333333,2010-2015,6,0.641116977,2020,4.104561329,2019,11.15393828,2022,0.0,2018,38.8,2023,15.4,2023,31.1,2023,12.6,2023,55656.0,2025,5.1396163141,2025,18.2,2025,0.17887170000000002,2025
47079,Henry County,TN,73.36666666666666,2010-2015,9,0.873471439,2020,23.11010742,2019,11.15393828,2022,0.03090426,2018,38.2,2023,16.9,2023,32.5,2023,12.3,2023,52064.0,2025,4.731948376,2025,26.200000000000003,2025,0.6824033,2025
47081,Hickman County,TN,74.16,2010-2015,5,0.236341432,2020,9.800537109,2019,11.15393828,2022,0.079798907,2018,38.4,2023,14.1,2023,29.7,2023,12.7,2023,59650.0,2025,3.7469665792,2025,21.8,2025,0.1975738,2025
47083,Houston County,TN,74.16666666666667,2010-2015,3,0.482392669,2020,1.9410882,2019,11.15393828,2022,0.0,2018,39.5,2023,14.7,2023,30.1,2023,12.1,2023,56951.0,2025,4.240511484,2025,22.6,2025,0.2404713,2025
47085,Humphreys County,TN,75.14,2010-2015,5,0.753093064,2020,22.31978989,2019,11.15393828,2022,0.0,2018,41.2,2023,15.0,2023,29.5,2023,12.1,2023,63017.0,2025,4.0888093353,2025,20.1,2025,0.1561605,2025
47087,Jackson County,TN,72.35,2010-2015,4,0.337154418,2020,0.079243727,2019,11.15393828,2022,0.0,2018,39.4,2023,17.0,2023,33.0,2023,13.5,2023,48285.0,2025,5.3424336142,2025,27.400000000000002,2025,0.0851064,2025
47089,Jefferson County,TN,75.525,2010-2015,8,0.632831275,2020,16.77603912,2019,11.15393828,2022,0.037028808,2018,37.3,2023,13.6,2023,27.1,2023,11.1,2023,62730.0,2025,4.2741974249,2025,18.099999999999998,2025,0.44944629999999997,2025
47091,Johnson County,TN,73.72,2010-2015,5,0.784357667,2020,8.158262253,2019,11.15393828,2022,0.224997193,2018,40.0,2023,17.5,2023,33.7,2023,14.2,2023,51597.0,2025,4.3918610165,2025,28.000000000000004,2025,0.33021459999999997,2025
47093,Knox County,TN,76.047,2010-2015,100,0.975591302,2020,41.16665268,2019,11.15393828,2022,0.021492019,2018,33.5,2023,12.0,2023,23.3,2023,9.9,2023,70457.0,2025,4.6132016461,2025,15.8,2025,1.0931274999999998,2025
47095,Lake County,TN,73.5,2010-2015,2,,,0.187705576,2019,11.15393828,2022,0.0,2018,47.2,2023,19.0,2023,39.6,2023,20.3,2023,40778.0,2025,7.7199521626,2025,45.2,2025,,
47097,Lauderdale County,TN,74.0625,2010-2015,8,0.275038302,2020,5.889221191,2019,11.15393828,2022,0.0,2018,47.2,2023,17.2,2023,34.5,2023,15.2,2023,51486.0,2025,4.9691665409,2025,36.6,2025,0.1593118,2025
47099,Lawrence County,TN,74.96363636363637,2010-2015,11,0.675189078,2020,3.470702648,2019,11.15393828,2022,0.045731012,2018,41.5,2023,14.9,2023,30.5,2023,12.8,2023,55845.0,2025,4.6709543942,2025,20.1,2025,0.3792273,2025
47101,Lewis County,TN,75.75,2010-2015,2,0.647092104,2020,34.6192627,2019,11.15393828,2022,0.082740359,2018,39.2,2023,14.9,2023,29.8,2023,12.6,2023,55231.0,2025,5.3520318244,2025,21.4,2025,0.1555573,2025
47103,Lincoln County,TN,75.41111111111111,2010-2015,9,0.521134913,2020,10.15209675,2019,11.15393828,2022,0.0,2018,40.5,2023,14.8,2023,28.8,2023,11.8,2023,60974.0,2025,4.7743160202,2025,18.9,2025,0.4233342,2025
47105,Loudon County,TN,76.11,2010-2015,10,0.728464782,2020,14.21009159,2019,11.15393828,2022,0.0,2018,36.4,2023,15.1,2023,27.1,2023,11.5,2023,81605.0,2025,4.2372652141,2025,15.9,2025,0.5468337,2025
47107,McMinn County,TN,74.82222222222222,2010-2015,9,0.664108634,2020,14.4907217,2019,11.15393828,2022,0.037534013,2018,46.8,2023,15.4,2023,30.0,2023,12.4,2023,55852.0,2025,4.1408450704,2025,19.5,2025,0.49945429999999996,2025
47109,McNairy County,TN,73.65714285714286,2010-2015,7,0.544831872,2020,24.13209915,2019,11.15393828,2022,0.0,2018,39.4,2023,16.2,2023,31.3,2023,12.9,2023,54516.0,2025,4.3869417009,2025,21.2,2025,0.4253674,2025
47111,Macon County,TN,74.0,2010-2015,4,0.443066031,2020,13.98066902,2019,11.15393828,2022,0.04121162,2018,43.1,2023,14.6,2023,31.8,2023,14.4,2023,57496.0,2025,4.3946286995,2025,22.400000000000002,2025,0.19456009999999999,2025
47113,Madison County,TN,74.98,2010-2015,25,0.925172806,2020,33.45795059,2019,11.15393828,2022,0.010245377,2018,43.8,2023,16.2,2023,30.4,2023,11.9,2023,60663.0,2025,5.1119487046,2025,27.700000000000003,2025,1.3869906,2025
47115,Marion County,TN,74.36666666666666,2010-2015,6,0.760614038,2020,10.92100525,2019,11.15393828,2022,0.0,2018,40.6,2023,16.2,2023,31.1,2023,13.0,2023,57109.0,2025,4.4738358928,2025,21.5,2025,0.3462964,2025
47117,Marshall County,TN,75.32000000000001,2010-2015,5,0.599725842,2020,22.63372231,2019,11.15393828,2022,0.059377134,2018,40.0,2023,13.6,2023,27.2,2023,11.9,2023,73770.0,2025,3.702560812,2025,15.2,2025,0.171507,2025
47119,Maury County,TN,76.62941176470588,2010-2015,17,0.86354053,2020,25.57201767,2019,11.15393828,2022,0.010599958,2018,35.2,2023,12.6,2023,24.6,2023,11.0,2023,74164.0,2025,4.0533848319,2025,13.8,2025,0.486827,2025
47121,Meigs County,TN,72.73333333333333,2010-2015,3,0.319182903,2020,3.17057395,2019,11.15393828,2022,0.0,2018,40.8,2023,15.9,2023,31.1,2023,13.0,2023,56161.0,2025,5.3047614353,2025,23.1,2025,0.3831711,2025
47123,Monroe County,TN,75.05714285714285,2010-2015,7,0.699493408,2020,13.98475456,2019,11.15393828,2022,0.021571714,2018,39.1,2023,15.9,2023,31.9,2023,12.8,2023,58980.0,2025,4.7864347182,2025,21.2,2025,0.1927277,2025
47125,Montgomery County,TN,75.52083333333333,2010-2015,24,0.695446014,2020,46.97299576,2019,11.15393828,2022,0.009711095,2018,38.4,2023,10.8,2023,23.7,2023,11.7,2023,74701.0,2025,3.7176676018,2025,15.7,2025,0.4036858,2025
47127,Moore County,TN,78.2,2010-2015,2,0.621310949,2020,0.131546289,2019,11.15393828,2022,0.0,2018,38.8,2023,14.7,2023,28.6,2023,11.0,2023,66435.0,2025,4.221696024,2025,12.8,2025,,
47129,Morgan County,TN,73.975,2010-2015,4,0.233306885,2020,12.79093647,2019,11.15393828,2022,0.046341352,2018,43.4,2023,14.8,2023,30.4,2023,13.4,2023,55668.0,2025,4.3255994445,2025,19.6,2025,0.18819989999999998,2025
47131,Obion County,TN,75.1,2010-2015,9,0.597391367,2020,6.834256172,2019,11.15393828,2022,0.033039283,2018,40.2,2023,16.2,2023,32.2,2023,13.5,2023,54428.0,2025,4.4300045188,2025,27.0,2025,0.4267052,2025
47133,Overton County,TN,73.52857142857144,2010-2015,7,0.620402396,2020,0.440933943,2019,11.15393828,2022,0.0,2018,40.9,2023,15.7,2023,30.7,2023,13.4,2023,52236.0,2025,5.3091856816,2025,19.1,2025,0.3940628,2025
47135,Perry County,TN,75.55,2010-2015,2,0.49388814,2020,24.56790924,2019,11.15393828,2022,0.124007933,2018,40.1,2023,16.4,2023,33.5,2023,14.3,2023,50014.0,2025,4.7755936986,2025,26.1,2025,0.2360718,2025
47137,Pickett County,TN,76.5,2010-2015,1,,,0.76620543,2019,11.15393828,2022,0.0,2018,41.8,2023,19.1,2023,35.1,2023,13.4,2023,46177.0,2025,6.1281561638,2025,25.0,2025,0.5906675,2025
47139,Polk County,TN,74.22,2010-2015,5,0.534600556,2020,3.963643789,2019,11.15393828,2022,0.0,2018,43.7,2023,15.1,2023,30.5,2023,11.6,2023,57045.0,2025,5.019673283,2025,19.8,2025,0.3375338,2025
47141,Putnam County,TN,75.86153846153846,2010-2015,13,0.753747106,2020,41.39768219,2019,11.15393828,2022,0.012683434,2018,37.5,2023,12.4,2023,25.4,2023,12.1,2023,57896.0,2025,5.215311672,2025,18.6,2025,0.6651229,2025
47143,Rhea County,TN,74.78333333333333,2010-2015,6,0.657835722,2020,21.22428513,2019,11.15393828,2022,0.030262681,2018,42.5,2023,15.7,2023,31.2,2023,13.7,2023,57682.0,2025,4.2852867427,2025,21.4,2025,0.36214389999999996,2025
47145,Roane County,TN,74.53999999999999,2010-2015,10,0.705781817,2020,20.33200836,2019,11.15393828,2022,0.018818216,2018,37.0,2023,14.7,2023,29.5,2023,11.0,2023,65970.0,2025,5.0293341492,2025,16.5,2025,0.425989,2025
47147,Robertson County,TN,75.25,2010-2015,14,0.747146308,2020,9.44522953,2019,11.15393828,2022,0.014082127,2018,37.0,2023,12.7,2023,27.2,2023,12.2,2023,81529.0,2025,3.6625147012,2025,13.600000000000001,2025,0.3508867,2025
47149,Rutherford County,TN,77.35813953488372,2010-2015,43,0.787004709,2020,22.38135147,2019,11.15393828,2022,0.012311859,2018,37.9,2023,10.9,2023,22.9,2023,11.3,2023,81987.0,2025,3.4364412811,2025,11.5,2025,0.4372739,2025
47151,Scott County,TN,72.2,2010-2015,5,0.679040313,2020,20.50056458,2019,11.15393828,2022,0.04537411,2018,43.4,2023,16.6,2023,35.4,2023,14.8,2023,46923.0,2025,4.3967572454,2025,25.1,2025,0.2281334,2025
47153,Sequatchie County,TN,76.06666666666666,2010-2015,3,0.593041658,2020,42.05371094,2019,11.15393828,2022,0.0,2018,39.4,2023,16.7,2023,32.5,2023,14.1,2023,62157.0,2025,5.0806705339,2025,21.9,2025,0.18297149999999998,2025
47155,Sevier County,TN,75.82352941176471,2010-2015,17,1.2192173,2020,21.46222878,2019,11.15393828,2022,0.020430679,2018,38.4,2023,14.4,2023,27.2,2023,12.4,2023,60704.0,2025,4.3260572988,2025,18.3,2025,0.3617472,2025
47157,Shelby County,TN,74.79484536082475,2010-2015,194,0.834386528,2020,32.75627899,2019,11.15393828,2022,0.012823747,2018,39.7,2023,15.9,2023,27.5,2023,12.2,2023,62402.0,2025,5.3478364525,2025,28.1,2025,0.8567219,2025
47159,Smith County,TN,73.94,2010-2015,5,0.394380093,2020,3.268334627,2019,11.15393828,2022,0.100290842,2018,39.1,2023,13.5,2023,27.7,2023,11.7,2023,72153.0,2025,4.5149621835,2025,16.5,2025,0.3965893,2025
47161,Stewart County,TN,74.56666666666666,2010-2015,3,0.288621098,2020,15.78984165,2019,11.15393828,2022,0.0,2018,38.1,2023,14.0,2023,27.6,2023,10.9,2023,60634.0,2025,4.5256378601,2025,17.5,2025,0.0721761,2025
47163,Sullivan County,TN,75.35135135135135,2010-2015,37,0.988945246,2020,30.71215248,2019,11.15393828,2022,0.019027323,2018,37.8,2023,15.2,2023,29.1,2023,11.1,2023,57016.0,2025,4.6579882134,2025,19.0,2025,1.2118168,2025
47165,Sumner County,TN,77.09714285714286,2010-2015,35,0.588051796,2020,33.82200241,2019,11.15393828,2022,0.010686672,2018,40.6,2023,12.2,2023,23.6,2023,10.3,2023,86376.0,2025,3.8623032814,2025,11.899999999999999,2025,0.46869469999999996,2025
47167,Tipton County,TN,74.91666666666667,2010-2015,12,0.387609422,2020,4.101845264,2019,11.15393828,2022,0.016238775,2018,44.1,2023,14.2,2023,28.0,2023,11.5,2023,70886.0,2025,4.1240766245,2025,24.7,2025,0.2786703,2025
47169,Trousdale County,TN,72.25,2010-2015,2,0.3491925,2020,0.0,2019,11.15393828,2022,0.0,2018,39.1,2023,11.7,2023,27.9,2023,14.3,2023,62658.0,2025,4.0080871889,2025,16.5,2025,0.3323639,2025
47171,Unicoi County,TN,75.15,2010-2015,4,0.732188106,2020,3.674871922,2019,11.15393828,2022,0.112606272,2018,39.3,2023,16.5,2023,31.9,2023,13.1,2023,54955.0,2025,4.7949947763,2025,22.0,2025,0.4520285,2025
47173,Union County,TN,73.35,2010-2015,4,0.495368302,2020,1.907224178,2019,11.15393828,2022,0.050792363,2018,40.3,2023,14.6,2023,29.5,2023,12.5,2023,64244.0,2025,4.0749190462,2025,23.400000000000002,2025,0.1497006,2025
47175,Van Buren County,TN,73.4,2010-2015,2,,,1.920100927,2019,11.15393828,2022,0.0,2018,39.2,2023,16.0,2023,31.0,2023,12.3,2023,58584.0,2025,4.5600769865,2025,23.599999999999998,2025,,
47177,Warren County,TN,73.56666666666666,2010-2015,9,0.552818179,2020,9.608086586,2019,11.15393828,2022,0.024463037,2018,42.3,2023,15.5,2023,31.8,2023,14.8,2023,49436.0,2025,4.0663128882,2025,22.5,2025,0.4575777,2025
47179,Washington County,TN,75.73636363636363,2010-2015,22,0.905137062,2020,26.1768837,2019,11.15393828,2022,0.038878132,2018,35.5,2023,12.8,2023,25.4,2023,10.8,2023,62028.0,2025,5.1642420235,2025,18.099999999999998,2025,1.854942,2025
47181,Wayne County,TN,74.125,2010-2015,4,0.181554109,2020,24.39076233,2019,11.15393828,2022,0.0,2018,40.5,2023,15.4,2023,31.5,2023,14.0,2023,51817.0,2025,5.1763399324,2025,23.5,2025,0.1828265,2025
47183,Weakley County,TN,76.1,2010-2015,10,0.629987419,2020,19.40327454,2019,11.15393828,2022,0.05985336,2018,39.1,2023,13.9,2023,28.9,2023,12.3,2023,55285.0,2025,4.2647645208,2025,20.9,2025,0.6054002,2025
47185,White County,TN,73.64999999999999,2010-2015,6,0.577471375,2020,29.11201096,2019,11.15393828,2022,0.036890838,2018,39.7,2023,15.6,2023,32.1,2023,13.0,2023,63690.0,2025,3.9769325153,2025,19.7,2025,0.3616637,2025
47187,Williamson County,TN,81.23125,2010-2015,32,0.83962369,2020,43.90394211,2019,11.15393828,2022,0.017261542,2018,29.4,2023,10.0,2023,18.1,2023,6.9,2023,136007.0,2025,,,4.7,2025,1.3803351,2025
47189,Wilson County,TN,76.96315789473684,2010-2015,19,0.708836854,2020,35.30885315,2019,11.15393828,2022,0.014222222,2018,31.2,2023,11.3,2023,21.8,2023,9.6,2023,96466.0,2025,3.7713807985,2025,8.4,2025,0.3291271,2025
48001,Anderson County,TX,77.45555555555556,2010-2015,9,0.501686692,2020,43.77350998,2019,11.50011728,2022,0.0,2018,39.9,2023,13.9,2023,30.6,2023,19.1,2023,56548.0,2025,4.3790887401,2025,24.6,2025,0.3766994,2025
48003,Andrews County,TX,75.97500000000001,2010-2015,4,0.582657993,2020,26.80090904,2019,11.50011728,2022,0.0,2018,36.7,2023,12.7,2023,31.1,2023,25.9,2023,80936.0,2025,4.4725708139,2025,13.200000000000001,2025,0.48806940000000004,2025
48005,Angelina County,TX,76.0,2010-2015,17,0.783446252,2020,25.98922729,2019,11.50011728,2022,0.011482111,2018,40.8,2023,14.9,2023,33.4,2023,18.8,2023,57298.0,2025,4.4183633207,2025,24.9,2025,0.6589138,2025
48007,Aransas County,TX,76.32000000000001,2010-2015,5,0.629881561,2020,31.6766777,2019,11.50011728,2022,0.042030934,2018,36.0,2023,15.9,2023,30.2,2023,16.0,2023,60112.0,2025,5.0425759257,2025,27.900000000000002,2025,0.3263974,2025
48009,Archer County,TX,78.36666666666666,2010-2015,3,0.343642622,2020,18.27568054,2019,11.50011728,2022,0.0,2018,34.9,2023,12.7,2023,26.5,2023,12.3,2023,71672.0,2025,4.2580645161,2025,12.6,2025,,
48011,Armstrong County,TX,86.2,2010-2015,1,1.605136395,2020,99.74791718,2019,11.50011728,2022,0.0,2018,33.3,2023,12.6,2023,24.9,2023,11.4,2023,68555.0,2025,3.4290450928,2025,15.299999999999999,2025,0.0,2025
48013,Atascosa County,TX,77.9625,2010-2015,8,0.522001386,2020,18.76869774,2019,11.50011728,2022,0.0,2018,42.2,2023,15.4,2023,35.0,2023,27.4,2023,58330.0,2025,5.3174689247,2025,22.6,2025,0.2002443,2025
48015,Austin County,TX,78.86666666666666,2010-2015,6,0.567196071,2020,7.368290424,2019,11.50011728,2022,0.0,2018,37.3,2023,14.7,2023,30.1,2023,17.2,2023,73248.0,2025,4.7298848742,2025,18.0,2025,0.1974984,2025
48017,Bailey County,TX,80.5,2010-2015,1,0.59728235,2020,6.297027111,2019,11.50011728,2022,0.0,2018,38.8,2023,15.5,2023,36.4,2023,30.2,2023,51193.0,2025,5.376614927,2025,23.400000000000002,2025,0.2926116,2025
48019,Bandera County,TX,80.34,2010-2015,5,0.419093907,2020,35.60509491,2019,11.50011728,2022,0.04381353,2018,35.5,2023,15.7,2023,29.7,2023,14.1,2023,66649.0,2025,4.6772737046,2025,18.6,2025,0.3246,2025
48021,Bastrop County,TX,77.78,2010-2015,10,0.513094842,2020,17.29249573,2019,11.50011728,2022,0.02299485,2018,40.2,2023,13.4,2023,31.3,2023,21.6,2023,77345.0,2025,4.1384902249,2025,16.2,2025,0.2351604,2025
48023,Baylor County,TX,74.4,2010-2015,1,0.852757275,2020,7.440770149,2019,11.50011728,2022,0.0,2018,36.1,2023,14.9,2023,30.8,2023,15.3,2023,49566.0,2025,4.6131134189,2025,22.5,2025,2.3008341,2025
48025,Bee County,TX,76.11666666666666,2010-2015,6,0.461353928,2020,48.72572708,2019,11.50011728,2022,0.0,2018,39.2,2023,13.9,2023,32.9,2023,27.7,2023,54072.0,2025,4.9175647306,2025,28.199999999999996,2025,0.1616867,2025
48027,Bell County,TX,76.74615384615385,2010-2015,52,0.729873717,2020,31.25187492,2019,11.50011728,2022,0.00843545,2018,43.2,2023,12.6,2023,29.3,2023,16.2,2023,69562.0,2025,4.3700352814,2025,15.7,2025,0.7217801,2025
48029,Bexar County,TX,77.78031250000001,2010-2015,320,0.733167112,2020,28.37994957,2019,11.50011728,2022,0.01107727,2018,34.1,2023,13.9,2023,30.6,2023,21.9,2023,69755.0,2025,4.5539001739,2025,19.1,2025,0.7356146,2025
48031,Blanco County,TX,78.15,2010-2015,2,0.978074849,2020,6.346221924,2019,11.50011728,2022,0.0,2018,34.5,2023,13.1,2023,24.1,2023,11.9,2023,91031.0,2025,4.2665168418,2025,13.4,2025,0.420663,2025
48035,Bosque County,TX,77.11666666666666,2010-2015,6,0.645057261,2020,25.56856537,2019,11.50011728,2022,0.053501684,2018,35.9,2023,14.3,2023,28.2,2023,14.7,2023,66325.0,2025,3.7462883142,2025,19.400000000000002,2025,0.5404528999999999,2025
48037,Bowie County,TX,75.12222222222222,2010-2015,18,1.048341393,2020,28.90210342,2019,11.50011728,2022,0.010601755,2018,36.7,2023,13.8,2023,29.1,2023,14.1,2023,55343.0,2025,5.2802661546,2025,19.5,2025,0.7236906000000001,2025
48039,Brazoria County,TX,77.65714285714286,2010-2015,49,0.662255108,2020,29.82552719,2019,11.50011728,2022,0.005402485,2018,36.3,2023,12.0,2023,25.6,2023,16.2,2023,93071.0,2025,4.1533847871,2025,12.1,2025,0.6531661,2025
48041,Brazos County,TX,78.52,2010-2015,30,0.8944121,2020,28.47571182,2019,11.50011728,2022,0.004409988,2018,29.4,2023,9.7,2023,24.2,2023,15.6,2023,55724.0,2025,6.1072631973,2025,18.9,2025,0.8311114,2025
48043,Brewster County,TX,81.76666666666667,2010-2015,3,1.190862775,2020,38.63958359,2019,11.50011728,2022,0.0,2018,32.8,2023,12.8,2023,24.9,2023,15.8,2023,57871.0,2025,4.4247028007,2025,19.8,2025,1.2698413,2025
48045,Briscoe County,TX,84.4,2010-2015,1,,,100.0,2019,11.50011728,2022,0.0,2018,39.5,2023,17.5,2023,34.5,2023,20.5,2023,57983.0,2025,5.8673006957,2025,21.7,2025,0.7127584,2025
48047,Brooks County,TX,76.45,2010-2015,2,1.005169392,2020,17.68741226,2019,11.50011728,2022,0.0,2018,42.6,2023,19.8,2023,42.8,2023,37.8,2023,36695.0,2025,8.1127504735,2025,45.0,2025,,
48049,Brown County,TX,74.875,2010-2015,12,0.90346241,2020,35.09527969,2019,11.50011728,2022,0.026368527,2018,34.9,2023,14.0,2023,30.1,2023,16.6,2023,57744.0,2025,4.7676032208,2025,21.5,2025,0.5236699,2025
48051,Burleson County,TX,78.26,2010-2015,5,0.378092259,2020,16.46294212,2019,11.50011728,2022,0.0,2018,35.9,2023,14.0,2023,28.7,2023,15.9,2023,63764.0,2025,4.0769960474,2025,21.099999999999998,2025,0.38779020000000003,2025
48053,Burnet County,TX,78.5875,2010-2015,8,0.684752166,2020,24.1473217,2019,11.50011728,2022,0.0,2018,35.3,2023,13.5,2023,26.8,2023,14.7,2023,77824.0,2025,3.7978626825,2025,14.000000000000002,2025,0.4121364,2025
48055,Caldwell County,TX,77.9,2010-2015,8,0.522976875,2020,17.525177,2019,11.50011728,2022,0.023122991,2018,42.2,2023,14.6,2023,33.3,2023,25.9,2023,63395.0,2025,3.9631546991,2025,19.400000000000002,2025,0.2564596,2025
48057,Calhoun County,TX,78.4,2010-2015,5,0.571401358,2020,68.4609375,2019,11.50011728,2022,0.0,2018,34.8,2023,14.7,2023,31.3,2023,22.0,2023,68885.0,2025,3.4699947912,2025,21.9,2025,0.5069195000000001,2025
48059,Callahan County,TX,76.43333333333334,2010-2015,3,0.779588938,2020,28.48510933,2019,11.50011728,2022,0.071459197,2018,36.2,2023,13.2,2023,26.5,2023,12.5,2023,63378.0,2025,3.6555823144,2025,17.8,2025,0.1416932,2025
48061,Cameron County,TX,79.01566265060241,2010-2015,83,0.683672011,2020,32.17157745,2019,11.50011728,2022,0.011795012,2018,40.3,2023,18.3,2023,36.9,2023,35.9,2023,51716.0,2025,5.2403731045,2025,33.900000000000006,2025,0.49169209999999997,2025
48063,Camp County,TX,76.13333333333333,2010-2015,3,0.612557411,2020,10.60691357,2019,11.50011728,2022,0.0,2018,40.0,2023,16.1,2023,33.8,2023,19.8,2023,53775.0,2025,5.1730088919,2025,26.400000000000002,2025,0.7133798,2025
48065,Carson County,TX,83.80000000000001,2010-2015,2,0.512470126,2020,17.62940788,2019,11.50011728,2022,0.0,2018,34.0,2023,11.7,2023,24.2,2023,11.5,2023,73716.0,2025,4.4073243243,2025,12.8,2025,,
48067,Cass County,TX,76.38571428571429,2010-2015,7,0.702834785,2020,16.26385307,2019,11.50011728,2022,0.0,2018,39.3,2023,15.7,2023,30.8,2023,13.5,2023,52092.0,2025,5.2189809225,2025,23.3,2025,0.210084,2025
48069,Castro County,TX,76.9,2010-2015,2,0.540832877,2020,15.34571457,2019,11.50011728,2022,0.0,2018,38.2,2023,15.5,2023,34.2,2023,27.7,2023,55135.0,2025,4.596627451,2025,21.7,2025,0.2712232,2025
48071,Chambers County,TX,77.86,2010-2015,5,0.723842919,2020,10.69372177,2019,11.50011728,2022,0.0,2018,35.0,2023,10.8,2023,25.0,2023,15.9,2023,103034.0,2025,3.7909281051,2025,10.299999999999999,2025,0.1432518,2025
48073,Cherokee County,TX,76.45,2010-2015,12,0.52955085,2020,33.66543198,2019,11.50011728,2022,0.0,2018,35.7,2023,14.7,2023,31.8,2023,19.1,2023,57691.0,2025,4.8935014472,2025,27.700000000000003,2025,0.5088360999999999,2025
48075,Childress County,TX,78.4,2010-2015,2,1.259974837,2020,42.77839661,2019,11.50011728,2022,0.0,2018,36.1,2023,12.0,2023,29.6,2023,21.6,2023,53921.0,2025,4.0578769692,2025,23.7,2025,1.4845606,2025
48077,Clay County,TX,77.7,2010-2015,3,0.379146934,2020,57.82727432,2019,11.50011728,2022,0.095638871,2018,34.9,2023,13.2,2023,26.4,2023,11.3,2023,73557.0,2025,4.1640488656,2025,17.1,2025,0.3897496,2025
48079,Cochran County,TX,76.3,2010-2015,1,,,21.17568398,2019,11.50011728,2022,0.0,2018,42.6,2023,18.6,2023,41.7,2023,32.3,2023,46409.0,2025,4.746835443,2025,33.800000000000004,2025,0.39745630000000004,2025
48081,Coke County,TX,81.2,2010-2015,1,,,99.97629547,2019,11.50011728,2022,0.0,2018,36.3,2023,15.9,2023,31.7,2023,16.8,2023,56786.0,2025,3.9504805069,2025,19.0,2025,,
48083,Coleman County,TX,77.46666666666665,2010-2015,3,0.61728394,2020,27.29188538,2019,11.50011728,2022,0.0,2018,37.2,2023,15.4,2023,29.8,2023,14.5,2023,48955.0,2025,4.8464146146,2025,26.900000000000002,2025,0.5171299,2025
48085,Collin County,TX,80.55,2010-2015,116,0.920649707,2020,19.55410385,2019,11.50011728,2022,0.003979521,2018,32.3,2023,9.5,2023,20.0,2023,10.1,2023,120149.0,2025,4.0407738869,2025,6.6000000000000005,2025,0.9734448,2025
48087,Collingsworth County,TX,76.3,2010-2015,1,1.39033711,2020,7.358327866,2019,11.50011728,2022,0.0,2018,39.3,2023,15.5,2023,32.0,2023,20.2,2023,48858.0,2025,4.4266139228,2025,31.8,2025,0.3824092,2025
48089,Colorado County,TX,79.47999999999999,2010-2015,5,0.786672831,2020,20.85860825,2019,11.50011728,2022,0.0,2018,36.2,2023,14.9,2023,29.9,2023,17.7,2023,61410.0,2025,4.3644792931,2025,22.2,2025,0.5332041000000001,2025
48091,Comal County,TX,79.13636363636364,2010-2015,22,0.752372384,2020,14.60481071,2019,11.50011728,2022,0.006739771,2018,35.0,2023,11.2,2023,21.8,2023,12.9,2023,99871.0,2025,4.3369417827,2025,9.1,2025,0.5943333000000001,2025
48093,Comanche County,TX,79.725,2010-2015,4,0.654545426,2020,21.04494858,2019,11.50011728,2022,0.0,2018,36.7,2023,14.8,2023,30.5,2023,18.1,2023,54726.0,2025,4.7217899586,2025,27.200000000000003,2025,0.5807623,2025
48095,Concho County,TX,86.8,2010-2015,1,,,26.69489479,2019,11.50011728,2022,0.0,2018,37.1,2023,14.2,2023,32.0,2023,23.7,2023,54909.0,2025,3.5920336134,2025,26.6,2025,0.2993116,2025
48097,Cooke County,TX,76.2625,2010-2015,8,0.82139492,2020,8.98730278,2019,11.50011728,2022,0.0,2018,36.1,2023,13.0,2023,27.7,2023,15.2,2023,75003.0,2025,4.275314937,2025,18.8,2025,0.260392,2025
48099,Coryell County,TX,75.94615384615385,2010-2015,13,0.469134837,2020,63.65989685,2019,11.50011728,2022,0.0,2018,37.3,2023,10.3,2023,26.8,2023,16.0,2023,72724.0,2025,3.5406501604,2025,15.8,2025,0.1780796,2025
48101,Cottle County,TX,79.8,2010-2015,1,,,99.95832062,2019,11.50011728,2022,0.0,2018,40.6,2023,18.8,2023,35.4,2023,19.7,2023,52342.0,2025,6.7249023,2025,34.9,2025,0.0,2025
48103,Crane County,TX,76.8,2010-2015,1,0.62959075,2020,13.44011402,2019,11.50011728,2022,0.0,2018,39.7,2023,15.0,2023,36.0,2023,30.5,2023,58133.0,2025,5.5044224373,2025,15.9,2025,0.42735039999999996,2025
48105,Crockett County,TX,79.2,2010-2015,1,1.992598891,2020,6.719994545,2019,11.50011728,2022,0.0,2018,37.7,2023,16.5,2023,35.3,2023,28.2,2023,58833.0,2025,2.709825873,2025,21.099999999999998,2025,0.6518904999999999,2025
48107,Crosby County,TX,77.86666666666667,2010-2015,3,,,5.553640842,2019,11.50011728,2022,0.0,2018,40.5,2023,17.1,2023,37.0,2023,27.2,2023,46106.0,2025,4.1368171021,2025,33.0,2025,0.39169600000000004,2025
48109,Culberson County,TX,77.2,2010-2015,1,,,7.762441158,2019,11.50011728,2022,0.0,2018,40.3,2023,19.3,2023,40.8,2023,31.3,2023,54183.0,2025,3.7487544181,2025,33.6,2025,0.45599639999999997,2025
48111,Dallam County,TX,77.25,2010-2015,2,0.962463915,2020,48.09527206,2019,11.50011728,2022,0.0,2018,39.6,2023,14.7,2023,35.6,2023,27.4,2023,61424.0,2025,2.2713408639,2025,15.7,2025,0.8365867,2025
48113,Dallas County,TX,77.79377682403434,2010-2015,466,0.918096662,2020,18.55704498,2019,11.50011728,2022,0.004170186,2018,35.7,2023,12.5,2023,30.5,2023,20.6,2023,74352.0,2025,4.3769196627,2025,19.5,2025,0.7207904,2025
48115,Dawson County,TX,78.425,2010-2015,4,0.770772338,2020,37.46800613,2019,11.50011728,2022,0.0,2018,39.4,2023,15.3,2023,36.5,2023,29.9,2023,55057.0,2025,5.2521910389,2025,26.1,2025,0.4028035,2025
48117,Deaf Smith County,TX,78.35,2010-2015,4,0.492422163,2020,20.72343254,2019,11.50011728,2022,0.053304903,2018,40.7,2023,16.4,2023,39.8,2023,34.7,2023,60118.0,2025,3.7494715984,2025,22.3,2025,0.1091167,2025
48119,Delta County,TX,75.1,2010-2015,2,,,7.210911751,2019,11.50011728,2022,0.0,2018,37.1,2023,13.7,2023,28.3,2023,13.4,2023,56945.0,2025,5.61700117,2025,22.5,2025,,
48121,Denton County,TX,79.58888888888889,2010-2015,99,0.797325015,2020,22.94360352,2019,11.50011728,2022,0.005820288,2018,33.7,2023,9.9,2023,21.2,2023,11.2,2023,107401.0,2025,4.071547022,2025,5.8999999999999995,2025,0.5362944000000001,2025
48123,DeWitt County,TX,78.16,2010-2015,5,0.793100059,2020,5.582077026,2019,11.50011728,2022,0.049536832,2018,37.6,2023,16.0,2023,33.0,2023,21.2,2023,61067.0,2025,4.8760259708,2025,24.2,2025,0.6024700999999999,2025
48125,Dickens County,TX,79.9,2010-2015,1,,,19.84283638,2019,11.50011728,2022,0.0,2018,37.5,2023,16.7,2023,32.5,2023,18.7,2023,47356.0,2025,5.6838449263,2025,28.299999999999997,2025,0.5747126,2025
48127,Dimmit County,TX,78.4,2010-2015,2,0.906800985,2020,53.90260315,2019,11.50011728,2022,0.0,2018,46.8,2023,23.4,2023,49.5,2023,41.1,2023,45002.0,2025,8.3810485568,2025,36.3,2025,0.3540659,2025
48129,Donley County,TX,79.1,2010-2015,2,1.209189892,2020,15.60278797,2019,11.50011728,2022,0.0,2018,34.2,2023,14.0,2023,28.8,2023,14.6,2023,48934.0,2025,4.406753746,2025,25.7,2025,,
48131,Duval County,TX,81.7,2010-2015,3,0.361729056,2020,26.7347641,2019,11.50011728,2022,0.0,2018,41.2,2023,18.8,2023,41.1,2023,35.4,2023,40415.0,2025,4.6352542373,2025,42.8,2025,,
48133,Eastland County,TX,75.62,2010-2015,5,0.9788993,2020,26.27543068,2019,11.50011728,2022,0.0,2018,35.5,2023,14.1,2023,29.8,2023,15.9,2023,52188.0,2025,5.0985417587,2025,24.3,2025,0.223914,2025
48135,Ector County,TX,75.10000000000001,2010-2015,27,0.822893143,2020,26.75033951,2019,11.50011728,2022,0.0,2018,40.0,2023,12.8,2023,31.8,2023,28.0,2023,66813.0,2025,4.9924030248,2025,14.299999999999999,2025,0.5711058,2025
48137,Edwards County,TX,80.5,2010-2015,1,,,31.86855316,2019,11.50011728,2022,0.0,2018,38.2,2023,19.3,2023,36.4,2023,25.2,2023,51691.0,2025,6.5143403442,2025,34.699999999999996,2025,0.6954103,2025
48139,Ellis County,TX,77.77,2010-2015,30,0.698790133,2020,34.64089966,2019,11.50011728,2022,0.011146035,2018,37.2,2023,11.6,2023,25.8,2023,15.6,2023,90077.0,2025,3.8490796394,2025,9.0,2025,0.379913,2025
48141,El Paso County,TX,78.5048275862069,2010-2015,145,0.763117433,2020,20.31289101,2019,11.50011728,2022,0.015462237,2018,34.0,2023,15.4,2023,33.4,2023,29.0,2023,58656.0,2025,4.9248763707,2025,23.799999999999997,2025,0.49657409999999996,2025
48143,Erath County,TX,79.7125,2010-2015,8,0.97168237,2020,42.37164688,2019,11.50011728,2022,0.0,2018,33.4,2023,10.8,2023,25.1,2023,14.7,2023,63564.0,2025,4.8262159419,2025,17.5,2025,0.576329,2025
48145,Falls County,TX,76.43333333333334,2010-2015,6,0.289435595,2020,13.79896641,2019,11.50011728,2022,0.0,2018,40.0,2023,16.1,2023,33.8,2023,19.5,2023,49940.0,2025,5.2276638948,2025,25.0,2025,0.0577601,2025
48147,Fannin County,TX,76.67777777777778,2010-2015,9,0.334140837,2020,36.89745331,2019,11.50011728,2022,0.0,2018,39.2,2023,13.2,2023,29.1,2023,15.3,2023,66381.0,2025,5.1195484864,2025,19.2,2025,0.19141899999999998,2025
48149,Fayette County,TX,79.15714285714286,2010-2015,7,0.861157894,2020,18.60517883,2019,11.50011728,2022,0.039449289,2018,33.9,2023,13.8,2023,26.5,2023,14.2,2023,71442.0,2025,4.2706480711,2025,13.200000000000001,2025,0.3240572,2025
48151,Fisher County,TX,77.85,2010-2015,2,,,17.02669907,2019,11.50011728,2022,0.0,2018,36.1,2023,14.5,2023,28.8,2023,15.7,2023,61808.0,2025,3.6440979261,2025,20.599999999999998,2025,0.5396654,2025
48153,Floyd County,TX,77.8,2010-2015,2,0.881523252,2020,15.33294296,2019,11.50011728,2022,0.0,2018,39.1,2023,17.0,2023,36.5,2023,27.6,2023,46817.0,2025,6.9562961255,2025,31.900000000000002,2025,0.5607477000000001,2025
48155,Foard County,TX,82.2,2010-2015,1,,,100.0,2019,11.50011728,2022,0.0,2018,40.1,2023,18.2,2023,35.6,2023,18.4,2023,50030.0,2025,7.1889321504,2025,25.900000000000002,2025,0.0,2025
48157,Fort Bend County,TX,80.34927536231885,2010-2015,69,0.628791511,2020,29.51590729,2019,11.50011728,2022,0.002538529,2018,30.1,2023,12.0,2023,24.3,2023,12.6,2023,106213.0,2025,4.0630463889,2025,10.100000000000001,2025,0.8467992000000001,2025
48159,Franklin County,TX,76.46666666666665,2010-2015,3,0.646890283,2020,74.2166214,2019,11.50011728,2022,0.18577002,2018,35.3,2023,13.0,2023,25.5,2023,12.5,2023,59972.0,2025,4.6056503136,2025,21.0,2025,0.2866972,2025
48161,Freestone County,TX,76.11428571428571,2010-2015,7,0.603803992,2020,18.67589951,2019,11.50011728,2022,0.0,2018,38.2,2023,14.7,2023,30.1,2023,16.1,2023,58850.0,2025,5.3554944597,2025,20.8,2025,0.3034287,2025
48163,Frio County,TX,76.93333333333334,2010-2015,3,0.785121918,2020,23.51679039,2019,11.50011728,2022,0.0,2018,40.5,2023,15.3,2023,38.6,2023,37.0,2023,50112.0,2025,5.8219766407,2025,36.199999999999996,2025,0.2169668,2025
48165,Gaines County,TX,78.39999999999999,2010-2015,3,0.681942165,2020,3.063325644,2019,11.50011728,2022,0.0,2018,36.1,2023,11.8,2023,31.8,2023,25.6,2023,66019.0,2025,5.0712268164,2025,19.3,2025,0.0913451,2025
48167,Galveston County,TX,76.84827586206896,2010-2015,58,0.762122214,2020,34.51383591,2019,11.50011728,2022,0.014797715,2018,34.0,2023,12.3,2023,25.4,2023,15.0,2023,83080.0,2025,5.0990149406,2025,14.799999999999999,2025,0.7041024,2025
48169,Garza County,TX,75.8,2010-2015,1,0.803600132,2020,19.83234406,2019,11.50011728,2022,0.0,2018,39.9,2023,14.9,2023,36.0,2023,30.9,2023,53190.0,2025,4.2519151326,2025,26.8,2025,0.1705611,2025
48171,Gillespie County,TX,80.46000000000001,2010-2015,5,0.816023767,2020,10.45926189,2019,11.50011728,2022,0.037307866,2018,32.8,2023,13.6,2023,25.6,2023,13.7,2023,76238.0,2025,4.4237029502,2025,13.200000000000001,2025,1.17229,2025
48173,Glasscock County,TX,81.2,2010-2015,1,,,98.35160065,2019,11.50011728,2022,0.0,2018,34.0,2023,10.9,2023,23.3,2023,15.4,2023,99602.0,2025,7.0088676671,2025,8.0,2025,0.0,2025
48175,Goliad County,TX,79.6,2010-2015,2,0.524521351,2020,36.80334091,2019,11.50011728,2022,0.0,2018,37.0,2023,15.6,2023,30.4,2023,18.1,2023,64024.0,2025,5.9084210526,2025,22.400000000000002,2025,,
48177,Gonzales County,TX,78.18333333333334,2010-2015,6,0.66832155,2020,42.54640579,2019,11.50011728,2022,0.0,2018,39.4,2023,16.0,2023,35.8,2023,25.8,2023,56350.0,2025,5.2560849417,2025,24.9,2025,0.4073112,2025
48179,Gray County,TX,76.15714285714286,2010-2015,7,0.738757014,2020,22.42162514,2019,11.50011728,2022,0.0,2018,38.5,2023,13.9,2023,31.6,2023,20.1,2023,56726.0,2025,4.4263912748,2025,22.400000000000002,2025,0.2853067,2025
48181,Grayson County,TX,75.35,2010-2015,26,0.665133953,2020,18.60933495,2019,11.50011728,2022,0.022389563,2018,33.9,2023,12.5,2023,27.4,2023,13.7,2023,69442.0,2025,4.0945950084,2025,14.799999999999999,2025,0.4234369,2025
48183,Gregg County,TX,75.51666666666667,2010-2015,24,1.255745411,2020,24.18060684,2019,11.50011728,2022,0.008083617,2018,36.8,2023,13.5,2023,29.1,2023,16.3,2023,61254.0,2025,4.4719647577,2025,22.900000000000002,2025,0.9098155,2025
48185,Grimes County,TX,78.75,2010-2015,4,0.438981563,2020,31.3146534,2019,11.50011728,2022,0.035260931,2018,37.1,2023,14.4,2023,30.1,2023,18.5,2023,64708.0,2025,4.5327948653,2025,20.9,2025,0.26413970000000003,2025
48187,Guadalupe County,TX,79.04827586206896,2010-2015,29,0.480633974,2020,41.25634003,2019,11.50011728,2022,0.024435837,2018,34.7,2023,12.8,2023,25.9,2023,17.1,2023,94952.0,2025,3.7966188644,2025,10.7,2025,0.25983419999999996,2025
48189,Hale County,TX,77.82222222222222,2010-2015,9,0.671673715,2020,23.4745369,2019,11.50011728,2022,0.0,2018,38.9,2023,15.6,2023,36.1,2023,28.9,2023,52487.0,2025,4.5201377248,2025,28.799999999999997,2025,0.4034761,2025
48191,Hall County,TX,75.7,2010-2015,1,,,24.45471954,2019,11.50011728,2022,0.0,2018,39.1,2023,17.5,2023,34.4,2023,21.3,2023,40725.0,2025,3.7550174803,2025,36.8,2025,,
48193,Hamilton County,TX,78.56666666666668,2010-2015,3,1.285497308,2020,30.961092,2019,11.50011728,2022,0.0,2018,36.1,2023,14.6,2023,30.0,2023,14.6,2023,59403.0,2025,5.0020652078,2025,21.5,2025,0.9721715999999999,2025
48195,Hansford County,TX,78.8,2010-2015,2,,,7.599609375,2019,11.50011728,2022,0.0,2018,36.8,2023,13.6,2023,31.0,2023,23.4,2023,68171.0,2025,4.6580959226,2025,13.200000000000001,2025,0.581508,2025
48197,Hardeman County,TX,77.4,2010-2015,1,,,25.8439827,2019,11.50011728,2022,0.0,2018,37.6,2023,15.2,2023,31.2,2023,17.5,2023,50431.0,2025,4.3306606799,2025,25.4,2025,1.1261260999999998,2025
48199,Hardin County,TX,76.16363636363636,2010-2015,11,0.703198671,2020,30.64017105,2019,11.50011728,2022,0.0,2018,34.0,2023,12.4,2023,26.8,2023,12.6,2023,73943.0,2025,4.6952457956,2025,15.1,2025,0.1755217,2025
48201,Harris County,TX,77.95468749999999,2010-2015,704,0.785099506,2020,18.91565323,2019,11.50011728,2022,0.002553942,2018,37.3,2023,13.2,2023,26.8,2023,21.3,2023,72348.0,2025,4.8884187582,2025,22.400000000000002,2025,0.5824836,2025
48203,Harrison County,TX,75.86666666666666,2010-2015,12,0.662790358,2020,11.50045204,2019,11.50011728,2022,0.0,2018,38.8,2023,13.8,2023,29.5,2023,14.4,2023,62710.0,2025,5.1431034483,2025,23.200000000000003,2025,0.3036876,2025
48205,Hartley County,TX,83.5,2010-2015,1,,,23.92074966,2019,11.50011728,2022,0.0,2018,34.5,2023,12.0,2023,26.8,2023,18.8,2023,88312.0,2025,3.3669996807,2025,8.3,2025,,
48207,Haskell County,TX,79.25,2010-2015,2,1.216544986,2020,27.1259079,2019,11.50011728,2022,0.0,2018,36.6,2023,14.9,2023,32.1,2023,20.2,2023,49755.0,2025,4.5478684343,2025,29.2,2025,0.9240436000000001,2025
48209,Hays County,TX,78.84285714285714,2010-2015,21,0.770617127,2020,8.32708168,2019,11.50011728,2022,0.022458687,2018,34.5,2023,10.2,2023,23.1,2023,16.6,2023,88491.0,2025,4.5201412249,2025,9.1,2025,0.44244839999999996,2025
48211,Hemphill County,TX,80.2,2010-2015,1,,,10.59745598,2019,11.50011728,2022,0.0,2018,32.7,2023,11.6,2023,25.5,2023,16.4,2023,72565.0,2025,4.8122543039,2025,13.4,2025,1.2228676,2025
48213,Henderson County,TX,75.45333333333333,2010-2015,15,0.799598992,2020,18.32254982,2019,11.50011728,2022,0.012150816,2018,35.4,2023,14.5,2023,30.1,2023,14.9,2023,58965.0,2025,4.8378431296,2025,23.599999999999998,2025,0.3585643,2025
48215,Hidalgo County,TX,80.34770642201835,2010-2015,109,0.545018256,2020,34.72991562,2019,11.50011728,2022,0.004619263,2018,44.2,2023,17.4,2023,37.5,2023,37.4,2023,53160.0,2025,5.4573589063,2025,37.3,2025,0.4634489,2025
48217,Hill County,TX,76.21000000000001,2010-2015,10,0.756634057,2020,4.979507923,2019,11.50011728,2022,0.0,2018,36.9,2023,14.2,2023,30.4,2023,16.6,2023,61840.0,2025,4.4972422246,2025,19.3,2025,0.24677139999999997,2025
48219,Hockley County,TX,76.85714285714286,2010-2015,7,0.610793591,2020,39.71781158,2019,11.50011728,2022,0.0,2018,36.1,2023,14.1,2023,32.0,2023,23.2,2023,60851.0,2025,4.6842246915,2025,19.8,2025,0.6085288,2025
48221,Hood County,TX,77.47,2010-2015,10,0.787066936,2020,23.88475037,2019,11.50011728,2022,0.0,2018,33.2,2023,12.5,2023,24.7,2023,11.7,2023,82428.0,2025,4.3798881095,2025,11.899999999999999,2025,0.37370369999999997,2025
48223,Hopkins County,TX,76.65555555555555,2010-2015,9,0.726392269,2020,28.75170708,2019,11.50011728,2022,0.02716653,2018,37.5,2023,13.4,2023,29.6,2023,16.1,2023,61112.0,2025,4.211068471,2025,18.7,2025,0.241864,2025
48225,Houston County,TX,77.15714285714286,2010-2015,7,0.525509059,2020,39.20106888,2019,11.50011728,2022,0.0,2018,38.2,2023,16.8,2023,33.7,2023,17.9,2023,52649.0,2025,5.5107146229,2025,28.199999999999996,2025,0.134886,2025
48227,Howard County,TX,73.76,2010-2015,10,0.766283512,2020,32.58354187,2019,11.50011728,2022,0.0,2018,38.4,2023,13.7,2023,32.1,2023,23.5,2023,63398.0,2025,4.8733705773,2025,21.7,2025,0.20511020000000002,2025
48229,Hudspeth County,TX,77.2,2010-2015,1,,,99.62373352,2019,11.50011728,2022,0.0,2018,41.0,2023,14.3,2023,38.5,2023,38.6,2023,47693.0,2025,3.4467307692,2025,40.5,2025,,
48231,Hunt County,TX,76.02105263157894,2010-2015,19,0.641237617,2020,14.3075285,2019,11.50011728,2022,0.010363446,2018,36.7,2023,12.3,2023,28.0,2023,16.2,2023,70427.0,2025,3.9898158044,2025,17.1,2025,0.27080879999999996,2025
48233,Hutchinson County,TX,74.60000000000001,2010-2015,6,0.725443721,2020,30.33523941,2019,11.50011728,2022,0.0,2018,35.1,2023,12.9,2023,28.2,2023,16.7,2023,64752.0,2025,4.7618995233,2025,16.900000000000002,2025,0.2439619,2025
48235,Irion County,TX,79.2,2010-2015,1,,,99.97419739,2019,11.50011728,2022,0.0,2018,35.1,2023,13.4,2023,26.7,2023,14.5,2023,75689.0,2025,3.1237038022,2025,9.8,2025,0.0,2025
48237,Jack County,TX,76.8,2010-2015,3,0.772968173,2020,47.12591553,2019,11.50011728,2022,0.0,2018,37.8,2023,13.4,2023,30.4,2023,18.0,2023,62721.0,2025,5.5859867591,2025,17.2,2025,0.3443526,2025
48239,Jackson County,TX,78.73333333333333,2010-2015,3,0.807863176,2020,20.20948601,2019,11.50011728,2022,0.0,2018,37.7,2023,14.7,2023,31.7,2023,19.7,2023,62026.0,2025,5.4584541063,2025,19.2,2025,0.1322664,2025
48241,Jasper County,TX,75.2375,2010-2015,8,0.593639553,2020,16.50442123,2019,11.50011728,2022,0.027876895,2018,41.1,2023,16.3,2023,33.5,2023,15.0,2023,58113.0,2025,5.5600584707,2025,23.599999999999998,2025,0.3639121,2025
48243,Jeff Davis County,TX,82.2,2010-2015,1,,,30.08721161,2019,11.50011728,2022,0.0,2018,37.9,2023,21.2,2023,34.2,2023,17.5,2023,63614.0,2025,9.0905266438,2025,23.1,2025,0.5130836,2025
48245,Jefferson County,TX,74.95692307692308,2010-2015,65,0.743622243,2020,24.40411186,2019,11.50011728,2022,0.007843106,2018,41.3,2023,15.6,2023,31.9,2023,18.9,2023,59298.0,2025,5.1500925735,2025,23.599999999999998,2025,0.4769337,2025
48247,Jim Hogg County,TX,76.1,2010-2015,2,1.157407403,2020,34.94036865,2019,11.50011728,2022,0.0,2018,44.7,2023,22.8,2023,47.7,2023,40.6,2023,44736.0,2025,5.2570971611,2025,36.6,2025,0.2082899,2025
48249,Jim Wells County,TX,76.62857142857142,2010-2015,7,0.692178369,2020,21.20607567,2019,11.50011728,2022,0.024496594,2018,40.6,2023,18.0,2023,40.2,2023,32.9,2023,50814.0,2025,5.3420769123,2025,29.9,2025,0.3089042,2025
48251,Johnson County,TX,76.98518518518519,2010-2015,27,0.762912452,2020,20.09745407,2019,11.50011728,2022,0.011671267,2018,33.4,2023,11.9,2023,27.0,2023,16.3,2023,83229.0,2025,3.9769417153,2025,12.8,2025,0.4058095,2025
48253,Jones County,TX,73.45,2010-2015,4,0.402515709,2020,29.44719696,2019,11.50011728,2022,0.0,2018,38.7,2023,13.0,2023,30.7,2023,22.3,2023,51671.0,2025,4.1055911618,2025,21.6,2025,0.10063910000000001,2025
48255,Karnes County,TX,79.275,2010-2015,4,0.899627268,2020,15.7258997,2019,11.50011728,2022,0.0,2018,38.9,2023,14.0,2023,34.1,2023,28.2,2023,62059.0,2025,5.7918426803,2025,26.5,2025,0.2711129,2025
48257,Kaufman County,TX,76.4375,2010-2015,16,0.726267099,2020,10.67369175,2019,11.50011728,2022,0.00777472,2018,38.0,2023,11.2,2023,27.3,2023,16.8,2023,90064.0,2025,3.8218732555,2025,13.4,2025,0.2091679,2025
48259,Kendall County,TX,81.13333333333334,2010-2015,6,0.721307397,2020,8.629077911,2019,11.50011728,2022,0.043820251,2018,34.3,2023,11.1,2023,21.2,2023,11.5,2023,112618.0,2025,4.9970525188,2025,8.799999999999999,2025,0.8549201000000001,2025
48265,Kerr County,TX,78.44,2010-2015,10,0.813331068,2020,11.80091953,2019,11.50011728,2022,0.019082149,2018,34.4,2023,14.7,2023,28.0,2023,15.7,2023,64662.0,2025,4.3106402459,2025,19.400000000000002,2025,0.8088636,2025
48267,Kimble County,TX,81.69999999999999,2010-2015,2,1.137397647,2020,24.13804054,2019,11.50011728,2022,0.0,2018,36.8,2023,16.6,2023,31.5,2023,16.9,2023,54562.0,2025,6.2939896117,2025,34.699999999999996,2025,0.9163803,2025
48273,Kleberg County,TX,76.58,2010-2015,5,0.85701102,2020,33.67111588,2019,11.50011728,2022,0.0,2018,37.1,2023,14.0,2023,33.9,2023,27.9,2023,52903.0,2025,5.9457087458,2025,29.099999999999998,2025,0.42435120000000004,2025
48275,Knox County,TX,77.05000000000001,2010-2015,2,,,12.63249397,2019,11.50011728,2022,0.0,2018,37.8,2023,15.6,2023,32.4,2023,19.1,2023,55414.0,2025,3.9019931803,2025,32.0,2025,0.2984184,2025
48277,Lamar County,TX,74.39166666666667,2010-2015,12,0.781484842,2020,31.28030014,2019,11.50011728,2022,0.020109395,2018,38.5,2023,14.3,2023,30.1,2023,14.2,2023,56275.0,2025,6.024004801,2025,28.7,2025,0.4391393,2025
48279,Lamb County,TX,77.08,2010-2015,5,0.393391043,2020,23.01906967,2019,11.50011728,2022,0.075999394,2018,40.0,2023,16.6,2023,35.9,2023,27.3,2023,57113.0,2025,4.2131842867,2025,25.2,2025,0.2325942,2025
48281,Lampasas County,TX,78.475,2010-2015,4,0.413052469,2020,15.80242443,2019,11.50011728,2022,0.047105376,2018,35.1,2023,14.0,2023,27.8,2023,14.5,2023,71484.0,2025,4.3010599204,2025,17.1,2025,0.44939779999999996,2025
48283,La Salle County,TX,79.2,2010-2015,1,1.066666722,2020,29.13141632,2019,11.50011728,2022,0.0,2018,38.8,2023,15.5,2023,39.8,2023,39.7,2023,48675.0,2025,3.0699480069,2025,31.6,2025,,
48285,Lavaca County,TX,78.98333333333333,2010-2015,6,0.395726144,2020,16.05072403,2019,11.50011728,2022,0.0,2018,36.3,2023,14.6,2023,29.7,2023,15.4,2023,64145.0,2025,4.8715541491,2025,16.2,2025,0.5841120999999999,2025
48287,Lee County,TX,78.3,2010-2015,4,0.919698775,2020,14.01905251,2019,11.50011728,2022,0.0,2018,39.8,2023,15.4,2023,31.9,2023,18.6,2023,71112.0,2025,4.4792208758,2025,15.9,2025,0.2259121,2025
48289,Leon County,TX,81.93333333333334,2010-2015,3,0.57165724,2020,20.54343796,2019,11.50011728,2022,0.0,2018,36.2,2023,15.3,2023,30.5,2023,15.7,2023,59488.0,2025,4.2543223858,2025,21.2,2025,,
48291,Liberty County,TX,76.1076923076923,2010-2015,13,0.480627447,2020,9.294897079,2019,11.50011728,2022,0.0,2018,40.1,2023,13.9,2023,34.5,2023,23.8,2023,72329.0,2025,4.7740819003,2025,20.4,2025,0.21511760000000002,2025
48293,Limestone County,TX,76.3,2010-2015,8,0.599828601,2020,18.05838203,2019,11.50011728,2022,0.0,2018,39.7,2023,16.1,2023,32.8,2023,18.1,2023,53482.0,2025,4.5399334443,2025,25.6,2025,0.40689,2025
48295,Lipscomb County,TX,81.25,2010-2015,2,,,99.56589508,2019,11.50011728,2022,0.0,2018,36.7,2023,14.8,2023,30.6,2023,20.1,2023,67386.0,2025,4.7267668738,2025,16.900000000000002,2025,,
48297,Live Oak County,TX,78.65,2010-2015,4,0.892567337,2020,9.95378685,2019,11.50011728,2022,0.0,2018,39.7,2023,16.2,2023,35.0,2023,25.3,2023,59202.0,2025,6.6315442147,2025,23.5,2025,,
48299,Llano County,TX,78.84,2010-2015,5,0.683122337,2020,34.51369858,2019,11.50011728,2022,0.0,2018,35.8,2023,15.7,2023,28.1,2023,12.2,2023,71475.0,2025,4.6321723309,2025,21.2,2025,0.6825007,2025
48303,Lubbock County,TX,76.93275862068967,2010-2015,58,0.89588654,2020,18.20588112,2019,11.50011728,2022,0.019517781,2018,35.4,2023,11.4,2023,27.6,2023,17.6,2023,57883.0,2025,4.9381939592,2025,19.900000000000002,2025,0.7886761,2025
48305,Lynn County,TX,78.66666666666667,2010-2015,3,,,33.69738388,2019,11.50011728,2022,0.0,2018,38.6,2023,15.2,2023,32.5,2023,21.9,2023,57338.0,2025,4.6450285798,2025,21.4,2025,1.0548523,2025
48307,McCulloch County,TX,78.46666666666667,2010-2015,3,1.150453806,2020,40.88124847,2019,11.50011728,2022,0.0,2018,36.4,2023,15.5,2023,32.1,2023,19.0,2023,47814.0,2025,4.9027737924,2025,28.000000000000004,2025,0.3982477,2025
48309,McLennan County,TX,76.79555555555557,2010-2015,45,0.870134354,2020,36.81635284,2019,11.50011728,2022,0.007855244,2018,34.8,2023,12.5,2023,27.9,2023,16.8,2023,63377.0,2025,5.1898188782,2025,20.200000000000003,2025,0.7677250999999999,2025
48313,Madison County,TX,74.93333333333334,2010-2015,3,1.594233036,2020,30.9491024,2019,11.50011728,2022,0.0,2018,37.1,2023,13.1,2023,31.5,2023,21.3,2023,53301.0,2025,4.5020398912,2025,22.5,2025,0.21869080000000002,2025
48315,Marion County,TX,72.53333333333335,2010-2015,3,0.702811241,2020,7.933119774,2019,11.50011728,2022,0.0,2018,39.1,2023,18.1,2023,33.1,2023,13.6,2023,47660.0,2025,5.1888820952,2025,33.300000000000004,2025,,
48317,Martin County,TX,84.19999999999999,2010-2015,2,,,21.42398834,2019,11.50011728,2022,0.0,2018,36.0,2023,12.1,2023,29.3,2023,21.8,2023,81637.0,2025,3.7488900559,2025,15.9,2025,0.1919017,2025
48319,Mason County,TX,83.2,2010-2015,2,0.690607727,2020,21.10491371,2019,11.50011728,2022,0.0,2018,33.5,2023,14.4,2023,26.8,2023,14.4,2023,62435.0,2025,5.4962526316,2025,20.8,2025,,
48321,Matagorda County,TX,76.36,2010-2015,10,0.544588149,2020,34.71574402,2019,11.50011728,2022,0.0,2018,39.4,2023,16.4,2023,33.8,2023,22.6,2023,58996.0,2025,6.0472851029,2025,26.400000000000002,2025,0.3576932,2025
48323,Maverick County,TX,78.48888888888888,2010-2015,9,0.599540949,2020,30.7984066,2019,11.50011728,2022,0.0,2018,43.9,2023,17.8,2023,41.7,2023,38.8,2023,46052.0,2025,6.0848127396,2025,29.2,2025,0.2411465,2025
48325,Medina County,TX,79.7,2010-2015,8,0.592077613,2020,15.97939491,2019,11.50011728,2022,0.0,2018,39.5,2023,14.4,2023,30.5,2023,21.6,2023,70707.0,2025,4.6668222897,2025,18.3,2025,0.288567,2025
48327,Menard County,TX,86.4,2010-2015,1,,,20.17636681,2019,11.50011728,2022,0.0,2018,36.5,2023,17.6,2023,33.3,2023,20.5,2023,45438.0,2025,5.4364931507,2025,34.4,2025,0.5045409000000001,2025
48329,Midland County,TX,78.12307692307692,2010-2015,26,0.888324142,2020,25.07951927,2019,11.50011728,2022,0.011588963,2018,35.9,2023,10.8,2023,26.6,2023,20.0,2023,94375.0,2025,4.9693244919,2025,13.8,2025,0.3810227,2025
48331,Milam County,TX,77.58571428571429,2010-2015,7,0.728509009,2020,26.11363602,2019,11.50011728,2022,0.0,2018,37.1,2023,14.9,2023,31.1,2023,17.6,2023,63456.0,2025,4.3408856849,2025,22.5,2025,0.0398311,2025
48333,Mills County,TX,80.8,2010-2015,2,0.619834721,2020,24.67764664,2019,11.50011728,2022,0.0,2018,33.0,2023,14.1,2023,26.9,2023,13.4,2023,56328.0,2025,4.4249883883,2025,22.400000000000002,2025,0.2232143,2025
48335,Mitchell County,TX,79.1,2010-2015,2,0.731528878,2020,43.48420334,2019,11.50011728,2022,0.0,2018,38.4,2023,13.3,2023,31.8,2023,24.2,2023,53255.0,2025,5.6171030507,2025,22.5,2025,0.5512679,2025
48337,Montague County,TX,75.24,2010-2015,5,0.601142168,2020,14.53342915,2019,11.50011728,2022,0.051030822,2018,35.0,2023,13.4,2023,28.4,2023,14.1,2023,60336.0,2025,4.5414993307,2025,17.5,2025,0.24498999999999999,2025
48339,Montgomery County,TX,78.0298245614035,2010-2015,57,0.656181574,2020,34.90613937,2019,11.50011728,2022,0.003384524,2018,31.8,2023,11.4,2023,23.5,2023,14.7,2023,92578.0,2025,4.5690215573,2025,13.5,2025,0.6318520999999999,2025
48341,Moore County,TX,78.55,2010-2015,4,0.726251602,2020,17.79784203,2019,11.50011728,2022,0.046544101,2018,39.0,2023,14.9,2023,35.9,2023,29.3,2023,64003.0,2025,4.3685715307,2025,20.7,2025,0.3314708,2025
48343,Morris County,TX,77.73333333333333,2010-2015,3,0.645525694,2020,2.084886789,2019,11.50011728,2022,0.0,2018,39.0,2023,15.9,2023,31.6,2023,14.7,2023,51598.0,2025,4.1580751904,2025,30.5,2025,0.24937659999999998,2025
48345,Motley County,TX,75.7,2010-2015,1,,,18.4537487,2019,11.50011728,2022,0.0,2018,35.2,2023,14.7,2023,28.8,2023,15.1,2023,48952.0,2025,5.0406871609,2025,28.4,2025,0.0,2025
48347,Nacogdoches County,TX,75.92727272727274,2010-2015,11,0.694948494,2020,22.16522026,2019,11.50011728,2022,0.015218153,2018,33.2,2023,13.2,2023,29.8,2023,16.7,2023,52516.0,2025,5.528,2025,24.5,2025,0.7113255,2025
48349,Navarro County,TX,77.47,2010-2015,10,0.670690835,2020,22.16430092,2019,11.50011728,2022,0.020175528,2018,38.1,2023,15.3,2023,32.9,2023,20.8,2023,59659.0,2025,5.0438081956,2025,21.6,2025,0.2798977,2025
48351,Newton County,TX,76.825,2010-2015,4,,,32.46126175,2019,11.50011728,2022,0.0,2018,42.8,2023,18.6,2023,37.1,2023,16.2,2023,51302.0,2025,4.7916528834,2025,26.900000000000002,2025,0.0816927,2025
48353,Nolan County,TX,75.64,2010-2015,5,0.943714201,2020,23.51316452,2019,11.50011728,2022,0.0,2018,40.5,2023,16.5,2023,35.8,2023,22.9,2023,53370.0,2025,5.3515483587,2025,27.700000000000003,2025,0.4795506,2025
48355,Nueces County,TX,77.3027397260274,2010-2015,73,0.842631638,2020,33.22620392,2019,11.50011728,2022,0.011041641,2018,39.7,2023,15.8,2023,31.8,2023,24.6,2023,63669.0,2025,4.9607746157,2025,24.7,2025,0.7901914,2025
48357,Ochiltree County,TX,78.4,2010-2015,2,0.416753501,2020,11.46104527,2019,11.50011728,2022,0.0,2018,39.2,2023,14.1,2023,33.4,2023,26.1,2023,71770.0,2025,3.9809013235,2025,15.4,2025,0.4089143,2025
48359,Oldham County,TX,79.0,2010-2015,1,,,100.0,2019,11.50011728,2022,0.0,2018,36.1,2023,13.3,2023,28.6,2023,15.0,2023,68640.0,2025,4.9989670014,2025,27.400000000000002,2025,0.0,2025
48361,Orange County,TX,74.47,2010-2015,20,0.651560128,2020,32.00808334,2019,11.50011728,2022,0.0,2018,38.4,2023,12.4,2023,27.6,2023,13.4,2023,66029.0,2025,4.9289161611,2025,19.3,2025,0.1652073,2025
48363,Palo Pinto County,TX,76.4,2010-2015,9,1.023192406,2020,68.07485962,2019,11.50011728,2022,0.0,2018,39.4,2023,14.4,2023,30.7,2023,16.7,2023,55417.0,2025,4.2936044362,2025,26.400000000000002,2025,0.4880429,2025
48365,Panola County,TX,76.26666666666667,2010-2015,6,0.560658991,2020,23.06515312,2019,11.50011728,2022,0.0,2018,37.4,2023,13.8,2023,28.7,2023,13.9,2023,63482.0,2025,5.5597393193,2025,18.7,2025,0.22050720000000001,2025
48367,Parker County,TX,77.40526315789474,2010-2015,19,0.60054791,2020,20.66409683,2019,11.50011728,2022,0.007226948,2018,35.5,2023,10.7,2023,23.4,2023,12.1,2023,98121.0,2025,4.2419051161,2025,9.3,2025,0.3827409,2025
48369,Parmer County,TX,79.3,2010-2015,2,0.420079827,2020,20.22536659,2019,11.50011728,2022,0.0,2018,37.0,2023,15.0,2023,33.8,2023,28.6,2023,62913.0,2025,3.0575803213,2025,17.299999999999997,2025,0.1019056,2025
48371,Pecos County,TX,77.8,2010-2015,4,0.508970618,2020,41.37603378,2019,11.50011728,2022,0.0,2018,40.2,2023,16.5,2023,37.4,2023,31.1,2023,58265.0,2025,6.7744995731,2025,24.0,2025,0.4630242,2025
48373,Polk County,TX,74.22222222222223,2010-2015,9,0.415133506,2020,10.97602081,2019,11.50011728,2022,0.019987607,2018,39.2,2023,15.4,2023,32.4,2023,17.3,2023,57009.0,2025,4.4981514226,2025,30.0,2025,0.4817048,2025
48375,Potter County,TX,74.75483870967743,2010-2015,31,1.034447074,2020,24.52668571,2019,11.50011728,2022,0.00835785,2018,41.8,2023,15.3,2023,34.9,2023,23.8,2023,51177.0,2025,4.8633877291,2025,22.8,2025,0.8751834000000001,2025
48377,Presidio County,TX,78.85,2010-2015,2,0.614628136,2020,24.43465424,2019,11.50011728,2022,0.0,2018,41.0,2023,22.2,2023,43.7,2023,34.8,2023,42699.0,2025,5.3898418854,2025,35.199999999999996,2025,0.4885993,2025
48379,Rains County,TX,80.45,2010-2015,2,0.637348652,2020,0.0,2019,11.50011728,2022,0.0,2018,35.8,2023,14.1,2023,27.5,2023,12.4,2023,63796.0,2025,4.2540399166,2025,20.8,2025,0.0799424,2025
48381,Randall County,TX,78.1375,2010-2015,24,0.686209321,2020,10.77603817,2019,11.50011728,2022,0.0,2018,35.1,2023,10.8,2023,23.5,2023,14.0,2023,81705.0,2025,4.0518582783,2025,10.7,2025,0.5491679,2025
48383,Reagan County,TX,77.5,2010-2015,1,0.782676756,2020,6.366387844,2019,11.50011728,2022,0.0,2018,39.1,2023,14.5,2023,33.0,2023,27.0,2023,72585.0,2025,3.5672885398,2025,14.399999999999999,2025,0.30740850000000003,2025
48385,Real County,TX,78.3,2010-2015,1,,,100.0,2019,11.50011728,2022,0.0,2018,38.1,2023,18.3,2023,34.6,2023,18.3,2023,49014.0,2025,4.5158782666,2025,34.2,2025,0.7077140999999999,2025
48387,Red River County,TX,75.9,2010-2015,4,0.333472282,2020,65.59205627,2019,11.50011728,2022,0.0,2018,38.5,2023,16.9,2023,32.5,2023,14.3,2023,49265.0,2025,6.0775735294,2025,27.1,2025,0.2596279,2025
48389,Reeves County,TX,77.22,2010-2015,5,0.752398252,2020,21.05405998,2019,11.50011728,2022,0.0,2018,40.7,2023,17.6,2023,41.5,2023,37.3,2023,57179.0,2025,5.4987484355,2025,23.599999999999998,2025,0.345137,2025
48391,Refugio County,TX,76.75,2010-2015,2,1.163297892,2020,19.18249321,2019,11.50011728,2022,0.0,2018,39.7,2023,17.6,2023,35.9,2023,24.3,2023,52641.0,2025,5.2180139537,2025,26.400000000000002,2025,0.1480166,2025
48393,Roberts County,TX,78.6,2010-2015,1,,,91.4323349,2019,11.50011728,2022,0.0,2018,33.7,2023,11.6,2023,23.6,2023,11.0,2023,76634.0,2025,3.2436557672,2025,11.3,2025,0.0,2025
48395,Robertson County,TX,78.775,2010-2015,4,0.46633634,2020,27.01202202,2019,11.50011728,2022,0.0,2018,37.9,2023,15.4,2023,31.5,2023,17.4,2023,60078.0,2025,4.9625347636,2025,25.2,2025,0.1179384,2025
48397,Rockwall County,TX,78.99090909090908,2010-2015,11,0.882716954,2020,20.33373642,2019,11.50011728,2022,0.009934729,2018,35.1,2023,9.4,2023,20.4,2023,11.3,2023,118175.0,2025,3.3143351405,2025,6.5,2025,0.66162,2025
48399,Runnels County,TX,78.575,2010-2015,4,0.480722994,2020,41.52771759,2019,11.50011728,2022,0.0,2018,35.9,2023,14.7,2023,31.0,2023,19.3,2023,61643.0,2025,4.2404355822,2025,23.3,2025,0.7040129,2025
48401,Rusk County,TX,76.21538461538461,2010-2015,13,0.57065016,2020,26.91892242,2019,11.50011728,2022,0.0,2018,37.5,2023,13.9,2023,29.8,2023,16.9,2023,65812.0,2025,4.3026941905,2025,17.1,2025,0.2275183,2025
48403,Sabine County,TX,75.8,2010-2015,3,,,15.16429996,2019,11.50011728,2022,0.0,2018,35.5,2023,16.6,2023,30.7,2023,12.5,2023,58723.0,2025,4.7224460371,2025,30.4,2025,0.199223,2025
48405,San Augustine County,TX,74.13333333333333,2010-2015,3,,,26.55686951,2019,11.50011728,2022,0.0,2018,43.5,2023,20.9,2023,39.2,2023,17.5,2023,50908.0,2025,5.5930342945,2025,31.8,2025,0.2524615,2025
48407,San Jacinto County,TX,74.6,2010-2015,4,0.238899693,2020,7.559696198,2019,11.50011728,2022,0.0,2018,39.0,2023,16.4,2023,32.4,2023,17.6,2023,66009.0,2025,5.0696449875,2025,25.5,2025,0.0717412,2025
48409,San Patricio County,TX,77.10625,2010-2015,16,0.775320947,2020,30.67145348,2019,11.50011728,2022,0.0,2018,41.3,2023,15.4,2023,34.6,2023,24.9,2023,61411.0,2025,5.0725534308,2025,25.6,2025,0.2295585,2025
48411,San Saba County,TX,79.55,2010-2015,2,0.993541956,2020,37.28669357,2019,11.50011728,2022,0.0,2018,35.8,2023,14.2,2023,30.9,2023,20.7,2023,52325.0,2025,3.5092886911,2025,25.900000000000002,2025,0.34322980000000003,2025
48413,Schleicher County,TX,85.3,2010-2015,1,,,10.64867973,2019,11.50011728,2022,0.0,2018,36.0,2023,14.8,2023,30.7,2023,22.5,2023,60063.0,2025,4.8879772381,2025,22.2,2025,,
48415,Scurry County,TX,76.30000000000001,2010-2015,4,1.020285726,2020,10.02588463,2019,11.50011728,2022,0.0,2018,38.1,2023,13.6,2023,31.0,2023,21.3,2023,69881.0,2025,3.9229087101,2025,21.3,2025,0.594389,2025
48417,Shackelford County,TX,80.3,2010-2015,1,,,14.62651634,2019,11.50011728,2022,0.0,2018,33.8,2023,12.3,2023,24.1,2023,11.4,2023,68681.0,2025,5.5669910505,2025,18.9,2025,0.3113325,2025
48419,Shelby County,TX,75.18333333333334,2010-2015,6,0.481637567,2020,17.87879944,2019,11.50011728,2022,0.0,2018,41.1,2023,16.4,2023,35.2,2023,18.9,2023,54359.0,2025,5.1027640303,2025,24.0,2025,0.1670914,2025
48421,Sherman County,TX,87.3,2010-2015,1,,,27.42441559,2019,11.50011728,2022,0.0,2018,35.4,2023,12.9,2023,28.5,2023,20.9,2023,66202.0,2025,3.5876321522,2025,17.5,2025,,
48423,Smith County,TX,77.3425,2010-2015,40,0.886321783,2020,20.2353096,2019,11.50011728,2022,0.017374611,2018,37.5,2023,13.2,2023,27.0,2023,15.3,2023,71348.0,2025,4.3420977513,2025,17.1,2025,0.9865675,2025
48425,Somervell County,TX,78.65,2010-2015,2,0.87536931,2020,0.0,2019,11.50011728,2022,0.0,2018,34.3,2023,12.3,2023,25.7,2023,13.4,2023,78913.0,2025,3.6648136819,2025,12.7,2025,0.7392544,2025
48427,Starr County,TX,77.3923076923077,2010-2015,13,0.575732112,2020,33.88890457,2019,11.50011728,2022,0.0,2018,45.0,2023,20.0,2023,47.0,2023,43.5,2023,38824.0,2025,6.6501503759,2025,37.0,2025,0.2573847,2025
48429,Stephens County,TX,76.63333333333334,2010-2015,3,0.642811239,2020,27.59099007,2019,11.50011728,2022,0.0,2018,36.3,2023,13.8,2023,29.9,2023,18.4,2023,59099.0,2025,4.9263137852,2025,26.1,2025,0.3270468,2025
48431,Sterling County,TX,84.0,2010-2015,1,,,100.0,2019,11.50011728,2022,0.0,2018,33.2,2023,10.5,2023,23.8,2023,15.6,2023,80859.0,2025,4.1867088608,2025,14.6,2025,0.0,2025
48433,Stonewall County,TX,76.7,2010-2015,1,,,15.38062859,2019,11.50011728,2022,0.0,2018,35.8,2023,15.8,2023,32.2,2023,17.2,2023,56413.0,2025,4.2618360277,2025,22.400000000000002,2025,0.8216926999999999,2025
48435,Sutton County,TX,79.6,2010-2015,1,1.070091009,2020,19.17641068,2019,11.50011728,2022,0.0,2018,38.3,2023,17.4,2023,35.8,2023,27.2,2023,63893.0,2025,4.157533058,2025,18.8,2025,1.2051823000000002,2025
48437,Swisher County,TX,80.60000000000001,2010-2015,3,,,31.82649422,2019,11.50011728,2022,0.0,2018,40.5,2023,16.6,2023,36.9,2023,26.5,2023,52350.0,2025,5.9622731614,2025,28.000000000000004,2025,0.1426941,2025
48439,Tarrant County,TX,77.5433962264151,2010-2015,318,0.849131107,2020,30.05670738,2019,11.50011728,2022,0.006235218,2018,33.2,2023,11.7,2023,27.7,2023,16.8,2023,80083.0,2025,4.2546312525,2025,14.2,2025,0.5826538,2025
48441,Taylor County,TX,75.30000000000001,2010-2015,31,1.027298808,2020,24.85202026,2019,11.50011728,2022,0.00726533,2018,34.3,2023,11.2,2023,26.1,2023,15.7,2023,62128.0,2025,4.3606666433,2025,15.299999999999999,2025,0.6698016999999999,2025
48443,Terrell County,TX,79.6,2010-2015,1,,,100.0,2019,11.50011728,2022,0.0,2018,33.8,2023,15.0,2023,26.8,2023,16.8,2023,47947.0,2025,3.1205489478,2025,21.5,2025,0.0,2025
48445,Terry County,TX,76.2,2010-2015,3,0.984979093,2020,42.84799957,2019,11.50011728,2022,0.0,2018,40.7,2023,16.4,2023,37.3,2023,29.2,2023,44361.0,2025,4.9075404366,2025,29.4,2025,0.3403097,2025
48447,Throckmorton County,TX,78.4,2010-2015,1,,,100.0,2019,11.50011728,2022,0.0,2018,35.5,2023,15.4,2023,30.0,2023,13.1,2023,51546.0,2025,3.880689254,2025,20.9,2025,0.6688963,2025
48449,Titus County,TX,76.5375,2010-2015,8,0.789649546,2020,32.2766304,2019,11.50011728,2022,0.030272758,2018,38.6,2023,15.6,2023,35.1,2023,24.8,2023,57559.0,2025,4.4734230754,2025,20.200000000000003,2025,0.4168938,2025
48451,Tom Green County,TX,77.25652173913043,2010-2015,23,0.833263874,2020,30.62863922,2019,11.50011728,2022,0.008461025,2018,36.8,2023,12.9,2023,29.0,2023,19.3,2023,60379.0,2025,4.3539180073,2025,17.1,2025,0.7202017,2025
48453,Travis County,TX,79.77087912087912,2010-2015,182,0.788925529,2020,26.41580391,2019,11.50011728,2022,0.010410469,2018,30.4,2023,9.0,2023,19.9,2023,13.9,2023,97544.0,2025,4.5941327795,2025,12.0,2025,0.8374491000000001,2025
48455,Trinity County,TX,77.14,2010-2015,5,0.335953772,2020,15.1489172,2019,11.50011728,2022,0.0,2018,37.7,2023,16.4,2023,31.7,2023,14.5,2023,49277.0,2025,5.1118071374,2025,28.599999999999998,2025,0.14464449999999998,2025
48457,Tyler County,TX,77.12,2010-2015,5,0.370524764,2020,45.14702988,2019,11.50011728,2022,0.0,2018,38.7,2023,15.3,2023,33.1,2023,17.3,2023,54438.0,2025,5.2376272845,2025,23.799999999999997,2025,0.2490412,2025
48459,Upshur County,TX,75.98571428571428,2010-2015,7,0.40316844,2020,7.49307251,2019,11.50011728,2022,0.0,2018,37.6,2023,13.9,2023,29.6,2023,14.1,2023,61533.0,2025,4.887106943,2025,18.6,2025,0.215445,2025
48461,Upton County,TX,80.25,2010-2015,2,,,33.40593719,2019,11.50011728,2022,0.0,2018,40.9,2023,16.6,2023,37.1,2023,27.2,2023,59047.0,2025,5.8159443824,2025,21.5,2025,,
48463,Uvalde County,TX,78.67999999999999,2010-2015,5,0.822675943,2020,45.17366409,2019,11.50011728,2022,0.0,2018,40.1,2023,15.7,2023,34.5,2023,28.5,2023,49006.0,2025,5.0929947996,2025,32.4,2025,0.3235068,2025
48465,Val Verde County,TX,78.94444444444444,2010-2015,9,0.734274268,2020,50.87202835,2019,11.50011728,2022,0.0,2018,37.8,2023,15.6,2023,36.4,2023,32.3,2023,56619.0,2025,5.1697090828,2025,30.099999999999998,2025,0.3363889,2025
48467,Van Zandt County,TX,77.81,2010-2015,10,0.590965211,2020,31.3361454,2019,11.50011728,2022,0.0,2018,36.0,2023,13.4,2023,28.7,2023,13.9,2023,66356.0,2025,4.475239699,2025,16.8,2025,0.0815993,2025
48469,Victoria County,TX,77.46818181818182,2010-2015,22,0.870170534,2020,23.76056862,2019,11.50011728,2022,0.010865431,2018,37.2,2023,14.5,2023,31.6,2023,22.5,2023,69442.0,2025,4.7787070855,2025,20.0,2025,0.7255617999999999,2025
48471,Walker County,TX,77.425,2010-2015,8,0.485006362,2020,13.12957859,2019,11.50011728,2022,0.01379691,2018,39.3,2023,13.3,2023,29.7,2023,18.1,2023,56863.0,2025,4.7113550728,2025,22.6,2025,0.2693102,2025
48473,Waller County,TX,80.1,2010-2015,5,0.435145855,2020,17.5815239,2019,11.50011728,2022,0.0,2018,36.6,2023,11.1,2023,26.9,2023,17.6,2023,77209.0,2025,4.3778638628,2025,18.5,2025,0.11709409999999999,2025
48475,Ward County,TX,77.56666666666666,2010-2015,3,0.578655839,2020,8.250125885,2019,11.50011728,2022,0.0,2018,37.6,2023,14.4,2023,33.9,2023,26.0,2023,65610.0,2025,4.3027771099,2025,18.7,2025,0.0893336,2025
48477,Washington County,TX,78.60000000000001,2010-2015,6,0.810712576,2020,21.4373436,2019,11.50011728,2022,0.028483536,2018,35.7,2023,13.2,2023,26.5,2023,13.2,2023,67927.0,2025,4.7197410557,2025,20.3,2025,0.6129669999999999,2025
48479,Webb County,TX,78.62962962962963,2010-2015,54,0.731054723,2020,18.45577431,2019,11.50011728,2022,0.00362437,2018,42.1,2023,16.1,2023,39.2,2023,36.2,2023,57899.0,2025,4.9754540177,2025,31.6,2025,0.306033,2025
48481,Wharton County,TX,77.60000000000001,2010-2015,11,0.839630544,2020,13.47840977,2019,11.50011728,2022,0.024027487,2018,40.0,2023,15.0,2023,32.1,2023,21.3,2023,60496.0,2025,5.3377136972,2025,21.3,2025,0.3834999,2025
48483,Wheeler County,TX,77.0,2010-2015,2,1.010917902,2020,11.46669483,2019,11.50011728,2022,0.0,2018,37.2,2023,14.7,2023,30.8,2023,17.3,2023,54682.0,2025,4.0439982181,2025,20.9,2025,0.2029633,2025
48485,Wichita County,TX,74.46363636363637,2010-2015,33,0.803273141,2020,34.55289078,2019,11.50011728,2022,0.02271626,2018,35.3,2023,12.1,2023,27.0,2023,15.9,2023,61622.0,2025,4.6289978678,2025,23.599999999999998,2025,0.8303285,2025
48487,Wilbarger County,TX,75.63333333333334,2010-2015,3,0.876354337,2020,38.66159058,2019,11.50011728,2022,0.078003123,2018,39.6,2023,16.5,2023,35.8,2023,21.3,2023,53416.0,2025,5.3952383309,2025,25.0,2025,0.3141937,2025
48489,Willacy County,TX,78.75,2010-2015,4,0.472567469,2020,43.18441772,2019,11.50011728,2022,0.0,2018,43.2,2023,18.8,2023,44.1,2023,40.8,2023,42279.0,2025,6.3473455449,2025,34.9,2025,0.3937783,2025
48491,Williamson County,TX,79.3525641025641,2010-2015,78,0.66358614,2020,47.83671188,2019,11.50011728,2022,0.021174515,2018,32.6,2023,9.8,2023,22.5,2023,12.2,2023,111183.0,2025,3.6508012209,2025,7.199999999999999,2025,0.6827096,2025
48493,Wilson County,TX,79.86,2010-2015,10,0.480556667,2020,5.179387093,2019,11.50011728,2022,0.0,2018,35.3,2023,13.1,2023,26.6,2023,17.5,2023,85288.0,2025,4.2171555399,2025,13.8,2025,0.46822870000000005,2025
48495,Winkler County,TX,75.56666666666666,2010-2015,3,0.507163703,2020,5.926381588,2019,11.50011728,2022,0.0,2018,37.6,2023,14.1,2023,33.2,2023,27.6,2023,67901.0,2025,3.5186831194,2025,17.599999999999998,2025,0.2697235,2025
48497,Wise County,TX,78.42,2010-2015,10,0.604918122,2020,9.856152534,2019,11.50011728,2022,0.0,2018,34.1,2023,11.9,2023,26.6,2023,15.2,2023,89873.0,2025,4.1376856207,2025,12.1,2025,0.3764955,2025
48499,Wood County,TX,76.0,2010-2015,9,0.496856838,2020,21.76516342,2019,11.50011728,2022,0.022158701,2018,34.3,2023,14.6,2023,28.6,2023,13.6,2023,58813.0,2025,4.5856708347,2025,22.0,2025,0.3269755,2025
48501,Yoakum County,TX,78.5,2010-2015,2,1.034245014,2020,25.76795197,2019,11.50011728,2022,0.0,2018,37.6,2023,13.5,2023,32.1,2023,27.1,2023,64634.0,2025,4.4595186643,2025,17.0,2025,0.2629157,2025
48503,Young County,TX,75.27499999999999,2010-2015,4,1.172922254,2020,30.13889885,2019,11.50011728,2022,0.0,2018,37.1,2023,13.4,2023,28.4,2023,15.2,2023,64187.0,2025,4.5504162812,2025,20.1,2025,0.8343995000000001,2025
48505,Zapata County,TX,78.76666666666667,2010-2015,3,0.423370034,2020,16.78508186,2019,11.50011728,2022,0.0,2018,43.7,2023,20.8,2023,47.1,2023,42.8,2023,41688.0,2025,7.7998677358,2025,43.9,2025,,
48507,Zavala County,TX,77.575,2010-2015,4,0.337837845,2020,31.59499359,2019,11.50011728,2022,0.0,2018,47.5,2023,22.6,2023,48.4,2023,42.4,2023,36878.0,2025,5.2506826871,2025,42.5,2025,,
49001,Beaver County,UT,80.19999999999999,2010-2015,2,1.47907114,2020,14.38789368,2019,4.613523426,2022,0.0,2018,28.5,2023,9.8,2023,19.3,2023,10.6,2023,67100.0,2025,3.5530555556,2025,14.000000000000002,2025,0.8277004,2025
49003,Box Elder County,UT,79.22727272727273,2010-2015,11,0.66658479,2020,16.79721832,2019,4.613523426,2022,0.018198362,2018,32.6,2023,9.3,2023,19.4,2023,10.3,2023,83493.0,2025,3.452046003,2025,9.0,2025,0.2848144,2025
49005,Cache County,UT,80.65652173913043,2010-2015,23,0.676902235,2020,33.31109238,2019,4.613523426,2022,0.023609405,2018,27.9,2023,7.8,2023,15.5,2023,9.7,2023,83027.0,2025,3.627125037,2025,8.3,2025,0.4147958,2025
49007,Carbon County,UT,75.62,2010-2015,5,0.818882465,2020,25.96681976,2019,4.613523426,2022,0.049336426,2018,35.0,2023,12.8,2023,21.9,2023,11.8,2023,59838.0,2025,4.7701346059,2025,16.900000000000002,2025,0.39269590000000004,2025
49011,Davis County,UT,80.31836734693877,2010-2015,49,0.6764431,2020,31.56070518,2019,4.613523426,2022,0.008529682,2018,32.7,2023,8.2,2023,17.0,2023,8.8,2023,111081.0,2025,3.2691261784,2025,5.800000000000001,2025,0.4574105,2025
49013,Duchesne County,UT,80.7,2010-2015,3,0.854529023,2020,24.0352478,2019,4.613523426,2022,0.050090164,2018,31.6,2023,11.0,2023,24.1,2023,11.2,2023,75705.0,2025,4.2154381525,2025,13.5,2025,0.4042446,2025
49015,Emery County,UT,81.86666666666666,2010-2015,3,0.788410366,2020,34.11687469,2019,4.613523426,2022,0.0,2018,30.6,2023,11.2,2023,20.1,2023,9.8,2023,68823.0,2025,3.9416918712,2025,13.600000000000001,2025,0.1003311,2025
49017,Garfield County,UT,86.25,2010-2015,2,1.782178164,2020,59.97453308,2019,4.613523426,2022,0.393700778,2018,28.6,2023,11.6,2023,19.5,2023,9.0,2023,64844.0,2025,3.8714655692,2025,14.899999999999999,2025,0.3899396,2025
49019,Grand County,UT,77.1,2010-2015,2,1.224989772,2020,8.028926849,2019,4.613523426,2022,0.102417044,2018,28.3,2023,11.2,2023,20.1,2023,10.1,2023,67360.0,2025,5.1202487906,2025,15.1,2025,1.2418504,2025
49021,Iron County,UT,79.18571428571428,2010-2015,7,0.880064785,2020,39.73826981,2019,4.613523426,2022,0.03789673,2018,35.3,2023,9.4,2023,18.3,2023,10.0,2023,68170.0,2025,3.9394740194,2025,13.8,2025,0.3304747,2025
49023,Juab County,UT,79.05,2010-2015,2,1.154924989,2020,46.50270081,2019,4.613523426,2022,0.0,2018,32.6,2023,9.0,2023,18.6,2023,9.7,2023,85382.0,2025,3.468246669,2025,10.100000000000001,2025,0.8227067,2025
49025,Kane County,UT,82.1,2010-2015,2,1.010866761,2020,49.69393539,2019,4.613523426,2022,0.129718512,2018,33.3,2023,11.8,2023,19.5,2023,8.4,2023,69247.0,2025,3.8584531264,2025,12.9,2025,0.5005005,2025
49027,Millard County,UT,82.5,2010-2015,3,0.975463331,2020,21.70132256,2019,4.613523426,2022,0.0,2018,34.1,2023,11.8,2023,23.3,2023,11.7,2023,66467.0,2025,3.1214285714,2025,13.3,2025,0.6077180000000001,2025
49029,Morgan County,UT,78.4,2010-2015,2,,,0.355326176,2019,4.613523426,2022,0.0,2018,25.0,2023,8.1,2023,15.1,2023,6.5,2023,122672.0,2025,2.7117039706,2025,4.3999999999999995,2025,0.7900766,2025
49031,Piute County,UT,77.4,2010-2015,1,,,100.0,2019,4.613523426,2022,0.0,2018,33.0,2023,15.2,2023,26.0,2023,13.0,2023,58106.0,2025,6.647015127,2025,24.2,2025,0.0,2025
49033,Rich County,UT,79.0,2010-2015,1,4.486133575,2020,100.0,2019,4.613523426,2022,0.0,2018,32.7,2023,11.6,2023,19.3,2023,8.6,2023,78332.0,2025,3.5138488344,2025,11.4,2025,,
49035,Salt Lake County,UT,78.87589743589743,2010-2015,195,0.854556382,2020,11.45935726,2019,4.613523426,2022,0.010410946,2018,29.9,2023,8.5,2023,18.6,2023,11.6,2023,94013.0,2025,3.7978506084,2025,10.6,2025,0.7627984,2025
49037,San Juan County,UT,76.875,2010-2015,4,0.392721564,2020,49.9430542,2019,4.613523426,2022,0.0,2018,34.2,2023,15.4,2023,25.1,2023,12.0,2023,57941.0,2025,4.3316253675,2025,22.8,2025,0.6211609,2025
49039,Sanpete County,UT,79.6,2010-2015,5,0.4459593,2020,20.73342896,2019,4.613523426,2022,0.065310389,2018,29.2,2023,10.4,2023,20.5,2023,11.8,2023,67295.0,2025,4.0651529801,2025,13.900000000000002,2025,0.41228610000000004,2025
49041,Sevier County,UT,78.96000000000001,2010-2015,5,0.964187324,2020,3.126762867,2019,4.613523426,2022,0.0,2018,36.4,2023,10.5,2023,21.0,2023,9.6,2023,75024.0,2025,3.7019461554,2025,14.099999999999998,2025,0.4564959,2025
49043,Summit County,UT,81.57142857142857,2010-2015,7,1.129438281,2020,31.62906837,2019,4.613523426,2022,0.047695134,2018,19.8,2023,8.7,2023,14.3,2023,7.3,2023,139848.0,2025,,,4.9,2025,1.3923375,2025
49045,Tooele County,UT,77.8375,2010-2015,8,0.375778407,2020,25.77551842,2019,4.613523426,2022,0.014304719,2018,37.6,2023,8.9,2023,20.8,2023,10.7,2023,94200.0,2025,2.8819841819,2025,7.7,2025,0.14352820000000002,2025
49047,Uintah County,UT,78.60000000000001,2010-2015,6,0.556018889,2020,24.6088047,2019,4.613523426,2022,0.028218297,2018,35.5,2023,10.5,2023,21.3,2023,11.3,2023,70989.0,2025,3.9065308945,2025,12.7,2025,0.38669760000000003,2025
49049,Utah County,UT,79.94910714285713,2010-2015,112,0.692717552,2020,33.97556686,2019,4.613523426,2022,0.011250167,2018,29.7,2023,6.9,2023,14.2,2023,9.6,2023,100617.0,2025,3.5705040657,2025,7.5,2025,0.4087675,2025
49051,Wasatch County,UT,79.525,2010-2015,4,0.566572249,2020,43.04127502,2019,4.613523426,2022,0.030084236,2018,24.3,2023,8.4,2023,16.8,2023,8.4,2023,121397.0,2025,3.6406711654,2025,5.7,2025,0.4976087,2025
49053,Washington County,UT,81.05714285714286,2010-2015,21,0.789560497,2020,35.64012909,2019,4.613523426,2022,0.011648224,2018,33.1,2023,10.7,2023,16.9,2023,10.0,2023,78094.0,2025,3.9461698296,2025,12.7,2025,0.5386297,2025
49055,Wayne County,UT,89.3,2010-2015,1,1.449800611,2020,38.66171646,2019,4.613523426,2022,0.371747226,2018,34.3,2023,13.1,2023,22.1,2023,9.0,2023,60858.0,2025,3.4765692708,2025,16.6,2025,,
49057,Weber County,UT,77.554,2010-2015,50,0.677687347,2020,26.64613342,2019,4.613523426,2022,0.00390078,2018,34.7,2023,9.0,2023,20.3,2023,11.3,2023,86678.0,2025,3.5422995555,2025,9.5,2025,0.438094,2025
50001,Addison County,VT,82.03999999999999,2010-2015,10,0.488453507,2020,6.229596615,2019,10.89150378,2022,0.135233819,2018,27.3,2023,8.2,2023,17.9,2023,5.9,2023,82234.0,2025,3.9259775147,2025,8.6,2025,1.1272141999999998,2025
50003,Bennington County,VT,82.13333333333334,2010-2015,12,0.707453728,2020,8.241308212,2019,10.89150378,2022,0.140327245,2018,30.5,2023,10.0,2023,20.0,2023,6.1,2023,67124.0,2025,5.3191443774,2025,14.299999999999999,2025,1.1524443,2025
50005,Caledonia County,VT,81.58,2010-2015,10,0.706951678,2020,5.778233528,2019,10.89150378,2022,0.264008969,2018,31.3,2023,10.1,2023,24.0,2023,6.6,2023,64229.0,2025,4.6653100915,2025,16.0,2025,0.7893958,2025
50007,Chittenden County,VT,81.1258064516129,2010-2015,31,0.712085962,2020,13.92240047,2019,10.89150378,2022,0.097221881,2018,22.7,2023,6.6,2023,14.1,2023,5.3,2023,96142.0,2025,4.4881925869,2025,6.2,2025,1.7469576,2025
50009,Essex County,VT,78.26666666666667,2010-2015,3,,,28.24292946,2019,10.89150378,2022,0.0,2018,34.2,2023,12.5,2023,27.0,2023,8.1,2023,58359.0,2025,3.9952501341,2025,19.1,2025,0.16877640000000002,2025
50011,Franklin County,VT,78.99,2010-2015,10,0.462916374,2020,9.214241982,2019,10.89150378,2022,0.080937251,2018,36.9,2023,9.6,2023,21.5,2023,6.8,2023,85765.0,2025,3.9782559648,2025,10.7,2025,0.6756085000000001,2025
50013,Grand Isle County,VT,79.7,2010-2015,2,,,2.700200319,2019,10.89150378,2022,0.423131168,2018,30.7,2023,9.7,2023,18.7,2023,5.5,2023,82896.0,2025,4.4522389833,2025,12.1,2025,0.6737635999999999,2025
50015,Lamoille County,VT,80.64285714285714,2010-2015,7,0.828696549,2020,0.916112959,2019,10.89150378,2022,0.158102766,2018,29.2,2023,8.3,2023,19.4,2023,6.1,2023,72811.0,2025,4.0030503442,2025,11.1,2025,0.8803491,2025
50017,Orange County,VT,82.27000000000001,2010-2015,10,0.277421355,2020,9.764408112,2019,10.89150378,2022,0.137935787,2018,32.6,2023,9.7,2023,22.3,2023,6.1,2023,73771.0,2025,3.7891837757,2025,11.4,2025,0.8124302,2025
50019,Orleans County,VT,80.42,2010-2015,10,0.334609807,2020,10.11772919,2019,10.89150378,2022,0.26015535,2018,33.2,2023,10.7,2023,23.5,2023,7.1,2023,59906.0,2025,4.1309634551,2025,17.599999999999998,2025,0.7260582,2025
50021,Rutland County,VT,80.13,2010-2015,20,0.709784627,2020,18.12280273,2019,10.89150378,2022,0.102263428,2018,35.5,2023,10.3,2023,22.2,2023,6.6,2023,62634.0,2025,4.857776775,2025,12.4,2025,0.7261805,2025
50023,Washington County,VT,81.15882352941176,2010-2015,17,0.702921391,2020,17.67663002,2019,10.89150378,2022,0.137598902,2018,27.1,2023,8.9,2023,18.3,2023,5.8,2023,79916.0,2025,4.3930799941,2025,8.1,2025,0.9671664,2025
50025,Windham County,VT,80.45294117647059,2010-2015,17,0.856836855,2020,9.194394112,2019,10.89150378,2022,0.233885303,2018,25.9,2023,9.8,2023,19.8,2023,6.3,2023,64436.0,2025,4.3410130442,2025,11.1,2025,0.8895639,2025
50027,Windsor County,VT,82.29375,2010-2015,16,0.691059887,2020,5.193857193,2019,10.89150378,2022,0.198965386,2018,28.8,2023,9.5,2023,19.6,2023,5.7,2023,77932.0,2025,4.8004313983,2025,10.0,2025,1.0997318999999999,2025
51001,Accomack County,VA,76.8875,2010-2015,8,0.651405156,2020,2.192136049,2019,9.508247656,2022,0.092558309,2018,40.0,2023,18.2,2023,33.4,2023,12.0,2023,56039.0,2025,4.2156937946,2025,24.099999999999998,2025,0.36094570000000004,2025
51003,Albemarle County,VA,81.025,2010-2015,20,0.650688648,2020,11.90980148,2019,9.508247656,2022,0.045990545,2018,28.2,2023,10.2,2023,19.4,2023,6.4,2023,102750.0,2025,4.3398762197,2025,8.7,2025,1.3916413,2025
51005,Alleghany County,VA,76.78333333333333,2010-2015,6,0.544180691,2020,16.39222145,2019,9.508247656,2022,0.0,2018,39.0,2023,15.1,2023,28.4,2023,8.8,2023,58215.0,2025,5.0179254302,2025,19.400000000000002,2025,0.4003737,2025
51007,Amelia County,VA,76.25,2010-2015,2,0.461041957,2020,16.46385956,2019,9.508247656,2022,0.076846227,2018,39.3,2023,16.6,2023,30.3,2023,10.3,2023,71112.0,2025,3.3217429577,2025,14.099999999999998,2025,0.0753693,2025
51009,Amherst County,VA,76.6625,2010-2015,8,0.631572306,2020,11.31956863,2019,9.508247656,2022,0.031579614,2018,39.3,2023,15.1,2023,29.0,2023,9.1,2023,61499.0,2025,4.9652321065,2025,16.2,2025,0.2238353,2025
51011,Appomattox County,VA,77.2,2010-2015,3,0.436327368,2020,7.398758888,2019,9.508247656,2022,0.126254663,2018,38.9,2023,14.8,2023,28.3,2023,9.0,2023,64701.0,2025,4.3510535098,2025,15.8,2025,0.1223017,2025
51013,Arlington County,VA,82.04651162790698,2010-2015,43,1.032821178,2020,2.311382771,2019,9.508247656,2022,0.050521847,2018,25.3,2023,8.0,2023,14.8,2023,6.4,2023,138416.0,2025,,,8.0,2025,0.7726483000000001,2025
51015,Augusta County,VA,78.3076923076923,2010-2015,13,0.37886706,2020,29.34067917,2019,9.508247656,2022,0.013252581,2018,40.8,2023,13.2,2023,25.7,2023,8.6,2023,72831.0,2025,3.7610667427,2025,10.299999999999999,2025,0.5286025999999999,2025
51017,Bath County,VA,77.4,2010-2015,1,,,21.23629379,2019,9.508247656,2022,0.232991606,2018,38.8,2023,18.4,2023,33.1,2023,10.4,2023,60234.0,2025,5.1996843273,2025,15.1,2025,,
51019,Bedford County,VA,77.66875,2010-2015,16,0.37588805,2020,8.749865532,2019,9.508247656,2022,0.038096689,2018,36.9,2023,13.5,2023,26.5,2023,7.2,2023,72742.0,2025,4.0087126209,2025,12.1,2025,0.7487739,2025
51021,Bland County,VA,74.85,2010-2015,2,0.641128361,2020,19.52385521,2019,9.508247656,2022,0.158906728,2018,36.5,2023,13.8,2023,26.5,2023,9.0,2023,57748.0,2025,3.6178288905,2025,15.5,2025,,
51023,Botetourt County,VA,78.025,2010-2015,8,0.475723237,2020,45.75863647,2019,9.508247656,2022,0.060101572,2018,35.1,2023,13.0,2023,24.0,2023,7.2,2023,84395.0,2025,3.5148330485,2025,7.6,2025,0.5610347,2025
51025,Brunswick County,VA,75.95,2010-2015,4,0.249423206,2020,33.02445984,2019,9.508247656,2022,0.061035156,2018,43.4,2023,18.2,2023,33.9,2023,12.3,2023,51441.0,2025,4.7817423744,2025,26.700000000000003,2025,0.250941,2025
51027,Buchanan County,VA,74.18571428571428,2010-2015,7,0.485130757,2020,1.888792396,2019,9.508247656,2022,0.0,2018,38.9,2023,17.4,2023,34.4,2023,11.7,2023,43446.0,2025,4.8004655803,2025,26.400000000000002,2025,0.2523214,2025
51029,Buckingham County,VA,77.825,2010-2015,4,0.174743712,2020,13.02096558,2019,9.508247656,2022,0.05882699,2018,43.6,2023,16.6,2023,30.9,2023,11.2,2023,57701.0,2025,4.2933028919,2025,22.6,2025,0.118015,2025
51031,Campbell County,VA,76.49090909090908,2010-2015,11,0.578620017,2020,8.100543976,2019,9.508247656,2022,0.018190749,2018,35.6,2023,14.2,2023,27.0,2023,8.7,2023,69570.0,2025,4.057801737,2025,17.8,2025,0.14416489999999998,2025
51033,Caroline County,VA,76.25714285714285,2010-2015,7,0.356448472,2020,5.296490192,2019,9.508247656,2022,0.064994149,2018,41.9,2023,14.0,2023,27.9,2023,10.1,2023,80562.0,2025,3.9460290046,2025,12.0,2025,0.0957488,2025
51035,Carroll County,VA,76.39999999999999,2010-2015,7,0.332513124,2020,5.119353771,2019,9.508247656,2022,0.067485489,2018,41.4,2023,15.9,2023,30.5,2023,10.0,2023,53694.0,2025,4.4454696519,2025,22.2,2025,0.929496,2025
51036,Charles City County,VA,76.83333333333333,2010-2015,3,,,2.29838562,2019,9.508247656,2022,0.0,2018,42.1,2023,19.4,2023,31.9,2023,9.5,2023,73068.0,2025,4.7438529213,2025,17.5,2025,0.15165299999999998,2025
51037,Charlotte County,VA,77.3,2010-2015,3,0.253807098,2020,33.71976471,2019,9.508247656,2022,0.0,2018,42.6,2023,18.6,2023,33.5,2023,11.2,2023,50878.0,2025,6.9534914018,2025,32.2,2025,0.524109,2025
51041,Chesterfield County,VA,78.97777777777779,2010-2015,63,0.667141199,2020,47.23516464,2019,9.508247656,2022,0.022951836,2018,36.4,2023,12.4,2023,22.6,2023,8.2,2023,99401.0,2025,3.7619913854,2025,8.5,2025,0.8066083,2025
51043,Clarke County,VA,80.10000000000001,2010-2015,3,0.410340577,2020,0.380293965,2019,9.508247656,2022,0.068856299,2018,32.8,2023,12.2,2023,22.9,2023,7.4,2023,101205.0,2025,3.7040119926,2025,7.9,2025,0.3359989,2025
51045,Craig County,VA,79.5,2010-2015,1,,,11.80309963,2019,9.508247656,2022,0.0,2018,36.5,2023,14.3,2023,26.6,2023,8.4,2023,61531.0,2025,5.2189287771,2025,19.0,2025,0.4110997,2025
51047,Culpeper County,VA,78.2,2010-2015,8,0.65336293,2020,11.94345284,2019,9.508247656,2022,0.038566113,2018,38.5,2023,12.8,2023,25.9,2023,10.4,2023,90465.0,2025,3.8821397035,2025,11.899999999999999,2025,0.335846,2025
51049,Cumberland County,VA,76.95,2010-2015,2,,,55.47490311,2019,9.508247656,2022,0.0,2018,39.5,2023,16.1,2023,28.6,2023,9.2,2023,55713.0,2025,3.6298784978,2025,22.0,2025,0.30988530000000003,2025
51051,Dickenson County,VA,73.6,2010-2015,4,0.426196903,2020,0.0,2019,9.508247656,2022,0.068856299,2018,39.1,2023,16.9,2023,34.0,2023,11.1,2023,48157.0,2025,5.1599436322,2025,23.200000000000003,2025,0.2175963,2025
51053,Dinwiddie County,VA,76.03999999999999,2010-2015,5,0.313720018,2020,26.99767494,2019,9.508247656,2022,0.0,2018,40.7,2023,14.7,2023,27.9,2023,8.7,2023,83334.0,2025,4.1615803506,2025,17.2,2025,0.1433075,2025
51057,Essex County,VA,78.0,2010-2015,3,0.731060982,2020,44.09673309,2019,9.508247656,2022,0.091583475,2018,42.6,2023,18.0,2023,31.2,2023,10.3,2023,62679.0,2025,5.829340417,2025,20.8,2025,0.3783221,2025
51059,Fairfax County,VA,82.58761467889907,2010-2015,218,0.841119647,2020,18.04464531,2019,9.508247656,2022,0.019986184,2018,24.0,2023,10.7,2023,19.4,2023,7.4,2023,141353.0,2025,,,7.3,2025,1.1134313999999998,2025
51061,Fauquier County,VA,79.26875,2010-2015,16,0.728689313,2020,13.65913391,2019,9.508247656,2022,0.070746377,2018,32.7,2023,11.6,2023,21.2,2023,8.1,2023,111254.0,2025,3.7926461204,2025,6.6000000000000005,2025,0.44706359999999995,2025
51063,Floyd County,VA,78.06666666666666,2010-2015,3,0.253533632,2020,27.54180527,2019,9.508247656,2022,0.063311175,2018,32.7,2023,13.5,2023,26.2,2023,8.0,2023,61164.0,2025,4.673755711,2025,15.2,2025,0.3212129,2025
51065,Fluvanna County,VA,80.0,2010-2015,3,0.218802422,2020,28.91872215,2019,9.508247656,2022,0.037337117,2018,39.1,2023,12.6,2023,22.9,2023,7.3,2023,86462.0,2025,3.5883496462,2025,9.3,2025,0.2164268,2025
51067,Franklin County,VA,76.81,2010-2015,10,0.462905258,2020,19.52885437,2019,9.508247656,2022,0.035590354,2018,34.8,2023,15.1,2023,27.3,2023,8.6,2023,63692.0,2025,4.6251740054,2025,15.9,2025,0.3458444,2025
51069,Frederick County,VA,78.53846153846153,2010-2015,13,0.515809,2020,33.68125153,2019,9.508247656,2022,0.0,2018,37.5,2023,11.8,2023,24.1,2023,9.4,2023,92108.0,2025,3.6647027903,2025,8.3,2025,0.4481578,2025
51071,Giles County,VA,76.0,2010-2015,3,0.840184867,2020,1.041908264,2019,9.508247656,2022,0.05936832,2018,36.1,2023,13.8,2023,27.1,2023,8.6,2023,63384.0,2025,3.8710578298,2025,15.0,2025,0.4830335,2025
51073,Gloucester County,VA,77.7375,2010-2015,8,0.667396367,2020,5.541168213,2019,9.508247656,2022,0.053548958,2018,35.8,2023,12.8,2023,23.8,2023,7.8,2023,79016.0,2025,3.5783828584,2025,11.0,2025,0.4607233,2025
51075,Goochland County,VA,78.475,2010-2015,4,0.368384421,2020,9.192893982,2019,9.508247656,2022,0.129065558,2018,33.0,2023,12.2,2023,20.9,2023,6.0,2023,122002.0,2025,3.9095090202,2025,8.200000000000001,2025,0.7062147,2025
51077,Grayson County,VA,76.9,2010-2015,5,,,18.08909035,2019,9.508247656,2022,0.063975431,2018,41.1,2023,17.5,2023,33.9,2023,11.5,2023,42665.0,2025,4.534149812,2025,23.0,2025,0.1302168,2025
51079,Greene County,VA,80.5,2010-2015,3,0.645770192,2020,27.6055584,2019,9.508247656,2022,0.050558675,2018,37.8,2023,12.7,2023,25.8,2023,9.0,2023,83927.0,2025,3.5579561696,2025,11.5,2025,0.2384586,2025
51081,Greensville County,VA,72.25,2010-2015,2,,,0.68049562,2019,9.508247656,2022,0.0,2018,45.3,2023,17.1,2023,31.6,2023,13.0,2023,53908.0,2025,3.7834178228,2025,26.900000000000002,2025,0.3497421,2025
51083,Halifax County,VA,75.92222222222222,2010-2015,9,0.683852196,2020,29.68131828,2019,9.508247656,2022,0.058616646,2018,40.2,2023,19.3,2023,33.7,2023,11.2,2023,50813.0,2025,5.4730687831,2025,27.3,2025,0.3853222,2025
51085,Hanover County,VA,78.66363636363636,2010-2015,22,0.794369221,2020,25.25375366,2019,9.508247656,2022,0.018649932,2018,32.9,2023,11.6,2023,21.4,2023,6.6,2023,111485.0,2025,3.7960593705,2025,5.800000000000001,2025,0.7257868999999999,2025
51087,Henrico County,VA,78.67966101694915,2010-2015,59,0.943774998,2020,26.92008591,2019,9.508247656,2022,0.012148418,2018,32.8,2023,12.3,2023,21.4,2023,7.8,2023,85877.0,2025,4.2173303632,2025,12.3,2025,1.0493054000000002,2025
51089,Henry County,VA,74.42857142857143,2010-2015,14,0.596314788,2020,28.63188744,2019,9.508247656,2022,0.0,2018,41.9,2023,18.0,2023,33.1,2023,11.2,2023,51959.0,2025,4.564429749,2025,24.9,2025,0.4577297,2025
51091,Highland County,VA,77.6,2010-2015,1,,,99.66863251,2019,9.508247656,2022,0.452488691,2018,33.0,2023,15.2,2023,25.6,2023,7.3,2023,56021.0,2025,3.4544638852,2025,21.0,2025,1.3477089,2025
51093,Isle of Wight County,VA,77.45,2010-2015,8,0.636182904,2020,26.21637917,2019,9.508247656,2022,0.054122806,2018,36.6,2023,13.8,2023,24.0,2023,7.7,2023,88536.0,2025,4.7505011895,2025,9.700000000000001,2025,0.4073527,2025
51095,James City County,VA,81.13636363636364,2010-2015,11,0.515384197,2020,46.73205948,2019,9.508247656,2022,0.013089519,2018,32.1,2023,12.5,2023,21.1,2023,6.5,2023,109735.0,2025,3.7427976119,2025,8.4,2025,1.1141434000000001,2025
51097,King and Queen County,VA,78.5,2010-2015,2,,,10.5517807,2019,9.508247656,2022,0.142005116,2018,40.7,2023,17.0,2023,29.8,2023,9.5,2023,66578.0,2025,4.8424531637,2025,18.4,2025,0.30021010000000004,2025
51099,King George County,VA,78.86,2010-2015,5,0.620868504,2020,10.48361397,2019,9.508247656,2022,0.037629351,2018,36.1,2023,11.6,2023,23.1,2023,8.2,2023,101323.0,2025,3.5450683089,2025,7.5,2025,0.2182691,2025
51101,King William County,VA,75.925,2010-2015,4,0.510175169,2020,13.59303379,2019,9.508247656,2022,0.059035361,2018,34.9,2023,12.2,2023,23.8,2023,7.9,2023,88124.0,2025,3.9428602407,2025,8.6,2025,0.3301965,2025
51103,Lancaster County,VA,78.39999999999999,2010-2015,3,0.659257889,2020,3.22729516,2019,9.508247656,2022,0.092738569,2018,35.1,2023,18.1,2023,29.2,2023,8.3,2023,66220.0,2025,4.9602906086,2025,21.7,2025,0.3660322,2025
51105,Lee County,VA,77.0,2010-2015,6,0.344263703,2020,0.003303064,2019,9.508247656,2022,0.042479079,2018,42.3,2023,17.3,2023,34.0,2023,12.0,2023,44110.0,2025,5.580865054,2025,28.499999999999996,2025,0.31842790000000004,2025
51107,Loudoun County,VA,81.86222222222223,2010-2015,45,0.70958221,2020,16.56297302,2019,9.508247656,2022,0.022121174,2018,28.1,2023,9.5,2023,19.0,2023,6.8,2023,173655.0,2025,,,4.0,2025,0.7600703000000001,2025
51109,Louisa County,VA,77.56666666666666,2010-2015,6,0.340921015,2020,2.30892396,2019,9.508247656,2022,0.054380335,2018,36.7,2023,14.1,2023,25.4,2023,8.6,2023,79459.0,2025,4.0933610504,2025,13.200000000000001,2025,0.1029654,2025
51111,Lunenburg County,VA,76.0,2010-2015,3,,,0.044145379,2019,9.508247656,2022,0.082740359,2018,46.1,2023,18.9,2023,33.6,2023,12.5,2023,51013.0,2025,4.9063996739,2025,23.200000000000003,2025,0.1677008,2025
51113,Madison County,VA,78.2,2010-2015,2,0.375600964,2020,0.674621522,2019,9.508247656,2022,0.075216249,2018,37.8,2023,13.7,2023,25.6,2023,8.4,2023,76864.0,2025,3.7553966327,2025,13.3,2025,0.0717257,2025
51115,Mathews County,VA,82.0,2010-2015,2,0.570385575,2020,0.0,2019,9.508247656,2022,0.113610543,2018,35.1,2023,15.2,2023,26.1,2023,7.4,2023,73034.0,2025,3.90013414,2025,14.6,2025,0.3510414,2025
51117,Mecklenburg County,VA,76.375,2010-2015,8,0.912676394,2020,21.75298119,2019,9.508247656,2022,0.032626428,2018,41.2,2023,18.6,2023,31.3,2023,10.1,2023,53288.0,2025,5.7947882736,2025,20.8,2025,0.5620206,2025
51119,Middlesex County,VA,77.95,2010-2015,4,0.567698002,2020,1.067416072,2019,9.508247656,2022,0.278577387,2018,37.8,2023,16.5,2023,27.2,2023,7.7,2023,67586.0,2025,4.4852964402,2025,19.3,2025,0.3710231,2025
51121,Montgomery County,VA,78.04545454545455,2010-2015,11,0.792755425,2020,20.21525574,2019,9.508247656,2022,0.040410165,2018,28.0,2023,9.6,2023,21.4,2023,7.7,2023,67620.0,2025,6.2524038462,2025,12.7,2025,0.7210098,2025
51125,Nelson County,VA,77.76666666666667,2010-2015,3,0.338868171,2020,6.210778713,2019,9.508247656,2022,0.202210844,2018,35.2,2023,15.6,2023,27.3,2023,8.3,2023,77049.0,2025,5.9621396318,2025,17.8,2025,0.8113589999999999,2025
51127,New Kent County,VA,77.76666666666667,2010-2015,3,0.380581856,2020,0.0,2019,9.508247656,2022,0.044660803,2018,35.1,2023,11.9,2023,21.5,2023,7.2,2023,115854.0,2025,3.2419989257,2025,6.9,2025,0.2929238,2025
51131,Northampton County,VA,82.03333333333335,2010-2015,3,0.85667783,2020,0.001248741,2019,9.508247656,2022,0.085215166,2018,39.5,2023,18.5,2023,31.2,2023,10.0,2023,53822.0,2025,6.670449341,2025,27.0,2025,1.0757137,2025
51133,Northumberland County,VA,78.60000000000001,2010-2015,3,0.248570725,2020,9.327356339,2019,9.508247656,2022,0.082324855,2018,36.0,2023,16.8,2023,26.2,2023,7.6,2023,69662.0,2025,4.6243104743,2025,22.7,2025,0.8313243,2025
51135,Nottoway County,VA,76.16666666666667,2010-2015,3,0.659630597,2020,40.59609604,2019,9.508247656,2022,0.064850844,2018,43.5,2023,16.7,2023,30.9,2023,11.7,2023,58168.0,2025,4.8048811171,2025,23.3,2025,0.38476340000000003,2025
51137,Orange County,VA,78.46000000000001,2010-2015,5,0.769332826,2020,33.78006744,2019,9.508247656,2022,0.054579195,2018,37.1,2023,12.9,2023,25.0,2023,8.7,2023,82738.0,2025,3.8386717127,2025,12.1,2025,0.4571367,2025
51139,Page County,VA,76.17999999999999,2010-2015,5,0.752099633,2020,0.0,2019,9.508247656,2022,0.125349939,2018,34.6,2023,14.1,2023,29.1,2023,9.5,2023,57960.0,2025,4.2038857497,2025,17.2,2025,0.2520267,2025
51141,Patrick County,VA,74.925,2010-2015,4,0.400160074,2020,9.066108704,2019,9.508247656,2022,0.11316698,2018,39.9,2023,16.4,2023,30.3,2023,9.8,2023,51200.0,2025,4.9805523488,2025,19.3,2025,0.2272469,2025
51143,Pittsylvania County,VA,75.88125,2010-2015,16,0.317460328,2020,16.50482941,2019,9.508247656,2022,0.01640716,2018,41.6,2023,17.5,2023,33.3,2023,10.2,2023,54627.0,2025,4.7125149409,2025,16.7,2025,0.08337220000000001,2025
51145,Powhatan County,VA,79.35,2010-2015,4,0.398036361,2020,6.065235138,2019,9.508247656,2022,0.034259479,2018,36.4,2023,12.1,2023,22.6,2023,7.1,2023,100814.0,2025,3.6667853529,2025,6.7,2025,0.5459917999999999,2025
51147,Prince Edward County,VA,74.73333333333333,2010-2015,3,0.608536899,2020,17.76675034,2019,9.508247656,2022,0.043572985,2018,37.2,2023,13.5,2023,27.7,2023,10.2,2023,55264.0,2025,6.1421227375,2025,28.499999999999996,2025,0.6383367,2025
51149,Prince George County,VA,79.64,2010-2015,5,0.413586318,2020,33.94532013,2019,9.508247656,2022,0.026259124,2018,38.4,2023,11.5,2023,24.9,2023,10.9,2023,82207.0,2025,3.2397900033,2025,11.4,2025,0.16324629999999998,2025
51153,Prince William County,VA,80.12857142857143,2010-2015,70,0.70236975,2020,27.88110924,2019,9.508247656,2022,0.017093616,2018,34.3,2023,11.4,2023,23.1,2023,10.4,2023,128758.0,2025,3.5796074843,2025,8.3,2025,0.441718,2025
51155,Pulaski County,VA,75.4375,2010-2015,8,1.031383514,2020,11.18452454,2019,9.508247656,2022,0.058709566,2018,35.7,2023,14.1,2023,27.9,2023,8.5,2023,59839.0,2025,4.3612495209,2025,23.400000000000002,2025,0.32583900000000005,2025
51157,Rappahannock County,VA,79.65,2010-2015,2,0.550964177,2020,20.54444313,2019,9.508247656,2022,0.0,2018,35.2,2023,14.7,2023,25.3,2023,7.8,2023,88237.0,2025,4.5766775364,2025,14.2,2025,0.2700149,2025
51159,Richmond County,VA,78.19999999999999,2010-2015,2,,,3.211323738,2019,9.508247656,2022,0.110643946,2018,37.1,2023,15.1,2023,30.0,2023,12.5,2023,61655.0,2025,4.4370860927,2025,21.9,2025,0.1109016,2025
51161,Roanoke County,VA,79.25294117647059,2010-2015,17,0.634860158,2020,22.17984581,2019,9.508247656,2022,0.021260085,2018,34.4,2023,12.0,2023,22.7,2023,7.2,2023,80929.0,2025,4.1043865886,2025,8.200000000000001,2025,1.2423775,2025
51163,Rockbridge County,VA,80.225,2010-2015,4,0.527310252,2020,19.9757576,2019,9.508247656,2022,0.087904356,2018,34.0,2023,14.0,2023,25.9,2023,7.7,2023,64813.0,2025,4.1849478786,2025,14.899999999999999,2025,0.9275209,2025
51165,Rockingham County,VA,79.77894736842104,2010-2015,19,0.364316434,2020,9.882813454,2019,9.508247656,2022,0.012308601,2018,33.1,2023,12.3,2023,25.9,2023,9.7,2023,79332.0,2025,3.7229984842,2025,11.799999999999999,2025,0.24883289999999997,2025
51167,Russell County,VA,76.17142857142858,2010-2015,7,0.637970507,2020,1.665097594,2019,9.508247656,2022,0.037385974,2018,39.6,2023,15.7,2023,31.3,2023,10.0,2023,51459.0,2025,4.7781490144,2025,21.6,2025,0.35225049999999997,2025
51169,Scott County,VA,75.18333333333334,2010-2015,6,0.647279143,2020,15.53896046,2019,9.508247656,2022,0.092876382,2018,38.3,2023,16.4,2023,31.4,2023,10.1,2023,46015.0,2025,5.6953672836,2025,22.5,2025,0.3268126,2025
51171,Shenandoah County,VA,78.66666666666667,2010-2015,9,0.546634793,2020,9.071727753,2019,9.508247656,2022,0.06897027,2018,36.2,2023,14.1,2023,28.8,2023,10.4,2023,75129.0,2025,4.3677062912,2025,12.3,2025,0.3351806,2025
51173,Smyth County,VA,74.45,2010-2015,8,0.598205388,2020,3.804728031,2019,9.508247656,2022,0.065634027,2018,38.1,2023,15.4,2023,30.7,2023,9.9,2023,52646.0,2025,4.6793716685,2025,19.5,2025,0.5088713,2025
51175,Southampton County,VA,76.96666666666667,2010-2015,3,0.170106605,2020,21.76313782,2019,9.508247656,2022,0.0,2018,38.4,2023,15.9,2023,27.2,2023,8.7,2023,65742.0,2025,4.4491155047,2025,17.7,2025,0.2221482,2025
51177,Spotsylvania County,VA,78.62142857142858,2010-2015,28,0.657281756,2020,25.46867752,2019,9.508247656,2022,0.022348367,2018,40.3,2023,12.6,2023,24.6,2023,9.4,2023,109834.0,2025,3.6867101791,2025,9.4,2025,0.4802472,2025
51179,Stafford County,VA,79.5,2010-2015,25,0.567790329,2020,33.40258026,2019,9.508247656,2022,0.020005334,2018,35.7,2023,10.7,2023,22.1,2023,8.8,2023,130751.0,2025,3.4136136647,2025,6.9,2025,0.261069,2025
51181,Surry County,VA,76.55000000000001,2010-2015,2,,,29.97586441,2019,9.508247656,2022,0.154464006,2018,39.9,2023,17.3,2023,29.2,2023,8.5,2023,68714.0,2025,5.3261561432,2025,19.7,2025,0.1531394,2025
51183,Sussex County,VA,71.0,2010-2015,4,0.640732288,2020,53.47195053,2019,9.508247656,2022,0.0,2018,45.5,2023,16.2,2023,30.9,2023,11.7,2023,53020.0,2025,4.2886046826,2025,27.500000000000004,2025,0.2787327,2025
51185,Tazewell County,VA,73.34,2010-2015,10,0.764884412,2020,19.32086182,2019,9.508247656,2022,0.09790723,2018,40.4,2023,15.9,2023,31.0,2023,10.0,2023,45959.0,2025,5.2950030102,2025,27.3,2025,0.4758923,2025
51187,Warren County,VA,76.6,2010-2015,8,0.667078435,2020,20.9167366,2019,9.508247656,2022,0.024998125,2018,38.0,2023,12.7,2023,25.7,2023,9.5,2023,89337.0,2025,4.0783793347,2025,10.4,2025,0.5864386,2025
51191,Washington County,VA,76.99230769230769,2010-2015,13,0.633206069,2020,6.955316544,2019,9.508247656,2022,0.036763355,2018,38.3,2023,13.8,2023,27.0,2023,8.0,2023,57758.0,2025,4.6214146955,2025,15.7,2025,0.9135825,2025
51193,Westmoreland County,VA,76.86666666666667,2010-2015,3,0.165298358,2020,0.0,2019,9.508247656,2022,0.112170503,2018,41.0,2023,18.3,2023,33.1,2023,11.2,2023,66975.0,2025,4.8456391781,2025,21.0,2025,0.21354969999999998,2025
51195,Wise County,VA,74.02727272727272,2010-2015,11,0.752566814,2020,19.03618622,2019,9.508247656,2022,0.105229929,2018,43.5,2023,15.1,2023,31.4,2023,10.9,2023,50442.0,2025,4.3240485907,2025,20.0,2025,0.2244228,2025
51197,Wythe County,VA,76.03333333333333,2010-2015,6,0.803633809,2020,10.62136841,2019,9.508247656,2022,0.069555543,2018,38.8,2023,14.3,2023,28.2,2023,8.6,2023,59026.0,2025,4.6446200284,2025,19.400000000000002,2025,0.4258641,2025
51199,York County,VA,79.77499999999999,2010-2015,12,0.953770995,2020,34.39617538,2019,9.508247656,2022,0.014739263,2018,31.5,2023,11.1,2023,19.2,2023,6.7,2023,101987.0,2025,3.605934124,2025,6.7,2025,1.1563139,2025
51510,Alexandria city,VA,81.35454545454544,2010-2015,33,0.781220496,2020,0.0,2019,9.508247656,2022,0.031146826,2018,32.0,2023,9.9,2023,19.5,2023,7.9,2023,109902.0,2025,4.229006196,2025,13.4,2025,0.8015203,2025
51520,Bristol city,VA,73.775,2010-2015,4,2.019735813,2020,25.33490372,2019,9.508247656,2022,0.0,2018,39.2,2023,14.8,2023,29.6,2023,9.6,2023,45240.0,2025,5.8933227073,2025,31.0,2025,0.64501,2025
51530,Buena Vista city,VA,73.7,2010-2015,1,0.781005919,2020,95.90496826,2019,9.508247656,2022,0.160333499,2018,37.0,2023,12.9,2023,27.8,2023,10.0,2023,53778.0,2025,4.0985467186,2025,18.3,2025,,
51540,Charlottesville city,VA,79.11,2010-2015,10,1.640042543,2020,8.132328033,2019,9.508247656,2022,0.041565351,2018,33.0,2023,10.4,2023,21.9,2023,7.7,2023,72542.0,2025,7.5067585834,2025,17.9,2025,2.8463829,2025
51550,Chesapeake city,VA,77.37435897435897,2010-2015,39,0.870406568,2020,24.13552284,2019,9.508247656,2022,0.008242868,2018,40.1,2023,12.8,2023,22.7,2023,8.3,2023,91582.0,2025,4.0133937866,2025,12.3,2025,0.7800405,2025
51570,Colonial Heights city,VA,76.88,2010-2015,5,2.266782999,2020,22.69415474,2019,9.508247656,2022,0.056075815,2018,37.4,2023,12.3,2023,25.1,2023,8.7,2023,70161.0,2025,3.9279128984,2025,15.4,2025,1.2586876999999999,2025
51580,Covington city,VA,75.95,2010-2015,2,1.418691278,2020,24.64291763,2019,9.508247656,2022,0.183150187,2018,40.7,2023,16.6,2023,32.9,2023,11.0,2023,49519.0,2025,3.905970957,2025,25.0,2025,0.5247506999999999,2025
51590,Danville city,VA,73.02142857142857,2010-2015,14,1.730667949,2020,13.44553947,2019,9.508247656,2022,0.024574252,2018,41.7,2023,19.9,2023,35.6,2023,12.4,2023,45423.0,2025,5.4290915602,2025,29.099999999999998,2025,1.1133483,2025
51595,Emporia city,VA,71.35,2010-2015,2,1.902225614,2020,3.358989477,2019,9.508247656,2022,0.195274353,2018,44.4,2023,20.0,2023,36.4,2023,13.3,2023,45894.0,2025,4.5442506723,2025,33.4,2025,,
51600,Fairfax city,VA,82.6,2010-2015,5,3.32920742,2020,10.74999046,2019,9.508247656,2022,0.0,2018,31.8,2023,11.1,2023,20.7,2023,8.4,2023,119079.0,2025,4.8614845467,2025,7.1,2025,0.0823859,2025
51610,Falls Church city,VA,83.8,2010-2015,3,2.050440788,2020,0.0,2019,9.508247656,2022,0.06769564,2018,29.1,2023,8.9,2023,15.8,2023,5.0,2023,145755.0,2025,,,4.0,2025,2.9669496,2025
51620,Franklin city,VA,74.5,2010-2015,2,1.531980038,2020,63.49986267,2019,9.508247656,2022,0.124797203,2018,43.8,2023,18.1,2023,32.7,2023,10.6,2023,53310.0,2025,4.1350189886,2025,31.0,2025,1.0952903,2025
51630,Fredericksburg city,VA,78.96000000000001,2010-2015,5,1.627560019,2020,16.09605026,2019,9.508247656,2022,0.034312379,2018,39.5,2023,10.2,2023,22.8,2023,8.8,2023,75915.0,2025,5.4241498365,2025,19.400000000000002,2025,1.7626115,2025
51640,Galax city,VA,75.15,2010-2015,2,2.223634005,2020,7.681509018,2019,9.508247656,2022,0.467071474,2018,39.4,2023,16.3,2023,33.1,2023,13.2,2023,46891.0,2025,6.5686666275,2025,28.9,2025,,
51650,Hampton city,VA,75.56551724137931,2010-2015,29,0.907990336,2020,24.95180511,2019,9.508247656,2022,0.014890592,2018,40.3,2023,15.0,2023,26.4,2023,9.7,2023,67764.0,2025,4.2316161616,2025,18.7,2025,0.3702467,2025
51660,Harrisonburg city,VA,79.825,2010-2015,8,1.334486127,2020,3.933934927,2019,9.508247656,2022,0.037014417,2018,34.0,2023,10.2,2023,25.9,2023,13.0,2023,58597.0,2025,5.1827275049,2025,17.0,2025,1.3416294,2025
51670,Hopewell city,VA,72.7,2010-2015,6,0.849161983,2020,38.00653839,2019,9.508247656,2022,0.0,2018,45.8,2023,17.7,2023,35.6,2023,13.6,2023,49111.0,2025,5.3561411864,2025,32.5,2025,0.30250649999999996,2025
51678,Lexington city,VA,78.6,2010-2015,1,1.37381506,2020,5.888015747,2019,9.508247656,2022,0.140134528,2018,29.1,2023,7.8,2023,19.5,2023,7.4,2023,62342.0,2025,5.5610719808,2025,10.9,2025,,
51680,Lynchburg city,VA,76.32666666666667,2010-2015,15,1.177033186,2020,20.06486702,2019,9.508247656,2022,0.012176412,2018,36.4,2023,11.0,2023,23.6,2023,8.9,2023,58962.0,2025,4.3939487022,2025,22.5,2025,1.2656786000000002,2025
51683,Manassas city,VA,80.3,2010-2015,6,1.443637013,2020,11.16734314,2019,9.508247656,2022,0.048029587,2018,35.8,2023,12.0,2023,26.2,2023,15.3,2023,92198.0,2025,3.5375103328,2025,18.9,2025,0.9600075,2025
51685,Manassas Park city,VA,80.35,2010-2015,2,0.333259284,2020,40.51449966,2019,9.508247656,2022,0.0,2018,38.6,2023,13.8,2023,30.8,2023,17.8,2023,92611.0,2025,2.8528715416,2025,13.600000000000001,2025,,
51690,Martinsville city,VA,73.75,2010-2015,4,1.618777871,2020,29.31863022,2019,9.508247656,2022,0.077507362,2018,44.9,2023,18.6,2023,34.0,2023,12.2,2023,44547.0,2025,5.2715702574,2025,29.599999999999998,2025,,
51700,Newport News city,VA,76.20526315789475,2010-2015,38,0.949391842,2020,23.23500252,2019,9.508247656,2022,0.022393156,2018,40.8,2023,13.5,2023,28.1,2023,10.3,2023,63911.0,2025,4.2542868948,2025,22.5,2025,0.5688375,2025
51710,Norfolk city,VA,75.23484848484848,2010-2015,66,1.037878394,2020,20.57997322,2019,9.508247656,2022,0.004097085,2018,40.3,2023,12.7,2023,26.1,2023,10.8,2023,61098.0,2025,4.6071650748,2025,25.2,2025,0.9911139999999999,2025
51720,Norton city,VA,72.7,2010-2015,1,3.011292458,2020,39.62071228,2019,9.508247656,2022,0.252016127,2018,40.8,2023,14.9,2023,31.3,2023,10.5,2023,42618.0,2025,7.6333151793,2025,29.7,2025,0.8183306,2025
51730,Petersburg city,VA,72.28181818181818,2010-2015,11,1.280956507,2020,46.80134583,2019,9.508247656,2022,0.031678651,2018,46.6,2023,19.2,2023,34.2,2023,11.8,2023,46216.0,2025,5.1931545673,2025,31.5,2025,0.6581112,2025
51735,Poquoson city,VA,79.5,2010-2015,3,0.734274268,2020,64.98569489,2019,9.508247656,2022,0.0,2018,33.2,2023,11.0,2023,20.6,2023,6.3,2023,108161.0,2025,3.5692120936,2025,6.6000000000000005,2025,0.7952919,2025
51740,Portsmouth city,VA,73.07307692307693,2010-2015,26,0.925400138,2020,23.09831047,2019,9.508247656,2022,0.01056725,2018,40.8,2023,15.8,2023,30.0,2023,10.9,2023,57012.0,2025,4.7657316464,2025,25.0,2025,0.6030253,2025
51750,Radford city,VA,76.5,2010-2015,1,0.438236088,2020,43.2937851,2019,9.508247656,2022,0.054528601,2018,34.4,2023,9.2,2023,24.8,2023,9.2,2023,47325.0,2025,8.3549436417,2025,17.9,2025,0.5454876,2025
51760,Richmond city,VA,75.27999999999999,2010-2015,55,0.826780796,2020,21.08768845,2019,9.508247656,2022,0.048080496,2018,37.7,2023,12.9,2023,25.4,2023,10.0,2023,64903.0,2025,5.7828284992,2025,27.500000000000004,2025,1.0591163000000001,2025
51770,Roanoke city,VA,74.8,2010-2015,22,0.888368428,2020,18.69620895,2019,9.508247656,2022,0.020016013,2018,42.0,2023,15.1,2023,30.0,2023,10.7,2023,51782.0,2025,5.2999852732,2025,26.3,2025,1.1025135,2025
51775,Salem city,VA,76.56,2010-2015,5,1.381215453,2020,23.40510941,2019,9.508247656,2022,0.038996998,2018,35.2,2023,12.0,2023,24.0,2023,7.7,2023,63701.0,2025,4.2357501287,2025,12.9,2025,1.3794191,2025
51790,Staunton city,VA,76.0,2010-2015,6,1.071853876,2020,2.200998545,2019,9.508247656,2022,0.040125191,2018,36.4,2023,12.9,2023,25.1,2023,8.1,2023,59926.0,2025,4.4902284407,2025,16.5,2025,0.4676357,2025
51800,Suffolk city,VA,76.22692307692307,2010-2015,26,0.734722555,2020,22.4253273,2019,9.508247656,2022,0.021933433,2018,42.5,2023,13.7,2023,25.9,2023,8.5,2023,81297.0,2025,4.1997804036,2025,14.899999999999999,2025,0.7692787,2025
51810,Virginia Beach city,VA,78.46470588235294,2010-2015,85,1.030514359,2020,17.53014565,2019,9.508247656,2022,0.011106446,2018,36.7,2023,12.3,2023,22.3,2023,8.1,2023,90275.0,2025,3.7434395765,2025,11.200000000000001,2025,0.7123005,2025
51820,Waynesboro city,VA,75.2,2010-2015,5,1.275229812,2020,16.6137619,2019,9.508247656,2022,0.044193037,2018,38.6,2023,13.2,2023,27.4,2023,10.3,2023,56438.0,2025,4.3032296876,2025,19.0,2025,0.8425721,2025
51830,Williamsburg city,VA,78.2,2010-2015,3,1.57284224,2020,19.47547722,2019,9.508247656,2022,0.067132115,2018,31.1,2023,9.4,2023,21.0,2023,7.8,2023,70270.0,2025,5.4018577272,2025,20.599999999999998,2025,0.1282874,2025
51840,Winchester city,VA,77.96000000000001,2010-2015,5,1.94945848,2020,25.41367149,2019,9.508247656,2022,0.035577059,2018,37.6,2023,14.2,2023,28.9,2023,12.7,2023,63514.0,2025,4.6697570574,2025,21.9,2025,2.5589991000000003,2025
53001,Adams County,WA,78.66,2010-2015,5,0.449393332,2020,41.71207047,2019,11.63851665,2022,0.050609849,2018,37.6,2023,13.3,2023,29.8,2023,24.0,2023,67056.0,2025,4.3753831729,2025,20.3,2025,0.33945980000000003,2025
53003,Asotin County,WA,77.56,2010-2015,5,0.438212097,2020,13.83821106,2019,11.63851665,2022,0.0,2018,35.3,2023,12.6,2023,21.6,2023,8.1,2023,64789.0,2025,4.7437238494,2025,18.5,2025,0.6697326,2025
53005,Benton County,WA,79.61875,2010-2015,32,0.620076954,2020,22.83778381,2019,11.63851665,2022,0.024767557,2018,36.2,2023,10.4,2023,20.6,2023,10.6,2023,83040.0,2025,4.1866868926,2025,12.9,2025,0.704678,2025
53007,Chelan County,WA,80.42307692307692,2010-2015,13,0.709000409,2020,18.05933189,2019,11.63851665,2022,0.051923774,2018,29.1,2023,10.7,2023,20.6,2023,11.8,2023,74848.0,2025,4.3188007748,2025,13.0,2025,1.1048891,2025
53009,Clallam County,WA,78.85,2010-2015,18,0.486761361,2020,38.20762253,2019,11.63851665,2022,0.026063047,2018,31.0,2023,12.1,2023,20.3,2023,7.5,2023,67071.0,2025,4.3575054387,2025,16.3,2025,0.9589689,2025
53011,Clark County,WA,79.15510204081633,2010-2015,98,0.515230477,2020,21.72234726,2019,11.63851665,2022,0.012451827,2018,35.3,2023,9.6,2023,19.8,2023,8.0,2023,97240.0,2025,3.7676871739,2025,8.4,2025,0.7586957,2025
53013,Columbia County,WA,79.0,2010-2015,1,,,49.13434219,2019,11.63851665,2022,0.0,2018,32.4,2023,12.2,2023,20.6,2023,8.1,2023,66267.0,2025,4.6642851882,2025,18.6,2025,0.7422067999999999,2025
53015,Cowlitz County,WA,76.96521739130435,2010-2015,23,0.610571861,2020,25.32548714,2019,11.63851665,2022,0.027526218,2018,40.5,2023,11.4,2023,22.5,2023,9.2,2023,71996.0,2025,4.3802523063,2025,16.7,2025,0.5559341,2025
53017,Douglas County,WA,81.1,2010-2015,8,0.275482088,2020,55.45383453,2019,11.63851665,2022,0.0,2018,35.8,2023,11.0,2023,23.0,2023,14.0,2023,69808.0,2025,3.8525742358,2025,15.4,2025,0.2746247,2025
53019,Ferry County,WA,79.39999999999999,2010-2015,3,,,48.59365082,2019,11.63851665,2022,0.0,2018,40.2,2023,15.1,2023,25.1,2023,8.5,2023,57090.0,2025,4.9415520418,2025,29.099999999999998,2025,1.0999587999999998,2025
53021,Franklin County,WA,80.39166666666667,2010-2015,12,0.453257799,2020,31.59661293,2019,11.63851665,2022,0.010599171,2018,35.2,2023,10.8,2023,24.9,2023,19.6,2023,82542.0,2025,4.0035859181,2025,15.1,2025,0.20352510000000001,2025
53023,Garfield County,WA,82.5,2010-2015,1,,,12.40265656,2019,11.63851665,2022,0.0,2018,31.0,2023,11.5,2023,19.7,2023,7.1,2023,63313.0,2025,3.657036251,2025,17.599999999999998,2025,0.8525149000000001,2025
53025,Grant County,WA,80.31875,2010-2015,16,0.533322573,2020,25.81655502,2019,11.63851665,2022,0.010274219,2018,38.7,2023,11.5,2023,25.3,2023,17.3,2023,71374.0,2025,4.0463203047,2025,18.0,2025,0.3988155,2025
53027,Grays Harbor County,WA,76.85,2010-2015,16,0.605661631,2020,16.68270302,2019,11.63851665,2022,0.013531617,2018,37.0,2023,13.6,2023,23.8,2023,9.9,2023,65758.0,2025,4.2567060655,2025,19.1,2025,0.3643888,2025
53029,Island County,WA,81.43684210526315,2010-2015,19,0.360406458,2020,11.43897247,2019,11.63851665,2022,0.071039543,2018,31.3,2023,10.2,2023,16.1,2023,7.1,2023,88451.0,2025,3.6235130757,2025,10.4,2025,0.4460609,2025
53031,Jefferson County,WA,81.37142857142858,2010-2015,7,0.550458729,2020,19.20015144,2019,11.63851665,2022,0.063033819,2018,28.7,2023,13.1,2023,17.4,2023,5.8,2023,77856.0,2025,5.1670348464,2025,16.6,2025,0.8332093,2025
53033,King County,WA,81.20185185185186,2010-2015,378,0.761547983,2020,16.72978783,2019,11.63851665,2022,0.018359609,2018,22.6,2023,7.3,2023,13.9,2023,6.8,2023,120672.0,2025,4.9108462455,2025,10.4,2025,1.1912241000000001,2025
53035,Kitsap County,WA,79.3808510638298,2010-2015,47,0.579206467,2020,40.67807388,2019,11.63851665,2022,0.029651044,2018,31.8,2023,9.8,2023,16.7,2023,7.0,2023,98894.0,2025,3.6856044606,2025,9.700000000000001,2025,0.6744096,2025
53037,Kittitas County,WA,80.7375,2010-2015,8,0.833265603,2020,23.45401955,2019,11.63851665,2022,0.042226162,2018,34.7,2023,9.7,2023,19.4,2023,8.1,2023,66374.0,2025,4.9665055007,2025,12.6,2025,0.5055056,2025
53039,Klickitat County,WA,82.73333333333333,2010-2015,3,0.308410794,2020,11.79727173,2019,11.63851665,2022,0.090469085,2018,32.9,2023,11.7,2023,20.4,2023,9.1,2023,69596.0,2025,4.1834887632,2025,17.0,2025,0.5623324000000001,2025
53041,Lewis County,WA,78.315,2010-2015,20,0.596767724,2020,16.1608429,2019,11.63851665,2022,0.037686549,2018,39.0,2023,12.1,2023,22.4,2023,9.4,2023,67877.0,2025,4.3788598175,2025,16.900000000000002,2025,0.4620963,2025
53043,Lincoln County,WA,81.05,2010-2015,4,0.450856626,2020,39.40112686,2019,11.63851665,2022,0.093109868,2018,37.6,2023,11.7,2023,20.5,2023,7.2,2023,71908.0,2025,4.3108853411,2025,14.2,2025,0.267094,2025
53045,Mason County,WA,77.55833333333334,2010-2015,12,0.425070345,2020,13.19314575,2019,11.63851665,2022,0.030531088,2018,35.9,2023,12.2,2023,21.4,2023,9.2,2023,75138.0,2025,4.231609908,2025,17.599999999999998,2025,0.2662131,2025
53047,Okanogan County,WA,80.52000000000001,2010-2015,10,0.492726415,2020,13.62959862,2019,11.63851665,2022,0.094939716,2018,32.6,2023,13.3,2023,24.8,2023,12.3,2023,58085.0,2025,4.5185754351,2025,22.3,2025,0.820941,2025
53049,Pacific County,WA,77.5,2010-2015,7,0.522102356,2020,11.50458336,2019,11.63851665,2022,0.136140853,2018,36.4,2023,14.9,2023,22.2,2023,8.5,2023,61773.0,2025,4.944804269,2025,18.0,2025,0.20878570000000002,2025
53051,Pend Oreille County,WA,79.24,2010-2015,5,0.212104067,2020,25.75310135,2019,11.63851665,2022,0.073518597,2018,38.9,2023,13.3,2023,23.1,2023,7.8,2023,63611.0,2025,4.1619956554,2025,21.7,2025,0.5761198,2025
53053,Pierce County,WA,78.51,2010-2015,160,0.594163418,2020,33.70619202,2019,11.63851665,2022,0.021317201,2018,36.9,2023,10.6,2023,19.0,2023,8.6,2023,97493.0,2025,3.8212202881,2025,11.4,2025,0.7172888000000001,2025
53055,San Juan County,WA,84.35,2010-2015,4,0.628858924,2020,0.0,2019,11.63851665,2022,0.175151795,2018,24.7,2023,10.9,2023,15.8,2023,6.0,2023,86442.0,2025,4.8757080386,2025,13.5,2025,0.6466562,2025
53057,Skagit County,WA,79.72142857142856,2010-2015,28,0.604026318,2020,28.3899498,2019,11.63851665,2022,0.038999736,2018,33.0,2023,10.8,2023,19.6,2023,9.9,2023,90432.0,2025,4.140288735,2025,12.5,2025,0.8186937999999999,2025
53059,Skamania County,WA,80.4,2010-2015,4,0.330387384,2020,4.231248379,2019,11.63851665,2022,0.083864473,2018,32.8,2023,11.2,2023,19.2,2023,7.3,2023,85131.0,2025,5.1020326701,2025,15.5,2025,,
53061,Snohomish County,WA,79.59109589041095,2010-2015,146,0.651498735,2020,23.52873802,2019,11.63851665,2022,0.013498573,2018,30.6,2023,9.1,2023,17.8,2023,7.7,2023,106067.0,2025,4.0267485555,2025,10.299999999999999,2025,0.5338676,2025
53063,Spokane County,WA,77.72330097087378,2010-2015,103,0.675848365,2020,16.69023132,2019,11.63851665,2022,0.023317678,2018,34.7,2023,10.2,2023,19.3,2023,7.3,2023,73380.0,2025,4.3562051028,2025,12.6,2025,0.8698996,2025
53065,Stevens County,WA,77.625,2010-2015,12,0.496117353,2020,35.98493958,2019,11.63851665,2022,0.088378258,2018,34.3,2023,12.6,2023,21.6,2023,8.0,2023,67525.0,2025,4.3529898328,2025,17.5,2025,0.6958209,2025
53067,Thurston County,WA,79.77083333333333,2010-2015,48,0.564483762,2020,33.40628433,2019,11.63851665,2022,0.024439719,2018,31.2,2023,10.3,2023,17.2,2023,7.3,2023,92357.0,2025,3.7183111733,2025,10.299999999999999,2025,0.8725506000000001,2025
53069,Wahkiakum County,WA,78.4,2010-2015,1,,,15.15879917,2019,11.63851665,2022,0.225937635,2018,39.1,2023,14.7,2023,21.7,2023,8.0,2023,69726.0,2025,5.4283289409,2025,19.7,2025,,
53071,Walla Walla County,WA,80.02727272727272,2010-2015,11,0.522090971,2020,23.70208931,2019,11.63851665,2022,0.016414432,2018,34.1,2023,10.6,2023,19.6,2023,10.8,2023,71348.0,2025,4.6999425501,2025,16.8,2025,1.0050732,2025
53073,Whatcom County,WA,80.53870967741936,2010-2015,31,0.558402896,2020,27.73410988,2019,11.63851665,2022,0.013292864,2018,26.5,2023,8.8,2023,16.8,2023,7.8,2023,75920.0,2025,4.2016253761,2025,12.3,2025,0.939558,2025
53075,Whitman County,WA,80.82857142857142,2010-2015,7,0.525252521,2020,28.51563644,2019,11.63851665,2022,0.020083951,2018,28.5,2023,7.4,2023,16.6,2023,8.0,2023,59044.0,2025,6.989442947,2025,15.1,2025,0.6893238,2025
53077,Yakima County,WA,78.28863636363636,2010-2015,44,0.56773293,2020,14.92663097,2019,11.63851665,2022,0.011930991,2018,39.7,2023,12.9,2023,27.9,2023,18.8,2023,67112.0,2025,4.0071775039,2025,21.099999999999998,2025,0.6171030999999999,2025
54001,Barbour County,WV,73.94999999999999,2010-2015,4,0.486499637,2020,11.41500378,2019,18.22859512,2022,0.120955549,2018,43.3,2023,16.9,2023,36.2,2023,9.3,2023,51353.0,2025,4.0850792814,2025,25.1,2025,0.323248,2025
54003,Berkeley County,WV,76.29285714285713,2010-2015,14,0.614124894,2020,38.80197144,2019,18.22859512,2022,0.008538033,2018,38.7,2023,13.5,2023,31.1,2023,8.7,2023,78995.0,2025,3.7300136799,2025,13.5,2025,0.4204047,2025
54005,Boone County,WV,74.45,2010-2015,6,0.189978629,2020,6.627663136,2019,18.22859512,2022,0.0,2018,46.7,2023,17.3,2023,36.9,2023,9.1,2023,48034.0,2025,5.5348195009,2025,25.3,2025,0.3284535,2025
54007,Braxton County,WV,76.93333333333334,2010-2015,3,0.510874331,2020,18.25214005,2019,18.22859512,2022,0.14195472,2018,41.5,2023,19.1,2023,38.5,2023,10.3,2023,50038.0,2025,3.8327198943,2025,24.3,2025,0.4899159,2025
54009,Brooke County,WV,75.21666666666665,2010-2015,6,0.922764599,2020,16.89547157,2019,18.22859512,2022,0.135116875,2018,40.0,2023,15.5,2023,29.9,2023,7.4,2023,49187.0,2025,4.2049943793,2025,17.5,2025,0.2258356,2025
54011,Cabell County,WV,73.28518518518518,2010-2015,27,1.05907917,2020,8.320433617,2019,18.22859512,2022,0.021453703,2018,44.1,2023,14.9,2023,31.1,2023,8.3,2023,55031.0,2025,5.9191199915,2025,23.9,2025,1.6806183,2025
54013,Calhoun County,WV,74.4,2010-2015,2,,,24.17050934,2019,18.22859512,2022,0.275709957,2018,40.8,2023,21.1,2023,41.2,2023,10.6,2023,45793.0,2025,4.6293710987,2025,24.6,2025,0.6476684,2025
54015,Clay County,WV,76.0,2010-2015,3,,,18.35102844,2019,18.22859512,2022,0.115848005,2018,41.9,2023,18.8,2023,39.1,2023,10.2,2023,45291.0,2025,5.3323223814,2025,30.5,2025,,
54017,Doddridge County,WV,80.1,2010-2015,2,,,4.222891808,2019,18.22859512,2022,0.118962646,2018,41.0,2023,16.4,2023,34.6,2023,9.8,2023,56985.0,2025,5.274680446,2025,20.200000000000003,2025,0.1292825,2025
54019,Fayette County,WV,76.41666666666667,2010-2015,12,0.546811879,2020,12.06229782,2019,18.22859512,2022,0.046492167,2018,40.5,2023,17.9,2023,35.9,2023,9.2,2023,49739.0,2025,4.8311675718,2025,22.400000000000002,2025,0.40073129999999996,2025
54021,Gilmer County,WV,77.15,2010-2015,2,,,81.61262512,2019,18.22859512,2022,0.124595068,2018,42.9,2023,15.5,2023,34.8,2023,11.4,2023,43671.0,2025,3.6133001915,2025,24.4,2025,0.4066694,2025
54023,Grant County,WV,77.0,2010-2015,3,0.43440488,2020,15.34361839,2019,18.22859512,2022,0.086014107,2018,43.2,2023,16.6,2023,33.8,2023,8.2,2023,53187.0,2025,4.3846024894,2025,20.5,2025,0.6373486,2025
54025,Greenbrier County,WV,75.44285714285715,2010-2015,7,0.845012963,2020,21.15263367,2019,18.22859512,2022,0.14373599,2018,40.4,2023,17.3,2023,35.0,2023,9.2,2023,47309.0,2025,4.6790188391,2025,21.7,2025,1.5026987,2025
54027,Hampshire County,WV,78.14,2010-2015,5,0.344976276,2020,28.05337334,2019,18.22859512,2022,0.042832054,2018,39.2,2023,16.9,2023,33.9,2023,8.5,2023,63290.0,2025,5.5890052356,2025,19.400000000000002,2025,0.2574886,2025
54029,Hancock County,WV,75.6375,2010-2015,8,0.910013676,2020,50.21228027,2019,18.22859512,2022,0.068742692,2018,44.0,2023,16.6,2023,32.2,2023,8.0,2023,58478.0,2025,4.6044482325,2025,17.2,2025,0.593244,2025
54031,Hardy County,WV,78.5,2010-2015,3,0.366757125,2020,15.8137598,2019,18.22859512,2022,0.0,2018,41.9,2023,19.0,2023,36.3,2023,9.7,2023,52212.0,2025,4.1194159857,2025,16.400000000000002,2025,0.1412429,2025
54033,Harrison County,WV,74.55454545454546,2010-2015,22,0.897263348,2020,12.53226471,2019,18.22859512,2022,0.059211891,2018,40.2,2023,15.6,2023,30.4,2023,8.1,2023,58897.0,2025,4.7940145698,2025,15.6,2025,1.2584794,2025
54035,Jackson County,WV,78.01666666666667,2010-2015,6,0.773204923,2020,17.74525642,2019,18.22859512,2022,0.034835923,2018,42.8,2023,17.2,2023,34.5,2023,8.2,2023,52503.0,2025,4.6227608874,2025,19.6,2025,0.3605163,2025
54037,Jefferson County,WV,77.93333333333334,2010-2015,15,0.591448367,2020,28.4863205,2019,18.22859512,2022,0.088011123,2018,38.3,2023,13.4,2023,26.4,2023,7.7,2023,92747.0,2025,4.3752385201,2025,10.0,2025,0.582491,2025
54039,Kanawha County,WV,75.03469387755102,2010-2015,49,1.077995777,2020,27.66375542,2019,18.22859512,2022,0.011083157,2018,40.3,2023,15.6,2023,32.3,2023,7.8,2023,56633.0,2025,5.0898235372,2025,18.7,2025,1.2981029000000002,2025
54041,Lewis County,WV,74.28,2010-2015,5,1.075608969,2020,9.370602608,2019,18.22859512,2022,0.062406391,2018,40.3,2023,16.9,2023,34.7,2023,9.0,2023,52827.0,2025,5.5739558727,2025,20.200000000000003,2025,0.41439729999999997,2025
54043,Lincoln County,WV,72.58,2010-2015,5,,,2.973269701,2019,18.22859512,2022,0.048546046,2018,45.6,2023,18.5,2023,36.2,2023,10.4,2023,47435.0,2025,5.6844789483,2025,23.200000000000003,2025,0.49686969999999997,2025
54045,Logan County,WV,75.83333333333333,2010-2015,9,0.788942158,2020,6.799610138,2019,18.22859512,2022,0.030668261,2018,45.0,2023,18.2,2023,39.3,2023,10.1,2023,48745.0,2025,5.6188031446,2025,23.3,2025,0.4074086,2025
54047,McDowell County,WV,75.6125,2010-2015,8,0.295578152,2020,3.317136049,2019,18.22859512,2022,0.0,2018,46.2,2023,21.6,2023,45.0,2023,13.9,2023,35161.0,2025,5.7641460905,2025,36.9,2025,0.27228670000000005,2025
54049,Marion County,WV,76.39999999999999,2010-2015,17,0.78624779,2020,17.24845314,2019,18.22859512,2022,0.053478796,2018,42.1,2023,14.7,2023,29.8,2023,7.7,2023,62449.0,2025,4.2293264538,2025,20.0,2025,0.4821342,2025
54051,Marshall County,WV,75.17777777777778,2010-2015,9,0.597947061,2020,11.53826523,2019,18.22859512,2022,0.03248335,2018,37.5,2023,16.4,2023,33.3,2023,8.1,2023,59661.0,2025,5.2949756888,2025,19.2,2025,0.3652665,2025
54053,Mason County,WV,76.96666666666667,2010-2015,6,0.455667377,2020,17.95645905,2019,18.22859512,2022,0.112283856,2018,41.3,2023,17.0,2023,36.6,2023,9.1,2023,52054.0,2025,4.2460621016,2025,23.1,2025,0.4770044,2025
54055,Mercer County,WV,73.46875,2010-2015,16,0.532115757,2020,30.06368256,2019,18.22859512,2022,0.050734811,2018,40.8,2023,17.2,2023,35.0,2023,8.8,2023,47084.0,2025,4.5316821081,2025,25.6,2025,0.50764,2025
54057,Mineral County,WV,76.67142857142858,2010-2015,7,0.486490518,2020,15.11842823,2019,18.22859512,2022,0.074239053,2018,39.3,2023,15.2,2023,30.9,2023,7.4,2023,59085.0,2025,4.9600033089,2025,17.1,2025,0.2978739,2025
54059,Mingo County,WV,73.25714285714285,2010-2015,7,0.217855424,2020,9.94734478,2019,18.22859512,2022,0.042043306,2018,43.5,2023,20.4,2023,44.0,2023,11.7,2023,38358.0,2025,7.0559809006,2025,31.4,2025,0.1304064,2025
54061,Monongalia County,WV,77.69473684210527,2010-2015,19,1.151480556,2020,21.10865784,2019,18.22859512,2022,0.01879346,2018,31.9,2023,10.8,2023,22.9,2023,7.1,2023,62330.0,2025,6.3354242899,2025,12.9,2025,1.3347495,2025
54063,Monroe County,WV,81.0,2010-2015,3,,,39.66676331,2019,18.22859512,2022,0.075301208,2018,41.1,2023,17.9,2023,35.7,2023,8.8,2023,47797.0,2025,4.0899357602,2025,20.5,2025,0.4054492,2025
54065,Morgan County,WV,76.375,2010-2015,4,0.22380127,2020,10.11417484,2019,18.22859512,2022,0.056220837,2018,39.2,2023,16.8,2023,33.4,2023,8.2,2023,61802.0,2025,3.3735530877,2025,15.9,2025,0.5226177,2025
54067,Nicholas County,WV,74.0,2010-2015,7,0.739523411,2020,8.407835007,2019,18.22859512,2022,0.040254407,2018,40.6,2023,16.8,2023,35.1,2023,8.6,2023,48515.0,2025,4.7666493849,2025,22.8,2025,0.8641975,2025
54069,Ohio County,WV,75.60555555555555,2010-2015,18,1.189840198,2020,21.07150078,2019,18.22859512,2022,0.047898456,2018,39.5,2023,15.0,2023,29.8,2023,7.4,2023,59882.0,2025,5.6178791727,2025,17.299999999999997,2025,1.3165454,2025
54071,Pendleton County,WV,80.5,2010-2015,3,0.577034056,2020,48.25184631,2019,18.22859512,2022,0.142918393,2018,36.5,2023,18.2,2023,34.6,2023,8.6,2023,53640.0,2025,3.8587275819,2025,20.9,2025,0.3256268,2025
54073,Pleasants County,WV,76.25,2010-2015,2,0.672223687,2020,0.003623683,2019,18.22859512,2022,0.26641801,2018,44.0,2023,14.9,2023,33.0,2023,8.4,2023,60991.0,2025,4.7454172876,2025,16.900000000000002,2025,0.1315616,2025
54075,Pocahontas County,WV,75.23333333333333,2010-2015,3,,,47.68457031,2019,18.22859512,2022,0.356548607,2018,40.6,2023,19.2,2023,37.9,2023,10.0,2023,43632.0,2025,4.2460969597,2025,24.8,2025,0.5101389999999999,2025
54077,Preston County,WV,77.0625,2010-2015,8,0.269622535,2020,24.89345932,2019,18.22859512,2022,0.088655099,2018,37.7,2023,15.3,2023,31.9,2023,9.4,2023,54881.0,2025,4.523771214,2025,21.9,2025,0.3783689,2025
54079,Putnam County,WV,77.76,2010-2015,10,0.99241513,2020,18.13555145,2019,18.22859512,2022,0.017642286,2018,38.3,2023,14.1,2023,28.6,2023,6.9,2023,72073.0,2025,4.2481583255,2025,11.5,2025,1.0478519,2025
54081,Raleigh County,WV,75.32352941176471,2010-2015,17,0.69939661,2020,38.57310867,2019,18.22859512,2022,0.013467288,2018,43.1,2023,17.7,2023,36.5,2023,9.5,2023,53456.0,2025,5.7497494329,2025,21.0,2025,0.7726613,2025
54083,Randolph County,WV,79.63333333333334,2010-2015,6,0.457956105,2020,8.685878754,2019,18.22859512,2022,0.06938903,2018,45.9,2023,16.0,2023,33.4,2023,9.0,2023,50868.0,2025,5.3925125628,2025,24.6,2025,0.7552327,2025
54085,Ritchie County,WV,76.7,2010-2015,3,0.421096951,2020,10.71892548,2019,18.22859512,2022,0.102870077,2018,42.9,2023,17.9,2023,38.3,2023,9.6,2023,55110.0,2025,4.5840376955,2025,24.5,2025,0.119289,2025
54087,Roane County,WV,74.975,2010-2015,4,0.370864868,2020,23.46986008,2019,18.22859512,2022,0.215331614,2018,41.6,2023,19.4,2023,39.6,2023,10.3,2023,48285.0,2025,4.4473130349,2025,25.8,2025,0.5756224000000001,2025
54089,Summers County,WV,72.85,2010-2015,4,0.401800066,2020,22.15281677,2019,18.22859512,2022,0.078369908,2018,39.8,2023,19.4,2023,38.9,2023,10.0,2023,44218.0,2025,4.3018420318,2025,29.299999999999997,2025,0.25193150000000003,2025
54091,Taylor County,WV,76.2,2010-2015,4,0.538954437,2020,0.0,2019,18.22859512,2022,0.11860989,2018,42.0,2023,15.9,2023,34.7,2023,9.0,2023,57821.0,2025,4.8158832449,2025,17.7,2025,0.2425418,2025
54093,Tucker County,WV,77.60000000000001,2010-2015,3,0.733568072,2020,2.869760752,2019,18.22859512,2022,0.43134436,2018,39.3,2023,16.9,2023,33.3,2023,7.8,2023,55563.0,2025,4.634915929,2025,23.400000000000002,2025,0.5995204,2025
54095,Tyler County,WV,78.06666666666666,2010-2015,3,0.468768299,2020,1.30691123,2019,18.22859512,2022,0.228675961,2018,42.8,2023,17.6,2023,34.9,2023,8.1,2023,58892.0,2025,5.1844782609,2025,27.1,2025,0.24524829999999997,2025
54097,Upshur County,WV,76.28,2010-2015,5,0.619067252,2020,8.046774864,2019,18.22859512,2022,0.040958427,2018,36.6,2023,16.5,2023,35.0,2023,8.9,2023,53380.0,2025,5.4634096484,2025,24.6,2025,0.5884577999999999,2025
54099,Wayne County,WV,75.66363636363636,2010-2015,11,0.460900307,2020,28.43520546,2019,18.22859512,2022,0.0500701,2018,42.6,2023,16.9,2023,35.7,2023,9.0,2023,51532.0,2025,5.1698872409,2025,21.5,2025,0.4675568,2025
54101,Webster County,WV,76.03333333333333,2010-2015,3,,,5.046996117,2019,18.22859512,2022,0.120700061,2018,42.9,2023,19.5,2023,41.2,2023,10.4,2023,40727.0,2025,5.6014344937,2025,36.8,2025,0.2424536,2025
54103,Wetzel County,WV,75.78,2010-2015,5,0.805152953,2020,39.81058121,2019,18.22859512,2022,0.065487884,2018,42.4,2023,16.7,2023,36.9,2023,8.6,2023,56296.0,2025,4.4124784892,2025,23.599999999999998,2025,0.4234298,2025
54105,Wirt County,WV,77.45,2010-2015,2,,,1.49792397,2019,18.22859512,2022,0.0,2018,42.8,2023,18.1,2023,36.0,2023,8.6,2023,54506.0,2025,4.9666714553,2025,24.5,2025,0.19751139999999998,2025
54107,Wood County,WV,75.33461538461539,2010-2015,26,0.976633132,2020,29.80952263,2019,18.22859512,2022,0.023752123,2018,43.5,2023,16.6,2023,33.1,2023,7.9,2023,56353.0,2025,4.789869154,2025,18.7,2025,0.8609968,2025
54109,Wyoming County,WV,72.75,2010-2015,6,0.248471901,2020,0.010891255,2019,18.22859512,2022,0.048109304,2018,44.6,2023,18.7,2023,39.9,2023,10.5,2023,47212.0,2025,4.5848012079,2025,25.900000000000002,2025,0.2850221,2025
55001,Adams County,WI,77.17999999999999,2010-2015,5,0.243926242,2020,9.921980858,2019,11.7951871,2022,0.049144879,2018,40.3,2023,16.7,2023,33.7,2023,9.3,2023,57944.0,2025,4.0312263095,2025,20.5,2025,0.0958084,2025
55003,Ashland County,WI,77.06666666666666,2010-2015,6,0.583846927,2020,28.46406174,2019,11.7951871,2022,0.064102568,2018,41.2,2023,13.9,2023,31.5,2023,8.2,2023,52158.0,2025,5.2039657375,2025,16.900000000000002,2025,1.7383746,2025
55005,Barron County,WI,79.02000000000001,2010-2015,10,0.510090947,2020,17.77277184,2019,11.7951871,2022,0.110707641,2018,38.3,2023,13.2,2023,29.6,2023,8.0,2023,66507.0,2025,3.9554993252,2025,11.3,2025,1.0060147,2025
55007,Bayfield County,WI,80.9,2010-2015,5,,,30.19083214,2019,11.7951871,2022,0.332402617,2018,39.1,2023,13.9,2023,27.3,2023,6.2,2023,64339.0,2025,3.9630541085,2025,15.9,2025,0.4289216,2025
55009,Brown County,WI,79.14375,2010-2015,48,0.699142158,2020,24.95839119,2019,11.7951871,2022,0.030374594,2018,41.1,2023,10.5,2023,27.1,2023,8.2,2023,77645.0,2025,3.8597205567,2025,10.5,2025,0.6936433,2025
55011,Buffalo County,WI,80.775,2010-2015,4,0.230184913,2020,23.30196381,2019,11.7951871,2022,0.076190479,2018,39.6,2023,12.8,2023,29.9,2023,7.8,2023,73869.0,2025,3.9168058804,2025,12.2,2025,0.22552999999999998,2025
55013,Burnett County,WI,78.36666666666666,2010-2015,6,0.38567847,2020,9.822937965,2019,11.7951871,2022,0.259875268,2018,39.0,2023,15.5,2023,31.9,2023,7.6,2023,67061.0,2025,4.7144770006,2025,22.3,2025,0.1791687,2025
55015,Calumet County,WI,80.7909090909091,2010-2015,11,0.338584721,2020,25.25284958,2019,11.7951871,2022,0.059809804,2018,33.3,2023,10.3,2023,25.3,2023,7.0,2023,86890.0,2025,3.5859382378,2025,5.2,2025,0.1522678,2025
55017,Chippewa County,WI,80.01818181818182,2010-2015,11,0.525201976,2020,22.03087807,2019,11.7951871,2022,0.031184221,2018,41.7,2023,11.7,2023,28.2,2023,7.6,2023,76637.0,2025,3.9347883793,2025,11.0,2025,0.7178644000000001,2025
55019,Clark County,WI,80.825,2010-2015,8,0.316820264,2020,18.3910923,2019,11.7951871,2022,0.172865823,2018,37.9,2023,12.5,2023,33.5,2023,11.2,2023,66994.0,2025,3.6744585031,2025,15.9,2025,0.201462,2025
55021,Columbia County,WI,80.23333333333333,2010-2015,12,0.554900467,2020,20.73181343,2019,11.7951871,2022,0.139474884,2018,33.6,2023,11.3,2023,26.2,2023,7.4,2023,79582.0,2025,3.7249839104,2025,9.2,2025,0.3932431,2025
55023,Crawford County,WI,79.68333333333334,2010-2015,6,0.436926544,2020,23.89623833,2019,11.7951871,2022,0.245534346,2018,37.4,2023,13.8,2023,30.1,2023,8.2,2023,57014.0,2025,4.0990286408,2025,17.7,2025,0.7465008000000001,2025
55025,Dane County,WI,80.58624999999999,2010-2015,80,0.814426601,2020,24.88901901,2019,11.7951871,2022,0.073751211,2018,32.4,2023,8.2,2023,20.5,2023,6.6,2023,84190.0,2025,4.3076332361,2025,7.7,2025,1.2802531,2025
55027,Dodge County,WI,78.92777777777778,2010-2015,18,0.412201166,2020,11.98377705,2019,11.7951871,2022,0.056917138,2018,42.8,2023,11.3,2023,28.4,2023,8.5,2023,73861.0,2025,3.5232809296,2025,9.5,2025,0.5710255000000001,2025
55029,Door County,WI,78.9,2010-2015,8,0.968123615,2020,14.68403625,2019,11.7951871,2022,0.108656287,2018,36.6,2023,13.0,2023,27.0,2023,6.3,2023,74247.0,2025,3.9440990039,2025,10.100000000000001,2025,0.6914946,2025
55031,Douglas County,WI,78.16,2010-2015,10,0.549173951,2020,30.13692474,2019,11.7951871,2022,0.138863176,2018,41.0,2023,11.7,2023,27.2,2023,7.1,2023,73372.0,2025,4.4304452306,2025,12.1,2025,0.24885190000000001,2025
55033,Dunn County,WI,81.61428571428571,2010-2015,7,0.484027117,2020,19.19468498,2019,11.7951871,2022,0.044315439,2018,38.8,2023,9.9,2023,26.6,2023,7.3,2023,71215.0,2025,4.3134183442,2025,10.6,2025,0.7464817,2025
55035,Eau Claire County,WI,79.23846153846154,2010-2015,13,0.788523674,2020,32.03098297,2019,11.7951871,2022,0.038265061,2018,30.0,2023,9.4,2023,24.4,2023,7.1,2023,72806.0,2025,3.7400327074,2025,10.4,2025,1.4184797,2025
55037,Florence County,WI,79.75,2010-2015,2,,,11.94735527,2019,11.7951871,2022,0.0,2018,37.5,2023,14.3,2023,29.4,2023,6.9,2023,66442.0,2025,3.6611783118,2025,18.6,2025,0.6531679,2025
55039,Fond du Lac County,WI,80.29411764705883,2010-2015,17,0.612232983,2020,20.75644493,2019,11.7951871,2022,0.038810082,2018,43.8,2023,11.5,2023,29.1,2023,8.1,2023,73485.0,2025,3.6946265115,2025,10.7,2025,0.4791016,2025
55041,Forest County,WI,77.675,2010-2015,4,0.334821433,2020,38.1321907,2019,11.7951871,2022,0.0,2018,46.0,2023,16.7,2023,35.3,2023,9.1,2023,59190.0,2025,4.3023711382,2025,20.9,2025,,
55043,Grant County,WI,79.57272727272726,2010-2015,11,0.372395694,2020,11.98144436,2019,11.7951871,2022,0.096985683,2018,40.9,2023,11.5,2023,31.1,2023,8.2,2023,63246.0,2025,3.8947746571,2025,15.5,2025,0.4221838,2025
55045,Green County,WI,79.725,2010-2015,8,0.573723495,2020,12.1794529,2019,11.7951871,2022,0.05415798,2018,40.3,2023,11.3,2023,26.5,2023,7.1,2023,78114.0,2025,3.8499115827,2025,9.6,2025,0.7299665000000001,2025
55047,Green Lake County,WI,78.7,2010-2015,6,0.423101336,2020,8.32808876,2019,11.7951871,2022,0.158579126,2018,40.4,2023,13.7,2023,32.2,2023,8.8,2023,64516.0,2025,4.1082447158,2025,14.7,2025,0.8320766,2025
55049,Iowa County,WI,80.7,2010-2015,6,0.423011839,2020,8.604604721,2019,11.7951871,2022,0.126204193,2018,38.7,2023,11.3,2023,28.3,2023,6.7,2023,77433.0,2025,3.7897621455,2025,9.3,2025,0.5051355000000001,2025
55051,Iron County,WI,80.13333333333333,2010-2015,3,,,10.08211899,2019,11.7951871,2022,0.176180407,2018,34.7,2023,14.8,2023,30.4,2023,6.9,2023,58900.0,2025,4.2793995625,2025,17.9,2025,0.1618647,2025
55053,Jackson County,WI,79.76,2010-2015,5,0.581677198,2020,33.28598785,2019,11.7951871,2022,0.195331573,2018,40.4,2023,13.4,2023,31.4,2023,9.1,2023,61023.0,2025,4.1485560538,2025,17.7,2025,0.8995786,2025
55055,Jefferson County,WI,80.45263157894736,2010-2015,19,0.611491323,2020,9.556114197,2019,11.7951871,2022,0.070481271,2018,40.7,2023,10.7,2023,27.7,2023,7.9,2023,82356.0,2025,3.7327098334,2025,9.8,2025,0.3884958,2025
55057,Juneau County,WI,78.72857142857143,2010-2015,7,0.445964038,2020,25.41535187,2019,11.7951871,2022,0.0,2018,42.1,2023,14.2,2023,32.2,2023,9.2,2023,63587.0,2025,3.9595371693,2025,16.2,2025,0.746213,2025
55059,Kenosha County,WI,77.59354838709677,2010-2015,31,0.660100996,2020,28.57229805,2019,11.7951871,2022,0.047256187,2018,40.1,2023,11.4,2023,27.3,2023,9.4,2023,75699.0,2025,4.2394000169,2025,15.6,2025,0.4919043,2025
55061,Kewaunee County,WI,81.33333333333333,2010-2015,3,0.392426163,2020,0.417320371,2019,11.7951871,2022,0.09812098,2018,41.3,2023,12.1,2023,28.3,2023,7.5,2023,77472.0,2025,3.3858200953,2025,9.5,2025,0.5354622,2025
55063,La Crosse County,WI,79.26315789473684,2010-2015,19,0.784796894,2020,20.825634,2019,11.7951871,2022,0.059206631,2018,37.5,2023,10.1,2023,25.1,2023,6.6,2023,71260.0,2025,4.1787163639,2025,9.6,2025,1.3949665,2025
55065,Lafayette County,WI,82.46000000000001,2010-2015,5,0.36044696,2020,15.3218956,2019,11.7951871,2022,0.120012,2018,41.9,2023,12.5,2023,30.6,2023,8.8,2023,73114.0,2025,3.911346725,2025,13.700000000000001,2025,0.2383222,2025
55067,Langlade County,WI,79.76,2010-2015,5,0.627647877,2020,31.09021187,2019,11.7951871,2022,0.051899523,2018,37.1,2023,14.1,2023,33.0,2023,8.5,2023,57907.0,2025,4.063256965,2025,18.5,2025,0.8204287,2025
55069,Lincoln County,WI,78.28888888888889,2010-2015,9,0.652978301,2020,13.0695591,2019,11.7951871,2022,0.108346276,2018,42.8,2023,13.1,2023,30.2,2023,7.8,2023,71871.0,2025,4.3096972698,2025,12.4,2025,0.49052239999999997,2025
55071,Manitowoc County,WI,79.625,2010-2015,16,0.507891357,2020,21.54370689,2019,11.7951871,2022,0.025292763,2018,39.1,2023,12.2,2023,30.3,2023,8.0,2023,69652.0,2025,3.8004341711,2025,11.4,2025,0.4662291,2025
55073,Marathon County,WI,80.41111111111111,2010-2015,27,0.553125918,2020,23.22118187,2019,11.7951871,2022,0.051687982,2018,36.3,2023,10.9,2023,27.9,2023,7.7,2023,74505.0,2025,3.7909895141,2025,12.3,2025,0.944438,2025
55075,Marinette County,WI,79.13636363636364,2010-2015,11,0.670607507,2020,18.92998123,2019,11.7951871,2022,0.049463324,2018,37.8,2023,13.9,2023,30.2,2023,7.7,2023,62650.0,2025,3.649768541,2025,15.9,2025,0.5731343,2025
55077,Marquette County,WI,78.8,2010-2015,5,0.320821315,2020,1.74812305,2019,11.7951871,2022,0.0,2018,43.4,2023,14.6,2023,32.9,2023,8.5,2023,67207.0,2025,3.9728572392,2025,16.2,2025,0.1899696,2025
55078,Menominee County,WI,81.5,2010-2015,1,,,21.83242416,2019,11.7951871,2022,0.0,2018,45.4,2023,18.2,2023,36.8,2023,9.6,2023,49791.0,2025,3.5972653822,2025,45.5,2025,0.9326183,2025
55079,Milwaukee County,WI,76.74355555555555,2010-2015,225,0.686760843,2020,8.604394913,2019,11.7951871,2022,0.026365718,2018,38.6,2023,13.1,2023,27.8,2023,10.8,2023,63304.0,2025,4.8614321412,2025,23.3,2025,0.7704252,2025
55081,Monroe County,WI,79.13333333333334,2010-2015,9,0.407882869,2020,18.33826447,2019,11.7951871,2022,0.065145165,2018,44.4,2023,12.8,2023,32.0,2023,9.0,2023,63372.0,2025,3.8135964227,2025,17.2,2025,0.6278007,2025
55083,Oconto County,WI,78.95,2010-2015,10,0.390798002,2020,6.605993748,2019,11.7951871,2022,0.0,2018,42.7,2023,12.9,2023,29.8,2023,7.4,2023,69599.0,2025,3.762832618,2025,10.6,2025,0.30490900000000004,2025
55085,Oneida County,WI,78.65833333333333,2010-2015,12,0.615367413,2020,10.07725716,2019,11.7951871,2022,0.056385677,2018,35.2,2023,13.8,2023,26.8,2023,6.5,2023,66650.0,2025,4.3307897368,2025,12.2,2025,0.7057163,2025
55087,Outagamie County,WI,78.98285714285714,2010-2015,35,0.693980932,2020,25.31041336,2019,11.7951871,2022,0.037360232,2018,36.6,2023,10.3,2023,25.6,2023,7.1,2023,86098.0,2025,3.6399002494,2025,6.4,2025,0.903182,2025
55089,Ozaukee County,WI,81.24705882352941,2010-2015,17,0.732983112,2020,33.83278275,2019,11.7951871,2022,0.033652283,2018,30.3,2023,10.1,2023,22.1,2023,5.5,2023,98394.0,2025,4.2999342597,2025,3.6999999999999997,2025,1.5027514,2025
55091,Pepin County,WI,81.5,2010-2015,2,0.687663317,2020,0.0,2019,11.7951871,2022,0.274386048,2018,36.6,2023,12.4,2023,27.8,2023,7.2,2023,70012.0,2025,3.5163034483,2025,14.799999999999999,2025,0.6789788,2025
55093,Pierce County,WI,81.01428571428572,2010-2015,7,0.374707252,2020,16.84972382,2019,11.7951871,2022,0.070497006,2018,33.2,2023,9.8,2023,24.7,2023,6.7,2023,95522.0,2025,3.8798539167,2025,7.1,2025,0.3757015,2025
55095,Polk County,WI,78.66,2010-2015,10,0.548020303,2020,5.776084423,2019,11.7951871,2022,0.114684157,2018,35.6,2023,12.4,2023,27.0,2023,7.2,2023,71613.0,2025,3.6541565227,2025,12.2,2025,0.7924105,2025
55097,Portage County,WI,81.58181818181818,2010-2015,11,0.675751746,2020,11.98585987,2019,11.7951871,2022,0.042288065,2018,35.1,2023,9.6,2023,24.6,2023,7.2,2023,71295.0,2025,3.7610619469,2025,10.4,2025,0.45410680000000003,2025
55099,Price County,WI,78.78,2010-2015,5,0.377500951,2020,14.16583252,2019,11.7951871,2022,0.223930731,2018,42.5,2023,14.8,2023,31.7,2023,7.8,2023,60223.0,2025,3.8010582788,2025,19.1,2025,0.1423488,2025
55101,Racine County,WI,78.02432432432433,2010-2015,37,0.704793632,2020,19.62134552,2019,11.7951871,2022,0.030521303,2018,42.3,2023,12.5,2023,31.2,2023,9.6,2023,74555.0,2025,4.0552870786,2025,15.0,2025,0.4317,2025
55103,Richland County,WI,80.8,2010-2015,5,0.405608982,2020,52.86392975,2019,11.7951871,2022,0.115094662,2018,37.5,2023,13.6,2023,31.7,2023,8.7,2023,60639.0,2025,4.1674290942,2025,16.1,2025,0.755287,2025
55105,Rock County,WI,77.94375,2010-2015,32,0.686762631,2020,35.26937485,2019,11.7951871,2022,0.049040943,2018,41.9,2023,12.3,2023,29.6,2023,8.8,2023,73656.0,2025,3.778732047,2025,14.899999999999999,2025,0.511008,2025
55107,Rusk County,WI,82.125,2010-2015,4,0.427899003,2020,37.3784256,2019,11.7951871,2022,0.141372725,2018,41.1,2023,14.9,2023,31.4,2023,8.4,2023,58513.0,2025,4.1410386392,2025,20.8,2025,0.4956454,2025
55109,St. Croix County,WI,79.6923076923077,2010-2015,13,0.566214442,2020,11.70574379,2019,11.7951871,2022,0.055745088,2018,36.3,2023,9.6,2023,24.1,2023,6.1,2023,103731.0,2025,3.4499425082,2025,5.4,2025,0.5260720999999999,2025
55111,Sauk County,WI,80.19999999999999,2010-2015,13,0.83787179,2020,9.659247398,2019,11.7951871,2022,0.077822223,2018,40.4,2023,12.3,2023,29.8,2023,8.0,2023,79349.0,2025,3.6843303437,2025,11.600000000000001,2025,1.0046121000000001,2025
55113,Sawyer County,WI,77.5,2010-2015,6,0.479041904,2020,32.73916626,2019,11.7951871,2022,0.181939468,2018,34.3,2023,15.2,2023,31.3,2023,7.6,2023,59053.0,2025,4.6219532416,2025,18.8,2025,0.7652364,2025
55115,Shawano County,WI,79.49000000000001,2010-2015,10,0.514882565,2020,12.7098484,2019,11.7951871,2022,0.024512207,2018,40.4,2023,12.9,2023,30.0,2023,8.1,2023,67562.0,2025,3.7877511654,2025,14.7,2025,0.5384371,2025
55117,Sheboygan County,WI,78.892,2010-2015,25,0.650815666,2020,10.89783573,2019,11.7951871,2022,0.025983924,2018,36.6,2023,11.5,2023,29.0,2023,7.9,2023,73970.0,2025,3.522067054,2025,11.799999999999999,2025,0.6114805,2025
55119,Taylor County,WI,83.86,2010-2015,5,0.344522089,2020,33.3921051,2019,11.7951871,2022,0.09798158,2018,44.3,2023,12.8,2023,32.1,2023,8.3,2023,65125.0,2025,3.5908118665,2025,15.6,2025,0.2509662,2025
55121,Trempealeau County,WI,80.825,2010-2015,8,0.404299051,2020,10.80720901,2019,11.7951871,2022,0.067930169,2018,41.3,2023,12.3,2023,29.0,2023,9.0,2023,69119.0,2025,3.4489881019,2025,14.099999999999998,2025,0.26038279999999997,2025
55123,Vernon County,WI,81.02857142857144,2010-2015,7,0.291630208,2020,15.85321903,2019,11.7951871,2022,0.129933402,2018,38.8,2023,12.9,2023,29.6,2023,8.0,2023,69389.0,2025,4.14724501,2025,18.3,2025,1.0350962,2025
55125,Vilas County,WI,79.02000000000001,2010-2015,5,0.581499398,2020,10.11936283,2019,11.7951871,2022,0.091166012,2018,38.4,2023,13.8,2023,28.7,2023,6.3,2023,63779.0,2025,3.8780127258,2025,16.6,2025,0.7227891,2025
55127,Walworth County,WI,79.01052631578948,2010-2015,19,0.71186018,2020,33.18151474,2019,11.7951871,2022,0.057849169,2018,38.4,2023,11.2,2023,26.1,2023,8.4,2023,76573.0,2025,4.0919082865,2025,10.5,2025,0.43071560000000003,2025
55129,Washburn County,WI,77.22,2010-2015,5,0.254582494,2020,15.82333565,2019,11.7951871,2022,0.062980227,2018,35.6,2023,14.4,2023,30.9,2023,7.4,2023,63438.0,2025,4.1811015309,2025,15.6,2025,0.9551098,2025
55131,Washington County,WI,79.86153846153846,2010-2015,26,0.615632653,2020,32.9786377,2019,11.7951871,2022,0.036847886,2018,36.4,2023,10.5,2023,22.7,2023,6.2,2023,93830.0,2025,3.4972488942,2025,5.800000000000001,2025,0.5831966,2025
55133,Waukesha County,WI,80.82972972972972,2010-2015,74,0.69921118,2020,41.15204239,2019,11.7951871,2022,0.029771356,2018,33.4,2023,10.5,2023,21.0,2023,5.7,2023,99168.0,2025,3.9437974789,2025,4.3999999999999995,2025,1.4018143,2025
55135,Waupaca County,WI,77.88333333333334,2010-2015,12,0.592136443,2020,13.08044434,2019,11.7951871,2022,0.019558754,2018,38.2,2023,13.1,2023,28.7,2023,8.2,2023,68545.0,2025,4.1518130703,2025,15.299999999999999,2025,0.5817336,2025
55137,Waushara County,WI,79.48333333333333,2010-2015,6,0.369974524,2020,17.72813606,2019,11.7951871,2022,0.0,2018,39.7,2023,14.4,2023,32.0,2023,8.9,2023,70336.0,2025,3.9857205847,2025,14.399999999999999,2025,0.2819397,2025
55139,Winnebago County,WI,78.84054054054054,2010-2015,37,0.658389211,2020,37.00525665,2019,11.7951871,2022,0.046778154,2018,40.0,2023,11.2,2023,27.7,2023,7.7,2023,70720.0,2025,3.8928252722,2025,11.4,2025,0.7866079,2025
55141,Wood County,WI,79.52666666666667,2010-2015,15,0.592612982,2020,24.7384243,2019,11.7951871,2022,0.068441585,2018,40.0,2023,12.6,2023,28.2,2023,7.9,2023,67068.0,2025,4.0418034434,2025,12.5,2025,1.3770757,2025
56001,Albany County,WY,80.9125,2010-2015,8,0.641848505,2020,28.77370262,2019,4.921901473,2022,0.051812131,2018,27.0,2023,7.5,2023,17.5,2023,10.3,2023,59633.0,2025,5.457951375,2025,12.0,2025,0.7977025999999999,2025
56003,Big Horn County,WY,81.13333333333334,2010-2015,3,0.345572352,2020,18.65292168,2019,4.921901473,2022,0.252503991,2018,33.8,2023,12.6,2023,28.0,2023,13.1,2023,60818.0,2025,3.9582840978,2025,15.7,2025,0.343879,2025
56005,Campbell County,WY,78.42,2010-2015,5,0.642728627,2020,36.7341156,2019,4.921901473,2022,0.021673169,2018,35.9,2023,9.9,2023,25.9,2023,12.5,2023,89749.0,2025,4.0225380971,2025,9.5,2025,0.5603328000000001,2025
56007,Carbon County,WY,78.725,2010-2015,4,0.543810725,2020,57.75082779,2019,4.921901473,2022,0.066795804,2018,38.6,2023,12.9,2023,30.5,2023,14.7,2023,67773.0,2025,4.3906276782,2025,13.0,2025,0.5461123999999999,2025
56009,Converse County,WY,82.0,2010-2015,4,0.36221385,2020,12.17606926,2019,4.921901473,2022,0.07331378,2018,37.3,2023,11.5,2023,26.4,2023,12.0,2023,77224.0,2025,4.0816101214,2025,13.200000000000001,2025,0.5851375,2025
56011,Crook County,WY,87.1,2010-2015,2,,,26.96587181,2019,4.921901473,2022,0.0,2018,32.6,2023,11.5,2023,24.5,2023,9.5,2023,77897.0,2025,3.4808044383,2025,9.1,2025,0.4101162,2025
56013,Fremont County,WY,78.9,2010-2015,10,0.559554398,2020,18.19499779,2019,4.921901473,2022,0.151779622,2018,33.9,2023,12.4,2023,27.2,2023,11.7,2023,64170.0,2025,3.9405001341,2025,18.099999999999998,2025,0.8135042,2025
56015,Goshen County,WY,81.2,2010-2015,4,0.528900623,2020,20.03301239,2019,4.921901473,2022,0.224282295,2018,36.8,2023,12.3,2023,27.0,2023,12.1,2023,63191.0,2025,4.6034691093,2025,15.6,2025,0.7976390000000001,2025
56017,Hot Springs County,WY,76.5,2010-2015,1,0.903954804,2020,8.569344521,2019,4.921901473,2022,0.219538972,2018,35.1,2023,14.5,2023,28.4,2023,10.9,2023,60811.0,2025,4.3011529982,2025,15.5,2025,1.0876659,2025
56019,Johnson County,WY,83.9,2010-2015,2,0.698649287,2020,39.48041916,2019,4.921901473,2022,0.118203312,2018,35.6,2023,13.1,2023,28.4,2023,10.5,2023,66100.0,2025,4.9758852259,2025,9.2,2025,1.507596,2025
56021,Laramie County,WY,80.44117647058823,2010-2015,17,0.626273692,2020,42.49721527,2019,4.921901473,2022,0.030310377,2018,33.8,2023,10.5,2023,27.5,2023,12.0,2023,75131.0,2025,4.1994842189,2025,12.2,2025,0.6345240999999999,2025
56023,Lincoln County,WY,80.55,2010-2015,4,0.543129385,2020,17.82322884,2019,4.921901473,2022,0.102912419,2018,35.4,2023,11.4,2023,24.5,2023,10.0,2023,88037.0,2025,3.8521212121,2025,8.200000000000001,2025,0.6450653,2025
56025,Natrona County,WY,79.52941176470588,2010-2015,17,0.631070971,2020,33.96325684,2019,4.921901473,2022,0.037919484,2018,36.6,2023,11.1,2023,26.3,2023,11.6,2023,73110.0,2025,4.1000367782,2025,11.899999999999999,2025,0.7164855,2025
56027,Niobrara County,WY,77.9,2010-2015,1,,,21.92971802,2019,4.921901473,2022,0.418760478,2018,36.3,2023,13.0,2023,30.2,2023,11.6,2023,56477.0,2025,5.2357425318,2025,20.9,2025,0.8203445,2025
56029,Park County,WY,81.67999999999999,2010-2015,5,0.579591572,2020,38.98381424,2019,4.921901473,2022,0.136407033,2018,31.5,2023,11.7,2023,24.9,2023,10.0,2023,70330.0,2025,4.5079798754,2025,11.799999999999999,2025,1.2953368,2025
56031,Platte County,WY,78.95,2010-2015,2,0.46630916,2020,14.96500015,2019,4.921901473,2022,0.350221813,2018,35.8,2023,13.5,2023,29.3,2023,12.1,2023,64207.0,2025,4.3387259131,2025,15.1,2025,0.459823,2025
56033,Sheridan County,WY,79.71666666666665,2010-2015,6,0.680426419,2020,38.53891754,2019,4.921901473,2022,0.066152878,2018,30.6,2023,10.9,2023,22.9,2023,9.7,2023,71080.0,2025,4.2434827609,2025,10.8,2025,0.663591,2025
56035,Sublette County,WY,81.95,2010-2015,2,,,19.84128189,2019,4.921901473,2022,0.101905636,2018,33.3,2023,11.2,2023,24.3,2023,9.5,2023,78217.0,2025,4.4602741425,2025,8.200000000000001,2025,0.3449465,2025
56037,Sweetwater County,WY,79.17777777777778,2010-2015,9,0.60928458,2020,21.45879745,2019,4.921901473,2022,0.046456527,2018,36.3,2023,11.1,2023,27.2,2023,14.1,2023,76442.0,2025,4.5250230371,2025,11.5,2025,0.4325467,2025
56039,Teton County,WY,81.95,2010-2015,4,0.680938005,2020,17.425354,2019,4.921901473,2022,0.129977033,2018,24.0,2023,8.4,2023,18.3,2023,9.2,2023,130156.0,2025,4.0137409588,2025,5.7,2025,0.9331919,2025
56041,Uinta County,WY,77.7,2010-2015,3,0.69255501,2020,3.438987732,2019,4.921901473,2022,0.098527022,2018,34.4,2023,11.0,2023,25.9,2023,11.8,2023,79086.0,2025,3.6720764533,2025,11.4,2025,0.5815362,2025
56043,Washakie County,WY,80.60000000000001,2010-2015,3,,,12.39009094,2019,4.921901473,2022,0.253646165,2018,33.3,2023,13.7,2023,30.2,2023,13.6,2023,62794.0,2025,4.7652819993,2025,17.299999999999997,2025,1.0382868,2025
56045,Weston County,WY,78.8,2010-2015,2,,,30.74536133,2019,4.921901473,2022,0.287067592,2018,35.7,2023,12.6,2023,28.3,2023,12.0,2023,66429.0,2025,4.1737851177,2025,14.000000000000002,2025,0.2965159,2025
